isinCd,modified_duration,calculation_status,duration_sensitivity
KR6095921E39,,NO_MARKET_DATA,
KR6095921E62,,NO_MARKET_DATA,
KR6000031F43,,NO_MARKET_DATA,
KR6000031F50,,NO_MARKET_DATA,
KR6000031F68,,NO_MARKET_DATA,
KR6000031F76,,NO_MARKET_DATA,
KR6000031F84,,NO_MARKET_DATA,
KR6000031F92,,NO_MARKET_DATA,
KR6000031FA4,,NO_MARKET_DATA,
KR6000031FB2,,NO_MARKET_DATA,
KR6000031G26,,NO_MARKET_DATA,
KR6000031G34,,NO_MARKET_DATA,
KR6004946G22,,NO_MARKET_DATA,
KR6000113E60,,NO_MARKET_DATA,
KR6000114357,,NO_MARKET_DATA,
KR6000114563,,NO_MARKET_DATA,
KR6000114852,,NO_MARKET_DATA,
KR6005283G79,,NO_MARKET_DATA,
KR6005284G29,,NO_MARKET_DATA,
KR6005284G45,,NO_MARKET_DATA,
KR6005284G78,,NO_MARKET_DATA,
KR6005285F45,,NO_MARKET_DATA,
KR6005286K62,,NO_MARKET_DATA,
KR60061M1F67,,NO_MARKET_DATA,
KR60061N1F65,,NO_MARKET_DATA,
KR60061P1F60,,NO_MARKET_DATA,
KR60061R1F66,,NO_MARKET_DATA,
KR60061T1F62,,NO_MARKET_DATA,
KR60061X1F64,,NO_MARKET_DATA,
KR60124X1FB0,,NO_MARKET_DATA,
KR60124Y1FB9,,NO_MARKET_DATA,
KR60124Z1FB8,,NO_MARKET_DATA,
KR60125B1FB5,,NO_MARKET_DATA,
KR60125C1FB4,,NO_MARKET_DATA,
KR381013GFB4,,NO_MARKET_DATA,
KR381101G697,,NO_MARKET_DATA,
KR381101G6B3,,NO_MARKET_DATA,
KR381101GA31,,NO_MARKET_DATA,
KR381101GA98,,NO_MARKET_DATA,
KR381101GC13,,NO_MARKET_DATA,
KR381101GE29,,NO_MARKET_DATA,
KR381101GE37,,NO_MARKET_DATA,
KR381101GE52,,NO_MARKET_DATA,
KR381101GE78,,NO_MARKET_DATA,
KR354410GA91,,NO_MARKET_DATA,
KR354410GAB6,,NO_MARKET_DATA,
KR354410GB74,,NO_MARKET_DATA,
KR354410GBA6,,NO_MARKET_DATA,
KR354410GBB4,,NO_MARKET_DATA,
KR356002G557,,NO_MARKET_DATA,
KR356002G565,,NO_MARKET_DATA,
KR356002G581,,NO_MARKET_DATA,
KR356002G5C5,,NO_MARKET_DATA,
KR356002G631,,NO_MARKET_DATA,
KR35600271A7,,NO_MARKET_DATA,
KR3560027210,,NO_MARKET_DATA,
KR356002G441,,NO_MARKET_DATA,
KR356002G532,,NO_MARKET_DATA,
KR356002G540,,NO_MARKET_DATA,
KR3821017P66,,NO_MARKET_DATA,
KR3821037QA2,,NO_MARKET_DATA,
KR3821117V34,,NO_MARKET_DATA,
KR3827017P71,,NO_MARKET_DATA,
KR3831027W15,,NO_MARKET_DATA,
KR3831037W13,,NO_MARKET_DATA,
KR6004946G30,,NO_MARKET_DATA,
KR6004946G55,,NO_MARKET_DATA,
KR6004947E56,,NO_MARKET_DATA,
KR6004947E98,,NO_MARKET_DATA,
KR6004947EA0,,NO_MARKET_DATA,
KR6004947F71,,NO_MARKET_DATA,
KR6004947F97,,NO_MARKET_DATA,
KR6004947FA7,,NO_MARKET_DATA,
KR350704GB36,,NO_MARKET_DATA,
KR354401GG47,,NO_MARKET_DATA,
KR354401GG54,,NO_MARKET_DATA,
KR60052N1F56,,NO_MARKET_DATA,
KR60052Y1F95,,NO_MARKET_DATA,
KR60052Y1G52,,NO_MARKET_DATA,
KR6005301DA1,,NO_MARKET_DATA,
KR60116BKFA8,,NO_MARKET_DATA,
KR60116BLFA6,,NO_MARKET_DATA,
KR354415GF26,,NO_MARKET_DATA,
KR354415GF67,,NO_MARKET_DATA,
KR354415GF83,,NO_MARKET_DATA,
KR354415GF91,,NO_MARKET_DATA,
KR60125D1FB3,,NO_MARKET_DATA,
KR60125E1FB2,,NO_MARKET_DATA,
KR60125F1FB1,,NO_MARKET_DATA,
KR60125G1FB0,,NO_MARKET_DATA,
KR310211GG15,,NO_MARKET_DATA,
KR354419GE72,,NO_MARKET_DATA,
KR354419GE80,,NO_MARKET_DATA,
KR354419GE98,,NO_MARKET_DATA,
KR354419GEA1,,NO_MARKET_DATA,
KR354419GEB9,,NO_MARKET_DATA,
KR354419GF89,,NO_MARKET_DATA,
KR6004275EA6,,NO_MARKET_DATA,
KR6004276EA4,,NO_MARKET_DATA,
KR60042CGF48,,NO_MARKET_DATA,
KR60042CHF47,,NO_MARKET_DATA,
KR60042CJF45,,NO_MARKET_DATA,
KR60042CKF42,,NO_MARKET_DATA,
KR60042CLF41,,NO_MARKET_DATA,
KR60042CMF40,,NO_MARKET_DATA,
KR60042CNF49,,NO_MARKET_DATA,
KR60042CPF47,,NO_MARKET_DATA,
KR356002G698,,NO_MARKET_DATA,
KR356002G722,,NO_MARKET_DATA,
KR356002G730,,NO_MARKET_DATA,
KR6000011D31,,EXCLUDED_PERPETUAL,
KR356002G755,,NO_MARKET_DATA,
KR356002G771,,NO_MARKET_DATA,
KR6000011629,,NO_MARKET_DATA,
KR60000116C4,,NO_MARKET_DATA,
KR6000011785,,NO_MARKET_DATA,
KR6000011827,,NO_MARKET_DATA,
KR6000011843,,NO_MARKET_DATA,
KR3832011K64,,NO_MARKET_DATA,
KR3832017VC7,,NO_MARKET_DATA,
KR3832027VC6,,NO_MARKET_DATA,
KR383801GG67,,NO_MARKET_DATA,
KR60045E1F59,,NO_MARKET_DATA,
KR60045F1F49,,NO_MARKET_DATA,
KR60045F1F56,,NO_MARKET_DATA,
KR60045G1F47,,NO_MARKET_DATA,
KR310201GD28,,NO_MARKET_DATA,
KR310201GD69,,NO_MARKET_DATA,
KR310201GEB4,,NO_MARKET_DATA,
KR354401GG62,,NO_MARKET_DATA,
KR354401GG70,,NO_MARKET_DATA,
KR354401GG88,,NO_MARKET_DATA,
KR60051KKF57,,NO_MARKET_DATA,
KR60051KLF56,,NO_MARKET_DATA,
KR60051KMF55,,NO_MARKET_DATA,
KR60051KNF54,,NO_MARKET_DATA,
KR60051KPF52,,NO_MARKET_DATA,
KR60051KQF51,,NO_MARKET_DATA,
KR60110R1FB4,,NO_MARKET_DATA,
KR354415GG17,,NO_MARKET_DATA,
KR354415GG33,,NO_MARKET_DATA,
KR60120T1FA2,,NO_MARKET_DATA,
KR6012161FC1,,NO_MARKET_DATA,
KR60121B1FA1,,NO_MARKET_DATA,
KR60121C1FA0,,NO_MARKET_DATA,
KR60121D1FA9,,NO_MARKET_DATA,
KR60121E1FA8,,NO_MARKET_DATA,
KR60121E1FB6,,NO_MARKET_DATA,
KR60121F1FA7,,NO_MARKET_DATA,
KR3102084V12,,NO_MARKET_DATA,
KR60142G4FQ1,,NO_MARKET_DATA,
KR310502G999,,NO_MARKET_DATA,
KR310502GA35,,NO_MARKET_DATA,
KR310502GC33,,NO_MARKET_DATA,
KR310502GC82,,EXCLUDED_PERPETUAL,
KR310502GD57,,NO_MARKET_DATA,
KR310502GD73,,NO_MARKET_DATA,
KR310502GEC3,,NO_MARKET_DATA,
KR310502GF14,,NO_MARKET_DATA,
KR310502GF22,,NO_MARKET_DATA,
KR310502GF55,,NO_MARKET_DATA,
KR60091J1G77,,NO_MARKET_DATA,
KR60091W1F89,,NO_MARKET_DATA,
KR60091XCF88,,NO_MARKET_DATA,
KR60091XDF87,,NO_MARKET_DATA,
KR60091XEF86,,NO_MARKET_DATA,
KR60091XFF85,,NO_MARKET_DATA,
KR60091XGF84,,NO_MARKET_DATA,
KR60091XHF83,,NO_MARKET_DATA,
KR60091XJF81,,NO_MARKET_DATA,
KR60091XKF88,,NO_MARKET_DATA,
KR6000011A18,,NO_MARKET_DATA,
KR6000011A91,,NO_MARKET_DATA,
KR6000011B58,,NO_MARKET_DATA,
KR6000011B74,,NO_MARKET_DATA,
KR6000011E14,,NO_MARKET_DATA,
KR60045S1F42,,NO_MARKET_DATA,
KR60045T1F40,,NO_MARKET_DATA,
KR60045V1F46,,NO_MARKET_DATA,
KR60045W1F44,,NO_MARKET_DATA,
KR60045W1F51,,NO_MARKET_DATA,
KR60045Y1F40,,NO_MARKET_DATA,
KR310201GEC2,,NO_MARKET_DATA,
KR350701GD37,,NO_MARKET_DATA,
KR350701GD45,,NO_MARKET_DATA,
KR6000014FA0,,NO_MARKET_DATA,
KR6000014FB8,,NO_MARKET_DATA,
KR6000014G50,,NO_MARKET_DATA,
KR6000014G68,,NO_MARKET_DATA,
KR6000015588,,NO_MARKET_DATA,
KR60000159A8,,NO_MARKET_DATA,
KR6000015E77,,NO_MARKET_DATA,
KR6000015EC6,,NO_MARKET_DATA,
KR60110S1F93,,NO_MARKET_DATA,
KR60110T1F91,,NO_MARKET_DATA,
KR60110V1F97,,NO_MARKET_DATA,
KR60110X1F93,,NO_MARKET_DATA,
KR60110Y1F91,,NO_MARKET_DATA,
KR6011161EA9,,NO_MARKET_DATA,
KR6011161G74,,NO_MARKET_DATA,
KR310203GF99,,NO_MARKET_DATA,
KR6011162G73,,NO_MARKET_DATA,
KR6011163G72,,NO_MARKET_DATA,
KR6011171G23,,NO_MARKET_DATA,
KR310208GC97,,NO_MARKET_DATA,
KR310208GCB3,,NO_MARKET_DATA,
KR310208GD54,,NO_MARKET_DATA,
KR310208GD88,,NO_MARKET_DATA,
KR310208GDA3,,NO_MARKET_DATA,
KR310208GE87,,NO_MARKET_DATA,
KR310208GE95,,NO_MARKET_DATA,
KR310208GEB9,,NO_MARKET_DATA,
KR310208GF11,,NO_MARKET_DATA,
KR310208GF52,,NO_MARKET_DATA,
KR350802GC44,,NO_MARKET_DATA,
KR310502GF63,,NO_MARKET_DATA,
KR351602GE34,,NO_MARKET_DATA,
KR351602GE42,,NO_MARKET_DATA,
KR351602GE59,,NO_MARKET_DATA,
KR351602GE67,,NO_MARKET_DATA,
KR351602GE75,,NO_MARKET_DATA,
KR351602GE91,,NO_MARKET_DATA,
KR351602GEA5,,NO_MARKET_DATA,
KR351602GF25,,NO_MARKET_DATA,
KR351602GF33,,NO_MARKET_DATA,
KR2100012E15,,NO_MARKET_DATA,
KR2100012E23,,NO_MARKET_DATA,
KR2100012E31,,NO_MARKET_DATA,
KR2100012E49,,NO_MARKET_DATA,
KR2100012E56,,NO_MARKET_DATA,
KR2100012E64,,NO_MARKET_DATA,
KR2100012E72,,NO_MARKET_DATA,
KR2100012E80,,NO_MARKET_DATA,
KR2100012E98,,NO_MARKET_DATA,
KR2100012EA5,,NO_MARKET_DATA,
KR60045Z1F47,,NO_MARKET_DATA,
KR6004691E39,,NO_MARKET_DATA,
KR6004691F46,,NO_MARKET_DATA,
KR6004691G52,,NO_MARKET_DATA,
KR6004692F45,,NO_MARKET_DATA,
KR60096M1F89,,NO_MARKET_DATA,
KR60096R1F88,,NO_MARKET_DATA,
KR60096V1F80,,NO_MARKET_DATA,
KR60096Y1FA5,,NO_MARKET_DATA,
KR6009731D98,,NO_MARKET_DATA,
KR6004941G43,,NO_MARKET_DATA,
KR6004941G50,,NO_MARKET_DATA,
KR6004941G68,,NO_MARKET_DATA,
KR6004941G76,,NO_MARKET_DATA,
KR6004942A89,,NO_MARKET_DATA,
KR6004942E69,,NO_MARKET_DATA,
KR6004942E85,,NO_MARKET_DATA,
KR6004942E93,,NO_MARKET_DATA,
KR6004942EA1,,NO_MARKET_DATA,
KR6004942EB9,,NO_MARKET_DATA,
KR6004942F27,,NO_MARKET_DATA,
KR310203GCC2,,NO_MARKET_DATA,
KR310203GEA2,,NO_MARKET_DATA,
KR310203GEB0,,NO_MARKET_DATA,
KR310203GF24,,NO_MARKET_DATA,
KR310203GF40,,NO_MARKET_DATA,
KR310203GF57,,NO_MARKET_DATA,
KR310203GF65,,NO_MARKET_DATA,
KR310203GF73,,NO_MARKET_DATA,
KR310203GFA9,,NO_MARKET_DATA,
KR310203GFB7,,NO_MARKET_DATA,
KR350704GB44,,NO_MARKET_DATA,
KR350802GD43,,NO_MARKET_DATA,
KR350802GD50,,NO_MARKET_DATA,
KR350802GD76,,NO_MARKET_DATA,
KR350802GD84,,NO_MARKET_DATA,
KR350802GD92,,NO_MARKET_DATA,
KR350802GDB2,,NO_MARKET_DATA,
KR350802GDC0,,NO_MARKET_DATA,
KR350802GE26,,NO_MARKET_DATA,
KR350802GE34,,NO_MARKET_DATA,
KR35440291B7,,NO_MARKET_DATA,
KR101501DD54,,NO_MARKET_DATA,
KR101501DD62,,NO_MARKET_DATA,
KR101501DD70,1.8981224626885824,CALCULATED,중간
KR101501DD88,1.9888752711321984,CALCULATED,중간
KR101501DD96,,NO_MARKET_DATA,
KR101501DDA1,2.145522858873582,CALCULATED,중간
KR101501DDB9,,NO_MARKET_DATA,
KR101501DDC7,2.3063252030817964,CALCULATED,중간
KR101501DE12,2.384979268798298,CALCULATED,중간
KR101501DE20,,NO_MARKET_DATA,
KR101501DE38,2.543132325565707,CALCULATED,고민감
KR350110GF22,,NO_MARKET_DATA,
KR350110GF30,,NO_MARKET_DATA,
KR350110GG47,,NO_MARKET_DATA,
KR350110GG54,,NO_MARKET_DATA,
KR350110GG62,,NO_MARKET_DATA,
KR350111GBB2,,NO_MARKET_DATA,
KR350111GBC0,,NO_MARKET_DATA,
KR353601GB83,,NO_MARKET_DATA,
KR353601GD24,,NO_MARKET_DATA,
KR353601GD65,,NO_MARKET_DATA,
KR60101ASF93,,NO_MARKET_DATA,
KR60101ATF92,,NO_MARKET_DATA,
KR60101C1F96,,NO_MARKET_DATA,
KR60101M1F95,,NO_MARKET_DATA,
KR60101M2F94,,NO_MARKET_DATA,
KR60101R1FC3,,NO_MARKET_DATA,
KR60101T1G73,,NO_MARKET_DATA,
KR60102J1F99,,NO_MARKET_DATA,
KR60102J1FB4,,NO_MARKET_DATA,
KR60102S1G24,,NO_MARKET_DATA,
KR2101012F38,,NO_MARKET_DATA,
KR350704GB77,,NO_MARKET_DATA,
KR350704GBA6,,NO_MARKET_DATA,
KR350704GBB4,,NO_MARKET_DATA,
KR350704GC35,,NO_MARKET_DATA,
KR350704GC43,,NO_MARKET_DATA,
KR350704GC92,,NO_MARKET_DATA,
KR350704GD34,,NO_MARKET_DATA,
KR350704GD42,,NO_MARKET_DATA,
KR350704GD67,,NO_MARKET_DATA,
KR350704GDA2,,NO_MARKET_DATA,
KR354401J3A3,,NO_MARKET_DATA,
KR3544029233,,NO_MARKET_DATA,
KR3544029241,,NO_MARKET_DATA,
KR3544029258,,NO_MARKET_DATA,
KR3544029266,,NO_MARKET_DATA,
KR3544029274,,NO_MARKET_DATA,
KR3544029282,,NO_MARKET_DATA,
KR3544029290,,NO_MARKET_DATA,
KR35440292A7,,NO_MARKET_DATA,
KR35440292B5,,NO_MARKET_DATA,
KR354415GG74,,NO_MARKET_DATA,
KR101501DE53,2.7015316590716068,CALCULATED,고민감
KR101501DE61,2.780467045064512,CALCULATED,고민감
KR101501DE79,2.8621955245619666,CALCULATED,고민감
KR101501DE87,,NO_MARKET_DATA,
KR101501DE95,,NO_MARKET_DATA,
KR101501DEA9,,NO_MARKET_DATA,
KR101501DEB7,,NO_MARKET_DATA,
KR101501DEC5,,NO_MARKET_DATA,
KR101501DF11,,NO_MARKET_DATA,
KR101501DF29,,NO_MARKET_DATA,
KR101501DF37,,NO_MARKET_DATA,
KR353601GD73,,NO_MARKET_DATA,
KR353601GD99,,NO_MARKET_DATA,
KR353601GDB5,,NO_MARKET_DATA,
KR354409GB69,,NO_MARKET_DATA,
KR353601GDC3,,NO_MARKET_DATA,
KR353601GE15,,NO_MARKET_DATA,
KR354409GAA0,,NO_MARKET_DATA,
KR354409GAB8,,NO_MARKET_DATA,
KR354409GAC6,,NO_MARKET_DATA,
KR354409GB10,,NO_MARKET_DATA,
KR2101012F46,,NO_MARKET_DATA,
KR2101012F53,,NO_MARKET_DATA,
KR2101012F61,,NO_MARKET_DATA,
KR2101012F79,,NO_MARKET_DATA,
KR2101012F87,,NO_MARKET_DATA,
KR2101012F95,,NO_MARKET_DATA,
KR2101012FA1,,NO_MARKET_DATA,
KR2101012FB9,,NO_MARKET_DATA,
KR2101012FC7,,NO_MARKET_DATA,
KR2101012G11,,NO_MARKET_DATA,
KR350701GE85,,NO_MARKET_DATA,
KR354401J3B1,,NO_MARKET_DATA,
KR354401J417,,NO_MARKET_DATA,
KR354401J433,,NO_MARKET_DATA,
KR354401J441,,NO_MARKET_DATA,
KR354401J458,,NO_MARKET_DATA,
KR354401J466,,NO_MARKET_DATA,
KR354401J474,,NO_MARKET_DATA,
KR354401J482,,NO_MARKET_DATA,
KR354401J490,,NO_MARKET_DATA,
KR354414G7C8,,NO_MARKET_DATA,
KR3544167256,,NO_MARKET_DATA,
KR35441672A9,,NO_MARKET_DATA,
KR35441672B7,,NO_MARKET_DATA,
KR3544167314,,NO_MARKET_DATA,
KR354416G353,,NO_MARKET_DATA,
KR354416G361,,NO_MARKET_DATA,
KR354416G379,,NO_MARKET_DATA,
KR354416G387,,NO_MARKET_DATA,
KR354416G395,,NO_MARKET_DATA,
KR356103DDB6,,NO_MARKET_DATA,
KR101501DF45,,NO_MARKET_DATA,
KR101701DA30,,NO_MARKET_DATA,
KR101701DA48,,NO_MARKET_DATA,
KR101701DA55,,NO_MARKET_DATA,
KR101701DA63,,NO_MARKET_DATA,
KR101701DA71,,NO_MARKET_DATA,
KR101701DA89,,NO_MARKET_DATA,
KR101701DA97,,NO_MARKET_DATA,
KR101701DAA3,,NO_MARKET_DATA,
KR101701DAB1,,NO_MARKET_DATA,
KR101701DAC9,,NO_MARKET_DATA,
KR354409GB28,,NO_MARKET_DATA,
KR354409GB36,,NO_MARKET_DATA,
KR354409GB44,,NO_MARKET_DATA,
KR354409GB51,,NO_MARKET_DATA,
KR354409GB77,,NO_MARKET_DATA,
KR3560017278,,NO_MARKET_DATA,
KR35600172A7,,NO_MARKET_DATA,
KR3560017310,,NO_MARKET_DATA,
KR356001DG23,,NO_MARKET_DATA,
KR356001G377,,NO_MARKET_DATA,
KR350701GE93,,NO_MARKET_DATA,
KR350701GEA6,,NO_MARKET_DATA,
KR350701GEB4,,NO_MARKET_DATA,
KR350701GEC2,,NO_MARKET_DATA,
KR350701GF19,,NO_MARKET_DATA,
KR350701GF27,,NO_MARKET_DATA,
KR354204GE71,,NO_MARKET_DATA,
KR350701GF35,,NO_MARKET_DATA,
KR350701GF43,,NO_MARKET_DATA,
KR350701GF50,,NO_MARKET_DATA,
KR354414G838,,NO_MARKET_DATA,
KR354414G846,,NO_MARKET_DATA,
KR354414G861,,NO_MARKET_DATA,
KR354414G879,,NO_MARKET_DATA,
KR354414G8C6,,NO_MARKET_DATA,
KR354414G945,,NO_MARKET_DATA,
KR356101GG78,,NO_MARKET_DATA,
KR354414G986,,NO_MARKET_DATA,
KR354414G9A8,,NO_MARKET_DATA,
KR354414G9B6,,NO_MARKET_DATA,
KR356103DDC4,,NO_MARKET_DATA,
KR356103DE14,,NO_MARKET_DATA,
KR356103DE22,,NO_MARKET_DATA,
KR356103DE30,,NO_MARKET_DATA,
KR356103DE48,,NO_MARKET_DATA,
KR356103DE55,,NO_MARKET_DATA,
KR356103DE71,,NO_MARKET_DATA,
KR356103DE89,,NO_MARKET_DATA,
KR356103DE97,,NO_MARKET_DATA,
KR60004RREC6,,NO_MARKET_DATA,
KR101501DF52,,NO_MARKET_DATA,
KR101501DF60,,NO_MARKET_DATA,
KR101501DF78,3.820893799356243,CALCULATED,고민감
KR101501DF86,,NO_MARKET_DATA,
KR101501DF94,,NO_MARKET_DATA,
KR101501DFA6,,NO_MARKET_DATA,
KR101501DFB4,,NO_MARKET_DATA,
KR101501DFC2,4.228829588298064,CALCULATED,고민감
KR101501DG10,4.302397098305511,CALCULATED,고민감
KR101501DG28,4.373975309816785,CALCULATED,고민감
KR101501DG36,4.456538131451696,CALCULATED,고민감
KR356001G4A3,,NO_MARKET_DATA,
KR356001G542,,NO_MARKET_DATA,
KR356001G575,,NO_MARKET_DATA,
KR356001G591,,NO_MARKET_DATA,
KR356001G5A0,,NO_MARKET_DATA,
KR381101GE86,,NO_MARKET_DATA,
KR381101GE94,,NO_MARKET_DATA,
KR381101GEA2,,NO_MARKET_DATA,
KR381101GEB0,,NO_MARKET_DATA,
KR381101GEC8,,NO_MARKET_DATA,
KR350701GF68,,NO_MARKET_DATA,
KR354203GC25,,NO_MARKET_DATA,
KR354203GCB1,,NO_MARKET_DATA,
KR354203GE72,,NO_MARKET_DATA,
KR354203GEB7,,NO_MARKET_DATA,
KR354203GFB4,,NO_MARKET_DATA,
KR354203GFC2,,NO_MARKET_DATA,
KR354205G848,,NO_MARKET_DATA,
KR354205GE70,,NO_MARKET_DATA,
KR354206GE79,,NO_MARKET_DATA,
KR356101GFB8,,NO_MARKET_DATA,
KR356101GFC6,,NO_MARKET_DATA,
KR356101GG11,,NO_MARKET_DATA,
KR356101GG29,,NO_MARKET_DATA,
KR356101GG37,,NO_MARKET_DATA,
KR356101GG45,,NO_MARKET_DATA,
KR356101GG52,,NO_MARKET_DATA,
KR356101GG60,,NO_MARKET_DATA,
KR356101GG86,,NO_MARKET_DATA,
KR356101J585,,NO_MARKET_DATA,
KR6000039D96,,NO_MARKET_DATA,
KR60004RSEC4,,NO_MARKET_DATA,
KR60004RTEC2,,NO_MARKET_DATA,
KR60004RVEC8,,NO_MARKET_DATA,
KR60004RWEC6,,NO_MARKET_DATA,
KR60004RXEC4,,NO_MARKET_DATA,
KR60004RYEC2,,NO_MARKET_DATA,
KR60004Y1EC5,,NO_MARKET_DATA,
KR6000501F28,,NO_MARKET_DATA,
KR6000502F27,,NO_MARKET_DATA,
KR60057C1F58,,NO_MARKET_DATA,
KR101501DG44,4.529759557984801,CALCULATED,고민감
KR101501DG51,4.61333627587956,CALCULATED,고민감
KR101501DG69,4.69003527320352,CALCULATED,고민감
KR101501DG77,4.772402865620311,CALCULATED,고민감
KR101501DG85,,EXCLUDED_UNSUPPORTED_TYPE,
KR101701D682,,NO_MARKET_DATA,
KR101701D690,,NO_MARKET_DATA,
KR101701D6A4,,NO_MARKET_DATA,
KR101701D6B2,,NO_MARKET_DATA,
KR101701D716,,NO_MARKET_DATA,
KR101701D724,,NO_MARKET_DATA,
KR381101GF10,,NO_MARKET_DATA,
KR381101GF28,,NO_MARKET_DATA,
KR381101GF36,,NO_MARKET_DATA,
KR381101GF44,,NO_MARKET_DATA,
KR381101GF51,,NO_MARKET_DATA,
KR350111GC16,,NO_MARKET_DATA,
KR350111GEA8,,NO_MARKET_DATA,
KR350111GF21,,NO_MARKET_DATA,
KR350111GF39,,NO_MARKET_DATA,
KR353601DG65,,NO_MARKET_DATA,
KR354411GC98,,NO_MARKET_DATA,
KR354411GCB0,,NO_MARKET_DATA,
KR354411GD22,,NO_MARKET_DATA,
KR354411GD30,,NO_MARKET_DATA,
KR354411GD55,,NO_MARKET_DATA,
KR354411GD63,,NO_MARKET_DATA,
KR354411GD89,,NO_MARKET_DATA,
KR354411GDA0,,NO_MARKET_DATA,
KR354411GDB8,,NO_MARKET_DATA,
KR354411GDC6,,NO_MARKET_DATA,
KR6000039E95,,NO_MARKET_DATA,
KR600003AE92,,NO_MARKET_DATA,
KR600003CE90,,NO_MARKET_DATA,
KR6000041F82,,NO_MARKET_DATA,
KR6000041G32,,NO_MARKET_DATA,
KR6000042F81,,NO_MARKET_DATA,
KR6000042G31,,NO_MARKET_DATA,
KR6000043G30,,NO_MARKET_DATA,
KR6000044G39,,NO_MARKET_DATA,
KR6000061C49,,NO_MARKET_DATA,
KR60051KRF50,,NO_MARKET_DATA,
KR60057D1F56,,NO_MARKET_DATA,
KR60057E1F54,,NO_MARKET_DATA,
KR60057F1F51,,NO_MARKET_DATA,
KR60057G1F59,,NO_MARKET_DATA,
KR60057J1F53,,NO_MARKET_DATA,
KR60057K1F51,,NO_MARKET_DATA,
KR60057L1F59,,NO_MARKET_DATA,
KR60121T1FA1,,NO_MARKET_DATA,
KR60057M1F57,,NO_MARKET_DATA,
KR60057R1F56,,NO_MARKET_DATA,
KR6005831F28,,NO_MARKET_DATA,
KR101701D732,,NO_MARKET_DATA,
KR101701D740,,NO_MARKET_DATA,
KR101701D757,,NO_MARKET_DATA,
KR101701D765,,NO_MARKET_DATA,
KR101701D773,,NO_MARKET_DATA,
KR101701D781,,NO_MARKET_DATA,
KR101701D799,,NO_MARKET_DATA,
KR101701D7A2,,NO_MARKET_DATA,
KR101701D7B0,,NO_MARKET_DATA,
KR101701D7C8,,NO_MARKET_DATA,
KR101701D815,,NO_MARKET_DATA,
KR101701D823,,NO_MARKET_DATA,
KR353601DG73,,NO_MARKET_DATA,
KR60042CQF46,,NO_MARKET_DATA,
KR60042CRF45,,NO_MARKET_DATA,
KR60042CSF44,,NO_MARKET_DATA,
KR60042CTF43,,NO_MARKET_DATA,
KR60042X1F49,,NO_MARKET_DATA,
KR6004371E93,,NO_MARKET_DATA,
KR60043X1F47,,NO_MARKET_DATA,
KR60043X2F46,,NO_MARKET_DATA,
KR6004411E87,,NO_MARKET_DATA,
KR356003GE95,,NO_MARKET_DATA,
KR356003GF11,,NO_MARKET_DATA,
KR356003GF29,,NO_MARKET_DATA,
KR356003GF37,,NO_MARKET_DATA,
KR356003GF45,,NO_MARKET_DATA,
KR356003GF86,,NO_MARKET_DATA,
KR60000165A5,,NO_MARKET_DATA,
KR6004942FA8,,NO_MARKET_DATA,
KR356003GF94,,NO_MARKET_DATA,
KR356003GFA8,,NO_MARKET_DATA,
KR356003GFC4,,NO_MARKET_DATA,
KR60051KSF59,,NO_MARKET_DATA,
KR60051KTF58,,NO_MARKET_DATA,
KR60051Z1F60,,NO_MARKET_DATA,
KR6005251F60,,NO_MARKET_DATA,
KR6005252F69,,NO_MARKET_DATA,
KR6005271947,,NO_MARKET_DATA,
KR6005271A38,,NO_MARKET_DATA,
KR6005271B60,,NO_MARKET_DATA,
KR6005271B86,,NO_MARKET_DATA,
KR6011171G49,,NO_MARKET_DATA,
KR60121G1FA6,,NO_MARKET_DATA,
KR60121H1FA5,,NO_MARKET_DATA,
KR60121J1FA3,,NO_MARKET_DATA,
KR60121K1FA0,,NO_MARKET_DATA,
KR60121L2FA7,,NO_MARKET_DATA,
KR60121M1FA8,,NO_MARKET_DATA,
KR60121P1FA5,,NO_MARKET_DATA,
KR60121R1FA3,,NO_MARKET_DATA,
KR60121V1FA7,,NO_MARKET_DATA,
KR60121W1FA6,,NO_MARKET_DATA,
KR310212GE81,,NO_MARKET_DATA,
KR101701D831,,NO_MARKET_DATA,
KR101701D849,,NO_MARKET_DATA,
KR101701D856,,NO_MARKET_DATA,
KR101701D864,,NO_MARKET_DATA,
KR101701D872,,NO_MARKET_DATA,
KR101701D880,,NO_MARKET_DATA,
KR101701D898,,NO_MARKET_DATA,
KR101701D8A0,,NO_MARKET_DATA,
KR101701D8B8,,NO_MARKET_DATA,
KR101701D8C6,,NO_MARKET_DATA,
KR101701D914,,NO_MARKET_DATA,
KR101701D922,,NO_MARKET_DATA,
KR6004411G10,,NO_MARKET_DATA,
KR60091XLF87,,NO_MARKET_DATA,
KR60091XMF86,,NO_MARKET_DATA,
KR60091XNF85,,NO_MARKET_DATA,
KR60091XPF83,,NO_MARKET_DATA,
KR60091XQF82,,NO_MARKET_DATA,
KR60091XRF81,,NO_MARKET_DATA,
KR60091XSF80,,NO_MARKET_DATA,
KR60091XTF89,,NO_MARKET_DATA,
KR6009201F22,1.3795115900369954,CALCULATED,중간
KR356003GG28,,NO_MARKET_DATA,
KR356003GG69,,NO_MARKET_DATA,
KR6000015F76,,NO_MARKET_DATA,
KR6000015F84,,NO_MARKET_DATA,
KR6000015FA7,,NO_MARKET_DATA,
KR6000015G59,,NO_MARKET_DATA,
KR6000015G67,,NO_MARKET_DATA,
KR6000015G75,,NO_MARKET_DATA,
KR60000168A9,,NO_MARKET_DATA,
KR6000016925,,NO_MARKET_DATA,
KR6000016AA6,,NO_MARKET_DATA,
KR6011171G72,,NO_MARKET_DATA,
KR6011172899,,NO_MARKET_DATA,
KR6011172C26,,NO_MARKET_DATA,
KR6011172D90,,NO_MARKET_DATA,
KR6011173947,,NO_MARKET_DATA,
KR6011173B42,,NO_MARKET_DATA,
KR310205GG70,,NO_MARKET_DATA,
KR350704GF57,,NO_MARKET_DATA,
KR6011173C25,,NO_MARKET_DATA,
KR6011173C82,,NO_MARKET_DATA,
KR310212GE99,,NO_MARKET_DATA,
KR310212GEA3,,NO_MARKET_DATA,
KR310212GEB1,,NO_MARKET_DATA,
KR310212GF15,,NO_MARKET_DATA,
KR310212GF56,,NO_MARKET_DATA,
KR310212GF72,,NO_MARKET_DATA,
KR310212GF98,,NO_MARKET_DATA,
KR310212GFA0,,NO_MARKET_DATA,
KR310212GFB8,,NO_MARKET_DATA,
KR310212GFC6,,NO_MARKET_DATA,
KR350802GE42,,NO_MARKET_DATA,
KR101701D930,,NO_MARKET_DATA,
KR101701D948,,NO_MARKET_DATA,
KR101701D955,,NO_MARKET_DATA,
KR101701D963,,NO_MARKET_DATA,
KR101701D971,,NO_MARKET_DATA,
KR101701D989,,NO_MARKET_DATA,
KR101701D997,,NO_MARKET_DATA,
KR101701D9A8,,NO_MARKET_DATA,
KR101701D9B6,,NO_MARKET_DATA,
KR101701D9C4,,NO_MARKET_DATA,
KR101701DA14,,NO_MARKET_DATA,
KR101701DA22,,NO_MARKET_DATA,
KR6009201FA4,,NO_MARKET_DATA,
KR2099012DA0,,NO_MARKET_DATA,
KR2099012DC6,,NO_MARKET_DATA,
KR2099012EA8,,NO_MARKET_DATA,
KR2099012EB6,,NO_MARKET_DATA,
KR2099012EC4,,NO_MARKET_DATA,
KR2099012F18,,NO_MARKET_DATA,
KR2099012F75,,NO_MARKET_DATA,
KR2099012F83,,NO_MARKET_DATA,
KR2099012F91,,NO_MARKET_DATA,
KR2099022BC9,,NO_MARKET_DATA,
KR6000016D93,,NO_MARKET_DATA,
KR6004942F35,,NO_MARKET_DATA,
KR6004942F43,,NO_MARKET_DATA,
KR6004942F50,,NO_MARKET_DATA,
KR6004942F68,,NO_MARKET_DATA,
KR6004942F76,,NO_MARKET_DATA,
KR6004942F84,,NO_MARKET_DATA,
KR6004942F92,,NO_MARKET_DATA,
KR6004942FB6,,NO_MARKET_DATA,
KR6004942FC4,,NO_MARKET_DATA,
KR6004942G18,,NO_MARKET_DATA,
KR6011173D32,,NO_MARKET_DATA,
KR310205GFB2,,NO_MARKET_DATA,
KR310205GFC0,,NO_MARKET_DATA,
KR310205GG13,,NO_MARKET_DATA,
KR310205GG21,,NO_MARKET_DATA,
KR310205GG39,,NO_MARKET_DATA,
KR310205GG47,,NO_MARKET_DATA,
KR310205GG54,,NO_MARKET_DATA,
KR310205GG62,,NO_MARKET_DATA,
KR310205J5A8,,NO_MARKET_DATA,
KR310205J5C4,,NO_MARKET_DATA,
KR350802GE59,,NO_MARKET_DATA,
KR350802GE67,,NO_MARKET_DATA,
KR350802GE75,,NO_MARKET_DATA,
KR350802GE83,,NO_MARKET_DATA,
KR350802GE91,,NO_MARKET_DATA,
KR350802GEA2,,NO_MARKET_DATA,
KR350802GEB0,,NO_MARKET_DATA,
KR350802GEC8,,NO_MARKET_DATA,
KR350802GF33,,NO_MARKET_DATA,
KR3544029316,,NO_MARKET_DATA,
KR2077022G60,,NO_MARKET_DATA,
KR2077022G78,4.769701678273115,CALCULATED,고민감
KR2077022G86,,EXCLUDED_UNSUPPORTED_TYPE,
KR2077032E45,,NO_MARKET_DATA,
KR2077032E52,,NO_MARKET_DATA,
KR2077032E60,,NO_MARKET_DATA,
KR2077032E78,,NO_MARKET_DATA,
KR2077032E86,,NO_MARKET_DATA,
KR2077032E94,,NO_MARKET_DATA,
KR2088012B80,,NO_MARKET_DATA,
KR2088012B98,,NO_MARKET_DATA,
KR2099022C50,,NO_MARKET_DATA,
KR350111GG46,,NO_MARKET_DATA,
KR350111GG53,,NO_MARKET_DATA,
KR350111GG61,,NO_MARKET_DATA,
KR353601GE98,,NO_MARKET_DATA,
KR354409GBC4,,NO_MARKET_DATA,
KR350112GBB0,,NO_MARKET_DATA,
KR350112GC15,,NO_MARKET_DATA,
KR350112GC23,,NO_MARKET_DATA,
KR350112GC31,,NO_MARKET_DATA,
KR350112GC49,,NO_MARKET_DATA,
KR60102S1G32,,NO_MARKET_DATA,
KR60102S1G65,,NO_MARKET_DATA,
KR60102S2G23,,NO_MARKET_DATA,
KR60102S2G31,,NO_MARKET_DATA,
KR60102S2G64,,NO_MARKET_DATA,
KR60102S3G22,,NO_MARKET_DATA,
KR60102S3G30,,NO_MARKET_DATA,
KR60102S3G63,,NO_MARKET_DATA,
KR60102S4G62,,NO_MARKET_DATA,
KR60103C1G26,,NO_MARKET_DATA,
KR60103H1FA7,,NO_MARKET_DATA,
KR350704GE25,,NO_MARKET_DATA,
KR350704GE33,,NO_MARKET_DATA,
KR350704GE82,,NO_MARKET_DATA,
KR350704GE90,,NO_MARKET_DATA,
KR350704GEA0,,NO_MARKET_DATA,
KR350704GEB8,,NO_MARKET_DATA,
KR350704GF24,,NO_MARKET_DATA,
KR350704GF32,,NO_MARKET_DATA,
KR350704GF40,,NO_MARKET_DATA,
KR354401J532,,NO_MARKET_DATA,
KR354401J540,,NO_MARKET_DATA,
KR3544029324,,NO_MARKET_DATA,
KR3544029340,,NO_MARKET_DATA,
KR3544029V39,,NO_MARKET_DATA,
KR3544029V54,,NO_MARKET_DATA,
KR354402GB58,,NO_MARKET_DATA,
KR354402GBA3,,NO_MARKET_DATA,
KR354402GC99,,NO_MARKET_DATA,
KR354402GE97,,NO_MARKET_DATA,
KR354402GEA7,,NO_MARKET_DATA,
KR354416G4A7,,NO_MARKET_DATA,
KR2088012C48,,NO_MARKET_DATA,
KR2088012CA5,,NO_MARKET_DATA,
KR2088012D13,,NO_MARKET_DATA,
KR2088012D21,,NO_MARKET_DATA,
KR2088022BA6,,NO_MARKET_DATA,
KR2088022BB4,,NO_MARKET_DATA,
KR2088022BC2,,NO_MARKET_DATA,
KR2088022C12,,NO_MARKET_DATA,
KR2088022C20,,NO_MARKET_DATA,
KR2088022C38,,NO_MARKET_DATA,
KR2088022C53,,NO_MARKET_DATA,
KR350112GC56,,NO_MARKET_DATA,
KR350112GC64,,NO_MARKET_DATA,
KR350112GC72,,NO_MARKET_DATA,
KR353601GE56,,NO_MARKET_DATA,
KR353601GE64,,NO_MARKET_DATA,
KR353601GE72,,NO_MARKET_DATA,
KR353601GEA5,,NO_MARKET_DATA,
KR353601GEB3,,NO_MARKET_DATA,
KR353601GF14,,NO_MARKET_DATA,
KR353601GF22,,NO_MARKET_DATA,
KR310201GG58,,NO_MARKET_DATA,
KR310201GG66,,NO_MARKET_DATA,
KR310201GG74,,NO_MARKET_DATA,
KR310201GG82,,NO_MARKET_DATA,
KR310201J612,,NO_MARKET_DATA,
KR310201J620,,NO_MARKET_DATA,
KR310201J679,,NO_MARKET_DATA,
KR310201J695,,NO_MARKET_DATA,
KR310201J6A0,,NO_MARKET_DATA,
KR310201J6B8,,NO_MARKET_DATA,
KR350701GG18,,NO_MARKET_DATA,
KR354401J557,,NO_MARKET_DATA,
KR354401J565,,NO_MARKET_DATA,
KR354401J573,,NO_MARKET_DATA,
KR354414G9C4,,NO_MARKET_DATA,
KR354414GA14,,NO_MARKET_DATA,
KR354414GA22,,NO_MARKET_DATA,
KR354414GA30,,NO_MARKET_DATA,
KR354414GA63,,NO_MARKET_DATA,
KR354414GA71,,NO_MARKET_DATA,
KR354414GA89,,NO_MARKET_DATA,
KR354416G4B5,,NO_MARKET_DATA,
KR354416G4C3,,NO_MARKET_DATA,
KR354416G510,,NO_MARKET_DATA,
KR354416G536,,NO_MARKET_DATA,
KR354416G544,,NO_MARKET_DATA,
KR354416G551,,NO_MARKET_DATA,
KR356103DEA6,,NO_MARKET_DATA,
KR356103DEB4,,NO_MARKET_DATA,
KR356103DEC2,,NO_MARKET_DATA,
KR356103DF13,,NO_MARKET_DATA,
KR101501DB80,,NO_MARKET_DATA,
KR101501DB98,,NO_MARKET_DATA,
KR101501DBA5,,NO_MARKET_DATA,
KR101501DBB3,,NO_MARKET_DATA,
KR2088022C61,,NO_MARKET_DATA,
KR2088022C79,,NO_MARKET_DATA,
KR2088022C87,,NO_MARKET_DATA,
KR2088022C95,,NO_MARKET_DATA,
KR2088022CB2,,NO_MARKET_DATA,
KR2088022CC0,,NO_MARKET_DATA,
KR2088022D37,,NO_MARKET_DATA,
KR353601GF30,,NO_MARKET_DATA,
KR353601GF48,,NO_MARKET_DATA,
KR354409GB85,,NO_MARKET_DATA,
KR354409GB93,,NO_MARKET_DATA,
KR354409GBA8,,NO_MARKET_DATA,
KR354409GBB6,,NO_MARKET_DATA,
KR354409GC19,,NO_MARKET_DATA,
KR354409GC27,,NO_MARKET_DATA,
KR354409GC43,,NO_MARKET_DATA,
KR354409GC50,,NO_MARKET_DATA,
KR350701GG26,,NO_MARKET_DATA,
KR350701GG34,,NO_MARKET_DATA,
KR350701GG42,,NO_MARKET_DATA,
KR350701GG59,,NO_MARKET_DATA,
KR350701GG67,,NO_MARKET_DATA,
KR354301G878,,NO_MARKET_DATA,
KR354301G951,,NO_MARKET_DATA,
KR354301GB84,,NO_MARKET_DATA,
KR354301GB92,,NO_MARKET_DATA,
KR354301GBA7,,NO_MARKET_DATA,
KR354414GAC6,,NO_MARKET_DATA,
KR354414GB13,,NO_MARKET_DATA,
KR354414GB39,,NO_MARKET_DATA,
KR356101JD52,,NO_MARKET_DATA,
KR356101JD60,,NO_MARKET_DATA,
KR356101JD86,,NO_MARKET_DATA,
KR356101JE10,,NO_MARKET_DATA,
KR356101JE44,,NO_MARKET_DATA,
KR356101JE51,,NO_MARKET_DATA,
KR356101JE69,,NO_MARKET_DATA,
KR356101JE77,,NO_MARKET_DATA,
KR356103DF21,,NO_MARKET_DATA,
KR356103DF39,,NO_MARKET_DATA,
KR356103DF47,,NO_MARKET_DATA,
KR356103DF54,,NO_MARKET_DATA,
KR356103DF62,,NO_MARKET_DATA,
KR356103DF96,,NO_MARKET_DATA,
KR356103DFA3,,NO_MARKET_DATA,
KR6000521C76,,NO_MARKET_DATA,
KR6000521D91,,NO_MARKET_DATA,
KR6000521F40,,NO_MARKET_DATA,
KR6000521G64,,NO_MARKET_DATA,
KR2088022D45,,NO_MARKET_DATA,
KR2088022D52,,NO_MARKET_DATA,
KR2088022D60,,NO_MARKET_DATA,
KR2088022D78,,NO_MARKET_DATA,
KR101501DBC1,,NO_MARKET_DATA,
KR101501DC14,,NO_MARKET_DATA,
KR101501DC22,,NO_MARKET_DATA,
KR101501DC30,0.6169550991332324,CALCULATED,중간
KR101501DC48,,NO_MARKET_DATA,
KR101501DC55,,NO_MARKET_DATA,
KR101501DC63,0.8572899742259342,CALCULATED,중간
KR354409GC68,,NO_MARKET_DATA,
KR356001G625,,NO_MARKET_DATA,
KR356001G690,,NO_MARKET_DATA,
KR356001G6C4,,NO_MARKET_DATA,
KR356001G765,,NO_MARKET_DATA,
KR356001G7B4,,NO_MARKET_DATA,
KR356001G7C2,,NO_MARKET_DATA,
KR356001G864,,NO_MARKET_DATA,
KR356001G898,,NO_MARKET_DATA,
KR356001G971,,NO_MARKET_DATA,
KR354301GD74,,NO_MARKET_DATA,
KR354301GD82,,NO_MARKET_DATA,
KR354301GE24,,NO_MARKET_DATA,
KR354301GE40,,NO_MARKET_DATA,
KR354301GE65,,NO_MARKET_DATA,
KR354301GE73,,NO_MARKET_DATA,
KR354411GE13,,NO_MARKET_DATA,
KR3560047226,,NO_MARKET_DATA,
KR6000016F59,,NO_MARKET_DATA,
KR354411GE47,,NO_MARKET_DATA,
KR354411GE70,,NO_MARKET_DATA,
KR356101JE85,,NO_MARKET_DATA,
KR356101JEA7,,NO_MARKET_DATA,
KR356101JEB5,,NO_MARKET_DATA,
KR6000061C56,,NO_MARKET_DATA,
KR6000061C64,,NO_MARKET_DATA,
KR6000061E47,,NO_MARKET_DATA,
KR6000061E88,,NO_MARKET_DATA,
KR6005271FB9,,NO_MARKET_DATA,
KR60111B2FA1,,NO_MARKET_DATA,
KR6000061F20,,NO_MARKET_DATA,
KR6000061FA1,,NO_MARKET_DATA,
KR6000522C75,,NO_MARKET_DATA,
KR6000522D41,,NO_MARKET_DATA,
KR60005416C3,,NO_MARKET_DATA,
KR6000541B99,,NO_MARKET_DATA,
KR6000541C31,,NO_MARKET_DATA,
KR6000541C56,,EXCLUDED_OPTION,
KR6000541C80,,NO_MARKET_DATA,
KR6005831F93,,NO_MARKET_DATA,
KR6005831G27,,NO_MARKET_DATA,
KR6005831G68,,EXCLUDED_OPTION,
KR6005832755,,NO_MARKET_DATA,
KR101501DC71,,NO_MARKET_DATA,
KR101501DC89,1.0219022238657376,CALCULATED,중간
KR101501DC97,,NO_MARKET_DATA,
KR101501DCA3,1.1830513522495305,CALCULATED,중간
KR101501DCB1,,NO_MARKET_DATA,
KR101501DCC9,,NO_MARKET_DATA,
KR101501DD13,1.4197492560820106,CALCULATED,중간
KR101501DD21,,NO_MARKET_DATA,
KR101501DD39,1.5746105380573674,CALCULATED,중간
KR101501DD47,,NO_MARKET_DATA,
KR101501DE46,,NO_MARKET_DATA,
KR356001G989,,NO_MARKET_DATA,
KR381101GF85,,NO_MARKET_DATA,
KR381101GFA9,,NO_MARKET_DATA,
KR381101GFB7,,NO_MARKET_DATA,
KR381101GFC5,,NO_MARKET_DATA,
KR381101GG19,,NO_MARKET_DATA,
KR381101GG27,,NO_MARKET_DATA,
KR381101GG68,,NO_MARKET_DATA,
KR381101GG76,,NO_MARKET_DATA,
KR381102G695,,NO_MARKET_DATA,
KR354411GE88,,NO_MARKET_DATA,
KR354411GE96,,NO_MARKET_DATA,
KR354411GEA8,,NO_MARKET_DATA,
KR354411GEB6,,NO_MARKET_DATA,
KR354411GEC4,,NO_MARKET_DATA,
KR354411GF12,,NO_MARKET_DATA,
KR354411GF20,,NO_MARKET_DATA,
KR356003GG77,,NO_MARKET_DATA,
KR3560047184,,NO_MARKET_DATA,
KR356004G488,,NO_MARKET_DATA,
KR6000062C63,,NO_MARKET_DATA,
KR6000071E52,,NO_MARKET_DATA,
KR6000072DB1,,NO_MARKET_DATA,
KR6000081D93,,NO_MARKET_DATA,
KR6005271C36,,NO_MARKET_DATA,
KR6005271D27,,NO_MARKET_DATA,
KR6005271F25,,NO_MARKET_DATA,
KR6005271F90,,NO_MARKET_DATA,
KR6005271FA1,,NO_MARKET_DATA,
KR350704GF65,,NO_MARKET_DATA,
KR354401J4A1,,NO_MARKET_DATA,
KR6005832F92,,NO_MARKET_DATA,
KR6005832G67,,NO_MARKET_DATA,
KR6005871FC4,,NO_MARKET_DATA,
KR60058A1F76,,NO_MARKET_DATA,
KR60058H1F55,,NO_MARKET_DATA,
KR60058H1G39,,NO_MARKET_DATA,
KR60058H2F54,,NO_MARKET_DATA,
KR60121Y1FA4,,NO_MARKET_DATA,
KR60121Z1FA3,,NO_MARKET_DATA,
KR310209GC88,,NO_MARKET_DATA,
KR354416G3A9,,NO_MARKET_DATA,
KR104301DG57,,NO_MARKET_DATA,
KR104301DG65,,NO_MARKET_DATA,
KR104301DG73,,NO_MARKET_DATA,
KR104301DG81,,NO_MARKET_DATA,
KR104301GG47,,NO_MARKET_DATA,
KR104301GG54,,NO_MARKET_DATA,
KR104301GG62,,NO_MARKET_DATA,
KR104301GG70,,NO_MARKET_DATA,
KR104301GG88,,NO_MARKET_DATA,
KR104302DE66,,NO_MARKET_DATA,
KR104302DE74,,NO_MARKET_DATA,
KR381102GAB6,,NO_MARKET_DATA,
KR60044C1F49,,NO_MARKET_DATA,
KR60044K1F42,,NO_MARKET_DATA,
KR60044NGF43,,NO_MARKET_DATA,
KR60044NHF42,,NO_MARKET_DATA,
KR60044NJF40,,NO_MARKET_DATA,
KR60044NKF47,,NO_MARKET_DATA,
KR6009272F59,,NO_MARKET_DATA,
KR60044NLF46,,NO_MARKET_DATA,
KR60044NMF45,,NO_MARKET_DATA,
KR356004G512,,NO_MARKET_DATA,
KR356004G553,,NO_MARKET_DATA,
KR356004G5B5,,NO_MARKET_DATA,
KR356004G637,,NO_MARKET_DATA,
KR356004G686,,NO_MARKET_DATA,
KR356004G694,,NO_MARKET_DATA,
KR6000016E76,,NO_MARKET_DATA,
KR6000016E84,,NO_MARKET_DATA,
KR6000016EA8,,NO_MARKET_DATA,
KR6000016EB6,,NO_MARKET_DATA,
KR310201J6C6,,NO_MARKET_DATA,
KR354401J4B9,,NO_MARKET_DATA,
KR354401J4C7,,NO_MARKET_DATA,
KR354401J516,,NO_MARKET_DATA,
KR354401J524,,NO_MARKET_DATA,
KR6005271G16,,NO_MARKET_DATA,
KR6005271G40,,NO_MARKET_DATA,
KR6005271G57,,NO_MARKET_DATA,
KR6005271G65,,NO_MARKET_DATA,
KR6005271G73,,NO_MARKET_DATA,
KR60111D1F93,,NO_MARKET_DATA,
KR60111F1F98,,NO_MARKET_DATA,
KR354416G411,,NO_MARKET_DATA,
KR354416G437,,NO_MARKET_DATA,
KR6012211G64,,NO_MARKET_DATA,
KR60122D1FA8,,NO_MARKET_DATA,
KR60122F1FA6,,NO_MARKET_DATA,
KR60122G1FB3,,NO_MARKET_DATA,
KR60122H1FA4,,NO_MARKET_DATA,
KR60122J1FA2,,NO_MARKET_DATA,
KR350802GG32,,NO_MARKET_DATA,
KR354402GFC0,,NO_MARKET_DATA,
KR60122L1FA8,,NO_MARKET_DATA,
KR104302DE82,,NO_MARKET_DATA,
KR104302DE90,,NO_MARKET_DATA,
KR104302DEA9,,NO_MARKET_DATA,
KR104302DEB7,,NO_MARKET_DATA,
KR104302DF16,,NO_MARKET_DATA,
KR104302DF24,,NO_MARKET_DATA,
KR104302DF32,,NO_MARKET_DATA,
KR104302DF40,,NO_MARKET_DATA,
KR104302DF57,,NO_MARKET_DATA,
KR104302DF65,,NO_MARKET_DATA,
KR104302DF73,,NO_MARKET_DATA,
KR60044NNF44,,NO_MARKET_DATA,
KR60044NPF42,,NO_MARKET_DATA,
KR6009201G54,,NO_MARKET_DATA,
KR6009202F88,,NO_MARKET_DATA,
KR6009202F96,,NO_MARKET_DATA,
KR6009202FB0,,NO_MARKET_DATA,
KR6009271FB5,,NO_MARKET_DATA,
KR6009271FC3,,NO_MARKET_DATA,
KR6009272E50,,NO_MARKET_DATA,
KR6009272FB3,,NO_MARKET_DATA,
KR6009272G25,,NO_MARKET_DATA,
KR350701GF76,,NO_MARKET_DATA,
KR350701GF84,,NO_MARKET_DATA,
KR350701GF92,,NO_MARKET_DATA,
KR350701GFA3,,NO_MARKET_DATA,
KR350701GFB1,,NO_MARKET_DATA,
KR6000016F83,,NO_MARKET_DATA,
KR6000016F91,,NO_MARKET_DATA,
KR6000016G58,,NO_MARKET_DATA,
KR6000016G66,,NO_MARKET_DATA,
KR6000016G74,,NO_MARKET_DATA,
KR6000017675,,NO_MARKET_DATA,
KR60111G1F96,,NO_MARKET_DATA,
KR60111H1F94,,NO_MARKET_DATA,
KR60111L1F96,,NO_MARKET_DATA,
KR60111M1F94,,NO_MARKET_DATA,
KR60111N1F92,,NO_MARKET_DATA,
KR60111S1F91,,NO_MARKET_DATA,
KR60111W1F93,,NO_MARKET_DATA,
KR60111X1F91,,NO_MARKET_DATA,
KR310203J683,,NO_MARKET_DATA,
KR310203J691,,NO_MARKET_DATA,
KR310203J6B6,,NO_MARKET_DATA,
KR60122L1FB6,,NO_MARKET_DATA,
KR60122M1FB5,,NO_MARKET_DATA,
KR310208GG51,,NO_MARKET_DATA,
KR310208GG69,,NO_MARKET_DATA,
KR310208GG77,,NO_MARKET_DATA,
KR310208J5C1,,NO_MARKET_DATA,
KR310208J641,,NO_MARKET_DATA,
KR310208J682,,NO_MARKET_DATA,
KR310209GC54,,NO_MARKET_DATA,
KR310209GC70,,NO_MARKET_DATA,
KR310209GCC9,,NO_MARKET_DATA,
KR104302DF81,,NO_MARKET_DATA,
KR104302DF99,,NO_MARKET_DATA,
KR104302DFA6,,NO_MARKET_DATA,
KR104302DFB4,,NO_MARKET_DATA,
KR104302DG15,,NO_MARKET_DATA,
KR104302DG23,,NO_MARKET_DATA,
KR104302DG31,,NO_MARKET_DATA,
KR104302DG49,,NO_MARKET_DATA,
KR104302DG56,,NO_MARKET_DATA,
KR104302DG64,,NO_MARKET_DATA,
KR104303DG14,,NO_MARKET_DATA,
KR6009272G41,,NO_MARKET_DATA,
KR6009272G66,,NO_MARKET_DATA,
KR2100012F97,,NO_MARKET_DATA,
KR2100012FA2,,NO_MARKET_DATA,
KR2100012FB0,,NO_MARKET_DATA,
KR2100012FC8,,NO_MARKET_DATA,
KR2100012G13,,NO_MARKET_DATA,
KR2100012G21,,NO_MARKET_DATA,
KR2100012G39,,NO_MARKET_DATA,
KR2100012G47,,NO_MARKET_DATA,
KR2100012G54,,NO_MARKET_DATA,
KR6004942G26,,NO_MARKET_DATA,
KR6004942G34,,NO_MARKET_DATA,
KR6004942G42,,NO_MARKET_DATA,
KR6004942G59,,NO_MARKET_DATA,
KR6004942G67,,NO_MARKET_DATA,
KR6004943728,,NO_MARKET_DATA,
KR6004943E43,,NO_MARKET_DATA,
KR6004943E50,,NO_MARKET_DATA,
KR6004943E92,,NO_MARKET_DATA,
KR6004943EA9,,NO_MARKET_DATA,
KR6004943EB7,,NO_MARKET_DATA,
KR3102044V29,,NO_MARKET_DATA,
KR310204AFB8,,NO_MARKET_DATA,
KR310204D6B1,,NO_MARKET_DATA,
KR310204D6C9,,NO_MARKET_DATA,
KR310204D742,,NO_MARKET_DATA,
KR310204D775,,NO_MARKET_DATA,
KR310204D783,,NO_MARKET_DATA,
KR310204D791,,NO_MARKET_DATA,
KR350704GF73,,NO_MARKET_DATA,
KR350704GFA7,,NO_MARKET_DATA,
KR350704GFB5,,NO_MARKET_DATA,
KR310209GD53,,NO_MARKET_DATA,
KR350802GF41,,NO_MARKET_DATA,
KR350802GF58,,NO_MARKET_DATA,
KR350802GF66,,NO_MARKET_DATA,
KR350802GF74,,NO_MARKET_DATA,
KR350802GF82,,NO_MARKET_DATA,
KR350802GF90,,NO_MARKET_DATA,
KR350802GFA9,,NO_MARKET_DATA,
KR350802GFB7,,NO_MARKET_DATA,
KR350802GFC5,,NO_MARKET_DATA,
KR350802GG40,,NO_MARKET_DATA,
KR104302DG72,,NO_MARKET_DATA,
KR104302DG80,,NO_MARKET_DATA,
KR104303DF31,,NO_MARKET_DATA,
KR104303DF49,,NO_MARKET_DATA,
KR104303DF56,,NO_MARKET_DATA,
KR104303DF64,,NO_MARKET_DATA,
KR104303DF72,,NO_MARKET_DATA,
KR104303DF80,,NO_MARKET_DATA,
KR104303DF98,,NO_MARKET_DATA,
KR104303DFA4,,NO_MARKET_DATA,
KR104303DFB2,,NO_MARKET_DATA,
KR2100012G62,,NO_MARKET_DATA,
KR2100012G70,4.768969679857174,CALCULATED,고민감
KR350112GC80,,NO_MARKET_DATA,
KR350112GF38,,NO_MARKET_DATA,
KR350112GG45,,NO_MARKET_DATA,
KR350112GG60,,NO_MARKET_DATA,
KR350113GBB8,,NO_MARKET_DATA,
KR350113GBC6,,NO_MARKET_DATA,
KR350113GC63,,NO_MARKET_DATA,
KR350113GG44,,NO_MARKET_DATA,
KR350113GG69,,NO_MARKET_DATA,
KR60103H2FA5,,NO_MARKET_DATA,
KR60103J1F97,,NO_MARKET_DATA,
KR60103J1FA5,,NO_MARKET_DATA,
KR60103K1FA2,,NO_MARKET_DATA,
KR60103K2FA0,,NO_MARKET_DATA,
KR60103YBF92,,NO_MARKET_DATA,
KR60103YCF91,,NO_MARKET_DATA,
KR60103YDF90,,NO_MARKET_DATA,
KR60103YEF99,,NO_MARKET_DATA,
KR60103YFF98,,NO_MARKET_DATA,
KR350704GG23,,NO_MARKET_DATA,
KR350704GG49,,NO_MARKET_DATA,
KR350704GG72,,NO_MARKET_DATA,
KR350705G791,,NO_MARKET_DATA,
KR350705G7B6,,NO_MARKET_DATA,
KR350705GB35,,NO_MARKET_DATA,
KR350705GBB1,,NO_MARKET_DATA,
KR350705GBC9,,NO_MARKET_DATA,
KR354401J581,,NO_MARKET_DATA,
KR354401J599,,NO_MARKET_DATA,
KR354402GEC3,,NO_MARKET_DATA,
KR354402GF13,,NO_MARKET_DATA,
KR354402GF47,,NO_MARKET_DATA,
KR354402GF62,,NO_MARKET_DATA,
KR354402GF70,,NO_MARKET_DATA,
KR354402GF88,,NO_MARKET_DATA,
KR354402GF96,,NO_MARKET_DATA,
KR354402GFA4,,NO_MARKET_DATA,
KR354402GFB2,,NO_MARKET_DATA,
KR354416G569,,NO_MARKET_DATA,
KR102701GF89,,NO_MARKET_DATA,
KR102701GF97,,NO_MARKET_DATA,
KR102701GFA4,,NO_MARKET_DATA,
KR102701GFB2,,NO_MARKET_DATA,
KR102701GFC0,,NO_MARKET_DATA,
KR102701GG13,,NO_MARKET_DATA,
KR102701GG21,,NO_MARKET_DATA,
KR102701GG39,,NO_MARKET_DATA,
KR102701GG47,,NO_MARKET_DATA,
KR102701GG54,,NO_MARKET_DATA,
KR103501GDC8,,NO_MARKET_DATA,
KR10350270C0,3.8688298247463457,CALCULATED,고민감
KR350114GBB6,,NO_MARKET_DATA,
KR350114GBC4,,NO_MARKET_DATA,
KR353601GF55,,NO_MARKET_DATA,
KR353601GF63,,NO_MARKET_DATA,
KR353601GF71,,NO_MARKET_DATA,
KR353601GF89,,NO_MARKET_DATA,
KR353601GF97,,NO_MARKET_DATA,
KR353601GFA2,,NO_MARKET_DATA,
KR353601GFB0,,NO_MARKET_DATA,
KR353601GFC8,,NO_MARKET_DATA,
KR310101AG71,,NO_MARKET_DATA,
KR310101AG89,,NO_MARKET_DATA,
KR310101GEA8,,NO_MARKET_DATA,
KR310101GF19,,NO_MARKET_DATA,
KR310101GF43,,NO_MARKET_DATA,
KR310101GF76,,NO_MARKET_DATA,
KR310101GF92,,NO_MARKET_DATA,
KR310101GFA5,,NO_MARKET_DATA,
KR310101GFB3,,NO_MARKET_DATA,
KR3507027265,,NO_MARKET_DATA,
KR310101GG18,,NO_MARKET_DATA,
KR310101GG34,,NO_MARKET_DATA,
KR354401J5A8,,NO_MARKET_DATA,
KR354401J5B6,,NO_MARKET_DATA,
KR354401J5C4,,NO_MARKET_DATA,
KR354401J615,,NO_MARKET_DATA,
KR354401J623,,NO_MARKET_DATA,
KR354401J631,,NO_MARKET_DATA,
KR354401J649,,NO_MARKET_DATA,
KR354401J656,,NO_MARKET_DATA,
KR356101JFB2,,NO_MARKET_DATA,
KR354414GB47,,NO_MARKET_DATA,
KR354416G577,,NO_MARKET_DATA,
KR354416G585,,NO_MARKET_DATA,
KR354416G593,,NO_MARKET_DATA,
KR354416G5A4,,NO_MARKET_DATA,
KR354416G5B2,,NO_MARKET_DATA,
KR354416G5C0,,NO_MARKET_DATA,
KR354416G619,,NO_MARKET_DATA,
KR354416G627,,NO_MARKET_DATA,
KR354416G635,,NO_MARKET_DATA,
KR356103DFB1,,NO_MARKET_DATA,
KR102701GG62,,NO_MARKET_DATA,
KR102701GG70,,NO_MARKET_DATA,
KR103102AG61,,NO_MARKET_DATA,
KR103103AG60,,NO_MARKET_DATA,
KR103104AG69,,NO_MARKET_DATA,
KR10350172C8,12.066719766902269,CALCULATED,고민감
KR103501GB91,,NO_MARKET_DATA,
KR103501GC33,,NO_MARKET_DATA,
KR103501GC90,1.025424134359245,CALCULATED,중간
KR103501GD32,,NO_MARKET_DATA,
KR103501GD99,,NO_MARKET_DATA,
KR353601GG13,,NO_MARKET_DATA,
KR353601GG21,,NO_MARKET_DATA,
KR354409GC84,,NO_MARKET_DATA,
KR354409GC92,,NO_MARKET_DATA,
KR354409GCB4,,NO_MARKET_DATA,
KR354409GCC2,,NO_MARKET_DATA,
KR354409GD18,,NO_MARKET_DATA,
KR354409GD26,,NO_MARKET_DATA,
KR354409GD34,,NO_MARKET_DATA,
KR354409GD42,,NO_MARKET_DATA,
KR310101GG42,,NO_MARKET_DATA,
KR350701GG75,,NO_MARKET_DATA,
KR350701JE74,,NO_MARKET_DATA,
KR350701JFC3,,NO_MARKET_DATA,
KR3507027083,,NO_MARKET_DATA,
KR3507027182,,NO_MARKET_DATA,
KR3507027190,,NO_MARKET_DATA,
KR35070271A8,,NO_MARKET_DATA,
KR3507027216,,NO_MARKET_DATA,
KR3507027323,,NO_MARKET_DATA,
KR354301GEB9,,NO_MARKET_DATA,
KR354414GB62,,NO_MARKET_DATA,
KR354414GB70,,NO_MARKET_DATA,
KR354414GB88,,NO_MARKET_DATA,
KR354414GB96,,NO_MARKET_DATA,
KR354414GC20,,NO_MARKET_DATA,
KR354414GC38,,NO_MARKET_DATA,
KR354414GC46,,NO_MARKET_DATA,
KR354414GC53,,NO_MARKET_DATA,
KR354414GC79,,NO_MARKET_DATA,
KR356101JF68,,NO_MARKET_DATA,
KR356101JG18,,NO_MARKET_DATA,
KR356103DFC9,,NO_MARKET_DATA,
KR356103DG12,,NO_MARKET_DATA,
KR356103DG20,,NO_MARKET_DATA,
KR356103DG38,,NO_MARKET_DATA,
KR356103DG46,,NO_MARKET_DATA,
KR356103DG79,,NO_MARKET_DATA,
KR356103DG87,,NO_MARKET_DATA,
KR356103G496,,NO_MARKET_DATA,
KR60005Y2F50,,NO_MARKET_DATA,
KR6005941G24,,NO_MARKET_DATA,
KR356103G595,,NO_MARKET_DATA,
KR103501GE31,,NO_MARKET_DATA,
KR103501GE64,,NO_MARKET_DATA,
KR103501GE98,2.8270332023155484,CALCULATED,고민감
KR103501GEC6,,NO_MARKET_DATA,
KR103501GF30,,NO_MARKET_DATA,
KR103501GF63,1.7405180855392464,CALCULATED,중간
KR103501GF97,1.032329904688668,CALCULATED,중간
KR103501GFC3,,NO_MARKET_DATA,
KR103501GG39,16.5465127981004,CALCULATED,고민감
KR103501GG62,2.611254047577175,CALCULATED,고민감
KR103501GG96,,NO_MARKET_DATA,
KR354409GD59,,NO_MARKET_DATA,
KR354409GD67,,NO_MARKET_DATA,
KR356001G9B0,,NO_MARKET_DATA,
KR356001GA34,,NO_MARKET_DATA,
KR356001GAA3,,NO_MARKET_DATA,
KR356001GB90,,NO_MARKET_DATA,
KR356001GC32,,NO_MARKET_DATA,
KR356001GC40,,NO_MARKET_DATA,
KR356001GC81,,NO_MARKET_DATA,
KR356001GD31,,NO_MARKET_DATA,
KR356001GD49,,NO_MARKET_DATA,
KR354301GF15,,NO_MARKET_DATA,
KR354301GF23,,NO_MARKET_DATA,
KR354301GF56,,NO_MARKET_DATA,
KR354301GF64,,NO_MARKET_DATA,
KR354301GF72,,NO_MARKET_DATA,
KR354301GF80,,NO_MARKET_DATA,
KR354301GF98,,NO_MARKET_DATA,
KR354301GG14,,NO_MARKET_DATA,
KR354301GG22,,NO_MARKET_DATA,
KR354301GG30,,NO_MARKET_DATA,
KR354411GF38,,NO_MARKET_DATA,
KR356101JG26,,NO_MARKET_DATA,
KR356101JG34,,NO_MARKET_DATA,
KR356101JG42,,NO_MARKET_DATA,
KR3561027169,,NO_MARKET_DATA,
KR3561027219,,NO_MARKET_DATA,
KR3561027227,,NO_MARKET_DATA,
KR3561027235,,NO_MARKET_DATA,
KR3561027243,4.798783281593359,CALCULATED,고민감
KR6000081EB0,,NO_MARKET_DATA,
KR6000081F34,,NO_MARKET_DATA,
KR6000082C36,,NO_MARKET_DATA,
KR356103GA64,,NO_MARKET_DATA,
KR6000541E96,,EXCLUDED_OPTION,
KR6000541F38,,EXCLUDED_OPTION,
KR6000541G37,,NO_MARKET_DATA,
KR6000542C89,,NO_MARKET_DATA,
KR60005P1FB4,,NO_MARKET_DATA,
KR60005R1EC3,,NO_MARKET_DATA,
KR60005X1F20,,NO_MARKET_DATA,
KR60005X2F29,,NO_MARKET_DATA,
KR60005Y1F51,,NO_MARKET_DATA,
KR6000641G36,,NO_MARKET_DATA,
KR10350271C8,,NO_MARKET_DATA,
KR1035027V32,,NO_MARKET_DATA,
KR1035027WC3,2.96097360993914,CALCULATED,고민감
KR103502G3C1,,NO_MARKET_DATA,
KR103502G4C9,,NO_MARKET_DATA,
KR103502G594,,NO_MARKET_DATA,
KR103502G636,,NO_MARKET_DATA,
KR103502G693,8.835975618743163,CALCULATED,고민감
KR103502G6C4,0.323876063780223,CALCULATED,저민감
KR103502G735,,NO_MARKET_DATA,
KR103502G768,0.8005292691536727,CALCULATED,중간
KR356001GD56,,NO_MARKET_DATA,
KR356001GD80,,NO_MARKET_DATA,
KR381102GB88,,NO_MARKET_DATA,
KR381102GE28,,NO_MARKET_DATA,
KR381102GE69,,NO_MARKET_DATA,
KR381102GE77,,NO_MARKET_DATA,
KR381102GE85,,NO_MARKET_DATA,
KR381102GE93,,NO_MARKET_DATA,
KR381102GEA0,,NO_MARKET_DATA,
KR381102GEC6,,NO_MARKET_DATA,
KR354411GF46,,NO_MARKET_DATA,
KR354411GF53,,NO_MARKET_DATA,
KR354411GF61,,NO_MARKET_DATA,
KR354411GF79,,NO_MARKET_DATA,
KR354411GF87,,NO_MARKET_DATA,
KR354411GF95,,NO_MARKET_DATA,
KR354411GFB3,,NO_MARKET_DATA,
KR354411GFC1,,NO_MARKET_DATA,
KR354411GG11,,NO_MARKET_DATA,
KR356004G793,,NO_MARKET_DATA,
KR6000082E34,,NO_MARKET_DATA,
KR6000082F33,,NO_MARKET_DATA,
KR6000082G32,,NO_MARKET_DATA,
KR6000083G31,,NO_MARKET_DATA,
KR60000F1F36,,NO_MARKET_DATA,
KR60000F1F85,,NO_MARKET_DATA,
KR60000F1F93,,NO_MARKET_DATA,
KR60000F1FB1,,NO_MARKET_DATA,
KR6005272358,,NO_MARKET_DATA,
KR6005272F65,,NO_MARKET_DATA,
KR6005272FA9,,NO_MARKET_DATA,
KR60058K1F59,,NO_MARKET_DATA,
KR60058P1F58,,NO_MARKET_DATA,
KR60058S1F52,,NO_MARKET_DATA,
KR60058S1G51,,NO_MARKET_DATA,
KR60058W1F54,,NO_MARKET_DATA,
KR6005941EA2,,NO_MARKET_DATA,
KR6005941F25,,NO_MARKET_DATA,
KR6005941F41,,NO_MARKET_DATA,
KR6005941F74,,NO_MARKET_DATA,
KR6005941F90,,NO_MARKET_DATA,
KR103502G792,,NO_MARKET_DATA,
KR103502G7C2,,NO_MARKET_DATA,
KR103502G834,,NO_MARKET_DATA,
KR103502G867,,NO_MARKET_DATA,
KR103502G891,,NO_MARKET_DATA,
KR103502G8C0,,NO_MARKET_DATA,
KR103502G933,,NO_MARKET_DATA,
KR103502G966,,NO_MARKET_DATA,
KR103502G990,11.397539762019893,CALCULATED,고민감
KR103502G9C8,3.14296056728927,CALCULATED,고민감
KR103502GA34,17.427397065446343,CALCULATED,고민감
KR381102GF19,,NO_MARKET_DATA,
KR381102GF27,,NO_MARKET_DATA,
KR60044NQF41,,NO_MARKET_DATA,
KR60044NRF40,,NO_MARKET_DATA,
KR60044NSF49,,NO_MARKET_DATA,
KR60044NTF48,,NO_MARKET_DATA,
KR60044NVF44,,NO_MARKET_DATA,
KR60044NWF43,,NO_MARKET_DATA,
KR60044NXF42,,NO_MARKET_DATA,
KR60044R1FA7,,NO_MARKET_DATA,
KR356004G991,,NO_MARKET_DATA,
KR356004GCA3,,NO_MARKET_DATA,
KR356004GD38,,NO_MARKET_DATA,
KR356004GD46,,NO_MARKET_DATA,
KR356004GD95,,NO_MARKET_DATA,
KR356004GE37,,NO_MARKET_DATA,
KR356004GE86,,NO_MARKET_DATA,
KR356004GE94,,NO_MARKET_DATA,
KR356004GG76,,NO_MARKET_DATA,
KR356005G519,,NO_MARKET_DATA,
KR60000179B4,,NO_MARKET_DATA,
KR6005272FB7,,NO_MARKET_DATA,
KR6005272G15,,NO_MARKET_DATA,
KR6005272G49,,NO_MARKET_DATA,
KR6005272G64,,NO_MARKET_DATA,
KR6005272G72,,NO_MARKET_DATA,
KR6005273F64,,NO_MARKET_DATA,
KR6005273FA7,,NO_MARKET_DATA,
KR6005273FB5,,NO_MARKET_DATA,
KR60111Y1F99,,NO_MARKET_DATA,
KR6011201953,,NO_MARKET_DATA,
KR6011201961,,NO_MARKET_DATA,
KR60122M2FB3,,NO_MARKET_DATA,
KR60122M3FB1,,NO_MARKET_DATA,
KR60122N1FA6,,NO_MARKET_DATA,
KR60122T1FA0,,NO_MARKET_DATA,
KR60122X1FA4,,NO_MARKET_DATA,
KR60122Y1FA3,,NO_MARKET_DATA,
KR60122Y2FA1,,NO_MARKET_DATA,
KR6012337B76,,NO_MARKET_DATA,
KR6012341E51,,NO_MARKET_DATA,
KR60123A1FA0,,NO_MARKET_DATA,
KR60123A1FB8,,NO_MARKET_DATA,
KR103502GA67,3.5947076407725453,CALCULATED,고민감
KR103502GA91,11.801034625558543,CALCULATED,고민감
KR103502GAC2,4.038299519778997,CALCULATED,고민감
KR103502GB33,17.121588885590796,CALCULATED,고민감
KR103502GB66,4.430607285755341,CALCULATED,고민감
KR103502GBC0,4.8099487698894015,CALCULATED,고민감
KR103502GC32,,NO_MARKET_DATA,
KR103502GC65,,NO_MARKET_DATA,
KR103502GC99,15.923718239423447,CALCULATED,고민감
KR103502GCC8,5.36636600837215,CALCULATED,고민감
KR103502GD31,15.914160700277783,CALCULATED,고민감
KR60044YCF44,,NO_MARKET_DATA,
KR60044YDF43,,NO_MARKET_DATA,
KR60092V1F89,,NO_MARKET_DATA,
KR60092W1F95,,NO_MARKET_DATA,
KR60092Z1F80,,NO_MARKET_DATA,
KR6009311E61,,NO_MARKET_DATA,
KR6009311FC7,,NO_MARKET_DATA,
KR6009311G36,,NO_MARKET_DATA,
KR60093G1F70,,NO_MARKET_DATA,
KR60103YTF92,,NO_MARKET_DATA,
KR2088022G18,,NO_MARKET_DATA,
KR6000017A38,,NO_MARKET_DATA,
KR6000017D43,,NO_MARKET_DATA,
KR6000017D84,,NO_MARKET_DATA,
KR6000017D92,,NO_MARKET_DATA,
KR6000017E83,,NO_MARKET_DATA,
KR6000017EA6,,NO_MARKET_DATA,
KR6000017EC2,,NO_MARKET_DATA,
KR6000017F41,,EXCLUDED_PERPETUAL,
KR6000017F58,,NO_MARKET_DATA,
KR6000017FA3,,NO_MARKET_DATA,
KR6004943F34,,NO_MARKET_DATA,
KR60112019A9,,NO_MARKET_DATA,
KR6011211F34,,NO_MARKET_DATA,
KR6011212F33,,NO_MARKET_DATA,
KR6011213F32,,NO_MARKET_DATA,
KR60112B1F95,,NO_MARKET_DATA,
KR60112C1F93,,NO_MARKET_DATA,
KR60112D1F91,,NO_MARKET_DATA,
KR60112E1F99,,NO_MARKET_DATA,
KR310206GD56,,NO_MARKET_DATA,
KR310206GD98,,NO_MARKET_DATA,
KR310206GE89,,NO_MARKET_DATA,
KR310213GEB9,,NO_MARKET_DATA,
KR310213GF97,,NO_MARKET_DATA,
KR310213GFA8,,NO_MARKET_DATA,
KR310213GFB6,,NO_MARKET_DATA,
KR310213GFC4,,NO_MARKET_DATA,
KR310213GG13,,NO_MARKET_DATA,
KR310213GG47,,NO_MARKET_DATA,
KR310213GG62,,NO_MARKET_DATA,
KR310213GG70,,NO_MARKET_DATA,
KR310214G6A8,,NO_MARKET_DATA,
KR310214GC99,,NO_MARKET_DATA,
KR103502GD64,5.884270108725088,CALCULATED,고민감
KR103502GD98,15.675042666188851,CALCULATED,고민감
KR103502GDC6,6.113510476054796,CALCULATED,고민감
KR103502GE30,16.21397776405482,CALCULATED,고민감
KR103502GE63,6.586832576700018,CALCULATED,고민감
KR103502GE97,17.011449667653398,CALCULATED,고민감
KR103502GEC4,,NO_MARKET_DATA,
KR103502GF39,17.345361197660928,CALCULATED,고민감
KR103502GF62,7.521300078001526,CALCULATED,고민감
KR103503GB99,12.123343988769763,CALCULATED,고민감
KR103505GC96,19.8580304196287,CALCULATED,고민감
KR2088022G26,,NO_MARKET_DATA,
KR2088022G34,,NO_MARKET_DATA,
KR2088022G42,,NO_MARKET_DATA,
KR350108GA47,,NO_MARKET_DATA,
KR350108GB79,,NO_MARKET_DATA,
KR350108GB87,,NO_MARKET_DATA,
KR350108GB95,,NO_MARKET_DATA,
KR350108GBA0,,NO_MARKET_DATA,
KR350108GBB8,,NO_MARKET_DATA,
KR353201GG66,,NO_MARKET_DATA,
KR350108GBC6,,NO_MARKET_DATA,
KR6004943F42,,NO_MARKET_DATA,
KR6004943F59,,NO_MARKET_DATA,
KR6004943F83,,NO_MARKET_DATA,
KR6004943F91,,NO_MARKET_DATA,
KR6004943FA6,,NO_MARKET_DATA,
KR6004943FB4,,NO_MARKET_DATA,
KR6004943FC2,,NO_MARKET_DATA,
KR6004943G25,,NO_MARKET_DATA,
KR6004943G33,,NO_MARKET_DATA,
KR310202D969,,NO_MARKET_DATA,
KR6004943G41,,NO_MARKET_DATA,
KR310206GE97,,NO_MARKET_DATA,
KR310206GEB3,,NO_MARKET_DATA,
KR310206GEC1,,NO_MARKET_DATA,
KR310206GF13,,NO_MARKET_DATA,
KR310206GF21,,NO_MARKET_DATA,
KR310206GF47,,NO_MARKET_DATA,
KR310206GF54,,NO_MARKET_DATA,
KR310206GF62,,NO_MARKET_DATA,
KR350705GC34,,NO_MARKET_DATA,
KR354401J672,,NO_MARKET_DATA,
KR350705GC42,,NO_MARKET_DATA,
KR350802GG57,,NO_MARKET_DATA,
KR350802GG65,,NO_MARKET_DATA,
KR350802GG73,,NO_MARKET_DATA,
KR3508037321,,NO_MARKET_DATA,
KR350803G398,,NO_MARKET_DATA,
KR350803G9B3,,NO_MARKET_DATA,
KR350803GD34,,NO_MARKET_DATA,
KR350803GD42,,NO_MARKET_DATA,
KR350803GD59,,NO_MARKET_DATA,
KR350803GD83,,NO_MARKET_DATA,
KR103502GF96,,NO_MARKET_DATA,
KR103502GFC1,,NO_MARKET_DATA,
KR103502GG38,1.48632178743774,CALCULATED,중간
KR103502GG61,9.158671387798972,CALCULATED,고민감
KR103502GG95,,NO_MARKET_DATA,
KR1035037T34,,NO_MARKET_DATA,
KR103503G691,,NO_MARKET_DATA,
KR103503G865,1.8150947190586748,CALCULATED,중간
KR103503G899,,NO_MARKET_DATA,
KR103503GA66,,NO_MARKET_DATA,
KR103503GA90,,NO_MARKET_DATA,
KR350108GC11,,NO_MARKET_DATA,
KR350108GC29,,NO_MARKET_DATA,
KR350108GC37,,NO_MARKET_DATA,
KR350108GE76,,NO_MARKET_DATA,
KR353201GE68,,NO_MARKET_DATA,
KR353201GEC0,,NO_MARKET_DATA,
KR353201GF26,,NO_MARKET_DATA,
KR353201GF67,,NO_MARKET_DATA,
KR353201GF91,,NO_MARKET_DATA,
KR353201GG33,,NO_MARKET_DATA,
KR60103YGF97,,NO_MARKET_DATA,
KR60103YHF96,,NO_MARKET_DATA,
KR60103YJF94,,NO_MARKET_DATA,
KR60103YKF91,,NO_MARKET_DATA,
KR60103YLF90,,NO_MARKET_DATA,
KR60103YMF99,,NO_MARKET_DATA,
KR60103YNF98,,NO_MARKET_DATA,
KR60103YPF96,,NO_MARKET_DATA,
KR60103YQF95,,NO_MARKET_DATA,
KR310202D985,,NO_MARKET_DATA,
KR350705GD33,,NO_MARKET_DATA,
KR350705GD41,,NO_MARKET_DATA,
KR350705GD90,,NO_MARKET_DATA,
KR350705GDA9,,NO_MARKET_DATA,
KR350705GE24,,NO_MARKET_DATA,
KR350705GE32,,NO_MARKET_DATA,
KR350705GE81,,NO_MARKET_DATA,
KR350705GE99,,NO_MARKET_DATA,
KR350705GEA7,,NO_MARKET_DATA,
KR354401J664,,NO_MARKET_DATA,
KR354402GG12,,NO_MARKET_DATA,
KR354402GG20,,NO_MARKET_DATA,
KR354402GG38,,NO_MARKET_DATA,
KR354402GG46,,NO_MARKET_DATA,
KR354402GG53,,NO_MARKET_DATA,
KR354402GG61,,NO_MARKET_DATA,
KR354402GG79,,NO_MARKET_DATA,
KR354402GG87,,NO_MARKET_DATA,
KR354402J357,,NO_MARKET_DATA,
KR354402J365,,NO_MARKET_DATA,
KR103503GC64,,NO_MARKET_DATA,
KR103503GE62,,NO_MARKET_DATA,
KR103503GE96,0.0824481680283026,CALCULATED,저민감
KR103503GF38,,NO_MARKET_DATA,
KR103503GF95,3.71672607478977,CALCULATED,고민감
KR103503GG37,4.059986815524868,CALCULATED,고민감
KR103503GG60,7.769969335375829,CALCULATED,고민감
KR103504GC97,11.63751840856476,CALCULATED,고민감
KR103504GD96,11.754004960277816,CALCULATED,고민감
KR103504GE95,,NO_MARKET_DATA,
KR103504GF94,13.522261386966674,CALCULATED,고민감
KR353401DF27,,NO_MARKET_DATA,
KR353401DF35,,NO_MARKET_DATA,
KR353401DF43,,NO_MARKET_DATA,
KR354408GE83,,NO_MARKET_DATA,
KR354408GE91,,NO_MARKET_DATA,
KR354408GEA4,,NO_MARKET_DATA,
KR354408GEB2,,NO_MARKET_DATA,
KR354408GEC0,,NO_MARKET_DATA,
KR354408GF17,,NO_MARKET_DATA,
KR354408GF25,,NO_MARKET_DATA,
KR310202D9A9,,NO_MARKET_DATA,
KR310202D9B7,,NO_MARKET_DATA,
KR310202DA15,,NO_MARKET_DATA,
KR310202DA98,,NO_MARKET_DATA,
KR310202DB89,,NO_MARKET_DATA,
KR310202DBA7,,NO_MARKET_DATA,
KR310202DC13,,NO_MARKET_DATA,
KR310202DC21,,NO_MARKET_DATA,
KR310202DC62,,NO_MARKET_DATA,
KR3507027331,,NO_MARKET_DATA,
KR350702G4A8,,NO_MARKET_DATA,
KR354401J680,,NO_MARKET_DATA,
KR354401J698,,NO_MARKET_DATA,
KR354401J6A6,,NO_MARKET_DATA,
KR354401J6B4,,NO_MARKET_DATA,
KR354401J6C2,,NO_MARKET_DATA,
KR354401J714,,NO_MARKET_DATA,
KR354401J722,,NO_MARKET_DATA,
KR354401J730,,NO_MARKET_DATA,
KR354414GD37,,NO_MARKET_DATA,
KR354414GD52,,NO_MARKET_DATA,
KR354416G643,,NO_MARKET_DATA,
KR354416G650,,NO_MARKET_DATA,
KR354416G668,,NO_MARKET_DATA,
KR354416G676,,NO_MARKET_DATA,
KR354416G684,,NO_MARKET_DATA,
KR354416G692,,NO_MARKET_DATA,
KR354416G6A2,,NO_MARKET_DATA,
KR354416G6B0,,NO_MARKET_DATA,
KR354416G6C8,,NO_MARKET_DATA,
KR354416G718,,NO_MARKET_DATA,
KR103505GE94,,NO_MARKET_DATA,
KR104301DE67,,NO_MARKET_DATA,
KR104301DE75,,NO_MARKET_DATA,
KR104301DE83,,NO_MARKET_DATA,
KR104301DE91,,NO_MARKET_DATA,
KR104301DEA1,,NO_MARKET_DATA,
KR104301DEB9,,NO_MARKET_DATA,
KR104301DF17,,NO_MARKET_DATA,
KR104301DF25,,NO_MARKET_DATA,
KR104301DF33,,NO_MARKET_DATA,
KR104301DF41,,NO_MARKET_DATA,
KR354408GF33,,NO_MARKET_DATA,
KR354408GF41,,NO_MARKET_DATA,
KR354408GF58,,NO_MARKET_DATA,
KR355201GG61,,NO_MARKET_DATA,
KR355202GF79,,NO_MARKET_DATA,
KR355501DDC0,,NO_MARKET_DATA,
KR355501DE30,,NO_MARKET_DATA,
KR355501DE55,,NO_MARKET_DATA,
KR355501DE71,,NO_MARKET_DATA,
KR355501DEA2,,NO_MARKET_DATA,
KR350702G4B6,,NO_MARKET_DATA,
KR350702G525,,NO_MARKET_DATA,
KR350702G558,,NO_MARKET_DATA,
KR350702G590,,NO_MARKET_DATA,
KR350702G5C1,,NO_MARKET_DATA,
KR350702G681,,NO_MARKET_DATA,
KR350702G6A3,,NO_MARKET_DATA,
KR350702G749,,NO_MARKET_DATA,
KR354301GG48,,NO_MARKET_DATA,
KR354301GG55,,NO_MARKET_DATA,
KR354414GD78,,NO_MARKET_DATA,
KR354414GD94,,NO_MARKET_DATA,
KR354414GDA4,,NO_MARKET_DATA,
KR354414GDB2,,NO_MARKET_DATA,
KR354414GE28,,NO_MARKET_DATA,
KR354414GE36,,NO_MARKET_DATA,
KR354414GE51,,NO_MARKET_DATA,
KR354414GE69,,NO_MARKET_DATA,
KR3561027284,,NO_MARKET_DATA,
KR35610272A3,,NO_MARKET_DATA,
KR356103GA80,,NO_MARKET_DATA,
KR356103GB14,,NO_MARKET_DATA,
KR356103GB22,,NO_MARKET_DATA,
KR356103GB55,,NO_MARKET_DATA,
KR356103GBA5,,NO_MARKET_DATA,
KR356103GC21,,NO_MARKET_DATA,
KR356103GC54,,NO_MARKET_DATA,
KR356103GD20,,NO_MARKET_DATA,
KR356103GD38,,NO_MARKET_DATA,
KR356103GD46,,NO_MARKET_DATA,
KR356103GD53,,NO_MARKET_DATA,
KR104301DF58,,NO_MARKET_DATA,
KR104301DF66,,NO_MARKET_DATA,
KR104301DF74,,NO_MARKET_DATA,
KR104301DF82,,NO_MARKET_DATA,
KR104301DF90,,NO_MARKET_DATA,
KR104301DFA8,,NO_MARKET_DATA,
KR104301DFB6,,NO_MARKET_DATA,
KR104301DG16,,NO_MARKET_DATA,
KR104301DG24,,NO_MARKET_DATA,
KR104301DG32,,NO_MARKET_DATA,
KR104301DG40,,NO_MARKET_DATA,
KR355501DF39,,NO_MARKET_DATA,
KR355501GEA5,,NO_MARKET_DATA,
KR355601DDB0,,NO_MARKET_DATA,
KR381004GF91,,NO_MARKET_DATA,
KR381004GFB3,,NO_MARKET_DATA,
KR381004GFC1,,NO_MARKET_DATA,
KR381004GG17,,NO_MARKET_DATA,
KR381004GG66,,NO_MARKET_DATA,
KR381004GG74,,NO_MARKET_DATA,
KR381005GD92,,NO_MARKET_DATA,
KR6004101G56,,NO_MARKET_DATA,
KR354301GG63,,NO_MARKET_DATA,
KR354301GG71,,NO_MARKET_DATA,
KR354302DCA0,,NO_MARKET_DATA,
KR354302G850,,NO_MARKET_DATA,
KR354302GD24,,NO_MARKET_DATA,
KR354302GE23,,NO_MARKET_DATA,
KR354302GE31,,NO_MARKET_DATA,
KR354302GE64,,NO_MARKET_DATA,
KR354302GE72,,NO_MARKET_DATA,
KR356005G543,,NO_MARKET_DATA,
KR356005G550,,NO_MARKET_DATA,
KR35610272B1,,NO_MARKET_DATA,
KR35610272C9,,NO_MARKET_DATA,
KR3561027318,,NO_MARKET_DATA,
KR3561027334,,NO_MARKET_DATA,
KR3561027342,,NO_MARKET_DATA,
KR356102DD81,,NO_MARKET_DATA,
KR356102DD99,,NO_MARKET_DATA,
KR356102DDB8,,NO_MARKET_DATA,
KR60000F1G27,,NO_MARKET_DATA,
KR60000F1G43,,NO_MARKET_DATA,
KR6000642F28,,NO_MARKET_DATA,
KR6000642G35,,NO_MARKET_DATA,
KR6000643F27,,NO_MARKET_DATA,
KR6000661AB7,,NO_MARKET_DATA,
KR6000661E41,,NO_MARKET_DATA,
KR6000661F16,,NO_MARKET_DATA,
KR6000662AB5,,NO_MARKET_DATA,
KR6000662D25,,NO_MARKET_DATA,
KR6000662E40,,NO_MARKET_DATA,
KR6005942F40,,NO_MARKET_DATA,
KR2001274A61,,NO_MARKET_DATA,
KR2001274AA9,,NO_MARKET_DATA,
KR2001274AC5,,NO_MARKET_DATA,
KR2001274B11,,NO_MARKET_DATA,
KR2001284A77,,NO_MARKET_DATA,
KR2001284A85,,NO_MARKET_DATA,
KR2001284AB6,,NO_MARKET_DATA,
KR2001294A34,,NO_MARKET_DATA,
KR2001294A59,,NO_MARKET_DATA,
KR2001304A99,,NO_MARKET_DATA,
KR2002012B81,,NO_MARKET_DATA,
KR60086F2FC4,,NO_MARKET_DATA,
KR381005GE34,,NO_MARKET_DATA,
KR381005GE42,,NO_MARKET_DATA,
KR381005GE59,,NO_MARKET_DATA,
KR381005GE67,,NO_MARKET_DATA,
KR60040CHF49,,NO_MARKET_DATA,
KR60040CJF47,,NO_MARKET_DATA,
KR60040CKF44,,NO_MARKET_DATA,
KR60040G1F55,,NO_MARKET_DATA,
KR6004101F57,,NO_MARKET_DATA,
KR354411GG29,,NO_MARKET_DATA,
KR354411GG37,,NO_MARKET_DATA,
KR354411GG45,,NO_MARKET_DATA,
KR354411GG52,,NO_MARKET_DATA,
KR354411GG60,,NO_MARKET_DATA,
KR354411GG78,,NO_MARKET_DATA,
KR35441270B0,,NO_MARKET_DATA,
KR35441271A0,,NO_MARKET_DATA,
KR3544127334,,NO_MARKET_DATA,
KR354412G857,,NO_MARKET_DATA,
KR6005274G13,,NO_MARKET_DATA,
KR60000F2F84,,NO_MARKET_DATA,
KR60000F2F92,,NO_MARKET_DATA,
KR60000L1EC4,,NO_MARKET_DATA,
KR60000WLEC7,,NO_MARKET_DATA,
KR60000WMEC5,,NO_MARKET_DATA,
KR60000WNEC3,,NO_MARKET_DATA,
KR60000WPEC8,,NO_MARKET_DATA,
KR60000WQEC6,,NO_MARKET_DATA,
KR6005273G14,,NO_MARKET_DATA,
KR6000662F15,,NO_MARKET_DATA,
KR6005941G32,,NO_MARKET_DATA,
KR6005941G65,,NO_MARKET_DATA,
KR6005941G73,,NO_MARKET_DATA,
KR6005942BA6,,NO_MARKET_DATA,
KR6005942C43,,NO_MARKET_DATA,
KR6005942C76,,NO_MARKET_DATA,
KR6005942D91,,NO_MARKET_DATA,
KR6005942E25,,NO_MARKET_DATA,
KR6005942EA0,,NO_MARKET_DATA,
KR2002012C56,,NO_MARKET_DATA,
KR2002012C72,,NO_MARKET_DATA,
KR2002012C80,,NO_MARKET_DATA,
KR2002012C98,,NO_MARKET_DATA,
KR2002012CA8,1.1829713027636215,CALCULATED,중간
KR2002012CB6,,NO_MARKET_DATA,
KR2002012CC4,,NO_MARKET_DATA,
KR2002012D14,,NO_MARKET_DATA,
KR2002012D22,,NO_MARKET_DATA,
KR2002012D30,,NO_MARKET_DATA,
KR2002012D48,,NO_MARKET_DATA,
KR6004101F81,,NO_MARKET_DATA,
KR6004101G49,,NO_MARKET_DATA,
KR6004141FC3,,NO_MARKET_DATA,
KR6004141G58,,NO_MARKET_DATA,
KR6008691EC6,,NO_MARKET_DATA,
KR6008691F54,,NO_MARKET_DATA,
KR6008691F96,,NO_MARKET_DATA,
KR6008691FA7,,NO_MARKET_DATA,
KR6008691FB5,,NO_MARKET_DATA,
KR6008692EA8,,NO_MARKET_DATA,
KR6008692F95,,NO_MARKET_DATA,
KR356005G584,,NO_MARKET_DATA,
KR356005G634,,NO_MARKET_DATA,
KR356005G683,,NO_MARKET_DATA,
KR356005G782,,NO_MARKET_DATA,
KR356005G790,,NO_MARKET_DATA,
KR356005GD45,,NO_MARKET_DATA,
KR356005GD86,,NO_MARKET_DATA,
KR356005GE28,,NO_MARKET_DATA,
KR356005GE85,,NO_MARKET_DATA,
KR6000017G65,,NO_MARKET_DATA,
KR6000017G73,,NO_MARKET_DATA,
KR6005274F63,,NO_MARKET_DATA,
KR6005281C42,,NO_MARKET_DATA,
KR6005281F23,,NO_MARKET_DATA,
KR6005281F49,,NO_MARKET_DATA,
KR6005281F80,,NO_MARKET_DATA,
KR6005281FA0,,NO_MARKET_DATA,
KR6005281FB8,,NO_MARKET_DATA,
KR6005281FC6,,NO_MARKET_DATA,
KR6005281G14,,NO_MARKET_DATA,
KR60112K1F96,,NO_MARKET_DATA,
KR60112L1F94,,NO_MARKET_DATA,
KR6005942F24,,NO_MARKET_DATA,
KR60123C1FA8,,NO_MARKET_DATA,
KR60123E1FA6,,NO_MARKET_DATA,
KR60123E2FA4,,NO_MARKET_DATA,
KR60123H1FC9,,NO_MARKET_DATA,
KR60123J1FA1,,NO_MARKET_DATA,
KR60123J1FB9,,NO_MARKET_DATA,
KR60123J2FA9,,NO_MARKET_DATA,
KR60123J2FB7,,NO_MARKET_DATA,
KR60123M1FA6,,NO_MARKET_DATA,
KR60123W1FB2,,NO_MARKET_DATA,
KR2002012D89,,NO_MARKET_DATA,
KR2002012DA6,,NO_MARKET_DATA,
KR2002012DB4,,NO_MARKET_DATA,
KR2002012EC0,,NO_MARKET_DATA,
KR2002012F12,,NO_MARKET_DATA,
KR2002012F20,,NO_MARKET_DATA,
KR2002022BA9,,NO_MARKET_DATA,
KR2002022BB7,,NO_MARKET_DATA,
KR2002022BC5,,NO_MARKET_DATA,
KR2002022C13,,NO_MARKET_DATA,
KR2002022C21,,NO_MARKET_DATA,
KR6008693F60,,NO_MARKET_DATA,
KR60086F1FC6,,NO_MARKET_DATA,
KR6008771E74,,NO_MARKET_DATA,
KR2099022FB2,,NO_MARKET_DATA,
KR2099022FC0,,NO_MARKET_DATA,
KR2099022G23,,NO_MARKET_DATA,
KR2099022G31,,NO_MARKET_DATA,
KR2099022G49,,NO_MARKET_DATA,
KR2099022G56,,NO_MARKET_DATA,
KR2099032F55,,NO_MARKET_DATA,
KR2099032G13,,NO_MARKET_DATA,
KR6000018699,,NO_MARKET_DATA,
KR6000018A37,,NO_MARKET_DATA,
KR6000018D59,,NO_MARKET_DATA,
KR6000018E25,,NO_MARKET_DATA,
KR6000018E82,,NO_MARKET_DATA,
KR6000018E90,,NO_MARKET_DATA,
KR6000018EB2,,NO_MARKET_DATA,
KR6000018F99,,NO_MARKET_DATA,
KR6000018FA1,,NO_MARKET_DATA,
KR6004943G58,,NO_MARKET_DATA,
KR6004943G66,,NO_MARKET_DATA,
KR60112M1F92,,NO_MARKET_DATA,
KR60112W1F91,,NO_MARKET_DATA,
KR6011301D86,,NO_MARKET_DATA,
KR6011301E69,,NO_MARKET_DATA,
KR6011301E77,,NO_MARKET_DATA,
KR6011301F35,,NO_MARKET_DATA,
KR6011331FB3,,EXCLUDED_OPTION,
KR60113A1FC8,,NO_MARKET_DATA,
KR60113B1G19,,NO_MARKET_DATA,
KR310204GD17,,NO_MARKET_DATA,
KR310204GD25,,NO_MARKET_DATA,
KR60123W1G55,,NO_MARKET_DATA,
KR310209GFB4,,NO_MARKET_DATA,
KR310209GFC2,,NO_MARKET_DATA,
KR310209GG19,,NO_MARKET_DATA,
KR310209GG27,,NO_MARKET_DATA,
KR310209GG35,,NO_MARKET_DATA,
KR310209GG43,,NO_MARKET_DATA,
KR310209GG50,,NO_MARKET_DATA,
KR310209GG68,,NO_MARKET_DATA,
KR310209GG76,,NO_MARKET_DATA,
KR310210G742,,NO_MARKET_DATA,
KR2002022C39,,NO_MARKET_DATA,
KR2002022C47,,NO_MARKET_DATA,
KR2002022C62,,NO_MARKET_DATA,
KR2002022D61,,NO_MARKET_DATA,
KR2002022D79,,NO_MARKET_DATA,
KR2002022D95,,NO_MARKET_DATA,
KR2002022DC1,,NO_MARKET_DATA,
KR2002022E11,,NO_MARKET_DATA,
KR2002022E29,,NO_MARKET_DATA,
KR2002022E37,,NO_MARKET_DATA,
KR2002022E45,,NO_MARKET_DATA,
KR2099032G62,,NO_MARKET_DATA,
KR2099032G70,4.769701678273115,CALCULATED,고민감
KR2099032G88,,EXCLUDED_UNSUPPORTED_TYPE,
KR350108GE84,,NO_MARKET_DATA,
KR350108GE92,,NO_MARKET_DATA,
KR350108GEA4,,NO_MARKET_DATA,
KR350108GEC0,,NO_MARKET_DATA,
KR350108GF18,,NO_MARKET_DATA,
KR350108GF26,,NO_MARKET_DATA,
KR350108GF34,,NO_MARKET_DATA,
KR350108GF42,,NO_MARKET_DATA,
KR6004944C69,,NO_MARKET_DATA,
KR6004944E59,,NO_MARKET_DATA,
KR6004944E75,,NO_MARKET_DATA,
KR6004944EA7,,NO_MARKET_DATA,
KR6004944EB5,,NO_MARKET_DATA,
KR6004944F33,,NO_MARKET_DATA,
KR6004944F41,,NO_MARKET_DATA,
KR6004944F58,,NO_MARKET_DATA,
KR6004944F74,,NO_MARKET_DATA,
KR60103YRF94,,NO_MARKET_DATA,
KR60103YSF93,,NO_MARKET_DATA,
KR310204GD58,,NO_MARKET_DATA,
KR6010953C23,,NO_MARKET_DATA,
KR6010953D63,,NO_MARKET_DATA,
KR6010953E13,,NO_MARKET_DATA,
KR6010953E96,,NO_MARKET_DATA,
KR6010953EB8,,NO_MARKET_DATA,
KR6010953F38,,NO_MARKET_DATA,
KR6010953F61,,NO_MARKET_DATA,
KR6010953FA7,,NO_MARKET_DATA,
KR6010954F37,,NO_MARKET_DATA,
KR350703GBA8,,NO_MARKET_DATA,
KR310210GC85,,NO_MARKET_DATA,
KR60119PAFA3,,NO_MARKET_DATA,
KR60119PBFA1,,NO_MARKET_DATA,
KR60119PCFA9,,NO_MARKET_DATA,
KR60119PDFA7,,NO_MARKET_DATA,
KR60119PEFA5,,NO_MARKET_DATA,
KR60119PFFA2,,NO_MARKET_DATA,
KR310206GF70,,NO_MARKET_DATA,
KR310206GF88,,NO_MARKET_DATA,
KR310206GF96,,NO_MARKET_DATA,
KR310206GFA2,,NO_MARKET_DATA,
KR104303DG22,,NO_MARKET_DATA,
KR104303DG30,,NO_MARKET_DATA,
KR104303DG48,,NO_MARKET_DATA,
KR104303DG55,,NO_MARKET_DATA,
KR104303DG63,,NO_MARKET_DATA,
KR104303DG71,,NO_MARKET_DATA,
KR104303DG89,,NO_MARKET_DATA,
KR104304DG47,,NO_MARKET_DATA,
KR104304DG54,,NO_MARKET_DATA,
KR104304DG62,,NO_MARKET_DATA,
KR104304DG70,,NO_MARKET_DATA,
KR350108GF59,,NO_MARKET_DATA,
KR350108GF67,,NO_MARKET_DATA,
KR350108GG17,,NO_MARKET_DATA,
KR353401DF50,,NO_MARKET_DATA,
KR353401DF84,,NO_MARKET_DATA,
KR353401DFA4,,NO_MARKET_DATA,
KR353401DG26,,NO_MARKET_DATA,
KR353401DG34,,NO_MARKET_DATA,
KR353401DG59,,NO_MARKET_DATA,
KR353401GF24,,NO_MARKET_DATA,
KR353401GF40,,NO_MARKET_DATA,
KR6004712G57,,NO_MARKET_DATA,
KR6004713G56,,NO_MARKET_DATA,
KR60047W1FA7,,NO_MARKET_DATA,
KR60047Y1F61,,NO_MARKET_DATA,
KR60047Z1F50,,NO_MARKET_DATA,
KR6004831F96,,NO_MARKET_DATA,
KR60048A1G19,,NO_MARKET_DATA,
KR60048L1F66,,NO_MARKET_DATA,
KR60099X1F80,,NO_MARKET_DATA,
KR60100M1F89,,NO_MARKET_DATA,
KR60100T1G26,,NO_MARKET_DATA,
KR3544019W48,,NO_MARKET_DATA,
KR310202GC44,,NO_MARKET_DATA,
KR310202GC93,,NO_MARKET_DATA,
KR310202GD35,,NO_MARKET_DATA,
KR310202GDC2,,NO_MARKET_DATA,
KR310202GE91,,NO_MARKET_DATA,
KR310202GEA4,,NO_MARKET_DATA,
KR310202GF25,,NO_MARKET_DATA,
KR310202GF33,,NO_MARKET_DATA,
KR310202GF41,,NO_MARKET_DATA,
KR310202GF58,,NO_MARKET_DATA,
KR310206GFB0,,NO_MARKET_DATA,
KR310206GG12,,NO_MARKET_DATA,
KR310206GG20,,NO_MARKET_DATA,
KR310206GG38,,NO_MARKET_DATA,
KR310206GG46,,NO_MARKET_DATA,
KR310206GG53,,NO_MARKET_DATA,
KR350801GC37,,NO_MARKET_DATA,
KR350801GC78,,NO_MARKET_DATA,
KR350801GC86,,NO_MARKET_DATA,
KR350801GD28,,NO_MARKET_DATA,
KR350801GD93,,NO_MARKET_DATA,
KR104304DG88,,NO_MARKET_DATA,
KR20010119A4,,NO_MARKET_DATA,
KR20010119C0,,NO_MARKET_DATA,
KR2001011A77,,NO_MARKET_DATA,
KR2001011B50,,NO_MARKET_DATA,
KR2001011B68,,NO_MARKET_DATA,
KR2001011BB1,,NO_MARKET_DATA,
KR2001011BC9,,NO_MARKET_DATA,
KR2001011DB7,,NO_MARKET_DATA,
KR2001011E99,,NO_MARKET_DATA,
KR2001011EC3,,NO_MARKET_DATA,
KR353401GF73,,NO_MARKET_DATA,
KR353401GF99,,NO_MARKET_DATA,
KR353401GFB5,,NO_MARKET_DATA,
KR354408GF66,,NO_MARKET_DATA,
KR354408GF74,,NO_MARKET_DATA,
KR354408GG24,,NO_MARKET_DATA,
KR354408GG32,,NO_MARKET_DATA,
KR355601DDC8,,NO_MARKET_DATA,
KR355601DE13,,NO_MARKET_DATA,
KR355601DE21,,NO_MARKET_DATA,
KR6010121F27,,NO_MARKET_DATA,
KR6010121FA1,,NO_MARKET_DATA,
KR6010122C11,,NO_MARKET_DATA,
KR6010122DA4,,NO_MARKET_DATA,
KR6010122EA2,,NO_MARKET_DATA,
KR6010122F26,,NO_MARKET_DATA,
KR2100012G88,,EXCLUDED_UNSUPPORTED_TYPE,
KR2101012B81,,NO_MARKET_DATA,
KR2101012B99,,NO_MARKET_DATA,
KR2101012BA0,,NO_MARKET_DATA,
KR310202GF66,,NO_MARKET_DATA,
KR350703GBB6,,NO_MARKET_DATA,
KR350703GBC4,,NO_MARKET_DATA,
KR350703GC36,,NO_MARKET_DATA,
KR350703GC44,,NO_MARKET_DATA,
KR350703GC69,,NO_MARKET_DATA,
KR350703GC77,,NO_MARKET_DATA,
KR350703GC93,,NO_MARKET_DATA,
KR350703GCB4,,NO_MARKET_DATA,
KR350703GD27,,NO_MARKET_DATA,
KR350703GD35,,NO_MARKET_DATA,
KR350801GDA6,,NO_MARKET_DATA,
KR350801GE27,,NO_MARKET_DATA,
KR350801GE35,,NO_MARKET_DATA,
KR350801GE43,,NO_MARKET_DATA,
KR350801GE50,,NO_MARKET_DATA,
KR354401JE12,,NO_MARKET_DATA,
KR354401JE20,,NO_MARKET_DATA,
KR354401JE38,,NO_MARKET_DATA,
KR354401JE46,,NO_MARKET_DATA,
KR354401JE53,,NO_MARKET_DATA,
KR2001011F31,,NO_MARKET_DATA,
KR2001011F49,,NO_MARKET_DATA,
KR2001011F72,,NO_MARKET_DATA,
KR2001011FA4,,NO_MARKET_DATA,
KR2001011FB2,,NO_MARKET_DATA,
KR2001011FC0,,NO_MARKET_DATA,
KR2001011G30,,NO_MARKET_DATA,
KR20010219B0,,NO_MARKET_DATA,
KR2001021AB2,,NO_MARKET_DATA,
KR2001021BB0,,NO_MARKET_DATA,
KR2001021BC8,,NO_MARKET_DATA,
KR355601DFB5,,NO_MARKET_DATA,
KR381005GFB0,,NO_MARKET_DATA,
KR355601DFC3,,NO_MARKET_DATA,
KR355601DG11,,NO_MARKET_DATA,
KR355601DG29,,NO_MARKET_DATA,
KR355601DG37,,NO_MARKET_DATA,
KR355601DG45,,NO_MARKET_DATA,
KR355601DG52,,NO_MARKET_DATA,
KR381005GE91,,NO_MARKET_DATA,
KR381005GEA5,,NO_MARKET_DATA,
KR2101012BB8,,NO_MARKET_DATA,
KR2101012BC6,,NO_MARKET_DATA,
KR2101012C15,,NO_MARKET_DATA,
KR2101012C23,,NO_MARKET_DATA,
KR2101012C31,,NO_MARKET_DATA,
KR2101012C49,,NO_MARKET_DATA,
KR2101012C56,,NO_MARKET_DATA,
KR350701G824,,NO_MARKET_DATA,
KR350701G832,,NO_MARKET_DATA,
KR350701G857,,NO_MARKET_DATA,
KR350701G865,,NO_MARKET_DATA,
KR3544019W30,,NO_MARKET_DATA,
KR3544019W71,,NO_MARKET_DATA,
KR3544019W89,,NO_MARKET_DATA,
KR3544019W97,,NO_MARKET_DATA,
KR3544019WA4,,NO_MARKET_DATA,
KR3544019WC0,,NO_MARKET_DATA,
KR354401G918,,NO_MARKET_DATA,
KR354401GB59,,NO_MARKET_DATA,
KR354401GD81,,NO_MARKET_DATA,
KR354413GE29,,NO_MARKET_DATA,
KR354401JE61,,NO_MARKET_DATA,
KR354401JE79,,NO_MARKET_DATA,
KR354401JE87,,NO_MARKET_DATA,
KR354401JE95,,NO_MARKET_DATA,
KR354401JEA3,,NO_MARKET_DATA,
KR354415GAC3,,NO_MARKET_DATA,
KR354415GB12,,NO_MARKET_DATA,
KR354415GB38,,NO_MARKET_DATA,
KR354415GB46,,NO_MARKET_DATA,
KR354415GB61,,NO_MARKET_DATA,
KR2001021EC2,,NO_MARKET_DATA,
KR2001021FC9,,NO_MARKET_DATA,
KR2001021G38,,NO_MARKET_DATA,
KR2001024984,,NO_MARKET_DATA,
KR2001024992,0.1360614970754481,CALCULATED,저민감
KR20010249A9,,NO_MARKET_DATA,
KR20010249B7,,NO_MARKET_DATA,
KR20010249C5,0.3780868002818809,CALCULATED,저민감
KR2001024A15,,NO_MARKET_DATA,
KR2001024B55,,NO_MARKET_DATA,
KR2001024B89,,NO_MARKET_DATA,
KR381005GEB3,,NO_MARKET_DATA,
KR381005GF82,,NO_MARKET_DATA,
KR381005GFC8,,NO_MARKET_DATA,
KR381005GG16,,NO_MARKET_DATA,
KR381005GG65,,NO_MARKET_DATA,
KR381005GG73,,NO_MARKET_DATA,
KR381006GDA5,,NO_MARKET_DATA,
KR381006GE33,,NO_MARKET_DATA,
KR6004142DA0,,NO_MARKET_DATA,
KR6004142E34,,NO_MARKET_DATA,
KR6004142F66,,NO_MARKET_DATA,
KR350701G873,,NO_MARKET_DATA,
KR350701G899,,NO_MARKET_DATA,
KR350701G8C6,,NO_MARKET_DATA,
KR350701G931,,NO_MARKET_DATA,
KR350701G956,,NO_MARKET_DATA,
KR350701G972,,NO_MARKET_DATA,
KR354201GC43,,NO_MARKET_DATA,
KR354201GD91,,NO_MARKET_DATA,
KR354201GEA3,,NO_MARKET_DATA,
KR354410GF62,,NO_MARKET_DATA,
KR354413GE37,,NO_MARKET_DATA,
KR354413GE52,,NO_MARKET_DATA,
KR354413GE60,,NO_MARKET_DATA,
KR354413GE86,,NO_MARKET_DATA,
KR354413GE94,,NO_MARKET_DATA,
KR354413GEA4,,NO_MARKET_DATA,
KR354413GEB2,,NO_MARKET_DATA,
KR354413GEC0,,NO_MARKET_DATA,
KR354413GF10,,NO_MARKET_DATA,
KR356101G8A3,,NO_MARKET_DATA,
KR354415GB79,,NO_MARKET_DATA,
KR354415GC29,,NO_MARKET_DATA,
KR354415GC37,,NO_MARKET_DATA,
KR354415GC45,,NO_MARKET_DATA,
KR354415GC52,,NO_MARKET_DATA,
KR356102GG85,,NO_MARKET_DATA,
KR356102J427,,NO_MARKET_DATA,
KR356102JE27,,NO_MARKET_DATA,
KR356102JE68,,NO_MARKET_DATA,
KR356102JE76,,NO_MARKET_DATA,
KR356102JFB0,,NO_MARKET_DATA,
KR2001024B97,,NO_MARKET_DATA,
KR2001024BA6,,NO_MARKET_DATA,
KR2001024C13,,NO_MARKET_DATA,
KR2001024C21,,NO_MARKET_DATA,
KR2001024C39,,NO_MARKET_DATA,
KR2001024C47,,NO_MARKET_DATA,
KR2001024C54,,NO_MARKET_DATA,
KR2001024C62,,NO_MARKET_DATA,
KR2001024C70,,NO_MARKET_DATA,
KR2001024C88,,NO_MARKET_DATA,
KR2001024D87,,NO_MARKET_DATA,
KR6004142G73,,NO_MARKET_DATA,
KR6004171E12,,NO_MARKET_DATA,
KR6004171EA7,,NO_MARKET_DATA,
KR6004171F11,,NO_MARKET_DATA,
KR6004171F60,,NO_MARKET_DATA,
KR6004172BA1,,NO_MARKET_DATA,
KR6004172D38,,NO_MARKET_DATA,
KR6004172E11,,NO_MARKET_DATA,
KR6008771F40,,NO_MARKET_DATA,
KR6008772F49,,NO_MARKET_DATA,
KR6008772G48,,NO_MARKET_DATA,
KR354201GEB1,,NO_MARKET_DATA,
KR354201GEC9,,NO_MARKET_DATA,
KR354201GFA0,,NO_MARKET_DATA,
KR354201GFB8,,NO_MARKET_DATA,
KR354201GFC6,,NO_MARKET_DATA,
KR354201GG72,,NO_MARKET_DATA,
KR354202G670,,NO_MARKET_DATA,
KR354410GF39,,NO_MARKET_DATA,
KR354410GF47,,NO_MARKET_DATA,
KR354410GF54,,NO_MARKET_DATA,
KR356101G953,,NO_MARKET_DATA,
KR356101G961,,NO_MARKET_DATA,
KR356101G987,,NO_MARKET_DATA,
KR356101GA25,,NO_MARKET_DATA,
KR356101GA33,,NO_MARKET_DATA,
KR356101GA74,,NO_MARKET_DATA,
KR356101GA90,,NO_MARKET_DATA,
KR356101GAC7,,NO_MARKET_DATA,
KR356101GB32,,NO_MARKET_DATA,
KR6000034E82,,NO_MARKET_DATA,
KR6000034E90,,NO_MARKET_DATA,
KR356102JG17,,NO_MARKET_DATA,
KR6000391FC8,,NO_MARKET_DATA,
KR60054V1F55,,NO_MARKET_DATA,
KR356102JG25,,NO_MARKET_DATA,
KR356102JG41,,NO_MARKET_DATA,
KR3561037192,,NO_MARKET_DATA,
KR3561037218,,NO_MARKET_DATA,
KR6000301D71,,NO_MARKET_DATA,
KR6000301EA4,,NO_MARKET_DATA,
KR6000371C36,,EXCLUDED_OPTION,
KR6000371C51,,NO_MARKET_DATA,
KR2001024C96,,NO_MARKET_DATA,
KR2001024CA4,,NO_MARKET_DATA,
KR2001024CB2,,NO_MARKET_DATA,
KR2001024CC0,,NO_MARKET_DATA,
KR2001024D12,,NO_MARKET_DATA,
KR2001024D20,,NO_MARKET_DATA,
KR2001024D38,,NO_MARKET_DATA,
KR2001024D46,,NO_MARKET_DATA,
KR2001024D53,,NO_MARKET_DATA,
KR2001024D61,,NO_MARKET_DATA,
KR2001024D79,,NO_MARKET_DATA,
KR6008773A43,,NO_MARKET_DATA,
KR6008773C41,,NO_MARKET_DATA,
KR354408GF82,,NO_MARKET_DATA,
KR354408GF90,,NO_MARKET_DATA,
KR354408GFA1,,NO_MARKET_DATA,
KR354408GFB9,,NO_MARKET_DATA,
KR354408GFC7,,NO_MARKET_DATA,
KR354408GG16,,NO_MARKET_DATA,
KR6008773E23,,NO_MARKET_DATA,
KR6008773F48,,NO_MARKET_DATA,
KR354410GF70,,NO_MARKET_DATA,
KR354410GF88,,NO_MARKET_DATA,
KR354410GF96,,NO_MARKET_DATA,
KR354410GFA7,,NO_MARKET_DATA,
KR354410GFB5,,NO_MARKET_DATA,
KR354410GFC3,,NO_MARKET_DATA,
KR356002GF87,,NO_MARKET_DATA,
KR356002GF95,,NO_MARKET_DATA,
KR356002GFA0,,NO_MARKET_DATA,
KR356002GFB8,,NO_MARKET_DATA,
KR356002GFC6,,NO_MARKET_DATA,
KR6004993E18,,NO_MARKET_DATA,
KR6000034EA1,,NO_MARKET_DATA,
KR6000034EC7,,NO_MARKET_DATA,
KR6000034F65,,NO_MARKET_DATA,
KR6000034F73,,NO_MARKET_DATA,
KR6000034FA8,,NO_MARKET_DATA,
KR6000034FB6,,NO_MARKET_DATA,
KR6000034G49,,NO_MARKET_DATA,
KR6000034G56,,NO_MARKET_DATA,
KR6000034G64,,NO_MARKET_DATA,
KR6004993B11,,NO_MARKET_DATA,
KR6000371C93,,EXCLUDED_OPTION,
KR6000371E83,,EXCLUDED_OPTION,
KR6000371F17,,NO_MARKET_DATA,
KR60003Y1EC6,,NO_MARKET_DATA,
KR6000401A57,,EXCLUDED_OPTION,
KR6000401BC4,,EXCLUDED_OPTION,
KR60054PFF64,,NO_MARKET_DATA,
KR60054PGF63,,NO_MARKET_DATA,
KR60054PHF62,,NO_MARKET_DATA,
KR60054PJF60,,NO_MARKET_DATA,
KR2001024D95,,NO_MARKET_DATA,
KR2001024DA2,,NO_MARKET_DATA,
KR2001024DB0,,NO_MARKET_DATA,
KR2001024DC8,,NO_MARKET_DATA,
KR2001024E11,,NO_MARKET_DATA,
KR2001024E29,,NO_MARKET_DATA,
KR2001024E37,,NO_MARKET_DATA,
KR2001024E45,,NO_MARKET_DATA,
KR2001024E52,,NO_MARKET_DATA,
KR2001024E60,4.693278198226047,CALCULATED,고민감
KR2001024E78,,NO_MARKET_DATA,
KR6008773G47,,NO_MARKET_DATA,
KR2099012C29,,NO_MARKET_DATA,
KR350109GC77,,NO_MARKET_DATA,
KR60087D1F79,,NO_MARKET_DATA,
KR60087H1F70,,NO_MARKET_DATA,
KR2088022G59,,NO_MARKET_DATA,
KR2088022G67,,NO_MARKET_DATA,
KR2088022G75,4.769701678273115,CALCULATED,고민감
KR2088022G83,,EXCLUDED_UNSUPPORTED_TYPE,
KR2099012B87,,NO_MARKET_DATA,
KR2099012B95,,NO_MARKET_DATA,
KR356002GG29,,NO_MARKET_DATA,
KR356002GG45,,NO_MARKET_DATA,
KR356002GG52,,NO_MARKET_DATA,
KR356002GG60,,NO_MARKET_DATA,
KR356002GG78,,NO_MARKET_DATA,
KR356002GG86,,NO_MARKET_DATA,
KR6000012G11,,NO_MARKET_DATA,
KR6000012G37,,NO_MARKET_DATA,
KR6000012G45,,NO_MARKET_DATA,
KR6000012G52,,NO_MARKET_DATA,
KR6000012G60,,NO_MARKET_DATA,
KR6004993C28,,NO_MARKET_DATA,
KR6004993FC7,,NO_MARKET_DATA,
KR6004993G32,,NO_MARKET_DATA,
KR6004994E17,,NO_MARKET_DATA,
KR6004994G31,,NO_MARKET_DATA,
KR6004995G30,,NO_MARKET_DATA,
KR6005031EC8,,NO_MARKET_DATA,
KR6005072G17,,NO_MARKET_DATA,
KR6005081882,,NO_MARKET_DATA,
KR6010961F95,,NO_MARKET_DATA,
KR60109G1F90,,NO_MARKET_DATA,
KR60054PKF67,,NO_MARKET_DATA,
KR60054S1F51,,NO_MARKET_DATA,
KR60054T1F59,,NO_MARKET_DATA,
KR60054Y1G74,,NO_MARKET_DATA,
KR60055E1F58,,NO_MARKET_DATA,
KR60119PGFA0,,NO_MARKET_DATA,
KR60119PHFA8,,NO_MARKET_DATA,
KR60119PJFA4,,NO_MARKET_DATA,
KR60119PKFA2,,NO_MARKET_DATA,
KR60119PLFA0,,NO_MARKET_DATA,
KR2001024E86,,NO_MARKET_DATA,
KR2001024E94,,NO_MARKET_DATA,
KR2001024EA0,,NO_MARKET_DATA,
KR2001024EB8,,NO_MARKET_DATA,
KR2001024EC6,,NO_MARKET_DATA,
KR2001024F10,,NO_MARKET_DATA,
KR2001024F28,5.322454749969851,CALCULATED,고민감
KR2001024F36,,NO_MARKET_DATA,
KR2001024F44,,NO_MARKET_DATA,
KR2001024F51,,NO_MARKET_DATA,
KR2001024F69,,NO_MARKET_DATA,
KR2099012BA4,,NO_MARKET_DATA,
KR2099012BB2,,NO_MARKET_DATA,
KR2099012C11,,NO_MARKET_DATA,
KR2099012C37,,NO_MARKET_DATA,
KR350108GG25,,NO_MARKET_DATA,
KR350108GG41,,NO_MARKET_DATA,
KR350108GG58,,NO_MARKET_DATA,
KR350108GG66,,NO_MARKET_DATA,
KR350109GB78,,NO_MARKET_DATA,
KR350109GB86,,NO_MARKET_DATA,
KR350109GBB6,,NO_MARKET_DATA,
KR6000012G78,,NO_MARKET_DATA,
KR6000012G86,,NO_MARKET_DATA,
KR6000013682,,NO_MARKET_DATA,
KR6000013781,,NO_MARKET_DATA,
KR6000013831,,NO_MARKET_DATA,
KR6000013D21,,NO_MARKET_DATA,
KR60048X1F46,,NO_MARKET_DATA,
KR60048X1G37,,NO_MARKET_DATA,
KR60048Y1F85,,NO_MARKET_DATA,
KR60048Y1FB2,,NO_MARKET_DATA,
KR6004911E17,,NO_MARKET_DATA,
KR60109H1F98,,NO_MARKET_DATA,
KR60109J1FA9,,NO_MARKET_DATA,
KR60109L1F90,,NO_MARKET_DATA,
KR60109P1F91,,NO_MARKET_DATA,
KR60109T1F93,,NO_MARKET_DATA,
KR60109V1F99,,NO_MARKET_DATA,
KR60109X1F95,,NO_MARKET_DATA,
KR60109Y1F93,,NO_MARKET_DATA,
KR60109Z1F90,,NO_MARKET_DATA,
KR310204GF64,,NO_MARKET_DATA,
KR310204GF72,,NO_MARKET_DATA,
KR60119PMFA8,,NO_MARKET_DATA,
KR60119PNFA6,,NO_MARKET_DATA,
KR60119PPFA1,,NO_MARKET_DATA,
KR60119PQFA9,,NO_MARKET_DATA,
KR60119PRFA7,,NO_MARKET_DATA,
KR310210GD19,,NO_MARKET_DATA,
KR310210GD43,,NO_MARKET_DATA,
KR310210GD84,,NO_MARKET_DATA,
KR310210GD92,,NO_MARKET_DATA,
KR310210GE83,,NO_MARKET_DATA,
KR310210GE91,,NO_MARKET_DATA,
KR2001024F77,,NO_MARKET_DATA,
KR2001024F85,,NO_MARKET_DATA,
KR2001024F93,,NO_MARKET_DATA,
KR2001024FA7,,NO_MARKET_DATA,
KR2001024FB5,5.956570551040946,CALCULATED,고민감
KR2001024FC3,,NO_MARKET_DATA,
KR2001024G19,,NO_MARKET_DATA,
KR2001024G27,,NO_MARKET_DATA,
KR2001024G35,,NO_MARKET_DATA,
KR2001024G43,,NO_MARKET_DATA,
KR2001024G50,,NO_MARKET_DATA,
KR350109GC44,,NO_MARKET_DATA,
KR350109GC51,,NO_MARKET_DATA,
KR350109GC69,,NO_MARKET_DATA,
KR353401GG72,,NO_MARKET_DATA,
KR353402GFB3,,NO_MARKET_DATA,
KR353601DC28,,NO_MARKET_DATA,
KR353601DD84,,NO_MARKET_DATA,
KR353601DD92,,NO_MARKET_DATA,
KR353601DDA4,,NO_MARKET_DATA,
KR353601DDB2,,NO_MARKET_DATA,
KR6004911FC9,,NO_MARKET_DATA,
KR6004941862,,NO_MARKET_DATA,
KR6004941946,,NO_MARKET_DATA,
KR60049419B7,,NO_MARKET_DATA,
KR6004941A31,,NO_MARKET_DATA,
KR6004941B63,,NO_MARKET_DATA,
KR6010122FA9,,NO_MARKET_DATA,
KR6010131F41,,NO_MARKET_DATA,
KR6010131F90,,NO_MARKET_DATA,
KR6010131FA0,,NO_MARKET_DATA,
KR310201D896,,NO_MARKET_DATA,
KR310204GF80,,NO_MARKET_DATA,
KR310204GF98,,NO_MARKET_DATA,
KR310204GFA7,,NO_MARKET_DATA,
KR310204GFB5,,NO_MARKET_DATA,
KR310204GFC3,,NO_MARKET_DATA,
KR310204GG14,,NO_MARKET_DATA,
KR310204GG22,,NO_MARKET_DATA,
KR310204GG30,,NO_MARKET_DATA,
KR310204GG48,,NO_MARKET_DATA,
KR350703GD43,,NO_MARKET_DATA,
KR350703GD50,,NO_MARKET_DATA,
KR310210GEA7,,NO_MARKET_DATA,
KR310210GEC3,,NO_MARKET_DATA,
KR310210GF66,,NO_MARKET_DATA,
KR310210GF74,,NO_MARKET_DATA,
KR310210GF82,,NO_MARKET_DATA,
KR350801GE76,,NO_MARKET_DATA,
KR350801GE84,,NO_MARKET_DATA,
KR350801GE92,,NO_MARKET_DATA,
KR350801GEA4,,NO_MARKET_DATA,
KR350801GEB2,,NO_MARKET_DATA,
KR350801GEC0,,NO_MARKET_DATA,
KR2001024G68,,NO_MARKET_DATA,
KR2001024G76,6.683380891741707,CALCULATED,고민감
KR2001024G84,,EXCLUDED_UNSUPPORTED_TYPE,
KR20010319B8,,NO_MARKET_DATA,
KR2001031BC7,,NO_MARKET_DATA,
KR2001031FC8,,NO_MARKET_DATA,
KR2001034A21,0.536068567468943,CALCULATED,중간
KR2001034B61,,NO_MARKET_DATA,
KR2001034BB3,,NO_MARKET_DATA,
KR2001034BC1,,NO_MARKET_DATA,
KR20010419B6,,NO_MARKET_DATA,
KR353601DDC0,,NO_MARKET_DATA,
KR353601DE18,,NO_MARKET_DATA,
KR353601DE26,,NO_MARKET_DATA,
KR354408GG40,,NO_MARKET_DATA,
KR354408GG57,,NO_MARKET_DATA,
KR354408GG65,,NO_MARKET_DATA,
KR354408GG73,,NO_MARKET_DATA,
KR35440970A8,,NO_MARKET_DATA,
KR3544097149,,NO_MARKET_DATA,
KR35440971B4,,NO_MARKET_DATA,
KR6010132F40,,NO_MARKET_DATA,
KR6010132F99,,NO_MARKET_DATA,
KR6010132FA8,,NO_MARKET_DATA,
KR6010133F98,,NO_MARKET_DATA,
KR6010141F98,,NO_MARKET_DATA,
KR6010142F97,,NO_MARKET_DATA,
KR6010171BA5,,NO_MARKET_DATA,
KR310201AG21,,NO_MARKET_DATA,
KR310201AG39,,NO_MARKET_DATA,
KR310201AG47,,NO_MARKET_DATA,
KR310201AG70,,NO_MARKET_DATA,
KR350703GD84,,NO_MARKET_DATA,
KR350703GDA4,,NO_MARKET_DATA,
KR350703GDB2,,NO_MARKET_DATA,
KR350703GE26,,NO_MARKET_DATA,
KR354401GDB9,,NO_MARKET_DATA,
KR354401GDC7,,NO_MARKET_DATA,
KR354401GE15,,NO_MARKET_DATA,
KR354401GE49,,NO_MARKET_DATA,
KR354401GE56,,NO_MARKET_DATA,
KR354401GE72,,NO_MARKET_DATA,
KR350801GF34,,NO_MARKET_DATA,
KR350801GF42,,NO_MARKET_DATA,
KR354415GD36,,NO_MARKET_DATA,
KR356103DBC8,,NO_MARKET_DATA,
KR350801GF59,,NO_MARKET_DATA,
KR350801GF67,,NO_MARKET_DATA,
KR354401JEB1,,NO_MARKET_DATA,
KR354401JEC9,,NO_MARKET_DATA,
KR354401JF11,,NO_MARKET_DATA,
KR354401JF29,,NO_MARKET_DATA,
KR2001041BC6,,NO_MARKET_DATA,
KR2001041FC7,,NO_MARKET_DATA,
KR2001044B44,,NO_MARKET_DATA,
KR2001051AB9,,NO_MARKET_DATA,
KR2001051BC5,,NO_MARKET_DATA,
KR2001051FC6,,NO_MARKET_DATA,
KR2001054B74,,NO_MARKET_DATA,
KR2001094B35,,NO_MARKET_DATA,
KR2001124B21,,NO_MARKET_DATA,
KR2001264A48,,NO_MARKET_DATA,
KR2002012B99,,NO_MARKET_DATA,
KR35440972C0,,NO_MARKET_DATA,
KR3544097339,,NO_MARKET_DATA,
KR3544097347,,NO_MARKET_DATA,
KR355601GE85,,NO_MARKET_DATA,
KR355601GFB8,,NO_MARKET_DATA,
KR355601GG26,,NO_MARKET_DATA,
KR355601GG34,,NO_MARKET_DATA,
KR355601GG59,,NO_MARKET_DATA,
KR355602DFC1,,NO_MARKET_DATA,
KR355602DG10,,NO_MARKET_DATA,
KR350701G980,,NO_MARKET_DATA,
KR350701GA48,,NO_MARKET_DATA,
KR350701GA63,,NO_MARKET_DATA,
KR350701GA71,,NO_MARKET_DATA,
KR350701GA97,,NO_MARKET_DATA,
KR350701GAB2,,NO_MARKET_DATA,
KR350701GAC0,,NO_MARKET_DATA,
KR350701GB39,,NO_MARKET_DATA,
KR350701GB62,,NO_MARKET_DATA,
KR350701GB88,,NO_MARKET_DATA,
KR354413GF93,,NO_MARKET_DATA,
KR354413GFC7,,NO_MARKET_DATA,
KR354401GE80,,NO_MARKET_DATA,
KR354401GE98,,NO_MARKET_DATA,
KR354401GEA9,,NO_MARKET_DATA,
KR354413GF28,,NO_MARKET_DATA,
KR354413GF36,,NO_MARKET_DATA,
KR354413GF44,,NO_MARKET_DATA,
KR354413GF51,,NO_MARKET_DATA,
KR354413GF69,,NO_MARKET_DATA,
KR354415GC60,,NO_MARKET_DATA,
KR354415GC78,,NO_MARKET_DATA,
KR354415GC86,,NO_MARKET_DATA,
KR354415GD10,,NO_MARKET_DATA,
KR354415GD28,,NO_MARKET_DATA,
KR354415GD44,,NO_MARKET_DATA,
KR354415GD51,,NO_MARKET_DATA,
KR354415GD77,,NO_MARKET_DATA,
KR354415GD85,,NO_MARKET_DATA,
KR3561037283,,NO_MARKET_DATA,
KR2004022C84,,NO_MARKET_DATA,
KR2004022CA5,,NO_MARKET_DATA,
KR2004022CB3,,NO_MARKET_DATA,
KR2004022CC1,,NO_MARKET_DATA,
KR2004022D18,,NO_MARKET_DATA,
KR2004022D26,,NO_MARKET_DATA,
KR2004022D59,,NO_MARKET_DATA,
KR2004022D67,,NO_MARKET_DATA,
KR2004022D75,,NO_MARKET_DATA,
KR2004022D83,,NO_MARKET_DATA,
KR2004022D91,,NO_MARKET_DATA,
KR355602GFB6,,NO_MARKET_DATA,
KR355603DFC9,,NO_MARKET_DATA,
KR355604DFC7,,NO_MARKET_DATA,
KR381006GF81,,NO_MARKET_DATA,
KR381006GFB8,,NO_MARKET_DATA,
KR381006GG15,,NO_MARKET_DATA,
KR381006GG64,,NO_MARKET_DATA,
KR381006GG72,,NO_MARKET_DATA,
KR381007GD58,,NO_MARKET_DATA,
KR381007GD82,,NO_MARKET_DATA,
KR381007GD90,,NO_MARKET_DATA,
KR354202G6A0,,NO_MARKET_DATA,
KR354202G720,,NO_MARKET_DATA,
KR354202G761,,NO_MARKET_DATA,
KR354202G795,,NO_MARKET_DATA,
KR354202G7B6,,NO_MARKET_DATA,
KR354202G845,,NO_MARKET_DATA,
KR354202G894,,NO_MARKET_DATA,
KR354202G936,,NO_MARKET_DATA,
KR3544117335,,NO_MARKET_DATA,
KR354411G7A5,,NO_MARKET_DATA,
KR354413GF77,,NO_MARKET_DATA,
KR354413GF85,,NO_MARKET_DATA,
KR356101GDB3,,NO_MARKET_DATA,
KR354413GG19,,NO_MARKET_DATA,
KR356101GB99,,NO_MARKET_DATA,
KR356101GC15,,NO_MARKET_DATA,
KR356101GD14,,NO_MARKET_DATA,
KR356101GD30,,NO_MARKET_DATA,
KR356101GD48,,NO_MARKET_DATA,
KR356101GD55,,NO_MARKET_DATA,
KR356101GD71,,NO_MARKET_DATA,
KR3561037291,,NO_MARKET_DATA,
KR3561037WB2,,NO_MARKET_DATA,
KR356103DB82,,NO_MARKET_DATA,
KR356103DB90,,NO_MARKET_DATA,
KR356103DBA2,,NO_MARKET_DATA,
KR356103DBB0,,NO_MARKET_DATA,
KR356103DC16,,NO_MARKET_DATA,
KR356103DC24,,NO_MARKET_DATA,
KR6000401C97,,EXCLUDED_OPTION,
KR6000401D62,,NO_MARKET_DATA,
KR6000401D70,,EXCLUDED_OPTION,
KR2004022DA3,,NO_MARKET_DATA,
KR2004022DC9,,NO_MARKET_DATA,
KR2004022E17,,NO_MARKET_DATA,
KR2004022E25,,NO_MARKET_DATA,
KR2004022E33,,NO_MARKET_DATA,
KR2004022E41,,NO_MARKET_DATA,
KR2004022E58,,NO_MARKET_DATA,
KR2004022E66,,NO_MARKET_DATA,
KR2004022E74,,NO_MARKET_DATA,
KR2004022E82,,NO_MARKET_DATA,
KR2004022E90,,NO_MARKET_DATA,
KR381007GFB6,,NO_MARKET_DATA,
KR381007GG14,,NO_MARKET_DATA,
KR381007GG63,,NO_MARKET_DATA,
KR6004172EA5,,NO_MARKET_DATA,
KR6004172F10,,NO_MARKET_DATA,
KR6004172F69,,NO_MARKET_DATA,
KR6004172G19,,NO_MARKET_DATA,
KR6004172G68,,NO_MARKET_DATA,
KR6004173A30,,NO_MARKET_DATA,
KR6004173D60,,NO_MARKET_DATA,
KR6004173G18,,NO_MARKET_DATA,
KR354202G944,,NO_MARKET_DATA,
KR354202G9B2,,NO_MARKET_DATA,
KR354410GG12,,NO_MARKET_DATA,
KR354410GG20,,NO_MARKET_DATA,
KR354410GG38,,NO_MARKET_DATA,
KR354410GG46,,NO_MARKET_DATA,
KR354410GG53,,NO_MARKET_DATA,
KR354410GG61,,NO_MARKET_DATA,
KR354410GG79,,NO_MARKET_DATA,
KR35441170C0,,NO_MARKET_DATA,
KR356101GD89,,NO_MARKET_DATA,
KR356101GD97,,NO_MARKET_DATA,
KR356101GDA5,,NO_MARKET_DATA,
KR6000034G72,,NO_MARKET_DATA,
KR6000035C91,,NO_MARKET_DATA,
KR6000035E81,,NO_MARKET_DATA,
KR6000035E99,,NO_MARKET_DATA,
KR6000035EA8,,NO_MARKET_DATA,
KR6000035F49,,NO_MARKET_DATA,
KR6000035F64,,NO_MARKET_DATA,
KR6000035F72,,NO_MARKET_DATA,
KR6000401DC0,,EXCLUDED_OPTION,
KR6000401E20,,NO_MARKET_DATA,
KR6000401E61,,EXCLUDED_OPTION,
KR6000401E87,,NO_MARKET_DATA,
KR6000401EB0,,EXCLUDED_OPTION,
KR6000402BC2,,NO_MARKET_DATA,
KR6000402D79,,NO_MARKET_DATA,
KR6000491E96,,NO_MARKET_DATA,
KR60055K1F71,,NO_MARKET_DATA,
KR60055K1G62,,NO_MARKET_DATA,
KR60055K2F70,,NO_MARKET_DATA,
KR2004022EA1,,NO_MARKET_DATA,
KR2004022EC7,,NO_MARKET_DATA,
KR2004022F32,,NO_MARKET_DATA,
KR2004022F40,,NO_MARKET_DATA,
KR2004022F57,,NO_MARKET_DATA,
KR2004022F65,,NO_MARKET_DATA,
KR2004022F73,,NO_MARKET_DATA,
KR2004022F81,,NO_MARKET_DATA,
KR2004022F99,,NO_MARKET_DATA,
KR2004022FA8,,NO_MARKET_DATA,
KR20041111C0,,NO_MARKET_DATA,
KR6004173G67,,NO_MARKET_DATA,
KR60041B1F47,,NO_MARKET_DATA,
KR60041F1G70,,NO_MARKET_DATA,
KR60087Z1F72,,NO_MARKET_DATA,
KR6008831F22,,NO_MARKET_DATA,
KR6008831FA9,,NO_MARKET_DATA,
KR6008831G39,,NO_MARKET_DATA,
KR60088D1F77,,NO_MARKET_DATA,
KR60088V1F95,,NO_MARKET_DATA,
KR6008971D32,,NO_MARKET_DATA,
KR6008996K34,,NO_MARKET_DATA,
KR356002JG34,,NO_MARKET_DATA,
KR3560037144,,NO_MARKET_DATA,
KR3560037185,,NO_MARKET_DATA,
KR3560037219,,NO_MARKET_DATA,
KR356003G464,,NO_MARKET_DATA,
KR356003G498,,NO_MARKET_DATA,
KR356003G4C7,,NO_MARKET_DATA,
KR356003G522,,NO_MARKET_DATA,
KR356003G530,,NO_MARKET_DATA,
KR356003G5A8,,NO_MARKET_DATA,
KR6000013D54,,NO_MARKET_DATA,
KR6000035FA5,,NO_MARKET_DATA,
KR6000035G48,,NO_MARKET_DATA,
KR6000035G71,,NO_MARKET_DATA,
KR350703GE34,,NO_MARKET_DATA,
KR350703GE83,,NO_MARKET_DATA,
KR350703GE91,,NO_MARKET_DATA,
KR350703GEA2,,NO_MARKET_DATA,
KR350703GEB0,,NO_MARKET_DATA,
KR354401GDA1,,NO_MARKET_DATA,
KR6005081F41,,NO_MARKET_DATA,
KR60050829A5,,NO_MARKET_DATA,
KR60055K2G61,,NO_MARKET_DATA,
KR60055T1F56,,NO_MARKET_DATA,
KR60055V1F52,,NO_MARKET_DATA,
KR60055Y1F56,,NO_MARKET_DATA,
KR60055Y2F55,,NO_MARKET_DATA,
KR60055Z1F53,,NO_MARKET_DATA,
KR354401JF37,,NO_MARKET_DATA,
KR354401JF45,,NO_MARKET_DATA,
KR354401JF52,,NO_MARKET_DATA,
KR354401JF60,,NO_MARKET_DATA,
KR2004022FB6,,NO_MARKET_DATA,
KR2004022FC4,,NO_MARKET_DATA,
KR2004022G15,,NO_MARKET_DATA,
KR2004022G23,,NO_MARKET_DATA,
KR2004022G31,,NO_MARKET_DATA,
KR2004022G49,,NO_MARKET_DATA,
KR2004022G56,,NO_MARKET_DATA,
KR2004022G64,,NO_MARKET_DATA,
KR2004022G72,4.769701678273115,CALCULATED,고민감
KR2004022G80,,EXCLUDED_UNSUPPORTED_TYPE,
KR20040312C5,,NO_MARKET_DATA,
KR6008996K67,,NO_MARKET_DATA,
KR600899QK36,,NO_MARKET_DATA,
KR60090G1F92,,NO_MARKET_DATA,
KR2100012C58,,NO_MARKET_DATA,
KR2100012C66,,NO_MARKET_DATA,
KR2100012C74,,NO_MARKET_DATA,
KR2100012C82,,NO_MARKET_DATA,
KR2100012C90,,NO_MARKET_DATA,
KR2100012CA9,,NO_MARKET_DATA,
KR2100012CB7,,NO_MARKET_DATA,
KR2100012CC5,,NO_MARKET_DATA,
KR310201D8A2,,NO_MARKET_DATA,
KR310201D8C8,,NO_MARKET_DATA,
KR310201D938,,NO_MARKET_DATA,
KR310201D953,,NO_MARKET_DATA,
KR310201D979,,NO_MARKET_DATA,
KR310201D987,,NO_MARKET_DATA,
KR6000013F60,,NO_MARKET_DATA,
KR6000013F78,,NO_MARKET_DATA,
KR6000013F86,,NO_MARKET_DATA,
KR6000013F94,,NO_MARKET_DATA,
KR6000013FA2,,NO_MARKET_DATA,
KR6005082D34,,NO_MARKET_DATA,
KR6005082E66,,NO_MARKET_DATA,
KR6005082F40,,NO_MARKET_DATA,
KR6005083912,,NO_MARKET_DATA,
KR6005083A28,,NO_MARKET_DATA,
KR6005083B35,,NO_MARKET_DATA,
KR6005083E65,,NO_MARKET_DATA,
KR6005084A27,,NO_MARKET_DATA,
KR6011001G52,,NO_MARKET_DATA,
KR6011002FB0,,NO_MARKET_DATA,
KR6011041FC6,,NO_MARKET_DATA,
KR354401JF78,,NO_MARKET_DATA,
KR354401JF86,,NO_MARKET_DATA,
KR6005612E57,,NO_MARKET_DATA,
KR60119PSFA5,,NO_MARKET_DATA,
KR60119PTFA3,,NO_MARKET_DATA,
KR60119PVFA9,,NO_MARKET_DATA,
KR60119PWFA7,,NO_MARKET_DATA,
KR60119PXFA5,,NO_MARKET_DATA,
KR60119R1FA7,,NO_MARKET_DATA,
KR60119R2FA5,,NO_MARKET_DATA,
KR60119S1FA6,,NO_MARKET_DATA,
KR2002022E52,,NO_MARKET_DATA,
KR2002022E60,,NO_MARKET_DATA,
KR2002022E78,,NO_MARKET_DATA,
KR2002022E86,,NO_MARKET_DATA,
KR2002022E94,,NO_MARKET_DATA,
KR2002022EA3,,NO_MARKET_DATA,
KR2002022EB1,,NO_MARKET_DATA,
KR2002022F36,,NO_MARKET_DATA,
KR2002022F44,,NO_MARKET_DATA,
KR2002022F51,,NO_MARKET_DATA,
KR2002022F69,,NO_MARKET_DATA,
KR2100012D16,,NO_MARKET_DATA,
KR350109GG24,,NO_MARKET_DATA,
KR3544097T71,,NO_MARKET_DATA,
KR2100012D24,,NO_MARKET_DATA,
KR350109GC85,,NO_MARKET_DATA,
KR350109GEA2,,NO_MARKET_DATA,
KR350109GEC8,,NO_MARKET_DATA,
KR350109GF17,,NO_MARKET_DATA,
KR350109GF25,,NO_MARKET_DATA,
KR350109GF33,,NO_MARKET_DATA,
KR350109GF41,,NO_MARKET_DATA,
KR6000013FB0,,NO_MARKET_DATA,
KR6000013FC8,,NO_MARKET_DATA,
KR6000013G51,,NO_MARKET_DATA,
KR6000013G69,,NO_MARKET_DATA,
KR6000013G77,,NO_MARKET_DATA,
KR6004941B71,,NO_MARKET_DATA,
KR6004941E60,,NO_MARKET_DATA,
KR6004941E78,,NO_MARKET_DATA,
KR6004941E86,,NO_MARKET_DATA,
KR6004941E94,,NO_MARKET_DATA,
KR6004941EA3,,NO_MARKET_DATA,
KR6011071E26,,NO_MARKET_DATA,
KR6011072818,,NO_MARKET_DATA,
KR6011072A52,,NO_MARKET_DATA,
KR6011072E25,,NO_MARKET_DATA,
KR6011073A85,,NO_MARKET_DATA,
KR6011073D25,,NO_MARKET_DATA,
KR6011081D82,,NO_MARKET_DATA,
KR60110A1F91,,NO_MARKET_DATA,
KR310202GG65,,NO_MARKET_DATA,
KR310202GG73,,NO_MARKET_DATA,
KR310202GG81,,NO_MARKET_DATA,
KR60120C1FC7,,NO_MARKET_DATA,
KR60120C1G61,,NO_MARKET_DATA,
KR60120D1FC6,,NO_MARKET_DATA,
KR310207GEB1,,NO_MARKET_DATA,
KR310207GEC9,,NO_MARKET_DATA,
KR350801GF91,,NO_MARKET_DATA,
KR354401JFC6,,NO_MARKET_DATA,
KR310207GF12,,NO_MARKET_DATA,
KR310207GF46,,NO_MARKET_DATA,
KR310207GF53,,NO_MARKET_DATA,
KR310207GF61,,NO_MARKET_DATA,
KR2002022F77,,NO_MARKET_DATA,
KR2002022F85,,NO_MARKET_DATA,
KR2002022F93,,NO_MARKET_DATA,
KR2002022FA0,,NO_MARKET_DATA,
KR2002022FB8,,NO_MARKET_DATA,
KR2002022FC6,,NO_MARKET_DATA,
KR2002022G19,,NO_MARKET_DATA,
KR2002022G27,,NO_MARKET_DATA,
KR2002022G35,,NO_MARKET_DATA,
KR2002022G43,,NO_MARKET_DATA,
KR2003012D12,,NO_MARKET_DATA,
KR350109GF58,,NO_MARKET_DATA,
KR350109GF66,,NO_MARKET_DATA,
KR350109GG16,,NO_MARKET_DATA,
KR353601DE34,,NO_MARKET_DATA,
KR353601DE42,,NO_MARKET_DATA,
KR353601DE59,,NO_MARKET_DATA,
KR353601DE67,,NO_MARKET_DATA,
KR353601DE75,,NO_MARKET_DATA,
KR353601DE83,,NO_MARKET_DATA,
KR353601DE91,,NO_MARKET_DATA,
KR6004941EB1,,NO_MARKET_DATA,
KR6004941EC9,,NO_MARKET_DATA,
KR6004941F28,,NO_MARKET_DATA,
KR6004941F36,,NO_MARKET_DATA,
KR6004941F44,,NO_MARKET_DATA,
KR6010171DB9,,NO_MARKET_DATA,
KR60101A8F93,,NO_MARKET_DATA,
KR60101A9F92,,NO_MARKET_DATA,
KR60101AAF93,,NO_MARKET_DATA,
KR2101012D97,,NO_MARKET_DATA,
KR2101012DA6,,NO_MARKET_DATA,
KR310202J610,,NO_MARKET_DATA,
KR350703GF58,,NO_MARKET_DATA,
KR354401GFB4,,NO_MARKET_DATA,
KR310202J628,,NO_MARKET_DATA,
KR310202J677,,NO_MARKET_DATA,
KR310202J685,,NO_MARKET_DATA,
KR310202J6A9,,NO_MARKET_DATA,
KR310202J6B7,,NO_MARKET_DATA,
KR310203AFB0,,NO_MARKET_DATA,
KR310203AG29,,NO_MARKET_DATA,
KR350703GEC8,,NO_MARKET_DATA,
KR310207GF79,,NO_MARKET_DATA,
KR310207GF87,,NO_MARKET_DATA,
KR310207GF95,,NO_MARKET_DATA,
KR310207GFA0,,NO_MARKET_DATA,
KR310207GFB8,,NO_MARKET_DATA,
KR350801GF75,,NO_MARKET_DATA,
KR350801GF83,,NO_MARKET_DATA,
KR350801GFA1,,NO_MARKET_DATA,
KR350801GFB9,,NO_MARKET_DATA,
KR350801GFC7,,NO_MARKET_DATA,
KR350801GG33,,NO_MARKET_DATA,
KR2002022G50,,NO_MARKET_DATA,
KR2002022G68,,NO_MARKET_DATA,
KR2002022G76,4.769701678273115,CALCULATED,고민감
KR2002022G84,,EXCLUDED_UNSUPPORTED_TYPE,
KR2002032D51,,NO_MARKET_DATA,
KR2003011EC1,,NO_MARKET_DATA,
KR2003011F86,,NO_MARKET_DATA,
KR2003011F94,,NO_MARKET_DATA,
KR2003011FB0,,NO_MARKET_DATA,
KR2003012B89,,NO_MARKET_DATA,
KR2003012B97,,NO_MARKET_DATA,
KR353601DEB0,,NO_MARKET_DATA,
KR353601DEC8,,NO_MARKET_DATA,
KR353601DF17,,NO_MARKET_DATA,
KR3544097T89,,NO_MARKET_DATA,
KR354409G424,,NO_MARKET_DATA,
KR354409G481,,NO_MARKET_DATA,
KR355701DF11,,NO_MARKET_DATA,
KR355701DG77,,NO_MARKET_DATA,
KR355701GF75,,NO_MARKET_DATA,
KR355701GG66,,NO_MARKET_DATA,
KR60101ABF92,,NO_MARKET_DATA,
KR60101ACF91,,NO_MARKET_DATA,
KR60101ADF90,,NO_MARKET_DATA,
KR60101AEF99,,NO_MARKET_DATA,
KR60101AFF98,,NO_MARKET_DATA,
KR60101AGF97,,NO_MARKET_DATA,
KR2101012D55,,NO_MARKET_DATA,
KR2101012D63,,NO_MARKET_DATA,
KR2101012D71,,NO_MARKET_DATA,
KR2101012D89,,NO_MARKET_DATA,
KR350703GF25,,NO_MARKET_DATA,
KR350703GF33,,NO_MARKET_DATA,
KR350703GF41,,NO_MARKET_DATA,
KR350703GF66,,NO_MARKET_DATA,
KR350703GF74,,NO_MARKET_DATA,
KR350703GF90,,NO_MARKET_DATA,
KR350703GFA9,,NO_MARKET_DATA,
KR350703GFB7,,NO_MARKET_DATA,
KR350703GG24,,NO_MARKET_DATA,
KR354401GF30,,NO_MARKET_DATA,
KR354401GF55,,NO_MARKET_DATA,
KR350801GG41,,NO_MARKET_DATA,
KR350801GG58,,NO_MARKET_DATA,
KR350801GG66,,NO_MARKET_DATA,
KR350801GG74,,NO_MARKET_DATA,
KR354401JF94,,NO_MARKET_DATA,
KR354401JFA0,,NO_MARKET_DATA,
KR354401JFB8,,NO_MARKET_DATA,
KR354401JG10,,NO_MARKET_DATA,
KR354401JG28,,NO_MARKET_DATA,
KR354401JG36,,NO_MARKET_DATA,
KR2003012D20,,NO_MARKET_DATA,
KR2003012D38,,NO_MARKET_DATA,
KR2003012D61,,NO_MARKET_DATA,
KR2003012D95,,NO_MARKET_DATA,
KR2003012DA5,,NO_MARKET_DATA,
KR2003012F10,,NO_MARKET_DATA,
KR2003022BA8,,NO_MARKET_DATA,
KR2003022BB6,,NO_MARKET_DATA,
KR2003022BC4,,NO_MARKET_DATA,
KR2003022C11,,NO_MARKET_DATA,
KR2003022C29,,NO_MARKET_DATA,
KR355701GG74,,NO_MARKET_DATA,
KR355901G3A8,,NO_MARKET_DATA,
KR355901G452,,NO_MARKET_DATA,
KR355901G4B4,,NO_MARKET_DATA,
KR355901G4C2,,NO_MARKET_DATA,
KR355901G5C9,,NO_MARKET_DATA,
KR381007GG71,,NO_MARKET_DATA,
KR381008GE98,,NO_MARKET_DATA,
KR381008GFB4,,NO_MARKET_DATA,
KR381008GG70,,NO_MARKET_DATA,
KR2101012DB4,,NO_MARKET_DATA,
KR2101012DC2,,NO_MARKET_DATA,
KR2101012E13,,NO_MARKET_DATA,
KR2101012E21,,NO_MARKET_DATA,
KR2101012E39,,NO_MARKET_DATA,
KR350701GB96,,NO_MARKET_DATA,
KR350701GBB0,,NO_MARKET_DATA,
KR350701GC12,,NO_MARKET_DATA,
KR350701GC20,,NO_MARKET_DATA,
KR350701GC38,,NO_MARKET_DATA,
KR350701GC46,,NO_MARKET_DATA,
KR354401GF63,,NO_MARKET_DATA,
KR354401GF97,,NO_MARKET_DATA,
KR354401GFA6,,NO_MARKET_DATA,
KR354401GFC2,,NO_MARKET_DATA,
KR354401GG13,,NO_MARKET_DATA,
KR354401GG21,,NO_MARKET_DATA,
KR354401GG39,,NO_MARKET_DATA,
KR354413GG27,,NO_MARKET_DATA,
KR354413GG35,,NO_MARKET_DATA,
KR354413GG43,,NO_MARKET_DATA,
KR354401JG44,,NO_MARKET_DATA,
KR354401JG51,,NO_MARKET_DATA,
KR354401JG69,,NO_MARKET_DATA,
KR354415GD93,,NO_MARKET_DATA,
KR354415GDA1,,NO_MARKET_DATA,
KR354415GDB9,,NO_MARKET_DATA,
KR354415GE19,,NO_MARKET_DATA,
KR354415GE27,,NO_MARKET_DATA,
KR354415GE35,,NO_MARKET_DATA,
KR354415GE50,,NO_MARKET_DATA,
KR2003022C37,,NO_MARKET_DATA,
KR2003022C45,,NO_MARKET_DATA,
KR2003022C52,,NO_MARKET_DATA,
KR2003022C60,,NO_MARKET_DATA,
KR2003022C78,,NO_MARKET_DATA,
KR2003022C86,,NO_MARKET_DATA,
KR2003022C94,,NO_MARKET_DATA,
KR2003022CA6,,NO_MARKET_DATA,
KR2003022CB4,,NO_MARKET_DATA,
KR2003022CC2,,NO_MARKET_DATA,
KR2003022D44,,NO_MARKET_DATA,
KR381009GE97,,NO_MARKET_DATA,
KR381009GFB2,,NO_MARKET_DATA,
KR60041W1F76,,NO_MARKET_DATA,
KR60091J1FA9,,NO_MARKET_DATA,
KR381009GG79,,NO_MARKET_DATA,
KR381010GD95,,NO_MARKET_DATA,
KR381010GFB0,,NO_MARKET_DATA,
KR381011GD94,,NO_MARKET_DATA,
KR381011GFB8,,NO_MARKET_DATA,
KR60041G1F87,,NO_MARKET_DATA,
KR60041G1G60,,NO_MARKET_DATA,
KR350701GC61,,NO_MARKET_DATA,
KR350701GC79,,NO_MARKET_DATA,
KR350701GC87,,NO_MARKET_DATA,
KR350701GC95,,NO_MARKET_DATA,
KR350701GD29,,NO_MARKET_DATA,
KR354202GA36,,NO_MARKET_DATA,
KR354202GC26,,NO_MARKET_DATA,
KR354202GC67,,NO_MARKET_DATA,
KR354202GC75,,NO_MARKET_DATA,
KR354202GD17,,NO_MARKET_DATA,
KR354413GG50,,NO_MARKET_DATA,
KR354413GG68,,NO_MARKET_DATA,
KR354413GG76,,NO_MARKET_DATA,
KR354414G689,,NO_MARKET_DATA,
KR354414G697,,NO_MARKET_DATA,
KR354414G6A4,,NO_MARKET_DATA,
KR354414G6B2,,NO_MARKET_DATA,
KR356101GDC1,,NO_MARKET_DATA,
KR356101GE13,,NO_MARKET_DATA,
KR356101GE21,,NO_MARKET_DATA,
KR354415GE76,,NO_MARKET_DATA,
KR354415GE84,,NO_MARKET_DATA,
KR354415GE92,,NO_MARKET_DATA,
KR356103DC32,,NO_MARKET_DATA,
KR356103DC40,,NO_MARKET_DATA,
KR356103DC57,,NO_MARKET_DATA,
KR356103DC65,,NO_MARKET_DATA,
KR356103DC73,,NO_MARKET_DATA,
KR356103DC81,,NO_MARKET_DATA,
KR356103DC99,,NO_MARKET_DATA,
KR2003022D51,,NO_MARKET_DATA,
KR2003022D77,,NO_MARKET_DATA,
KR2003022D85,,NO_MARKET_DATA,
KR2003022DB2,,NO_MARKET_DATA,
KR2003022DC0,,NO_MARKET_DATA,
KR2003022E19,,NO_MARKET_DATA,
KR2003022E27,,NO_MARKET_DATA,
KR2003022E35,,NO_MARKET_DATA,
KR2003022E43,,NO_MARKET_DATA,
KR2003022E50,,NO_MARKET_DATA,
KR2003022E68,,NO_MARKET_DATA,
KR60041J1F40,,NO_MARKET_DATA,
KR60041L1F46,,NO_MARKET_DATA,
KR60041T1F80,,NO_MARKET_DATA,
KR60041T2F89,,NO_MARKET_DATA,
KR60041W1G18,,NO_MARKET_DATA,
KR6004271FC8,,NO_MARKET_DATA,
KR6004273EA1,,NO_MARKET_DATA,
KR6004274EA9,,NO_MARKET_DATA,
KR60090S2G53,,NO_MARKET_DATA,
KR60090W1F99,,NO_MARKET_DATA,
KR60090W1FC9,,NO_MARKET_DATA,
KR354202GD41,,NO_MARKET_DATA,
KR354202GD58,,NO_MARKET_DATA,
KR354202GDA3,,NO_MARKET_DATA,
KR354202GDC9,,NO_MARKET_DATA,
KR354202GE24,,NO_MARKET_DATA,
KR354411G818,,NO_MARKET_DATA,
KR354411G826,,NO_MARKET_DATA,
KR354411G859,,NO_MARKET_DATA,
KR354411G891,,NO_MARKET_DATA,
KR356003G6A6,,NO_MARKET_DATA,
KR356101GE39,,NO_MARKET_DATA,
KR356101GE47,,NO_MARKET_DATA,
KR356101GE62,,NO_MARKET_DATA,
KR356101GE70,,NO_MARKET_DATA,
KR356101GE88,,NO_MARKET_DATA,
KR356101GE96,,NO_MARKET_DATA,
KR356101GEA3,,NO_MARKET_DATA,
KR356101GEB1,,NO_MARKET_DATA,
KR6000036DA8,,NO_MARKET_DATA,
KR6000036E80,,NO_MARKET_DATA,
KR6000036E98,,NO_MARKET_DATA,
KR356103DCA0,,NO_MARKET_DATA,
KR356103DCB8,,NO_MARKET_DATA,
KR356103DCC6,,NO_MARKET_DATA,
KR6000491EB1,,NO_MARKET_DATA,
KR6000491F79,,NO_MARKET_DATA,
KR6000491F95,,NO_MARKET_DATA,
KR6000491FB8,,NO_MARKET_DATA,
KR6000491FC6,,NO_MARKET_DATA,
KR6000492F78,,NO_MARKET_DATA,
KR6000492F94,,NO_MARKET_DATA,
KR6000493F77,,NO_MARKET_DATA,
KR2003022E76,,NO_MARKET_DATA,
KR2003022E84,,NO_MARKET_DATA,
KR2003022E92,,NO_MARKET_DATA,
KR2003022EA2,,NO_MARKET_DATA,
KR2003022EB0,,NO_MARKET_DATA,
KR2003022EC8,,NO_MARKET_DATA,
KR2003022F26,,NO_MARKET_DATA,
KR2003022F34,,NO_MARKET_DATA,
KR2003022F42,,NO_MARKET_DATA,
KR2003022F59,,NO_MARKET_DATA,
KR2003022F67,,NO_MARKET_DATA,
KR60090W1G64,,NO_MARKET_DATA,
KR6009191G31,,NO_MARKET_DATA,
KR6009191G72,,NO_MARKET_DATA,
KR60091J1F94,,NO_MARKET_DATA,
KR352703G562,,NO_MARKET_DATA,
KR352703G5B8,,NO_MARKET_DATA,
KR352703G661,,NO_MARKET_DATA,
KR352703G729,,NO_MARKET_DATA,
KR352703G844,,NO_MARKET_DATA,
KR352703G9B0,,NO_MARKET_DATA,
KR6004023G10,,NO_MARKET_DATA,
KR354411G8B1,,NO_MARKET_DATA,
KR354411G917,,NO_MARKET_DATA,
KR354411G925,,NO_MARKET_DATA,
KR354411G933,,NO_MARKET_DATA,
KR354411G958,,NO_MARKET_DATA,
KR354411G990,,NO_MARKET_DATA,
KR356003G5B6,,NO_MARKET_DATA,
KR356003G621,,NO_MARKET_DATA,
KR356003G639,,NO_MARKET_DATA,
KR356003G688,,NO_MARKET_DATA,
KR6000036EA6,,NO_MARKET_DATA,
KR6000036F48,,NO_MARKET_DATA,
KR6000036F63,,NO_MARKET_DATA,
KR6000036F71,,NO_MARKET_DATA,
KR6000036FA3,,NO_MARKET_DATA,
KR6000036G47,,NO_MARKET_DATA,
KR6000036G70,,NO_MARKET_DATA,
KR6000037EA4,,NO_MARKET_DATA,
KR6005084B34,,NO_MARKET_DATA,
KR6005091E24,,NO_MARKET_DATA,
KR6005091G48,,NO_MARKET_DATA,
KR60004C1F68,,NO_MARKET_DATA,
KR60004C1FC8,,NO_MARKET_DATA,
KR60004C1G26,,NO_MARKET_DATA,
KR60056A1F54,,NO_MARKET_DATA,
KR60056B1F52,,NO_MARKET_DATA,
KR60056C1F50,,NO_MARKET_DATA,
KR60056D1F58,,NO_MARKET_DATA,
KR60056F1F53,,NO_MARKET_DATA,
KR60120H5FB5,,NO_MARKET_DATA,
KR60056G1F51,,NO_MARKET_DATA,
KR60056J1F55,,NO_MARKET_DATA,
KR2003022F75,,NO_MARKET_DATA,
KR2003022F83,,NO_MARKET_DATA,
KR2003022F91,,NO_MARKET_DATA,
KR2003022FA9,,NO_MARKET_DATA,
KR2003022FB7,,NO_MARKET_DATA,
KR2003022FC5,,NO_MARKET_DATA,
KR2003022G17,,NO_MARKET_DATA,
KR2003022G25,,NO_MARKET_DATA,
KR2003022G33,,NO_MARKET_DATA,
KR2003022G41,,NO_MARKET_DATA,
KR2004011F19,,NO_MARKET_DATA,
KR6004024A15,,NO_MARKET_DATA,
KR6008563EB9,,NO_MARKET_DATA,
KR6008563F34,,NO_MARKET_DATA,
KR6008563F91,,NO_MARKET_DATA,
KR6008563FA8,,NO_MARKET_DATA,
KR6008564EB7,,NO_MARKET_DATA,
KR6008564F33,,NO_MARKET_DATA,
KR6008564F90,,NO_MARKET_DATA,
KR6008565EB4,,NO_MARKET_DATA,
KR6008565F32,,NO_MARKET_DATA,
KR6008569958,,NO_MARKET_DATA,
KR356003G6B4,,NO_MARKET_DATA,
KR356003G753,,NO_MARKET_DATA,
KR356003G837,,NO_MARKET_DATA,
KR356003G9A0,,NO_MARKET_DATA,
KR356003GA32,,NO_MARKET_DATA,
KR6000013W69,,NO_MARKET_DATA,
KR6000014664,,NO_MARKET_DATA,
KR6000014995,,NO_MARKET_DATA,
KR6000014CA7,,EXCLUDED_PERPETUAL,
KR6000014E86,,NO_MARKET_DATA,
KR6000014E94,,NO_MARKET_DATA,
KR6005092F55,,NO_MARKET_DATA,
KR6005093F54,,NO_MARKET_DATA,
KR60050A1F73,,NO_MARKET_DATA,
KR60110K1F90,,NO_MARKET_DATA,
KR60050A1FA7,,NO_MARKET_DATA,
KR60050K1F64,,NO_MARKET_DATA,
KR60050X1FC6,,NO_MARKET_DATA,
KR6005182F98,,NO_MARKET_DATA,
KR60051KFF54,,NO_MARKET_DATA,
KR60110C1F97,,NO_MARKET_DATA,
KR60110D1F95,,NO_MARKET_DATA,
KR60056K1F53,,NO_MARKET_DATA,
KR60056L1FB6,,NO_MARKET_DATA,
KR60056M1F59,,NO_MARKET_DATA,
KR60056N1F57,,NO_MARKET_DATA,
KR60120D1G69,,NO_MARKET_DATA,
KR60120D2FC4,,NO_MARKET_DATA,
KR60120D2G68,,NO_MARKET_DATA,
KR60120D3FC2,,NO_MARKET_DATA,
KR60120H4FB8,,NO_MARKET_DATA,
KR60120H6FB3,,NO_MARKET_DATA,
KR2003022G58,,NO_MARKET_DATA,
KR2003022G66,,NO_MARKET_DATA,
KR2003022G74,4.769701678273115,CALCULATED,고민감
KR2003022G82,,EXCLUDED_UNSUPPORTED_TYPE,
KR20040111C1,,NO_MARKET_DATA,
KR20040112C9,,NO_MARKET_DATA,
KR20040113A1,,NO_MARKET_DATA,
KR20040114B7,,NO_MARKET_DATA,
KR2004011574,,NO_MARKET_DATA,
KR2004011947,,NO_MARKET_DATA,
KR2004011B88,,NO_MARKET_DATA,
KR60085F1FB9,,NO_MARKET_DATA,
KR6017673F99,,NO_MARKET_DATA,
KR6017674633,,NO_MARKET_DATA,
KR6017674666,,NO_MARKET_DATA,
KR6017674740,,NO_MARKET_DATA,
KR6017674823,,NO_MARKET_DATA,
KR6017674930,,NO_MARKET_DATA,
KR6017674971,,NO_MARKET_DATA,
KR60176749A4,,NO_MARKET_DATA,
KR6017674A10,,NO_MARKET_DATA,
KR6000014EA3,,NO_MARKET_DATA,
KR6000014EC9,,NO_MARKET_DATA,
KR6000014F44,0.1953760044207781,CALCULATED,저민감
KR6000014F69,,NO_MARKET_DATA,
KR6000014F77,,NO_MARKET_DATA,
KR6004941F51,,NO_MARKET_DATA,
KR6004941F69,,NO_MARKET_DATA,
KR6004941F77,,NO_MARKET_DATA,
KR6004941F85,,NO_MARKET_DATA,
KR6004941F93,,NO_MARKET_DATA,
KR6004941FA0,,NO_MARKET_DATA,
KR60110E1F93,,NO_MARKET_DATA,
KR60110F1F90,,NO_MARKET_DATA,
KR60110G1F98,,NO_MARKET_DATA,
KR60110J1F92,,NO_MARKET_DATA,
KR60110L1F98,,NO_MARKET_DATA,
KR60110M1FC7,,NO_MARKET_DATA,
KR60110N1FB8,,NO_MARKET_DATA,
KR60110P1F99,,NO_MARKET_DATA,
KR3102054T46,,NO_MARKET_DATA,
KR3102054T61,,NO_MARKET_DATA,
KR3102054V26,,NO_MARKET_DATA,
KR60120H7FB1,,NO_MARKET_DATA,
KR60120H8FB9,,NO_MARKET_DATA,
KR60120H9FB7,,NO_MARKET_DATA,
KR310211GC76,,NO_MARKET_DATA,
KR310211GD18,,NO_MARKET_DATA,
KR310211GD42,,NO_MARKET_DATA,
KR310211GE82,,NO_MARKET_DATA,
KR310211GE90,,NO_MARKET_DATA,
KR310211GEC1,,NO_MARKET_DATA,
KR310211GF16,,NO_MARKET_DATA,
KR310211GF57,,NO_MARKET_DATA,
KR2004011G59,,NO_MARKET_DATA,
KR2004011G75,,NO_MARKET_DATA,
KR2004012B87,,NO_MARKET_DATA,
KR2004012B95,,NO_MARKET_DATA,
KR2004012BB6,,NO_MARKET_DATA,
KR2004012C11,,NO_MARKET_DATA,
KR2004012C29,,NO_MARKET_DATA,
KR2004012C37,,NO_MARKET_DATA,
KR2004012C52,,NO_MARKET_DATA,
KR2004012C60,,NO_MARKET_DATA,
KR2004012C78,,NO_MARKET_DATA,
KR6017674B19,,NO_MARKET_DATA,
KR350106GEA8,,NO_MARKET_DATA,
KR352703GDB0,,NO_MARKET_DATA,
KR350106GEB6,,NO_MARKET_DATA,
KR350106GEC4,,NO_MARKET_DATA,
KR350106GF10,,NO_MARKET_DATA,
KR350106GF28,,NO_MARKET_DATA,
KR350106GF36,,NO_MARKET_DATA,
KR350106GF44,,NO_MARKET_DATA,
KR350106GF51,,NO_MARKET_DATA,
KR350106GF69,,NO_MARKET_DATA,
KR6004941FB8,,NO_MARKET_DATA,
KR6004941FC6,,NO_MARKET_DATA,
KR6004941G19,,NO_MARKET_DATA,
KR6004941G27,,NO_MARKET_DATA,
KR6004941G35,,NO_MARKET_DATA,
KR60101AHF96,,NO_MARKET_DATA,
KR60101AJF94,,NO_MARKET_DATA,
KR60101AKF91,,NO_MARKET_DATA,
KR60101ALF90,,NO_MARKET_DATA,
KR310201GCB8,,NO_MARKET_DATA,
KR310205D871,,NO_MARKET_DATA,
KR310205G965,,NO_MARKET_DATA,
KR310205GC74,,NO_MARKET_DATA,
KR310205GC90,,NO_MARKET_DATA,
KR310205GD24,,NO_MARKET_DATA,
KR310205GE72,,NO_MARKET_DATA,
KR310205GE80,,NO_MARKET_DATA,
KR310205GEA7,,NO_MARKET_DATA,
KR350703GG40,,NO_MARKET_DATA,
KR350703GG65,,NO_MARKET_DATA,
KR350703GG73,,NO_MARKET_DATA,
KR310211GF65,,NO_MARKET_DATA,
KR310211GF73,,NO_MARKET_DATA,
KR310211GF99,,NO_MARKET_DATA,
KR3508027272,,NO_MARKET_DATA,
KR3508027348,,NO_MARKET_DATA,
KR350802G390,,NO_MARKET_DATA,
KR350802G3B7,,NO_MARKET_DATA,
KR350802G3C5,,NO_MARKET_DATA,
KR350802G838,,NO_MARKET_DATA,
KR350802G937,,NO_MARKET_DATA,
KR2004012C94,,NO_MARKET_DATA,
KR2004012D36,,NO_MARKET_DATA,
KR2004012D44,,NO_MARKET_DATA,
KR2004012DB2,,NO_MARKET_DATA,
KR2004012EB0,,NO_MARKET_DATA,
KR2004012F18,,NO_MARKET_DATA,
KR2004012F26,,NO_MARKET_DATA,
KR20040214B5,,NO_MARKET_DATA,
KR2004022BA7,,NO_MARKET_DATA,
KR2004022BC3,,NO_MARKET_DATA,
KR2004022C43,,NO_MARKET_DATA,
KR350106GF77,,NO_MARKET_DATA,
KR350106GF85,,NO_MARKET_DATA,
KR352703GDA2,,NO_MARKET_DATA,
KR352703GE97,,NO_MARKET_DATA,
KR352703GEA0,,NO_MARKET_DATA,
KR352703GEB8,,NO_MARKET_DATA,
KR352703GF39,,NO_MARKET_DATA,
KR352703GF47,,NO_MARKET_DATA,
KR352703GF96,,NO_MARKET_DATA,
KR352703GG20,,NO_MARKET_DATA,
KR352703GG61,,NO_MARKET_DATA,
KR310201GD10,,NO_MARKET_DATA,
KR60101AMF99,,NO_MARKET_DATA,
KR60101ANF98,,NO_MARKET_DATA,
KR60101APF96,,NO_MARKET_DATA,
KR60101AQF95,,NO_MARKET_DATA,
KR60101ARF94,,NO_MARKET_DATA,
KR310201DBB7,,NO_MARKET_DATA,
KR310201DC14,,NO_MARKET_DATA,
KR310201DC22,,NO_MARKET_DATA,
KR310201DC63,,NO_MARKET_DATA,
KR3507047297,,NO_MARKET_DATA,
KR3507047T20,,NO_MARKET_DATA,
KR350704G588,,NO_MARKET_DATA,
KR350704G794,,NO_MARKET_DATA,
KR350704GA45,,NO_MARKET_DATA,
KR350704GAB6,,NO_MARKET_DATA,
KR354401J359,,NO_MARKET_DATA,
KR354401J367,,NO_MARKET_DATA,
KR354401J375,,NO_MARKET_DATA,
KR354401J383,,NO_MARKET_DATA,
KR350802G994,,NO_MARKET_DATA,
KR350802G9A6,,NO_MARKET_DATA,
KR350802GA79,,NO_MARKET_DATA,
KR354401JG77,,NO_MARKET_DATA,
KR354401JG85,,NO_MARKET_DATA,
KR3544029076,,NO_MARKET_DATA,
KR3544029092,,NO_MARKET_DATA,
KR35440290A1,,NO_MARKET_DATA,
KR356103DD23,,NO_MARKET_DATA,
KR35440290B9,,NO_MARKET_DATA,
KR2006014F11,,NO_MARKET_DATA,
KR2006014F29,,NO_MARKET_DATA,
KR2006014F37,,NO_MARKET_DATA,
KR2006014F45,,NO_MARKET_DATA,
KR2006014F52,,NO_MARKET_DATA,
KR2006014F60,,NO_MARKET_DATA,
KR2006014F78,,NO_MARKET_DATA,
KR2006014F86,,NO_MARKET_DATA,
KR2006014F94,,NO_MARKET_DATA,
KR2006014FA3,,NO_MARKET_DATA,
KR2006014FB1,,NO_MARKET_DATA,
KR35270472B8,,NO_MARKET_DATA,
KR354408GAA2,,NO_MARKET_DATA,
KR354408GAC8,,NO_MARKET_DATA,
KR354408GB11,,NO_MARKET_DATA,
KR354408GB29,,NO_MARKET_DATA,
KR354408GB37,,NO_MARKET_DATA,
KR354408GB45,,NO_MARKET_DATA,
KR354408GB60,,NO_MARKET_DATA,
KR354408GB78,,NO_MARKET_DATA,
KR354408GB86,,NO_MARKET_DATA,
KR310201DC89,,NO_MARKET_DATA,
KR350701GD94,,NO_MARKET_DATA,
KR350701GDA8,,NO_MARKET_DATA,
KR350701GDB6,,NO_MARKET_DATA,
KR350701GDC4,,NO_MARKET_DATA,
KR350701GE28,,NO_MARKET_DATA,
KR350701GE36,,NO_MARKET_DATA,
KR350701GE44,,NO_MARKET_DATA,
KR350701GE51,,NO_MARKET_DATA,
KR350701GE77,,NO_MARKET_DATA,
KR354202GE32,,NO_MARKET_DATA,
KR354401J391,,NO_MARKET_DATA,
KR354414G6C0,,NO_MARKET_DATA,
KR354414G713,,NO_MARKET_DATA,
KR354414G721,,NO_MARKET_DATA,
KR354414G747,,NO_MARKET_DATA,
KR354414G754,,NO_MARKET_DATA,
KR354414G762,,NO_MARKET_DATA,
KR354414G770,,NO_MARKET_DATA,
KR354414G788,,NO_MARKET_DATA,
KR354414G796,,NO_MARKET_DATA,
KR35440290C7,,NO_MARKET_DATA,
KR3544029159,,NO_MARKET_DATA,
KR3544029175,,NO_MARKET_DATA,
KR3544029191,,NO_MARKET_DATA,
KR354415GEB7,,NO_MARKET_DATA,
KR354415GG41,,NO_MARKET_DATA,
KR354415GG58,,NO_MARKET_DATA,
KR354415GG66,,NO_MARKET_DATA,
KR356103DD15,,NO_MARKET_DATA,
KR356103DD31,,NO_MARKET_DATA,
KR2006014G10,,NO_MARKET_DATA,
KR2006014G28,,NO_MARKET_DATA,
KR2006014G36,,NO_MARKET_DATA,
KR2006014G44,,NO_MARKET_DATA,
KR2006014G51,,NO_MARKET_DATA,
KR2006014G69,,NO_MARKET_DATA,
KR2006014G77,4.77144107544183,CALCULATED,고민감
KR2006014G85,,EXCLUDED_UNSUPPORTED_TYPE,
KR20060218A3,,NO_MARKET_DATA,
KR2006021910,,NO_MARKET_DATA,
KR2006021985,,NO_MARKET_DATA,
KR354408GB94,,NO_MARKET_DATA,
KR355001GC26,,NO_MARKET_DATA,
KR355001GE73,,NO_MARKET_DATA,
KR355001GE99,,NO_MARKET_DATA,
KR355001GEA6,,NO_MARKET_DATA,
KR355001GF23,,NO_MARKET_DATA,
KR355001GF56,,NO_MARKET_DATA,
KR355001GFB1,,NO_MARKET_DATA,
KR355001GG14,,NO_MARKET_DATA,
KR355002DFC4,,NO_MARKET_DATA,
KR355002DG24,,NO_MARKET_DATA,
KR354202GE73,,NO_MARKET_DATA,
KR354202GEA1,,NO_MARKET_DATA,
KR354202GEB9,,NO_MARKET_DATA,
KR354202GEC7,,NO_MARKET_DATA,
KR354202GFA8,,NO_MARKET_DATA,
KR354202GFB6,,NO_MARKET_DATA,
KR354202GFC4,,NO_MARKET_DATA,
KR354203G843,,NO_MARKET_DATA,
KR354203G9B1,,NO_MARKET_DATA,
KR354411GA41,,NO_MARKET_DATA,
KR354414G7B0,,NO_MARKET_DATA,
KR356101GEC9,,NO_MARKET_DATA,
KR356101GF12,,NO_MARKET_DATA,
KR356101GF20,,NO_MARKET_DATA,
KR356101GF38,,NO_MARKET_DATA,
KR356101GF46,,NO_MARKET_DATA,
KR356101GF53,,NO_MARKET_DATA,
KR356101GF61,,NO_MARKET_DATA,
KR356101GF79,,NO_MARKET_DATA,
KR356101GF87,,NO_MARKET_DATA,
KR356101GF95,,NO_MARKET_DATA,
KR356103DD49,,NO_MARKET_DATA,
KR356103DD56,,NO_MARKET_DATA,
KR356103DD64,,NO_MARKET_DATA,
KR356103DD72,,NO_MARKET_DATA,
KR356103DD80,,NO_MARKET_DATA,
KR356103DD98,,NO_MARKET_DATA,
KR356103DDA8,,NO_MARKET_DATA,
KR60004C1G34,,NO_MARKET_DATA,
KR60004C1G42,,NO_MARKET_DATA,
KR60004C2G25,,NO_MARKET_DATA,
KR60004C3G24,,NO_MARKET_DATA,
KR2006021A58,,NO_MARKET_DATA,
KR2006021B73,,NO_MARKET_DATA,
KR2006021G45,,NO_MARKET_DATA,
KR2006021G52,,NO_MARKET_DATA,
KR2006021G60,,NO_MARKET_DATA,
KR2006022BA5,,NO_MARKET_DATA,
KR2006022BB3,,NO_MARKET_DATA,
KR2006022BC1,,NO_MARKET_DATA,
KR2006022C14,,NO_MARKET_DATA,
KR2006022C22,,NO_MARKET_DATA,
KR2006022C30,,NO_MARKET_DATA,
KR355002DG40,,NO_MARKET_DATA,
KR381002GF85,,NO_MARKET_DATA,
KR381002GF93,,NO_MARKET_DATA,
KR381002GFA9,,NO_MARKET_DATA,
KR381002GFB7,,NO_MARKET_DATA,
KR381002GG19,,NO_MARKET_DATA,
KR381002GG27,,NO_MARKET_DATA,
KR381002GG35,,NO_MARKET_DATA,
KR381002GG43,,NO_MARKET_DATA,
KR381002GG50,,NO_MARKET_DATA,
KR381002GG68,,NO_MARKET_DATA,
KR354411GA58,,NO_MARKET_DATA,
KR354411GA90,,NO_MARKET_DATA,
KR354411GAB4,,NO_MARKET_DATA,
KR354411GB81,,NO_MARKET_DATA,
KR354411GBA4,,NO_MARKET_DATA,
KR354411GBB2,,NO_MARKET_DATA,
KR354411GBC0,,NO_MARKET_DATA,
KR354411GC31,,NO_MARKET_DATA,
KR354411GC80,,NO_MARKET_DATA,
KR356003GB80,,NO_MARKET_DATA,
KR356101GFA0,,NO_MARKET_DATA,
KR6000037F47,,NO_MARKET_DATA,
KR6000037F62,,NO_MARKET_DATA,
KR6000037F70,,NO_MARKET_DATA,
KR6000037FA1,,NO_MARKET_DATA,
KR6000037G46,,NO_MARKET_DATA,
KR6000038EB0,,NO_MARKET_DATA,
KR6000038F46,,NO_MARKET_DATA,
KR6000038F61,,NO_MARKET_DATA,
KR6000038F79,,NO_MARKET_DATA,
KR6000038FA9,,NO_MARKET_DATA,
KR60004E2EC7,,NO_MARKET_DATA,
KR60004RLEC9,,NO_MARKET_DATA,
KR60004RMEC7,,NO_MARKET_DATA,
KR60004RNEC5,,NO_MARKET_DATA,
KR60004RPEC0,,NO_MARKET_DATA,
KR60004RQEC8,,NO_MARKET_DATA,
KR60056R1F58,,NO_MARKET_DATA,
KR60056S1F56,,NO_MARKET_DATA,
KR60056V1F50,,NO_MARKET_DATA,
KR60056W1F58,,NO_MARKET_DATA,
KR2006022C48,,NO_MARKET_DATA,
KR2006022C55,,NO_MARKET_DATA,
KR2006022C63,,NO_MARKET_DATA,
KR2006022C71,,NO_MARKET_DATA,
KR2006022C89,,NO_MARKET_DATA,
KR2006022C97,,NO_MARKET_DATA,
KR2006022CA3,,NO_MARKET_DATA,
KR2006022CB1,,NO_MARKET_DATA,
KR2006022CC9,,NO_MARKET_DATA,
KR2006022D13,,NO_MARKET_DATA,
KR2006022D21,,NO_MARKET_DATA,
KR381002GG76,,NO_MARKET_DATA,
KR6004051A37,,NO_MARKET_DATA,
KR60085J1F70,,NO_MARKET_DATA,
KR2088022DB0,,NO_MARKET_DATA,
KR6004051D83,,NO_MARKET_DATA,
KR6004051EA1,,NO_MARKET_DATA,
KR6004051F24,,NO_MARKET_DATA,
KR6004051F40,,NO_MARKET_DATA,
KR6004051F99,,NO_MARKET_DATA,
KR6004051G23,,NO_MARKET_DATA,
KR6000014F93,,NO_MARKET_DATA,
KR6000015836,,NO_MARKET_DATA,
KR356003GB98,,NO_MARKET_DATA,
KR356003GBC3,,NO_MARKET_DATA,
KR356003GCA5,,NO_MARKET_DATA,
KR356003GD21,,NO_MARKET_DATA,
KR356003GD54,,NO_MARKET_DATA,
KR356003GD88,,NO_MARKET_DATA,
KR356003GD96,,NO_MARKET_DATA,
KR356003GE20,,NO_MARKET_DATA,
KR356003GE38,,NO_MARKET_DATA,
KR6000039D54,,NO_MARKET_DATA,
KR60051KGF53,,NO_MARKET_DATA,
KR60051KHF52,,NO_MARKET_DATA,
KR60051KJF50,,NO_MARKET_DATA,
KR354401JA65,,NO_MARKET_DATA,
KR354401JA73,,NO_MARKET_DATA,
KR354415G512,,NO_MARKET_DATA,
KR354415G538,,NO_MARKET_DATA,
KR354415G546,,NO_MARKET_DATA,
KR354415G561,,NO_MARKET_DATA,
KR60056X1F56,,NO_MARKET_DATA,
KR60056Y1F54,,NO_MARKET_DATA,
KR60056Z1F51,,NO_MARKET_DATA,
KR6005721F96,,NO_MARKET_DATA,
KR60057713A4,,NO_MARKET_DATA,
KR60057713B2,,NO_MARKET_DATA,
KR60057B1F50,,NO_MARKET_DATA,
KR60120M1G11,,NO_MARKET_DATA,
KR60120S1FC9,,NO_MARKET_DATA,
KR60121D2FA7,,NO_MARKET_DATA,
KR354416GB60,,NO_MARKET_DATA,
KR2004131539,,NO_MARKET_DATA,
KR2004141538,,NO_MARKET_DATA,
KR2005011334,,NO_MARKET_DATA,
KR20050113A8,,NO_MARKET_DATA,
KR2005011433,,NO_MARKET_DATA,
KR2005011490,,NO_MARKET_DATA,
KR2005011516,,NO_MARKET_DATA,
KR2005011AC7,,NO_MARKET_DATA,
KR2005011E66,,NO_MARKET_DATA,
KR2005011EC9,,NO_MARKET_DATA,
KR60040529A4,0.1730364489300224,CALCULATED,저민감
KR6004052AA7,,NO_MARKET_DATA,
KR6004052D66,,NO_MARKET_DATA,
KR60085F2FB7,,NO_MARKET_DATA,
KR60085F3FB5,,NO_MARKET_DATA,
KR60085KDF72,,NO_MARKET_DATA,
KR60085KEF71,,NO_MARKET_DATA,
KR60085KFF70,,NO_MARKET_DATA,
KR60085KGF79,,NO_MARKET_DATA,
KR60085KHF78,,NO_MARKET_DATA,
KR356003GE87,,NO_MARKET_DATA,
KR6000014F85,,NO_MARKET_DATA,
KR3544019176,,NO_MARKET_DATA,
KR3544019184,,NO_MARKET_DATA,
KR35440191A1,,NO_MARKET_DATA,
KR35440191C7,,NO_MARKET_DATA,
KR3544019226,,NO_MARKET_DATA,
KR3544019234,,NO_MARKET_DATA,
KR6004947G21,,NO_MARKET_DATA,
KR6004947G39,,NO_MARKET_DATA,
KR60106T1G31,,NO_MARKET_DATA,
KR60116BMFA4,,NO_MARKET_DATA,
KR60116BNFA2,,NO_MARKET_DATA,
KR60116BPFA7,,NO_MARKET_DATA,
KR60116BQFA5,,NO_MARKET_DATA,
KR60116BRFA3,,NO_MARKET_DATA,
KR60116BSFA1,,NO_MARKET_DATA,
KR60116BTFA9,,NO_MARKET_DATA,
KR310205GEB5,,NO_MARKET_DATA,
KR310205GEC3,,NO_MARKET_DATA,
KR310205GF14,,NO_MARKET_DATA,
KR354416GC28,,NO_MARKET_DATA,
KR354416GC44,,NO_MARKET_DATA,
KR354416GC51,,NO_MARKET_DATA,
KR354416GC77,,NO_MARKET_DATA,
KR354416GC85,,NO_MARKET_DATA,
KR60125H1FB9,,NO_MARKET_DATA,
KR60125J1FB7,,NO_MARKET_DATA,
KR310211GFA2,,NO_MARKET_DATA,
KR310211GFB0,,NO_MARKET_DATA,
KR310211GFC8,,NO_MARKET_DATA,
KR310211GG31,,NO_MARKET_DATA,
KR2005011FA0,,NO_MARKET_DATA,
KR2005011FC6,,NO_MARKET_DATA,
KR2005012B84,,NO_MARKET_DATA,
KR2005012B92,,NO_MARKET_DATA,
KR2005012BA7,,NO_MARKET_DATA,
KR2005012BB5,,NO_MARKET_DATA,
KR2005012C26,,NO_MARKET_DATA,
KR2005012C34,,NO_MARKET_DATA,
KR2005012CA5,,NO_MARKET_DATA,
KR2005012D33,,NO_MARKET_DATA,
KR60085KJF76,,NO_MARKET_DATA,
KR60085KKF73,,NO_MARKET_DATA,
KR2088022D86,,NO_MARKET_DATA,
KR2088022D94,,NO_MARKET_DATA,
KR2088022DA2,,NO_MARKET_DATA,
KR2088022DC8,,NO_MARKET_DATA,
KR2088022E10,,NO_MARKET_DATA,
KR2088022E28,,NO_MARKET_DATA,
KR2088022E36,,NO_MARKET_DATA,
KR2088022E44,,NO_MARKET_DATA,
KR60106V1FA6,,NO_MARKET_DATA,
KR60106V2FA4,,NO_MARKET_DATA,
KR60106W1FA5,,NO_MARKET_DATA,
KR6010781E86,,NO_MARKET_DATA,
KR6010781F36,,NO_MARKET_DATA,
KR6010781F93,,NO_MARKET_DATA,
KR6010781G68,,NO_MARKET_DATA,
KR60107H1F92,,NO_MARKET_DATA,
KR60107J1F98,,NO_MARKET_DATA,
KR310201GF34,,NO_MARKET_DATA,
KR310205GF22,,NO_MARKET_DATA,
KR310205GF48,,NO_MARKET_DATA,
KR310205GF55,,NO_MARKET_DATA,
KR310205GF63,,NO_MARKET_DATA,
KR310205GF71,,NO_MARKET_DATA,
KR310205GF89,,NO_MARKET_DATA,
KR310205GF97,,NO_MARKET_DATA,
KR310205GFA4,,NO_MARKET_DATA,
KR350708GFA8,,NO_MARKET_DATA,
KR350708GG29,,NO_MARKET_DATA,
KR350709GF52,,NO_MARKET_DATA,
KR310211GG49,,NO_MARKET_DATA,
KR310211GG56,,NO_MARKET_DATA,
KR310211GG64,,NO_MARKET_DATA,
KR310211GG72,,NO_MARKET_DATA,
KR310212GCB5,,NO_MARKET_DATA,
KR310212GD82,,NO_MARKET_DATA,
KR350805GF63,,NO_MARKET_DATA,
KR350806GD98,,NO_MARKET_DATA,
KR350806GDA5,,NO_MARKET_DATA,
KR350806GEB1,,NO_MARKET_DATA,
KR350806GF39,,NO_MARKET_DATA,
KR2005012D82,,NO_MARKET_DATA,
KR2005012EC7,,NO_MARKET_DATA,
KR2005012F15,,NO_MARKET_DATA,
KR2005012F23,,NO_MARKET_DATA,
KR2005021DB2,,NO_MARKET_DATA,
KR2005021FB7,,NO_MARKET_DATA,
KR2005022BC2,,NO_MARKET_DATA,
KR2005022C16,,NO_MARKET_DATA,
KR2005022C40,,NO_MARKET_DATA,
KR2005022C57,,NO_MARKET_DATA,
KR2088022E51,,NO_MARKET_DATA,
KR2088022E69,,NO_MARKET_DATA,
KR350106GF93,,NO_MARKET_DATA,
KR350106GFA5,,NO_MARKET_DATA,
KR350106GG19,,NO_MARKET_DATA,
KR350106GG27,,NO_MARKET_DATA,
KR350106GG43,,NO_MARKET_DATA,
KR350106GG50,,NO_MARKET_DATA,
KR350106GG68,,NO_MARKET_DATA,
KR350106GG76,,NO_MARKET_DATA,
KR350107GA30,,NO_MARKET_DATA,
KR310201GF59,,NO_MARKET_DATA,
KR310201GF67,,NO_MARKET_DATA,
KR310201GF83,,NO_MARKET_DATA,
KR310201GF91,,NO_MARKET_DATA,
KR310201GFB1,,NO_MARKET_DATA,
KR310201GFC9,,NO_MARKET_DATA,
KR310201GG17,,NO_MARKET_DATA,
KR310201GG25,,NO_MARKET_DATA,
KR310201GG33,,NO_MARKET_DATA,
KR310201GG41,,NO_MARKET_DATA,
KR350702GE92,,NO_MARKET_DATA,
KR350709GFA6,,NO_MARKET_DATA,
KR350709GG28,,NO_MARKET_DATA,
KR350710GF59,,NO_MARKET_DATA,
KR350710GFA4,,NO_MARKET_DATA,
KR350710GG25,,NO_MARKET_DATA,
KR350711GF58,,NO_MARKET_DATA,
KR350712GF57,,NO_MARKET_DATA,
KR354401JA81,,NO_MARKET_DATA,
KR354401JA99,,NO_MARKET_DATA,
KR354401JAA1,,NO_MARKET_DATA,
KR354401JAB9,,NO_MARKET_DATA,
KR350806GF62,,NO_MARKET_DATA,
KR350807G3A4,,NO_MARKET_DATA,
KR350807G3B2,,NO_MARKET_DATA,
KR3509017199,,NO_MARKET_DATA,
KR35090171B4,,NO_MARKET_DATA,
KR354402J7A3,,NO_MARKET_DATA,
KR354402J7B1,,NO_MARKET_DATA,
KR354402J7C9,,NO_MARKET_DATA,
KR354402J811,,NO_MARKET_DATA,
KR354402J829,,NO_MARKET_DATA,
KR2005022D72,,NO_MARKET_DATA,
KR2005022C65,,NO_MARKET_DATA,
KR2005022C73,,NO_MARKET_DATA,
KR2005022C81,,NO_MARKET_DATA,
KR2005022C99,,NO_MARKET_DATA,
KR2005022CB2,,NO_MARKET_DATA,
KR2005022CC0,,NO_MARKET_DATA,
KR2005022D15,,NO_MARKET_DATA,
KR2005022D49,,NO_MARKET_DATA,
KR2005022D56,,NO_MARKET_DATA,
KR350107GB88,,NO_MARKET_DATA,
KR350107GB96,0.1162703587085904,CALCULATED,저민감
KR352704G743,,NO_MARKET_DATA,
KR352704GBB2,,NO_MARKET_DATA,
KR352704GF95,,NO_MARKET_DATA,
KR352704GG60,,NO_MARKET_DATA,
KR3527057342,,NO_MARKET_DATA,
KR353101DE13,,NO_MARKET_DATA,
KR353101DE21,,NO_MARKET_DATA,
KR354408GC10,,NO_MARKET_DATA,
KR350702GEA4,,NO_MARKET_DATA,
KR3544019275,,NO_MARKET_DATA,
KR354412GG36,,NO_MARKET_DATA,
KR350702GEB2,,NO_MARKET_DATA,
KR350702GEC0,,NO_MARKET_DATA,
KR350702GF18,,NO_MARKET_DATA,
KR350702GF26,,NO_MARKET_DATA,
KR350702GF34,,NO_MARKET_DATA,
KR350702GF42,,NO_MARKET_DATA,
KR350702GF59,,NO_MARKET_DATA,
KR354401JAC7,,NO_MARKET_DATA,
KR354401JB15,,NO_MARKET_DATA,
KR354401JB23,,NO_MARKET_DATA,
KR354401JB31,,NO_MARKET_DATA,
KR354401JB49,,NO_MARKET_DATA,
KR354401JB56,,NO_MARKET_DATA,
KR354415G637,,NO_MARKET_DATA,
KR354415G645,,NO_MARKET_DATA,
KR354415G652,,NO_MARKET_DATA,
KR354415G660,,NO_MARKET_DATA,
KR354402J837,,NO_MARKET_DATA,
KR354402J845,,NO_MARKET_DATA,
KR354402J852,,NO_MARKET_DATA,
KR354402J860,,NO_MARKET_DATA,
KR354402J878,,NO_MARKET_DATA,
KR354416GD19,,NO_MARKET_DATA,
KR354416GD27,,NO_MARKET_DATA,
KR354416GD43,,NO_MARKET_DATA,
KR356104G478,,NO_MARKET_DATA,
KR354416GD84,,NO_MARKET_DATA,
KR2005022D64,,NO_MARKET_DATA,
KR2005022D98,,NO_MARKET_DATA,
KR2005022DA2,,NO_MARKET_DATA,
KR2005022DB0,,NO_MARKET_DATA,
KR2005022DC8,,NO_MARKET_DATA,
KR2005022E14,,NO_MARKET_DATA,
KR2005022E22,,NO_MARKET_DATA,
KR2005022E30,,NO_MARKET_DATA,
KR2005022E55,,NO_MARKET_DATA,
KR2005022EA0,,NO_MARKET_DATA,
KR354408GC28,,NO_MARKET_DATA,
KR354408GC44,,NO_MARKET_DATA,
KR354408GC51,,NO_MARKET_DATA,
KR354408GC69,,NO_MARKET_DATA,
KR354408GC85,,NO_MARKET_DATA,
KR355101DG40,,NO_MARKET_DATA,
KR354408GC93,,NO_MARKET_DATA,
KR355002GE80,,NO_MARKET_DATA,
KR355002GF55,,NO_MARKET_DATA,
KR355002GFB9,,NO_MARKET_DATA,
KR350702GF67,,NO_MARKET_DATA,
KR350702GF75,,NO_MARKET_DATA,
KR3544019259,,NO_MARKET_DATA,
KR3544019267,,NO_MARKET_DATA,
KR3544019283,,NO_MARKET_DATA,
KR3544019291,,NO_MARKET_DATA,
KR35440192A9,,NO_MARKET_DATA,
KR35440192B7,,NO_MARKET_DATA,
KR35440192C5,,NO_MARKET_DATA,
KR3544019317,,NO_MARKET_DATA,
KR354415G678,,NO_MARKET_DATA,
KR354415G686,,NO_MARKET_DATA,
KR354415G694,,NO_MARKET_DATA,
KR354415G6A3,,NO_MARKET_DATA,
KR356102GC55,,NO_MARKET_DATA,
KR354415G6B1,,NO_MARKET_DATA,
KR354415G6C9,,NO_MARKET_DATA,
KR356102GAA9,,NO_MARKET_DATA,
KR356102GB15,,NO_MARKET_DATA,
KR356102GB23,,NO_MARKET_DATA,
KR354416GDB7,,NO_MARKET_DATA,
KR354416GDC5,,NO_MARKET_DATA,
KR354416GE26,,NO_MARKET_DATA,
KR354416GE34,,NO_MARKET_DATA,
KR354416GE42,,NO_MARKET_DATA,
KR354416GE75,,NO_MARKET_DATA,
KR356104G411,,NO_MARKET_DATA,
KR356104G429,,NO_MARKET_DATA,
KR356104G437,,NO_MARKET_DATA,
KR356104GA55,,NO_MARKET_DATA,
KR2005022F39,,NO_MARKET_DATA,
KR2005022F47,,NO_MARKET_DATA,
KR2005022F54,,NO_MARKET_DATA,
KR2005022F62,,NO_MARKET_DATA,
KR2005022F70,,NO_MARKET_DATA,
KR2005022F88,,NO_MARKET_DATA,
KR2005022F96,,NO_MARKET_DATA,
KR2005022FA7,,NO_MARKET_DATA,
KR2005022FB5,,NO_MARKET_DATA,
KR2005022FC3,,NO_MARKET_DATA,
KR355003DFC2,,NO_MARKET_DATA,
KR355003DG23,,NO_MARKET_DATA,
KR355003GF54,,NO_MARKET_DATA,
KR355003GFB7,,NO_MARKET_DATA,
KR355004GF53,,NO_MARKET_DATA,
KR355101DG24,,NO_MARKET_DATA,
KR355101DG32,,NO_MARKET_DATA,
KR381002GG84,,NO_MARKET_DATA,
KR381003GB47,,NO_MARKET_DATA,
KR381003GDA2,,NO_MARKET_DATA,
KR381003GE36,,NO_MARKET_DATA,
KR3544019325,,NO_MARKET_DATA,
KR354412GFC9,,NO_MARKET_DATA,
KR354412GG10,,NO_MARKET_DATA,
KR354412GG28,,NO_MARKET_DATA,
KR354412GG44,,NO_MARKET_DATA,
KR354412GG51,,NO_MARKET_DATA,
KR354412GG69,,NO_MARKET_DATA,
KR354412GG77,,NO_MARKET_DATA,
KR354413G913,,NO_MARKET_DATA,
KR354413G921,,NO_MARKET_DATA,
KR356102GB31,,NO_MARKET_DATA,
KR356102GB56,,NO_MARKET_DATA,
KR356102GB98,,NO_MARKET_DATA,
KR356102GBA7,,NO_MARKET_DATA,
KR356102GC22,,NO_MARKET_DATA,
KR356102GC30,,NO_MARKET_DATA,
KR356102GD21,,NO_MARKET_DATA,
KR6000115198,,NO_MARKET_DATA,
KR60001155B3,,NO_MARKET_DATA,
KR6000116212,,NO_MARKET_DATA,
KR356104GA89,,NO_MARKET_DATA,
KR356104GAA5,,NO_MARKET_DATA,
KR356104GB13,,NO_MARKET_DATA,
KR356104GB21,,NO_MARKET_DATA,
KR356104GD37,,NO_MARKET_DATA,
KR356104GD52,,NO_MARKET_DATA,
KR6000822EA9,1.10468498986983,CALCULATED,중간
KR6000822F61,,NO_MARKET_DATA,
KR6000822FC2,,NO_MARKET_DATA,
KR6000822G11,,NO_MARKET_DATA,
KR6000823B98,,NO_MARKET_DATA,
KR2005032E79,,NO_MARKET_DATA,
KR2005022G12,,NO_MARKET_DATA,
KR2005022G20,,NO_MARKET_DATA,
KR2005022G38,,NO_MARKET_DATA,
KR2005022G46,,NO_MARKET_DATA,
KR2005022G53,,NO_MARKET_DATA,
KR2005022G61,,NO_MARKET_DATA,
KR2005031563,,NO_MARKET_DATA,
KR2005031A66,,NO_MARKET_DATA,
KR2005032D21,,NO_MARKET_DATA,
KR381003GE69,,NO_MARKET_DATA,
KR381003GEA0,,NO_MARKET_DATA,
KR381003GEB8,,NO_MARKET_DATA,
KR381003GF50,,NO_MARKET_DATA,
KR381003GF68,,NO_MARKET_DATA,
KR381003GF84,,NO_MARKET_DATA,
KR381003GF92,,NO_MARKET_DATA,
KR6004052E16,,NO_MARKET_DATA,
KR6004052EA9,,NO_MARKET_DATA,
KR6004052F23,,NO_MARKET_DATA,
KR356101DEB8,,NO_MARKET_DATA,
KR356101DEC6,,NO_MARKET_DATA,
KR356101DF15,,NO_MARKET_DATA,
KR356101DF23,,NO_MARKET_DATA,
KR356101DF49,,NO_MARKET_DATA,
KR356101DF56,,NO_MARKET_DATA,
KR356101DF64,,NO_MARKET_DATA,
KR356101DF72,,NO_MARKET_DATA,
KR356101DF80,,NO_MARKET_DATA,
KR356101DF98,,NO_MARKET_DATA,
KR356101DFA7,,NO_MARKET_DATA,
KR600011B355,,NO_MARKET_DATA,
KR6000121E37,,NO_MARKET_DATA,
KR6000121EB4,,NO_MARKET_DATA,
KR6000121F44,,NO_MARKET_DATA,
KR6000122C46,,NO_MARKET_DATA,
KR6000122EB2,,NO_MARKET_DATA,
KR6000122F43,,NO_MARKET_DATA,
KR6000122G26,,NO_MARKET_DATA,
KR6005301E46,,NO_MARKET_DATA,
KR6005301EA9,,NO_MARKET_DATA,
KR6005301F29,,NO_MARKET_DATA,
KR6000823F60,,NO_MARKET_DATA,
KR6000824F69,,NO_MARKET_DATA,
KR6000881E94,,NO_MARKET_DATA,
KR6000881F28,,NO_MARKET_DATA,
KR6000882C20,,NO_MARKET_DATA,
KR6000882E93,,NO_MARKET_DATA,
KR60061Y1F62,,NO_MARKET_DATA,
KR6006201G27,,NO_MARKET_DATA,
KR6006221768,,NO_MARKET_DATA,
KR6006221C92,,NO_MARKET_DATA,
KR6006221E25,,EXCLUDED_PERPETUAL,
KR2005032E46,,NO_MARKET_DATA,
KR2005032EB7,,NO_MARKET_DATA,
KR2005041562,,NO_MARKET_DATA,
KR2005042E69,,NO_MARKET_DATA,
KR2005052E82,,NO_MARKET_DATA,
KR2005052E90,,NO_MARKET_DATA,
KR20060118A5,,NO_MARKET_DATA,
KR2006011911,,NO_MARKET_DATA,
KR2006011986,,NO_MARKET_DATA,
KR2006011994,,NO_MARKET_DATA,
KR2006011C33,,NO_MARKET_DATA,
KR6004052G22,,NO_MARKET_DATA,
KR6004053973,,NO_MARKET_DATA,
KR60040539A3,,NO_MARKET_DATA,
KR6004053A27,,NO_MARKET_DATA,
KR6004053A76,,NO_MARKET_DATA,
KR6004053AA5,,NO_MARKET_DATA,
KR6004053B18,,NO_MARKET_DATA,
KR353101DE39,,NO_MARKET_DATA,
KR353101DE47,,NO_MARKET_DATA,
KR353101DE54,,NO_MARKET_DATA,
KR6000031G42,,NO_MARKET_DATA,
KR6000031G59,,NO_MARKET_DATA,
KR6004948E71,,NO_MARKET_DATA,
KR60107R1G58,,NO_MARKET_DATA,
KR6000031G67,,NO_MARKET_DATA,
KR6000031G75,,NO_MARKET_DATA,
KR6000031G83,,NO_MARKET_DATA,
KR6000032856,,NO_MARKET_DATA,
KR6000032930,,NO_MARKET_DATA,
KR6000032A62,,NO_MARKET_DATA,
KR6000032E19,,NO_MARKET_DATA,
KR6005301F94,,NO_MARKET_DATA,
KR6005301G44,,NO_MARKET_DATA,
KR6005302F28,,NO_MARKET_DATA,
KR6005302F93,,NO_MARKET_DATA,
KR6005302G43,,NO_MARKET_DATA,
KR60053039A8,,NO_MARKET_DATA,
KR6005303B13,,NO_MARKET_DATA,
KR60116C1FC3,,NO_MARKET_DATA,
KR60116X1FA2,,NO_MARKET_DATA,
KR6011761G37,,NO_MARKET_DATA,
KR6006221EA8,,NO_MARKET_DATA,
KR6006221EC4,,NO_MARKET_DATA,
KR6006221F32,,NO_MARKET_DATA,
KR6006221G49,,NO_MARKET_DATA,
KR6006221G56,,NO_MARKET_DATA,
KR6006222G55,,NO_MARKET_DATA,
KR60125K1FB4,,NO_MARKET_DATA,
KR60125L1FB3,,NO_MARKET_DATA,
KR60125M1FB2,,NO_MARKET_DATA,
KR60125N1FB1,,NO_MARKET_DATA,
KR60125P1FB9,,NO_MARKET_DATA,
KR2006011D65,,NO_MARKET_DATA,
KR2006011E31,,NO_MARKET_DATA,
KR2006011E64,,NO_MARKET_DATA,
KR2006011EC8,,NO_MARKET_DATA,
KR2006011F14,,NO_MARKET_DATA,
KR2006011F22,,NO_MARKET_DATA,
KR2006011F30,,NO_MARKET_DATA,
KR2006011F48,,NO_MARKET_DATA,
KR2006011F55,,NO_MARKET_DATA,
KR2006011F71,,NO_MARKET_DATA,
KR2006011F89,,NO_MARKET_DATA,
KR354408GBA0,,NO_MARKET_DATA,
KR354408GBB8,,NO_MARKET_DATA,
KR354408GBC6,,NO_MARKET_DATA,
KR60085KLF72,,NO_MARKET_DATA,
KR60085KMF71,,NO_MARKET_DATA,
KR60085KNF70,,NO_MARKET_DATA,
KR2088022EA0,,NO_MARKET_DATA,
KR60085KPF78,,NO_MARKET_DATA,
KR60085KQF77,,NO_MARKET_DATA,
KR60085KRF76,,NO_MARKET_DATA,
KR6000032E68,,NO_MARKET_DATA,
KR6000032E84,,NO_MARKET_DATA,
KR6004948982,,NO_MARKET_DATA,
KR6004948D80,,NO_MARKET_DATA,
KR6004948E97,,NO_MARKET_DATA,
KR6004948EA8,,NO_MARKET_DATA,
KR6004948F96,,NO_MARKET_DATA,
KR6004948FA5,,NO_MARKET_DATA,
KR6004948G20,,NO_MARKET_DATA,
KR6004948G38,,NO_MARKET_DATA,
KR6004949980,,NO_MARKET_DATA,
KR6011762E38,,NO_MARKET_DATA,
KR6011762G36,,NO_MARKET_DATA,
KR6011781F67,,NO_MARKET_DATA,
KR6011782E42,,NO_MARKET_DATA,
KR6011782F66,,NO_MARKET_DATA,
KR6011791EA3,,NO_MARKET_DATA,
KR6011791F65,,NO_MARKET_DATA,
KR6011791G23,1.3818768609734189,CALCULATED,중간
KR310208GF60,,NO_MARKET_DATA,
KR310208GF78,,NO_MARKET_DATA,
KR310208GF86,,NO_MARKET_DATA,
KR60125R1FB7,,NO_MARKET_DATA,
KR60125S1FB6,,NO_MARKET_DATA,
KR60125T1FB5,,NO_MARKET_DATA,
KR60125V1FB1,,NO_MARKET_DATA,
KR60125W1FB0,,NO_MARKET_DATA,
KR60125X1FB9,,NO_MARKET_DATA,
KR310218GG18,,NO_MARKET_DATA,
KR310218GG42,,NO_MARKET_DATA,
KR310218GG67,,NO_MARKET_DATA,
KR35090172C0,,NO_MARKET_DATA,
KR310219GC60,,NO_MARKET_DATA,
KR2006011FA9,,NO_MARKET_DATA,
KR2006011FC5,,NO_MARKET_DATA,
KR2006012B82,,NO_MARKET_DATA,
KR2006012B90,,NO_MARKET_DATA,
KR2006012D56,,NO_MARKET_DATA,
KR2006012D72,,NO_MARKET_DATA,
KR2006012DB0,,NO_MARKET_DATA,
KR2006012DC8,,NO_MARKET_DATA,
KR2006012E89,,NO_MARKET_DATA,
KR2006012EB8,,NO_MARKET_DATA,
KR2006012EC6,,NO_MARKET_DATA,
KR60085KSF75,,NO_MARKET_DATA,
KR60085KTF74,,NO_MARKET_DATA,
KR60085T1F79,,NO_MARKET_DATA,
KR60085T1G45,,NO_MARKET_DATA,
KR2088022E77,,NO_MARKET_DATA,
KR2088022E85,,NO_MARKET_DATA,
KR2088022E93,,NO_MARKET_DATA,
KR2088022EB8,,NO_MARKET_DATA,
KR2088022EC6,,NO_MARKET_DATA,
KR2088022F19,,NO_MARKET_DATA,
KR2088022F27,,NO_MARKET_DATA,
KR6004949E96,,NO_MARKET_DATA,
KR60107K1F96,,NO_MARKET_DATA,
KR60107P1F95,,NO_MARKET_DATA,
KR60107P1FA3,,NO_MARKET_DATA,
KR60107Z1FA1,,NO_MARKET_DATA,
KR60107Z2FA9,,NO_MARKET_DATA,
KR6010851FB1,,NO_MARKET_DATA,
KR60108M1FA5,,NO_MARKET_DATA,
KR60108V1F91,,NO_MARKET_DATA,
KR6010951C25,,NO_MARKET_DATA,
KR6010951D65,,NO_MARKET_DATA,
KR310208GF94,,NO_MARKET_DATA,
KR310208GFA8,,NO_MARKET_DATA,
KR310208GFB6,,NO_MARKET_DATA,
KR310208GFC4,,NO_MARKET_DATA,
KR310208GG10,,NO_MARKET_DATA,
KR310208GG28,,NO_MARKET_DATA,
KR354401JBA9,,NO_MARKET_DATA,
KR354401JBB7,,NO_MARKET_DATA,
KR310208GG36,,NO_MARKET_DATA,
KR310208GG44,,NO_MARKET_DATA,
KR350801G384,,NO_MARKET_DATA,
KR310219GEB6,,NO_MARKET_DATA,
KR310219GF91,,NO_MARKET_DATA,
KR310219GFA5,,NO_MARKET_DATA,
KR310219GFB3,,NO_MARKET_DATA,
KR310219GG17,,NO_MARKET_DATA,
KR310219GG41,,NO_MARKET_DATA,
KR310219GG66,,NO_MARKET_DATA,
KR35090171C2,,NO_MARKET_DATA,
KR3509017264,,NO_MARKET_DATA,
KR3509017272,,NO_MARKET_DATA,
KR354402J886,,NO_MARKET_DATA,
KR2006012F13,,NO_MARKET_DATA,
KR2006014B80,,NO_MARKET_DATA,
KR2006014B98,,NO_MARKET_DATA,
KR2006014C30,,NO_MARKET_DATA,
KR2006014C48,,NO_MARKET_DATA,
KR2006014C55,,NO_MARKET_DATA,
KR2006014C71,0.9394235793505726,CALCULATED,중간
KR2006014DA8,,NO_MARKET_DATA,
KR2006014DC4,,NO_MARKET_DATA,
KR2006014E20,,NO_MARKET_DATA,
KR2006014E38,,NO_MARKET_DATA,
KR2088022F35,,NO_MARKET_DATA,
KR2088022F43,,NO_MARKET_DATA,
KR2088022F50,,NO_MARKET_DATA,
KR350107GBA2,,NO_MARKET_DATA,
KR350107GBB0,,NO_MARKET_DATA,
KR350107GC12,,NO_MARKET_DATA,
KR350107GC38,,NO_MARKET_DATA,
KR350107GE85,,NO_MARKET_DATA,
KR350107GE93,,NO_MARKET_DATA,
KR350107GEA6,,NO_MARKET_DATA,
KR350107GEB4,,NO_MARKET_DATA,
KR310203GFC5,,NO_MARKET_DATA,
KR310203GG15,,NO_MARKET_DATA,
KR310203GG23,,NO_MARKET_DATA,
KR310203GG31,,NO_MARKET_DATA,
KR310203GG49,,NO_MARKET_DATA,
KR350702GF83,,NO_MARKET_DATA,
KR350702GF91,,NO_MARKET_DATA,
KR350702GFA1,,NO_MARKET_DATA,
KR350702GFB9,,NO_MARKET_DATA,
KR350702GG17,,NO_MARKET_DATA,
KR350702GG25,,NO_MARKET_DATA,
KR350801G392,,NO_MARKET_DATA,
KR350801G426,,NO_MARKET_DATA,
KR350801G442,,NO_MARKET_DATA,
KR354401JB64,,NO_MARKET_DATA,
KR354401JB72,,NO_MARKET_DATA,
KR354401JB80,,NO_MARKET_DATA,
KR354401JB98,,NO_MARKET_DATA,
KR354401JBC5,,NO_MARKET_DATA,
KR354401JC14,,NO_MARKET_DATA,
KR354401JC22,,NO_MARKET_DATA,
KR354402J894,,NO_MARKET_DATA,
KR354402J8A1,,NO_MARKET_DATA,
KR354402J8B9,,NO_MARKET_DATA,
KR354402J8C7,,NO_MARKET_DATA,
KR354402J910,,NO_MARKET_DATA,
KR354402J928,,NO_MARKET_DATA,
KR354402J936,,NO_MARKET_DATA,
KR354402J944,,NO_MARKET_DATA,
KR354402J951,,NO_MARKET_DATA,
KR354416GE83,,NO_MARKET_DATA,
KR2006014FC9,,NO_MARKET_DATA,
KR2007022G42,,NO_MARKET_DATA,
KR2007022G67,,NO_MARKET_DATA,
KR2007022G75,4.769701678273115,CALCULATED,고민감
KR2007022G83,,EXCLUDED_UNSUPPORTED_TYPE,
KR2007024BA0,,NO_MARKET_DATA,
KR2007024BB8,,NO_MARKET_DATA,
KR2007024C28,,NO_MARKET_DATA,
KR2007024C36,,NO_MARKET_DATA,
KR2007024C44,,NO_MARKET_DATA,
KR2007024C51,,NO_MARKET_DATA,
KR350107GEC2,,NO_MARKET_DATA,
KR350107GF19,,NO_MARKET_DATA,
KR350107GF27,,NO_MARKET_DATA,
KR353101DE70,,NO_MARKET_DATA,
KR353101DE88,,NO_MARKET_DATA,
KR353101DE96,,NO_MARKET_DATA,
KR353101DEA3,,NO_MARKET_DATA,
KR353101DEB1,,NO_MARKET_DATA,
KR353101DEC9,,NO_MARKET_DATA,
KR353101DF20,,NO_MARKET_DATA,
KR6009731EB1,,NO_MARKET_DATA,
KR6009732D97,,NO_MARKET_DATA,
KR60097A1F90,,NO_MARKET_DATA,
KR60097B1F98,,NO_MARKET_DATA,
KR60097F1F81,,NO_MARKET_DATA,
KR60097K1F81,,NO_MARKET_DATA,
KR2101012G29,,NO_MARKET_DATA,
KR2103011FC7,,NO_MARKET_DATA,
KR2106012G77,4.769701678273115,CALCULATED,고민감
KR2106012G85,,EXCLUDED_UNSUPPORTED_TYPE,
KR310101AG63,,NO_MARKET_DATA,
KR350702GG41,,NO_MARKET_DATA,
KR350702GG66,,NO_MARKET_DATA,
KR350702GG74,,NO_MARKET_DATA,
KR3507037074,,NO_MARKET_DATA,
KR3507037256,,NO_MARKET_DATA,
KR3544019333,,NO_MARKET_DATA,
KR3544019341,,NO_MARKET_DATA,
KR3544019R86,,NO_MARKET_DATA,
KR3544019R94,,NO_MARKET_DATA,
KR3544019RA4,,NO_MARKET_DATA,
KR354401JC30,,NO_MARKET_DATA,
KR354415G710,,NO_MARKET_DATA,
KR354415G728,,NO_MARKET_DATA,
KR354415G736,,NO_MARKET_DATA,
KR354415G744,,NO_MARKET_DATA,
KR354415G751,,NO_MARKET_DATA,
KR354415G769,,NO_MARKET_DATA,
KR354415G777,,NO_MARKET_DATA,
KR354415G785,,NO_MARKET_DATA,
KR354415G793,,NO_MARKET_DATA,
KR354416GE91,,NO_MARKET_DATA,
KR354416GEA7,,NO_MARKET_DATA,
KR354416GEB5,,NO_MARKET_DATA,
KR354416GF25,,NO_MARKET_DATA,
KR354416GF82,,NO_MARKET_DATA,
KR354416GF90,,NO_MARKET_DATA,
KR354416GG16,,NO_MARKET_DATA,
KR354416GG32,,NO_MARKET_DATA,
KR354416GG40,,NO_MARKET_DATA,
KR356104GD60,,NO_MARKET_DATA,
KR2007024C69,,NO_MARKET_DATA,
KR2007024C77,,NO_MARKET_DATA,
KR2007024C85,,NO_MARKET_DATA,
KR2007024CA8,,NO_MARKET_DATA,
KR2007024CB6,,NO_MARKET_DATA,
KR2007024CC4,,NO_MARKET_DATA,
KR2007024D19,,NO_MARKET_DATA,
KR2007024D27,,NO_MARKET_DATA,
KR2007024D35,,NO_MARKET_DATA,
KR2007024D43,,NO_MARKET_DATA,
KR2007024D50,,NO_MARKET_DATA,
KR353101DF38,,NO_MARKET_DATA,
KR353101DF61,,NO_MARKET_DATA,
KR353101GEC2,,NO_MARKET_DATA,
KR354408GCB6,,NO_MARKET_DATA,
KR354408GCC4,,NO_MARKET_DATA,
KR354408GD19,,NO_MARKET_DATA,
KR355201DD91,,NO_MARKET_DATA,
KR354408GD27,,NO_MARKET_DATA,
KR354408GD43,,NO_MARKET_DATA,
KR354408GD50,,NO_MARKET_DATA,
KR350202GFB0,,NO_MARKET_DATA,
KR350202GG20,,NO_MARKET_DATA,
KR350202GG61,,NO_MARKET_DATA,
KR350203GAB9,,NO_MARKET_DATA,
KR350203GBB7,,NO_MARKET_DATA,
KR350204GAB7,,NO_MARKET_DATA,
KR3507017233,,NO_MARKET_DATA,
KR3507017258,,NO_MARKET_DATA,
KR3507017282,,NO_MARKET_DATA,
KR3507017316,,NO_MARKET_DATA,
KR3507017T26,,NO_MARKET_DATA,
KR3544019RB2,,NO_MARKET_DATA,
KR3544019S10,,NO_MARKET_DATA,
KR3544019S36,,NO_MARKET_DATA,
KR3544019S44,,NO_MARKET_DATA,
KR3544019S77,,NO_MARKET_DATA,
KR354413G939,,NO_MARKET_DATA,
KR354413G962,,NO_MARKET_DATA,
KR354413G988,,NO_MARKET_DATA,
KR354413G996,,NO_MARKET_DATA,
KR354413G9A9,,NO_MARKET_DATA,
KR354415G7B9,,NO_MARKET_DATA,
KR356102GD39,,NO_MARKET_DATA,
KR356102GD47,,NO_MARKET_DATA,
KR356102GD54,,NO_MARKET_DATA,
KR356102GD62,,NO_MARKET_DATA,
KR356102GD88,,NO_MARKET_DATA,
KR356102GD96,,NO_MARKET_DATA,
KR356102GDA3,,NO_MARKET_DATA,
KR356102GDB1,,NO_MARKET_DATA,
KR356102GDC9,,NO_MARKET_DATA,
KR356102GE12,,NO_MARKET_DATA,
KR356104GD78,,NO_MARKET_DATA,
KR356104GD86,,NO_MARKET_DATA,
KR356104GDB7,,NO_MARKET_DATA,
KR356104GDC5,,NO_MARKET_DATA,
KR356104GE85,,NO_MARKET_DATA,
KR356104GE93,,NO_MARKET_DATA,
KR356104GEB5,,NO_MARKET_DATA,
KR356104GF27,,NO_MARKET_DATA,
KR356104GF50,,NO_MARKET_DATA,
KR60008D1F91,,NO_MARKET_DATA,
KR6006281G38,,NO_MARKET_DATA,
KR2007024D68,,NO_MARKET_DATA,
KR2007024D76,,NO_MARKET_DATA,
KR2007024D84,,NO_MARKET_DATA,
KR2007024D92,,NO_MARKET_DATA,
KR2007024DA6,,NO_MARKET_DATA,
KR2007024DB4,,NO_MARKET_DATA,
KR2007024DC2,,NO_MARKET_DATA,
KR2007024E18,,NO_MARKET_DATA,
KR2007024E26,,NO_MARKET_DATA,
KR2007024E34,,NO_MARKET_DATA,
KR2007024E42,,NO_MARKET_DATA,
KR354408GD68,,NO_MARKET_DATA,
KR354408GD76,,NO_MARKET_DATA,
KR354408GD84,,NO_MARKET_DATA,
KR354408GD92,,NO_MARKET_DATA,
KR355101DG57,,NO_MARKET_DATA,
KR355101GG21,,NO_MARKET_DATA,
KR355102GG20,,NO_MARKET_DATA,
KR355201DD83,,NO_MARKET_DATA,
KR355201DE25,,NO_MARKET_DATA,
KR355201DE33,,NO_MARKET_DATA,
KR353603DG71,,NO_MARKET_DATA,
KR353603GE13,,NO_MARKET_DATA,
KR353603GE21,,NO_MARKET_DATA,
KR354410GC40,,NO_MARKET_DATA,
KR353603GE54,,NO_MARKET_DATA,
KR353603GEB9,,NO_MARKET_DATA,
KR353603GEC7,,NO_MARKET_DATA,
KR353603GF38,,NO_MARKET_DATA,
KR353603GF46,,NO_MARKET_DATA,
KR353603GF79,,NO_MARKET_DATA,
KR354413G9C5,,NO_MARKET_DATA,
KR354413GA15,,NO_MARKET_DATA,
KR354413GA23,,NO_MARKET_DATA,
KR354413GA31,,NO_MARKET_DATA,
KR6000032E92,,NO_MARKET_DATA,
KR354413GA72,,NO_MARKET_DATA,
KR356101DFB5,2.215191682073482,CALCULATED,중간
KR356101DFC3,,NO_MARKET_DATA,
KR356101DG14,,NO_MARKET_DATA,
KR356101DG22,,NO_MARKET_DATA,
KR356102GE38,,NO_MARKET_DATA,
KR6000123B20,,NO_MARKET_DATA,
KR6000123D28,,NO_MARKET_DATA,
KR6000123F42,,NO_MARKET_DATA,
KR6000123G25,,NO_MARKET_DATA,
KR6000124G24,,NO_MARKET_DATA,
KR6000153E38,0.5558159166811744,CALCULATED,중간
KR6005303C46,,NO_MARKET_DATA,
KR350801G459,,NO_MARKET_DATA,
KR350801G467,,NO_MARKET_DATA,
KR356104GF76,,NO_MARKET_DATA,
KR6000882F27,,NO_MARKET_DATA,
KR6000882F92,,NO_MARKET_DATA,
KR6000882G34,,NO_MARKET_DATA,
KR6000883D93,,NO_MARKET_DATA,
KR6000883E27,,NO_MARKET_DATA,
KR6000883F91,,NO_MARKET_DATA,
KR6000883G33,,NO_MARKET_DATA,
KR6000884F90,,NO_MARKET_DATA,
KR60008D1F26,,NO_MARKET_DATA,
KR60008D1F83,,NO_MARKET_DATA,
KR2007024F41,,NO_MARKET_DATA,
KR2007024E59,,NO_MARKET_DATA,
KR2007024E67,,NO_MARKET_DATA,
KR2007024E75,,NO_MARKET_DATA,
KR2007024E83,,NO_MARKET_DATA,
KR2007024E91,,NO_MARKET_DATA,
KR2007024EA4,,NO_MARKET_DATA,
KR2007024EB2,,NO_MARKET_DATA,
KR2007024EC0,,NO_MARKET_DATA,
KR2007024F17,,NO_MARKET_DATA,
KR2007024F25,,NO_MARKET_DATA,
KR355201DF16,,NO_MARKET_DATA,
KR355201DF40,,NO_MARKET_DATA,
KR355201DF57,,NO_MARKET_DATA,
KR381003GFB5,,NO_MARKET_DATA,
KR381003GFC3,,NO_MARKET_DATA,
KR381003GG18,,NO_MARKET_DATA,
KR381003GG26,,NO_MARKET_DATA,
KR381003GG42,,NO_MARKET_DATA,
KR381003GG59,,NO_MARKET_DATA,
KR381003GG67,,NO_MARKET_DATA,
KR381003GG75,,NO_MARKET_DATA,
KR353603GF95,,NO_MARKET_DATA,
KR354410GC16,,NO_MARKET_DATA,
KR354410GC24,,NO_MARKET_DATA,
KR354410GC32,,NO_MARKET_DATA,
KR354410GC65,,NO_MARKET_DATA,
KR354410GC81,,NO_MARKET_DATA,
KR354410GC99,,NO_MARKET_DATA,
KR354410GCB2,,NO_MARKET_DATA,
KR354410GD15,,NO_MARKET_DATA,
KR354410GD23,,NO_MARKET_DATA,
KR356101DG30,,NO_MARKET_DATA,
KR356101DG48,,NO_MARKET_DATA,
KR356101DG55,,NO_MARKET_DATA,
KR356101DG71,,NO_MARKET_DATA,
KR356101DG89,,EXCLUDED_UNSUPPORTED_TYPE,
KR356101G441,,NO_MARKET_DATA,
KR310203GG56,,NO_MARKET_DATA,
KR310203GG64,,NO_MARKET_DATA,
KR310203GG72,,NO_MARKET_DATA,
KR310203GG80,,NO_MARKET_DATA,
KR310203J659,,NO_MARKET_DATA,
KR350801G4B6,,NO_MARKET_DATA,
KR350801G525,,NO_MARKET_DATA,
KR350801G558,,NO_MARKET_DATA,
KR350801G574,,NO_MARKET_DATA,
KR6000141E90,,NO_MARKET_DATA,
KR6000142E99,,NO_MARKET_DATA,
KR6000142F98,,NO_MARKET_DATA,
KR6000152F12,,NO_MARKET_DATA,
KR6005383A58,,NO_MARKET_DATA,
KR6005383B24,,NO_MARKET_DATA,
KR350901D868,,NO_MARKET_DATA,
KR350901D8C7,,NO_MARKET_DATA,
KR350901DB55,,NO_MARKET_DATA,
KR350901DEA9,,NO_MARKET_DATA,
KR350901G473,,NO_MARKET_DATA,
KR350901G4A7,,NO_MARKET_DATA,
KR6006261C85,,NO_MARKET_DATA,
KR6006261E26,,NO_MARKET_DATA,
KR6006261EA4,,NO_MARKET_DATA,
KR6006261F66,,NO_MARKET_DATA,
KR6006262EA2,,NO_MARKET_DATA,
KR2007024F33,,NO_MARKET_DATA,
KR2006022D39,,NO_MARKET_DATA,
KR2006022D47,,NO_MARKET_DATA,
KR2006022D62,,NO_MARKET_DATA,
KR2006022D88,,NO_MARKET_DATA,
KR2006022D96,,NO_MARKET_DATA,
KR2006022DA1,,NO_MARKET_DATA,
KR2006022E12,,NO_MARKET_DATA,
KR2006022E20,,NO_MARKET_DATA,
KR2006022E38,,NO_MARKET_DATA,
KR2006022E46,,NO_MARKET_DATA,
KR381003GG83,,NO_MARKET_DATA,
KR381004GD85,,NO_MARKET_DATA,
KR381004GD93,,NO_MARKET_DATA,
KR6004053D24,,NO_MARKET_DATA,
KR6004053E15,,NO_MARKET_DATA,
KR6004053EA7,,NO_MARKET_DATA,
KR6004053F22,,NO_MARKET_DATA,
KR6004054A26,,NO_MARKET_DATA,
KR6004054B17,,NO_MARKET_DATA,
KR6004054EA5,,NO_MARKET_DATA,
KR356002G789,,NO_MARKET_DATA,
KR356002G847,,NO_MARKET_DATA,
KR356002G854,,NO_MARKET_DATA,
KR356002G862,,NO_MARKET_DATA,
KR2101012G37,,NO_MARKET_DATA,
KR2101012G45,,NO_MARKET_DATA,
KR2101012G52,,NO_MARKET_DATA,
KR2101012G60,,NO_MARKET_DATA,
KR2101012G78,4.769701678273115,CALCULATED,고민감
KR2101012G86,,EXCLUDED_UNSUPPORTED_TYPE,
KR356002G8B1,,NO_MARKET_DATA,
KR310203J667,,NO_MARKET_DATA,
KR6000032EA5,,NO_MARKET_DATA,
KR6000032EB3,,NO_MARKET_DATA,
KR6000032F42,,NO_MARKET_DATA,
KR6000032F59,,NO_MARKET_DATA,
KR6000032F67,,NO_MARKET_DATA,
KR6000032F75,,NO_MARKET_DATA,
KR6000032F83,,NO_MARKET_DATA,
KR6000032F91,,NO_MARKET_DATA,
KR6000032FA2,,NO_MARKET_DATA,
KR6000032FB0,,NO_MARKET_DATA,
KR6005391E21,,NO_MARKET_DATA,
KR6005391F53,,NO_MARKET_DATA,
KR60053J2F69,,NO_MARKET_DATA,
KR60053J3F68,,NO_MARKET_DATA,
KR60053J4F67,,NO_MARKET_DATA,
KR60053J5F66,,NO_MARKET_DATA,
KR60053J6F65,,NO_MARKET_DATA,
KR6011792B27,,NO_MARKET_DATA,
KR6011792EA1,,NO_MARKET_DATA,
KR6011792F80,,NO_MARKET_DATA,
KR6006282E21,,NO_MARKET_DATA,
KR6006282G37,,NO_MARKET_DATA,
KR60062B1F68,,NO_MARKET_DATA,
KR60062C1F66,,NO_MARKET_DATA,
KR60062E1F62,,NO_MARKET_DATA,
KR60125Y1FB8,,NO_MARKET_DATA,
KR60125Z1FB7,,NO_MARKET_DATA,
KR6012631FB5,,NO_MARKET_DATA,
KR6012632FB3,,NO_MARKET_DATA,
KR6012651EB6,,NO_MARKET_DATA,
KR6012651G46,,NO_MARKET_DATA,
KR2006022E53,,NO_MARKET_DATA,
KR2006022E61,,NO_MARKET_DATA,
KR2006022E79,,NO_MARKET_DATA,
KR2006022E95,,NO_MARKET_DATA,
KR2006022EA9,,NO_MARKET_DATA,
KR2006022F29,,NO_MARKET_DATA,
KR2006022F37,,NO_MARKET_DATA,
KR2006022F45,,NO_MARKET_DATA,
KR2006022F52,,NO_MARKET_DATA,
KR2006022F60,,NO_MARKET_DATA,
KR2006022F78,,NO_MARKET_DATA,
KR6004091E50,,NO_MARKET_DATA,
KR6004091F91,,NO_MARKET_DATA,
KR60040B1F56,,NO_MARKET_DATA,
KR6008601F46,,NO_MARKET_DATA,
KR6008601F61,,NO_MARKET_DATA,
KR6008671B60,,NO_MARKET_DATA,
KR6008671C85,,NO_MARKET_DATA,
KR6008671DB2,,NO_MARKET_DATA,
KR6008671E59,,NO_MARKET_DATA,
KR6008671E67,,NO_MARKET_DATA,
KR6008671F25,,NO_MARKET_DATA,
KR356002G995,,NO_MARKET_DATA,
KR356002GA25,,NO_MARKET_DATA,
KR6000011FC2,,NO_MARKET_DATA,
KR60046R1F59,,NO_MARKET_DATA,
KR356002GA82,,NO_MARKET_DATA,
KR356002GA90,,NO_MARKET_DATA,
KR356002GB32,,NO_MARKET_DATA,
KR6000011E48,,EXCLUDED_PERPETUAL,
KR6000011E89,,NO_MARKET_DATA,
KR6000011E97,,NO_MARKET_DATA,
KR6000011EB7,,NO_MARKET_DATA,
KR6004949EA6,,NO_MARKET_DATA,
KR6004949F79,,NO_MARKET_DATA,
KR6004949F95,,NO_MARKET_DATA,
KR600494AE98,,NO_MARKET_DATA,
KR600494AF71,,NO_MARKET_DATA,
KR600494AF97,,NO_MARKET_DATA,
KR600494BE97,,NO_MARKET_DATA,
KR600494BF70,,NO_MARKET_DATA,
KR600494BF96,,NO_MARKET_DATA,
KR600494CF79,,NO_MARKET_DATA,
KR600494CF95,,NO_MARKET_DATA,
KR6011792G22,,NO_MARKET_DATA,
KR60117K1FA6,,NO_MARKET_DATA,
KR60117K1FB4,,NO_MARKET_DATA,
KR60117K2FA4,,NO_MARKET_DATA,
KR60117K3FA2,,NO_MARKET_DATA,
KR60117T1FA7,,NO_MARKET_DATA,
KR6011811A41,,NO_MARKET_DATA,
KR60118E1FB1,,NO_MARKET_DATA,
KR310205J621,,NO_MARKET_DATA,
KR310205J647,,NO_MARKET_DATA,
KR310205J654,,NO_MARKET_DATA,
KR6012652G45,,NO_MARKET_DATA,
KR6012652G60,,NO_MARKET_DATA,
KR6012653G69,,NO_MARKET_DATA,
KR60126A1FB5,,NO_MARKET_DATA,
KR60126B1FB4,,NO_MARKET_DATA,
KR310212GG14,,NO_MARKET_DATA,
KR310212GG48,,NO_MARKET_DATA,
KR310212GG55,,NO_MARKET_DATA,
KR310212GG63,,NO_MARKET_DATA,
KR310212GG71,,NO_MARKET_DATA,
KR310213GBB5,,NO_MARKET_DATA,
KR2006022G77,4.769701678273115,CALCULATED,고민감
KR2006022F86,,NO_MARKET_DATA,
KR2006022F94,,NO_MARKET_DATA,
KR2006022FA6,,NO_MARKET_DATA,
KR2006022FB4,,NO_MARKET_DATA,
KR2006022FC2,,NO_MARKET_DATA,
KR2006022G10,,NO_MARKET_DATA,
KR2006022G28,,NO_MARKET_DATA,
KR2006022G36,,NO_MARKET_DATA,
KR2006022G44,,NO_MARKET_DATA,
KR2006022G51,,NO_MARKET_DATA,
KR6008671F74,,NO_MARKET_DATA,
KR6008671G40,,NO_MARKET_DATA,
KR6008671G65,,NO_MARKET_DATA,
KR2099022C68,,NO_MARKET_DATA,
KR2099022C92,,NO_MARKET_DATA,
KR2099022D26,,NO_MARKET_DATA,
KR2099022D42,,NO_MARKET_DATA,
KR2099022D59,,NO_MARKET_DATA,
KR350107GG26,,NO_MARKET_DATA,
KR2099022D75,,NO_MARKET_DATA,
KR2099022DB7,,NO_MARKET_DATA,
KR6000011F88,,NO_MARKET_DATA,
KR6000011F96,,NO_MARKET_DATA,
KR6000011FA6,,NO_MARKET_DATA,
KR6000011FB4,,NO_MARKET_DATA,
KR6000011G12,,NO_MARKET_DATA,
KR6000011G38,,NO_MARKET_DATA,
KR6004692G51,,NO_MARKET_DATA,
KR60046C1F44,,NO_MARKET_DATA,
KR60046D1F42,,NO_MARKET_DATA,
KR60046E1F40,,NO_MARKET_DATA,
KR60046E1F57,,NO_MARKET_DATA,
KR6010951E15,,NO_MARKET_DATA,
KR6010951E98,,NO_MARKET_DATA,
KR6010951EB2,,NO_MARKET_DATA,
KR6010951F30,,NO_MARKET_DATA,
KR6010951F63,,NO_MARKET_DATA,
KR6010951FA1,,NO_MARKET_DATA,
KR60109529B0,,NO_MARKET_DATA,
KR6010952A34,,NO_MARKET_DATA,
KR6010952C24,,NO_MARKET_DATA,
KR6010952D64,,NO_MARKET_DATA,
KR310205J662,,NO_MARKET_DATA,
KR310205J670,,NO_MARKET_DATA,
KR310205J696,,NO_MARKET_DATA,
KR310205J6B4,,NO_MARKET_DATA,
KR3102064T51,,NO_MARKET_DATA,
KR3102064V24,,NO_MARKET_DATA,
KR310206GD15,,NO_MARKET_DATA,
KR350801G996,,NO_MARKET_DATA,
KR354401JC48,,NO_MARKET_DATA,
KR310206GD23,,NO_MARKET_DATA,
KR350801G582,,NO_MARKET_DATA,
KR310213GC74,,NO_MARKET_DATA,
KR310213GC82,,NO_MARKET_DATA,
KR310213GCB3,,NO_MARKET_DATA,
KR310213GD57,,NO_MARKET_DATA,
KR310213GE72,,NO_MARKET_DATA,
KR350901G4C3,,NO_MARKET_DATA,
KR350901G556,,NO_MARKET_DATA,
KR350901G614,,NO_MARKET_DATA,
KR350901G630,,NO_MARKET_DATA,
KR350901G663,,NO_MARKET_DATA,
KR2006022G69,,NO_MARKET_DATA,
KR2006022G85,,EXCLUDED_UNSUPPORTED_TYPE,
KR2006024C12,,NO_MARKET_DATA,
KR2006024C20,,NO_MARKET_DATA,
KR2006024C61,,NO_MARKET_DATA,
KR2006024C87,,NO_MARKET_DATA,
KR2006024C95,,NO_MARKET_DATA,
KR2006024CA9,,NO_MARKET_DATA,
KR2006024D11,,NO_MARKET_DATA,
KR2006024D29,,NO_MARKET_DATA,
KR2006024D37,,NO_MARKET_DATA,
KR2099022E17,,NO_MARKET_DATA,
KR2099022E25,,NO_MARKET_DATA,
KR2099022E33,,NO_MARKET_DATA,
KR2099022E41,,NO_MARKET_DATA,
KR350107GF35,,NO_MARKET_DATA,
KR350107GF43,,NO_MARKET_DATA,
KR350107GF50,,NO_MARKET_DATA,
KR350107GF68,,NO_MARKET_DATA,
KR350107GG18,,NO_MARKET_DATA,
KR350107GG42,,NO_MARKET_DATA,
KR350107GG59,,NO_MARKET_DATA,
KR60046F1F47,,NO_MARKET_DATA,
KR60046L1F45,,NO_MARKET_DATA,
KR60046L1F52,,NO_MARKET_DATA,
KR60046M1F43,,NO_MARKET_DATA,
KR60046S1F40,,NO_MARKET_DATA,
KR60097K2F80,,NO_MARKET_DATA,
KR60097N1F85,,NO_MARKET_DATA,
KR60097T1F82,,NO_MARKET_DATA,
KR60097Y1FA4,,NO_MARKET_DATA,
KR6009811E25,,NO_MARKET_DATA,
KR6009831D89,,NO_MARKET_DATA,
KR310201J729,,NO_MARKET_DATA,
KR310201JD41,,NO_MARKET_DATA,
KR310201JE73,,NO_MARKET_DATA,
KR310202AFA4,,NO_MARKET_DATA,
KR310202AFB2,,NO_MARKET_DATA,
KR350703G3A9,,NO_MARKET_DATA,
KR3544019T92,,NO_MARKET_DATA,
KR310202AG12,,NO_MARKET_DATA,
KR310202AG20,,NO_MARKET_DATA,
KR310202AG46,,NO_MARKET_DATA,
KR310202D8A1,,NO_MARKET_DATA,
KR350801G632,,NO_MARKET_DATA,
KR350801G665,,NO_MARKET_DATA,
KR350801G855,,NO_MARKET_DATA,
KR350801G921,,NO_MARKET_DATA,
KR350801G939,,NO_MARKET_DATA,
KR350801G947,,NO_MARKET_DATA,
KR350801G954,,NO_MARKET_DATA,
KR350801G962,,NO_MARKET_DATA,
KR354401JC55,,NO_MARKET_DATA,
KR354401JC63,,NO_MARKET_DATA,
KR350901G671,,NO_MARKET_DATA,
KR350901G6C8,,NO_MARKET_DATA,
KR350901G747,,NO_MARKET_DATA,
KR350901G7C6,,NO_MARKET_DATA,
KR350901G812,,NO_MARKET_DATA,
KR354402J969,,NO_MARKET_DATA,
KR354402J985,,NO_MARKET_DATA,
KR354402J993,,NO_MARKET_DATA,
KR354402J9A9,,NO_MARKET_DATA,
KR354402J9B7,,NO_MARKET_DATA,
KR2006024D45,,NO_MARKET_DATA,
KR2006024D52,,NO_MARKET_DATA,
KR2006024D60,,NO_MARKET_DATA,
KR2006024D78,,NO_MARKET_DATA,
KR2006024D86,,NO_MARKET_DATA,
KR2006024D94,,NO_MARKET_DATA,
KR2006024DB5,,NO_MARKET_DATA,
KR2006024E10,,NO_MARKET_DATA,
KR2006024E44,,NO_MARKET_DATA,
KR2006024E69,,NO_MARKET_DATA,
KR2006024E77,,NO_MARKET_DATA,
KR350107GG67,,NO_MARKET_DATA,
KR350108G376,,NO_MARKET_DATA,
KR350108G3B8,,NO_MARKET_DATA,
KR353102DE12,,NO_MARKET_DATA,
KR353102DE20,,NO_MARKET_DATA,
KR353102DE87,,NO_MARKET_DATA,
KR353102DEB9,,NO_MARKET_DATA,
KR353102GEC0,,NO_MARKET_DATA,
KR353103GEC8,,NO_MARKET_DATA,
KR353201GC11,,NO_MARKET_DATA,
KR6009831E88,,NO_MARKET_DATA,
KR6009832C14,,NO_MARKET_DATA,
KR6009832F29,,NO_MARKET_DATA,
KR60098339A9,,NO_MARKET_DATA,
KR6009833D61,,NO_MARKET_DATA,
KR2100012EB3,,NO_MARKET_DATA,
KR2100012EC1,,NO_MARKET_DATA,
KR2100012F14,,NO_MARKET_DATA,
KR2100012F22,,NO_MARKET_DATA,
KR2100012F30,,NO_MARKET_DATA,
KR310202D928,,NO_MARKET_DATA,
KR310202D951,,NO_MARKET_DATA,
KR3507037264,,NO_MARKET_DATA,
KR35070372C0,,NO_MARKET_DATA,
KR3507037322,,NO_MARKET_DATA,
KR3507037T22,,NO_MARKET_DATA,
KR3507037W43,,NO_MARKET_DATA,
KR350703G4A7,,NO_MARKET_DATA,
KR350703G5B2,,NO_MARKET_DATA,
KR350703G739,,NO_MARKET_DATA,
KR354401JC71,,NO_MARKET_DATA,
KR354401JC89,,NO_MARKET_DATA,
KR354401JC97,,NO_MARKET_DATA,
KR354401JCB5,,NO_MARKET_DATA,
KR354401JCC3,,NO_MARKET_DATA,
KR354401JD13,,NO_MARKET_DATA,
KR354401JD21,,NO_MARKET_DATA,
KR354415G7C7,,NO_MARKET_DATA,
KR354415G835,,NO_MARKET_DATA,
KR354415G843,,NO_MARKET_DATA,
KR354402J9C5,,NO_MARKET_DATA,
KR354402JA15,,NO_MARKET_DATA,
KR354402JA23,,NO_MARKET_DATA,
KR354402JA31,,NO_MARKET_DATA,
KR354402JA49,,NO_MARKET_DATA,
KR354416GG57,,NO_MARKET_DATA,
KR354416GG65,,NO_MARKET_DATA,
KR354416GG73,,NO_MARKET_DATA,
KR3544177222,,NO_MARKET_DATA,
KR3544177263,,NO_MARKET_DATA,
KR2006024E85,,NO_MARKET_DATA,
KR2006024E93,,NO_MARKET_DATA,
KR2006024EA5,,NO_MARKET_DATA,
KR2006024EB3,,NO_MARKET_DATA,
KR2006024EC1,,NO_MARKET_DATA,
KR2006031A56,,NO_MARKET_DATA,
KR2006034E59,,NO_MARKET_DATA,
KR2006041G33,,NO_MARKET_DATA,
KR2006041G74,,NO_MARKET_DATA,
KR2006121G28,,NO_MARKET_DATA,
KR2006161G11,,NO_MARKET_DATA,
KR353201GD93,,NO_MARKET_DATA,
KR353201GDA6,,NO_MARKET_DATA,
KR353201GE43,,NO_MARKET_DATA,
KR354408GDA6,,NO_MARKET_DATA,
KR354408GDB4,,NO_MARKET_DATA,
KR354408GDC2,,NO_MARKET_DATA,
KR354408GE18,,NO_MARKET_DATA,
KR354408GE26,,NO_MARKET_DATA,
KR354408GE34,,NO_MARKET_DATA,
KR354408GE42,,NO_MARKET_DATA,
KR2100012F48,,NO_MARKET_DATA,
KR2100012F55,,NO_MARKET_DATA,
KR2100012F63,,NO_MARKET_DATA,
KR2100012F71,,NO_MARKET_DATA,
KR2100012F89,,NO_MARKET_DATA,
KR3507017W47,,NO_MARKET_DATA,
KR350701D8B1,,NO_MARKET_DATA,
KR350701G477,,NO_MARKET_DATA,
KR350701G4A9,,NO_MARKET_DATA,
KR350701G543,,NO_MARKET_DATA,
KR350703G796,,NO_MARKET_DATA,
KR3544019S93,,NO_MARKET_DATA,
KR3544019SA2,,NO_MARKET_DATA,
KR3544019SB0,,NO_MARKET_DATA,
KR3544019SC8,,NO_MARKET_DATA,
KR3544019T27,,NO_MARKET_DATA,
KR3544019T43,,NO_MARKET_DATA,
KR3544019T68,,NO_MARKET_DATA,
KR3544019TA0,,NO_MARKET_DATA,
KR3544019TB8,,NO_MARKET_DATA,
KR354415G868,,NO_MARKET_DATA,
KR354415G876,,NO_MARKET_DATA,
KR354415G884,,NO_MARKET_DATA,
KR354415G8A9,,NO_MARKET_DATA,
KR354415G8C5,,NO_MARKET_DATA,
KR354415G942,,NO_MARKET_DATA,
KR354415G983,,NO_MARKET_DATA,
KR356102GE61,,NO_MARKET_DATA,
KR356102GE79,,NO_MARKET_DATA,
KR356102GE87,,NO_MARKET_DATA,
KR3544177271,,NO_MARKET_DATA,
KR3544177289,,NO_MARKET_DATA,
KR3544177297,,NO_MARKET_DATA,
KR3544177W79,,NO_MARKET_DATA,
KR354417G377,,NO_MARKET_DATA,
KR356104GFA4,,NO_MARKET_DATA,
KR356104GFB2,,NO_MARKET_DATA,
KR356104GFC0,,NO_MARKET_DATA,
KR356104GG18,,NO_MARKET_DATA,
KR356104GG26,,NO_MARKET_DATA,
KR356104GG34,,NO_MARKET_DATA,
KR2007011C31,,NO_MARKET_DATA,
KR2007011F20,,NO_MARKET_DATA,
KR2007011G11,,NO_MARKET_DATA,
KR2007011G29,,NO_MARKET_DATA,
KR2007012B80,,NO_MARKET_DATA,
KR2007012B98,,NO_MARKET_DATA,
KR2007012C14,,NO_MARKET_DATA,
KR2007012C22,,NO_MARKET_DATA,
KR2007012C30,,NO_MARKET_DATA,
KR2007012C48,,NO_MARKET_DATA,
KR2007012C55,,NO_MARKET_DATA,
KR354408GE59,,NO_MARKET_DATA,
KR354408GE67,,NO_MARKET_DATA,
KR354408GE75,,NO_MARKET_DATA,
KR355201GE22,,NO_MARKET_DATA,
KR355201GE48,,NO_MARKET_DATA,
KR355201GE97,,NO_MARKET_DATA,
KR355201GEC8,,NO_MARKET_DATA,
KR355201GF13,,NO_MARKET_DATA,
KR355201GF39,,NO_MARKET_DATA,
KR355201GF70,,NO_MARKET_DATA,
KR350701G550,,NO_MARKET_DATA,
KR350701G592,,NO_MARKET_DATA,
KR350701G5A6,,NO_MARKET_DATA,
KR350701G626,,NO_MARKET_DATA,
KR350701G659,,NO_MARKET_DATA,
KR353603GFC4,,NO_MARKET_DATA,
KR353603GG11,,NO_MARKET_DATA,
KR353603GG29,,NO_MARKET_DATA,
KR353603GG45,,NO_MARKET_DATA,
KR353603GG78,,NO_MARKET_DATA,
KR354413GA80,,NO_MARKET_DATA,
KR354413GAA2,,NO_MARKET_DATA,
KR354413GAB0,,NO_MARKET_DATA,
KR354413GB22,,NO_MARKET_DATA,
KR354413GB55,,NO_MARKET_DATA,
KR354413GB89,,NO_MARKET_DATA,
KR354413GBC6,,NO_MARKET_DATA,
KR354413GC39,,NO_MARKET_DATA,
KR354413GC70,,NO_MARKET_DATA,
KR354413GCB6,,NO_MARKET_DATA,
KR356102GE95,,NO_MARKET_DATA,
KR356102GEB9,,NO_MARKET_DATA,
KR356102GF11,,NO_MARKET_DATA,
KR356102GF29,,NO_MARKET_DATA,
KR356102GF37,,NO_MARKET_DATA,
KR356102GF52,,NO_MARKET_DATA,
KR356102GF60,,NO_MARKET_DATA,
KR356102GF78,,NO_MARKET_DATA,
KR60053J7F64,,NO_MARKET_DATA,
KR6000153F11,1.3579057356681947,CALCULATED,중간
KR60001B1EC5,,NO_MARKET_DATA,
KR356104GG42,,NO_MARKET_DATA,
KR356104GG59,,NO_MARKET_DATA,
KR356104GG67,,NO_MARKET_DATA,
KR356104GG75,,NO_MARKET_DATA,
KR356104JG15,,NO_MARKET_DATA,
KR60008KKF10,,NO_MARKET_DATA,
KR60008KLF19,,NO_MARKET_DATA,
KR60008KMF18,,NO_MARKET_DATA,
KR60008KNF17,,NO_MARKET_DATA,
KR60062J1F61,,NO_MARKET_DATA,
KR2007012C63,,NO_MARKET_DATA,
KR2007012C71,,NO_MARKET_DATA,
KR2007012C89,,NO_MARKET_DATA,
KR2007012C97,,NO_MARKET_DATA,
KR2007012CA3,,NO_MARKET_DATA,
KR2007012CB1,,NO_MARKET_DATA,
KR2007012CC9,,NO_MARKET_DATA,
KR2007012D13,,NO_MARKET_DATA,
KR2007012D21,,NO_MARKET_DATA,
KR2007012D39,,NO_MARKET_DATA,
KR2007012D62,,NO_MARKET_DATA,
KR355201GFC5,,NO_MARKET_DATA,
KR355201GG38,,NO_MARKET_DATA,
KR355201GG46,,NO_MARKET_DATA,
KR381004GDA0,,NO_MARKET_DATA,
KR381004GE35,,NO_MARKET_DATA,
KR381004GE50,,NO_MARKET_DATA,
KR381004GE68,,NO_MARKET_DATA,
KR381004GE76,,NO_MARKET_DATA,
KR381004GE92,,NO_MARKET_DATA,
KR381004GEA8,,NO_MARKET_DATA,
KR353604DB83,,NO_MARKET_DATA,
KR353604GEB7,,NO_MARKET_DATA,
KR353604GF29,,NO_MARKET_DATA,
KR353604GF37,,NO_MARKET_DATA,
KR353604GF45,,NO_MARKET_DATA,
KR356002GBB7,,NO_MARKET_DATA,
KR354410GD31,,NO_MARKET_DATA,
KR354410GD49,,NO_MARKET_DATA,
KR354410GD72,,NO_MARKET_DATA,
KR354410GD80,,NO_MARKET_DATA,
KR356101G458,,NO_MARKET_DATA,
KR356101G4C8,,NO_MARKET_DATA,
KR356101G540,,NO_MARKET_DATA,
KR356101G557,,NO_MARKET_DATA,
KR356101G599,,NO_MARKET_DATA,
KR356101G5B7,,NO_MARKET_DATA,
KR356101G615,,NO_MARKET_DATA,
KR356101G623,,NO_MARKET_DATA,
KR356101G649,,NO_MARKET_DATA,
KR356101G672,,NO_MARKET_DATA,
KR60001D1G38,,NO_MARKET_DATA,
KR60001D2G37,,NO_MARKET_DATA,
KR6000211A81,,NO_MARKET_DATA,
KR6000212A80,,NO_MARKET_DATA,
KR6000222D51,,NO_MARKET_DATA,
KR6000251F95,,NO_MARKET_DATA,
KR6000273A45,,NO_MARKET_DATA,
KR6000273B36,,NO_MARKET_DATA,
KR60002F1F32,,NO_MARKET_DATA,
KR60053J8F63,,NO_MARKET_DATA,
KR60062M1F65,,NO_MARKET_DATA,
KR60008KPF15,,NO_MARKET_DATA,
KR60008KQF14,,NO_MARKET_DATA,
KR60008KRF13,,NO_MARKET_DATA,
KR60008KSF12,,NO_MARKET_DATA,
KR60008KTF11,,NO_MARKET_DATA,
KR60008R1F26,,NO_MARKET_DATA,
KR60062F1F69,,NO_MARKET_DATA,
KR60062G1F67,,NO_MARKET_DATA,
KR60062H1F65,,NO_MARKET_DATA,
KR2007022D45,,NO_MARKET_DATA,
KR2007012D70,,NO_MARKET_DATA,
KR2007012DA1,,NO_MARKET_DATA,
KR2007012DB9,,NO_MARKET_DATA,
KR2007012DC7,,NO_MARKET_DATA,
KR2007012EC5,,NO_MARKET_DATA,
KR2007014B88,,NO_MARKET_DATA,
KR2007014B96,,NO_MARKET_DATA,
KR2007014BC7,,NO_MARKET_DATA,
KR2007022BA4,,NO_MARKET_DATA,
KR2007022BB2,,NO_MARKET_DATA,
KR60040CDF43,,NO_MARKET_DATA,
KR381004GEB6,,NO_MARKET_DATA,
KR381004GF42,,NO_MARKET_DATA,
KR381004GF67,,NO_MARKET_DATA,
KR381004GF83,,NO_MARKET_DATA,
KR60040B1FC5,,NO_MARKET_DATA,
KR60040B2F55,,NO_MARKET_DATA,
KR60040C9F49,,NO_MARKET_DATA,
KR60040CAF46,,NO_MARKET_DATA,
KR60040CBF45,,NO_MARKET_DATA,
KR354410GD98,,NO_MARKET_DATA,
KR354410GDA2,,NO_MARKET_DATA,
KR354410GDB0,,NO_MARKET_DATA,
KR354410GDC8,,NO_MARKET_DATA,
KR354410GE14,,NO_MARKET_DATA,
KR354410GE22,,NO_MARKET_DATA,
KR356002GBA9,,NO_MARKET_DATA,
KR356002GBC5,,NO_MARKET_DATA,
KR356002GCA7,,NO_MARKET_DATA,
KR356002GCB5,,NO_MARKET_DATA,
KR356002GD22,,NO_MARKET_DATA,
KR6000032FC8,,NO_MARKET_DATA,
KR6000032G25,,NO_MARKET_DATA,
KR6000032G33,,NO_MARKET_DATA,
KR6000032G41,,NO_MARKET_DATA,
KR6000032G58,,NO_MARKET_DATA,
KR6000032G66,,NO_MARKET_DATA,
KR6000032G74,,NO_MARKET_DATA,
KR6000033B52,,NO_MARKET_DATA,
KR6000033E34,,NO_MARKET_DATA,
KR6000033E83,,NO_MARKET_DATA,
KR6000033EB1,,NO_MARKET_DATA,
KR60053J9F62,,NO_MARKET_DATA,
KR60053K1F76,,NO_MARKET_DATA,
KR60053P1F59,,NO_MARKET_DATA,
KR60053P2F58,,NO_MARKET_DATA,
KR6005441F79,,NO_MARKET_DATA,
KR6005442F78,,NO_MARKET_DATA,
KR6005451FB7,,NO_MARKET_DATA,
KR6005451G67,,NO_MARKET_DATA,
KR60118E2FB9,,NO_MARKET_DATA,
KR60118F1FB0,,NO_MARKET_DATA,
KR60118F2FB8,,NO_MARKET_DATA,
KR60062H1G64,,NO_MARKET_DATA,
KR60062P1F68,,NO_MARKET_DATA,
KR60062R1F64,,NO_MARKET_DATA,
KR60062S1F62,,NO_MARKET_DATA,
KR60062T1F60,,NO_MARKET_DATA,
KR60062V1F66,,NO_MARKET_DATA,
KR60126D1FB2,,NO_MARKET_DATA,
KR60126E1FB1,,NO_MARKET_DATA,
KR60126E1G64,,NO_MARKET_DATA,
KR60126F1FB0,,NO_MARKET_DATA,
KR60126G1FB9,,NO_MARKET_DATA,
KR2007022BC0,,NO_MARKET_DATA,
KR2007022D52,,NO_MARKET_DATA,
KR2007022D86,,NO_MARKET_DATA,
KR2007022D94,,NO_MARKET_DATA,
KR2007022E10,,NO_MARKET_DATA,
KR2007022E28,,NO_MARKET_DATA,
KR2007022E36,,NO_MARKET_DATA,
KR2007022E44,,NO_MARKET_DATA,
KR2007022E51,,NO_MARKET_DATA,
KR2007022E69,,NO_MARKET_DATA,
KR2007022E77,,NO_MARKET_DATA,
KR60040CCF44,,NO_MARKET_DATA,
KR60040CEF42,,NO_MARKET_DATA,
KR60040CFF41,,NO_MARKET_DATA,
KR60040CGF40,,NO_MARKET_DATA,
KR6008671G73,,NO_MARKET_DATA,
KR6008672E17,,NO_MARKET_DATA,
KR6008672E25,,NO_MARKET_DATA,
KR6008672E33,,NO_MARKET_DATA,
KR6008672E74,,NO_MARKET_DATA,
KR6008672F24,,NO_MARKET_DATA,
KR356002GD30,,NO_MARKET_DATA,
KR356002GD48,,NO_MARKET_DATA,
KR356002GD89,,NO_MARKET_DATA,
KR356002GD97,,NO_MARKET_DATA,
KR356002GDA5,,NO_MARKET_DATA,
KR6000011G46,,NO_MARKET_DATA,
KR6000011G53,,NO_MARKET_DATA,
KR6000011G61,,NO_MARKET_DATA,
KR6000011G79,,NO_MARKET_DATA,
KR6000011G87,,NO_MARKET_DATA,
KR60000125C5,,NO_MARKET_DATA,
KR600494DF78,,NO_MARKET_DATA,
KR600494DF94,,NO_MARKET_DATA,
KR600494EF77,,NO_MARKET_DATA,
KR600494EF93,,NO_MARKET_DATA,
KR600494FF92,,NO_MARKET_DATA,
KR6004961EA1,,NO_MARKET_DATA,
KR6004961F72,,NO_MARKET_DATA,
KR6004961FA8,,NO_MARKET_DATA,
KR6004962E31,,NO_MARKET_DATA,
KR60109539B9,,NO_MARKET_DATA,
KR6004962F71,,NO_MARKET_DATA,
KR60118H1G15,,NO_MARKET_DATA,
KR60118H2G14,,NO_MARKET_DATA,
KR60118J1FA8,,NO_MARKET_DATA,
KR60118R1FB6,,NO_MARKET_DATA,
KR6011911F45,,NO_MARKET_DATA,
KR6011912C47,,NO_MARKET_DATA,
KR6011912F44,,NO_MARKET_DATA,
KR6011913F43,,NO_MARKET_DATA,
KR310209GD87,,NO_MARKET_DATA,
KR310209GE78,,NO_MARKET_DATA,
KR310209GE86,,NO_MARKET_DATA,
KR60126H1FB8,,NO_MARKET_DATA,
KR60126J1FB6,,NO_MARKET_DATA,
KR60126K1FB3,,NO_MARKET_DATA,
KR60126L1FB2,,NO_MARKET_DATA,
KR60126P1FB8,,NO_MARKET_DATA,
KR60126R1FB6,,NO_MARKET_DATA,
KR310222GG61,,NO_MARKET_DATA,
KR310223GFB5,,NO_MARKET_DATA,
KR3105017338,,NO_MARKET_DATA,
KR310501AF94,,NO_MARKET_DATA,
KR310501AFB7,,NO_MARKET_DATA,
KR2007022E85,,NO_MARKET_DATA,
KR2007022E93,,NO_MARKET_DATA,
KR2007022EA8,,NO_MARKET_DATA,
KR2007022EB6,,NO_MARKET_DATA,
KR2007022F19,,NO_MARKET_DATA,
KR2007022F27,,NO_MARKET_DATA,
KR2007022F35,,NO_MARKET_DATA,
KR2007022F43,,NO_MARKET_DATA,
KR2007022F84,,NO_MARKET_DATA,
KR2007022FB3,,NO_MARKET_DATA,
KR2007022G18,,NO_MARKET_DATA,
KR6008672F73,,NO_MARKET_DATA,
KR6008672G49,,NO_MARKET_DATA,
KR6008672G72,,NO_MARKET_DATA,
KR6008691E30,,NO_MARKET_DATA,
KR6008691E55,,NO_MARKET_DATA,
KR2088022F68,,NO_MARKET_DATA,
KR2088022F76,,NO_MARKET_DATA,
KR2088022F84,,NO_MARKET_DATA,
KR2088022F92,,NO_MARKET_DATA,
KR2088022FA7,,NO_MARKET_DATA,
KR2088022FB5,,NO_MARKET_DATA,
KR6000012627,,NO_MARKET_DATA,
KR60000126C3,,NO_MARKET_DATA,
KR6000012833,,NO_MARKET_DATA,
KR6000012A25,,NO_MARKET_DATA,
KR6000012A90,,NO_MARKET_DATA,
KR60046S1F57,,NO_MARKET_DATA,
KR60046T1F48,,NO_MARKET_DATA,
KR60046V1F69,,NO_MARKET_DATA,
KR6004711F42,,NO_MARKET_DATA,
KR6004711F59,,NO_MARKET_DATA,
KR6004711F67,,NO_MARKET_DATA,
KR6004962FA6,,NO_MARKET_DATA,
KR6010952E14,,NO_MARKET_DATA,
KR6010952E97,,NO_MARKET_DATA,
KR6010952EB0,,NO_MARKET_DATA,
KR6010952F39,,NO_MARKET_DATA,
KR6010952F62,,NO_MARKET_DATA,
KR6010952FA9,,NO_MARKET_DATA,
KR6010953695,,NO_MARKET_DATA,
KR6010953729,,NO_MARKET_DATA,
KR6010953968,,NO_MARKET_DATA,
KR310204D7A1,,NO_MARKET_DATA,
KR310209GEA9,,NO_MARKET_DATA,
KR310209GEC5,,NO_MARKET_DATA,
KR310209GF10,,NO_MARKET_DATA,
KR310209GF51,,NO_MARKET_DATA,
KR310209GF69,,NO_MARKET_DATA,
KR310209GF85,,NO_MARKET_DATA,
KR310209GF93,,NO_MARKET_DATA,
KR310209GFA6,,NO_MARKET_DATA,
KR350801GA21,,NO_MARKET_DATA,
KR350801GA47,,NO_MARKET_DATA,
KR350801GA54,,NO_MARKET_DATA,
KR310501AG10,,NO_MARKET_DATA,
KR310501AG28,,NO_MARKET_DATA,
KR310501AG36,,NO_MARKET_DATA,
KR310501AG44,,NO_MARKET_DATA,
KR310501AG51,,NO_MARKET_DATA,
KR310501AG69,,NO_MARKET_DATA,
KR350901G820,,NO_MARKET_DATA,
KR350901G895,,NO_MARKET_DATA,
KR350901G8B6,,NO_MARKET_DATA,
KR350901G960,,NO_MARKET_DATA,
KR2007022G26,,NO_MARKET_DATA,
KR2022022E35,,NO_MARKET_DATA,
KR2022022E43,,NO_MARKET_DATA,
KR2022022E50,,NO_MARKET_DATA,
KR2022022E68,,NO_MARKET_DATA,
KR2022022E76,,NO_MARKET_DATA,
KR2022022E84,,NO_MARKET_DATA,
KR2022022E92,,NO_MARKET_DATA,
KR2022022EA9,,NO_MARKET_DATA,
KR2022022EB7,,NO_MARKET_DATA,
KR2022022EC5,,NO_MARKET_DATA,
KR2088022FC3,,NO_MARKET_DATA,
KR2055022G33,,NO_MARKET_DATA,
KR2055022G41,,NO_MARKET_DATA,
KR2055022G58,,NO_MARKET_DATA,
KR2055022G66,,NO_MARKET_DATA,
KR2055022G74,4.769701678273115,CALCULATED,고민감
KR2055022G82,,EXCLUDED_UNSUPPORTED_TYPE,
KR2066012B86,,NO_MARKET_DATA,
KR2066012B94,,NO_MARKET_DATA,
KR2066012C85,,NO_MARKET_DATA,
KR2066012CA1,,NO_MARKET_DATA,
KR6004711F75,,NO_MARKET_DATA,
KR6004711G17,,NO_MARKET_DATA,
KR6004711G33,,NO_MARKET_DATA,
KR6004711G58,,NO_MARKET_DATA,
KR6004712E91,,NO_MARKET_DATA,
KR6009833E11,,NO_MARKET_DATA,
KR6009833F28,,NO_MARKET_DATA,
KR6009834E10,,NO_MARKET_DATA,
KR60098E1G32,,NO_MARKET_DATA,
KR60098E2G31,,NO_MARKET_DATA,
KR310204D7B9,,NO_MARKET_DATA,
KR310204D7C7,,NO_MARKET_DATA,
KR310204D841,,NO_MARKET_DATA,
KR310204D858,,NO_MARKET_DATA,
KR310204D882,,NO_MARKET_DATA,
KR310204D924,,NO_MARKET_DATA,
KR310204DBA3,,NO_MARKET_DATA,
KR310204DC11,,NO_MARKET_DATA,
KR310204GC67,,NO_MARKET_DATA,
KR310204GCB2,,NO_MARKET_DATA,
KR350703G929,,NO_MARKET_DATA,
KR350801GA62,,NO_MARKET_DATA,
KR350801GA70,,NO_MARKET_DATA,
KR350801GB46,,NO_MARKET_DATA,
KR350801GB61,,NO_MARKET_DATA,
KR350801GB87,,NO_MARKET_DATA,
KR350801GBB8,,NO_MARKET_DATA,
KR350801GC29,,NO_MARKET_DATA,
KR354401JD39,,NO_MARKET_DATA,
KR354415G9C3,,NO_MARKET_DATA,
KR356102GG10,,NO_MARKET_DATA,
KR354401JD47,,NO_MARKET_DATA,
KR350901G978,,NO_MARKET_DATA,
KR350901GE18,,NO_MARKET_DATA,
KR350901GE26,,NO_MARKET_DATA,
KR350901GE34,,NO_MARKET_DATA,
KR350901GE42,,NO_MARKET_DATA,
KR350901GE91,,NO_MARKET_DATA,
KR354402JA56,,NO_MARKET_DATA,
KR354402JA64,,NO_MARKET_DATA,
KR354402JA72,,NO_MARKET_DATA,
KR354402JA80,,NO_MARKET_DATA,
KR2022022F18,,NO_MARKET_DATA,
KR2022022F42,,NO_MARKET_DATA,
KR2022022F59,,NO_MARKET_DATA,
KR2022022F67,,NO_MARKET_DATA,
KR2022022F75,,NO_MARKET_DATA,
KR2022022F83,,NO_MARKET_DATA,
KR2022022F91,,NO_MARKET_DATA,
KR2022022FA6,,NO_MARKET_DATA,
KR2022022FB4,,NO_MARKET_DATA,
KR2022022FC2,,NO_MARKET_DATA,
KR2022022G17,,NO_MARKET_DATA,
KR2066012CB9,,NO_MARKET_DATA,
KR2066012D27,,NO_MARKET_DATA,
KR2066012D35,,NO_MARKET_DATA,
KR2066012DA9,,NO_MARKET_DATA,
KR2066012F17,,NO_MARKET_DATA,
KR2066012F25,,NO_MARKET_DATA,
KR2066022BA2,,NO_MARKET_DATA,
KR2066022BB0,,NO_MARKET_DATA,
KR2066022BC8,,NO_MARKET_DATA,
KR2066022C18,,NO_MARKET_DATA,
KR60098M1F85,,NO_MARKET_DATA,
KR60098M1G27,,NO_MARKET_DATA,
KR60098T1F80,,NO_MARKET_DATA,
KR60098V1F94,,NO_MARKET_DATA,
KR60099W1F82,,NO_MARKET_DATA,
KR310101GG59,,NO_MARKET_DATA,
KR353604GF94,,NO_MARKET_DATA,
KR353604GFC2,,NO_MARKET_DATA,
KR310101GG75,,NO_MARKET_DATA,
KR310102AG54,,NO_MARKET_DATA,
KR310102AG62,,NO_MARKET_DATA,
KR350703G945,,NO_MARKET_DATA,
KR350703G9C2,,NO_MARKET_DATA,
KR350703GA38,,NO_MARKET_DATA,
KR350703GA53,,NO_MARKET_DATA,
KR350703GAA0,,NO_MARKET_DATA,
KR350703GAC6,,NO_MARKET_DATA,
KR350703GB37,,NO_MARKET_DATA,
KR350703GB45,,NO_MARKET_DATA,
KR350703GB78,,NO_MARKET_DATA,
KR3544019TC6,,NO_MARKET_DATA,
KR354401JD54,,NO_MARKET_DATA,
KR354401JD62,,NO_MARKET_DATA,
KR354401JD70,,NO_MARKET_DATA,
KR354401JD88,,NO_MARKET_DATA,
KR354401JD96,,NO_MARKET_DATA,
KR354401JDA5,,NO_MARKET_DATA,
KR354401JDB3,,NO_MARKET_DATA,
KR354401JDC1,,NO_MARKET_DATA,
KR354415G9A7,,NO_MARKET_DATA,
KR354415G9B5,,NO_MARKET_DATA,
KR354402JA98,,NO_MARKET_DATA,
KR354417G534,,NO_MARKET_DATA,
KR354402JAA9,,NO_MARKET_DATA,
KR354402JAB7,,NO_MARKET_DATA,
KR354402JAC5,,NO_MARKET_DATA,
KR354402JB14,,NO_MARKET_DATA,
KR354402JB22,,NO_MARKET_DATA,
KR354417G393,,NO_MARKET_DATA,
KR354417G3A8,,NO_MARKET_DATA,
KR354417G3B6,,NO_MARKET_DATA,
KR2022022G25,,NO_MARKET_DATA,
KR2022022G33,,NO_MARKET_DATA,
KR2022022G41,,NO_MARKET_DATA,
KR2022022G58,,NO_MARKET_DATA,
KR2022022G66,,NO_MARKET_DATA,
KR2022022G74,4.769701678273115,CALCULATED,고민감
KR2022022G82,,EXCLUDED_UNSUPPORTED_TYPE,
KR2033012B86,,NO_MARKET_DATA,
KR2033012B94,,NO_MARKET_DATA,
KR2033012D19,,NO_MARKET_DATA,
KR2033012D27,,NO_MARKET_DATA,
KR2066022C26,,NO_MARKET_DATA,
KR2066022C34,,NO_MARKET_DATA,
KR2066022C42,,NO_MARKET_DATA,
KR2066022C59,0.7789124554062684,CALCULATED,중간
KR2066022C67,,NO_MARKET_DATA,
KR2066022C75,,NO_MARKET_DATA,
KR2066022C91,,NO_MARKET_DATA,
KR2066022CC6,,NO_MARKET_DATA,
KR2066022D17,,NO_MARKET_DATA,
KR2066022D41,,NO_MARKET_DATA,
KR310102AG70,,NO_MARKET_DATA,
KR310102GD93,,NO_MARKET_DATA,
KR310102GE35,,NO_MARKET_DATA,
KR310102GE92,,NO_MARKET_DATA,
KR310102GF34,,NO_MARKET_DATA,
KR310102GF91,,NO_MARKET_DATA,
KR310102GG17,,NO_MARKET_DATA,
KR310102GG33,,NO_MARKET_DATA,
KR350701G667,,NO_MARKET_DATA,
KR350701G675,,NO_MARKET_DATA,
KR350701G6B2,,NO_MARKET_DATA,
KR3544019V15,,NO_MARKET_DATA,
KR3544019V23,,NO_MARKET_DATA,
KR3544019V49,,NO_MARKET_DATA,
KR3544019V56,,NO_MARKET_DATA,
KR3544019V64,,NO_MARKET_DATA,
KR3544019V72,,NO_MARKET_DATA,
KR3544019V80,,NO_MARKET_DATA,
KR3544019W14,,NO_MARKET_DATA,
KR3544019W22,,NO_MARKET_DATA,
KR354413GD38,,NO_MARKET_DATA,
KR354415GA13,,NO_MARKET_DATA,
KR354415GA21,,NO_MARKET_DATA,
KR354415GA39,,NO_MARKET_DATA,
KR354415GA62,,NO_MARKET_DATA,
KR354415GA70,,NO_MARKET_DATA,
KR354415GA88,,NO_MARKET_DATA,
KR354415GA96,,NO_MARKET_DATA,
KR356102GF94,,NO_MARKET_DATA,
KR356102GFA8,,NO_MARKET_DATA,
KR356102GFB6,,NO_MARKET_DATA,
KR354417G435,,NO_MARKET_DATA,
KR354417G4C2,,NO_MARKET_DATA,
KR354417G542,,NO_MARKET_DATA,
KR354417G559,,NO_MARKET_DATA,
KR354417G583,,NO_MARKET_DATA,
KR354417G617,,NO_MARKET_DATA,
KR356104JG23,,NO_MARKET_DATA,
KR3561057133,,NO_MARKET_DATA,
KR3561057182,,NO_MARKET_DATA,
KR3561057216,,NO_MARKET_DATA,
KR2033012EB5,,NO_MARKET_DATA,
KR2033012F17,,NO_MARKET_DATA,
KR2033022BA2,,NO_MARKET_DATA,
KR2033022BB0,,NO_MARKET_DATA,
KR2033022BC8,,NO_MARKET_DATA,
KR2033022C18,,NO_MARKET_DATA,
KR2033022C26,,NO_MARKET_DATA,
KR2033022C34,,NO_MARKET_DATA,
KR2033022C42,,NO_MARKET_DATA,
KR2033022C59,,NO_MARKET_DATA,
KR2033022C67,,NO_MARKET_DATA,
KR2066022E40,,NO_MARKET_DATA,
KR2066022D58,,NO_MARKET_DATA,
KR2066022D66,,NO_MARKET_DATA,
KR2066022D74,,NO_MARKET_DATA,
KR2066022D82,,NO_MARKET_DATA,
KR2066022D90,,NO_MARKET_DATA,
KR2066022DB6,,NO_MARKET_DATA,
KR2066022DC4,,NO_MARKET_DATA,
KR2066022E16,,NO_MARKET_DATA,
KR2066022E24,,NO_MARKET_DATA,
KR350701G725,,NO_MARKET_DATA,
KR350701G733,,NO_MARKET_DATA,
KR350701G766,,NO_MARKET_DATA,
KR350701G782,,NO_MARKET_DATA,
KR350701G7A2,,NO_MARKET_DATA,
KR350701G7B0,,NO_MARKET_DATA,
KR350701G7C8,,NO_MARKET_DATA,
KR353604GF78,,NO_MARKET_DATA,
KR353604GG10,,NO_MARKET_DATA,
KR353604GG28,,NO_MARKET_DATA,
KR354413GD46,,NO_MARKET_DATA,
KR354413GD53,,NO_MARKET_DATA,
KR354413GD61,,NO_MARKET_DATA,
KR354413GD79,,NO_MARKET_DATA,
KR354413GD87,,NO_MARKET_DATA,
KR354413GD95,,NO_MARKET_DATA,
KR354413GDA6,,NO_MARKET_DATA,
KR354413GDC2,,NO_MARKET_DATA,
KR354413GE11,,NO_MARKET_DATA,
KR356101G698,,NO_MARKET_DATA,
KR356102GFC4,,NO_MARKET_DATA,
KR356102GG28,,NO_MARKET_DATA,
KR356102GG36,,NO_MARKET_DATA,
KR356102GG44,,NO_MARKET_DATA,
KR356102GG51,,NO_MARKET_DATA,
KR356102GG69,,NO_MARKET_DATA,
KR356102GG77,,NO_MARKET_DATA,
KR60002J1EC6,,NO_MARKET_DATA,
KR60002J1F67,,NO_MARKET_DATA,
KR60002K1EC3,,NO_MARKET_DATA,
KR60002K1F81,,NO_MARKET_DATA,
KR3561057232,,NO_MARKET_DATA,
KR3561057240,,NO_MARKET_DATA,
KR3561057257,,NO_MARKET_DATA,
KR3561057273,,NO_MARKET_DATA,
KR3561057315,,NO_MARKET_DATA,
KR3561057323,,NO_MARKET_DATA,
KR60008V1F10,,NO_MARKET_DATA,
KR60008X1G31,,NO_MARKET_DATA,
KR6000921F95,,NO_MARKET_DATA,
KR6000922F60,,NO_MARKET_DATA,
KR6000991F90,,NO_MARKET_DATA,
KR2033022C75,,NO_MARKET_DATA,
KR2007024F58,,NO_MARKET_DATA,
KR2007024F66,,NO_MARKET_DATA,
KR2007024F74,,NO_MARKET_DATA,
KR2007024F82,,NO_MARKET_DATA,
KR2007024F90,,NO_MARKET_DATA,
KR2007024FA1,,NO_MARKET_DATA,
KR2007024FB9,,NO_MARKET_DATA,
KR2007024FC7,,NO_MARKET_DATA,
KR2007024G16,,NO_MARKET_DATA,
KR2007024G24,,NO_MARKET_DATA,
KR2066022E32,,NO_MARKET_DATA,
KR2066022E57,,NO_MARKET_DATA,
KR2066022E65,,NO_MARKET_DATA,
KR2066022E73,,NO_MARKET_DATA,
KR2066022E81,,NO_MARKET_DATA,
KR2066022E99,,NO_MARKET_DATA,
KR2066022EA6,,NO_MARKET_DATA,
KR2066022EB4,,NO_MARKET_DATA,
KR2066022EC2,,NO_MARKET_DATA,
KR2066022F31,,NO_MARKET_DATA,
KR353604GG44,,NO_MARKET_DATA,
KR353605DB82,,NO_MARKET_DATA,
KR353605GF28,,NO_MARKET_DATA,
KR354201G946,,NO_MARKET_DATA,
KR354201GB93,,NO_MARKET_DATA,
KR354410GE30,,NO_MARKET_DATA,
KR354410GE48,,NO_MARKET_DATA,
KR354410GE55,,NO_MARKET_DATA,
KR354410GE63,,NO_MARKET_DATA,
KR354410GE97,,NO_MARKET_DATA,
KR6000033F74,,NO_MARKET_DATA,
KR356101G6A7,,NO_MARKET_DATA,
KR356101G714,,NO_MARKET_DATA,
KR356101G748,,NO_MARKET_DATA,
KR356101G755,,NO_MARKET_DATA,
KR356101G763,,NO_MARKET_DATA,
KR356101G854,,NO_MARKET_DATA,
KR356101G862,,NO_MARKET_DATA,
KR356101G870,,NO_MARKET_DATA,
KR356101G888,,NO_MARKET_DATA,
KR60002R1EC6,,NO_MARKET_DATA,
KR60002R1FA7,,NO_MARKET_DATA,
KR60002T1EC4,,NO_MARKET_DATA,
KR60002T2EC2,,NO_MARKET_DATA,
KR60002Y3EC3,,NO_MARKET_DATA,
KR6000301B81,,NO_MARKET_DATA,
KR6000301BB8,,NO_MARKET_DATA,
KR6005492B97,,NO_MARKET_DATA,
KR60054939A8,,NO_MARKET_DATA,
KR60054P8F68,,NO_MARKET_DATA,
KR60054P9F67,,NO_MARKET_DATA,
KR6006351FA0,,NO_MARKET_DATA,
KR6012701G61,,NO_MARKET_DATA,
KR60009B1F10,,NO_MARKET_DATA,
KR60009D1F32,,NO_MARKET_DATA,
KR60009D1FB4,,NO_MARKET_DATA,
KR60009D1FC2,,NO_MARKET_DATA,
KR60009D1G23,,NO_MARKET_DATA,
KR60009D1G64,,NO_MARKET_DATA,
KR60062X1F62,,NO_MARKET_DATA,
KR60062Z1F67,,NO_MARKET_DATA,
KR6006341E95,,NO_MARKET_DATA,
KR2007024G32,,NO_MARKET_DATA,
KR2007024G40,,NO_MARKET_DATA,
KR2007024G57,,NO_MARKET_DATA,
KR2007024G65,,NO_MARKET_DATA,
KR2007024G73,4.769610166182437,CALCULATED,고민감
KR2007024G81,,EXCLUDED_UNSUPPORTED_TYPE,
KR2007032F66,,NO_MARKET_DATA,
KR2007032F74,,NO_MARKET_DATA,
KR2007032FA4,,NO_MARKET_DATA,
KR2007032FC0,,NO_MARKET_DATA,
KR2007032G32,,NO_MARKET_DATA,
KR2066022F49,,NO_MARKET_DATA,
KR2066022F56,,NO_MARKET_DATA,
KR2066022F64,,NO_MARKET_DATA,
KR2066022F72,,NO_MARKET_DATA,
KR2066022F80,,NO_MARKET_DATA,
KR2066022F98,,NO_MARKET_DATA,
KR2066022FA3,,NO_MARKET_DATA,
KR2066022FB1,,NO_MARKET_DATA,
KR2066022FC9,,NO_MARKET_DATA,
KR2066022G14,,NO_MARKET_DATA,
KR354410GEA0,,NO_MARKET_DATA,
KR354410GEB8,,NO_MARKET_DATA,
KR354410GEC6,,NO_MARKET_DATA,
KR354410GF13,,NO_MARKET_DATA,
KR354410GF21,,NO_MARKET_DATA,
KR356002GE13,,NO_MARKET_DATA,
KR356002GE21,,NO_MARKET_DATA,
KR356002GE39,,NO_MARKET_DATA,
KR356002GE88,,NO_MARKET_DATA,
KR356002GE96,,NO_MARKET_DATA,
KR356002GEA3,,NO_MARKET_DATA,
KR6000033F58,,NO_MARKET_DATA,
KR6000033FA0,,NO_MARKET_DATA,
KR6000033FB8,,NO_MARKET_DATA,
KR6000033G24,,NO_MARKET_DATA,
KR6000033G40,,NO_MARKET_DATA,
KR6000033G57,,NO_MARKET_DATA,
KR6000033G65,,NO_MARKET_DATA,
KR6000033G73,,NO_MARKET_DATA,
KR6000034C92,,NO_MARKET_DATA,
KR6000034E58,,NO_MARKET_DATA,
KR6004962G39,,NO_MARKET_DATA,
KR60054PAF69,,NO_MARKET_DATA,
KR60054PBF68,,NO_MARKET_DATA,
KR60054PCF67,,NO_MARKET_DATA,
KR60054PDF66,,NO_MARKET_DATA,
KR60054PEF65,,NO_MARKET_DATA,
KR60119A1FA6,,NO_MARKET_DATA,
KR60119D1FA3,,NO_MARKET_DATA,
KR60119G1FA0,,NO_MARKET_DATA,
KR60119L1FB1,,NO_MARKET_DATA,
KR310206GFC8,,NO_MARKET_DATA,
KR6006341G69,,NO_MARKET_DATA,
KR6006351F83,,NO_MARKET_DATA,
KR6006351FB8,,NO_MARKET_DATA,
KR6006351G25,,NO_MARKET_DATA,
KR6006351G33,,NO_MARKET_DATA,
KR6006351G41,,NO_MARKET_DATA,
KR6006351G58,,NO_MARKET_DATA,
KR60126S1FB5,,NO_MARKET_DATA,
KR60126T1FB4,,NO_MARKET_DATA,
KR60126V1FB0,,NO_MARKET_DATA,
KR60126W1FB9,,NO_MARKET_DATA,
KR2007032G57,,NO_MARKET_DATA,
KR2007041A29,,NO_MARKET_DATA,
KR2007042F56,,NO_MARKET_DATA,
KR2007044C99,,NO_MARKET_DATA,
KR2007052F95,,NO_MARKET_DATA,
KR2007274C17,,NO_MARKET_DATA,
KR2008012B88,,NO_MARKET_DATA,
KR2008012B96,,NO_MARKET_DATA,
KR2008012BA4,,NO_MARKET_DATA,
KR2008012BB2,,NO_MARKET_DATA,
KR2008012BC0,,NO_MARKET_DATA,
KR2077012C41,,NO_MARKET_DATA,
KR2077012E15,,NO_MARKET_DATA,
KR2066022G22,,NO_MARKET_DATA,
KR2066022G30,,NO_MARKET_DATA,
KR2066022G48,,NO_MARKET_DATA,
KR2066022G55,,NO_MARKET_DATA,
KR2066022G63,,NO_MARKET_DATA,
KR2077012B83,,NO_MARKET_DATA,
KR2077012B91,,NO_MARKET_DATA,
KR2077012BA0,,NO_MARKET_DATA,
KR356002GF12,,NO_MARKET_DATA,
KR356002GF20,,NO_MARKET_DATA,
KR356002GF38,,NO_MARKET_DATA,
KR356002GF46,,NO_MARKET_DATA,
KR356002GF79,,NO_MARKET_DATA,
KR6000012BB1,,NO_MARKET_DATA,
KR6000012C56,,EXCLUDED_PERPETUAL,
KR6000012E96,,NO_MARKET_DATA,
KR6000012F20,,NO_MARKET_DATA,
KR6000012F46,,NO_MARKET_DATA,
KR6000012F53,,NO_MARKET_DATA,
KR6004991E93,,NO_MARKET_DATA,
KR6004991EB6,,NO_MARKET_DATA,
KR6004992C29,,NO_MARKET_DATA,
KR6004992D28,,NO_MARKET_DATA,
KR6004992E35,,NO_MARKET_DATA,
KR6004992F91,,NO_MARKET_DATA,
KR6004992FC9,,NO_MARKET_DATA,
KR6004992G33,,NO_MARKET_DATA,
KR6004993970,,NO_MARKET_DATA,
KR6004993A95,,NO_MARKET_DATA,
KR6010953A33,,NO_MARKET_DATA,
KR310204GD66,,NO_MARKET_DATA,
KR310204GE99,,NO_MARKET_DATA,
KR310204GEB8,,NO_MARKET_DATA,
KR310204GEC6,,NO_MARKET_DATA,
KR310204GF15,,NO_MARKET_DATA,
KR310204GF23,,NO_MARKET_DATA,
KR310204GF49,,NO_MARKET_DATA,
KR310204GF56,,NO_MARKET_DATA,
KR350705GEB5,,NO_MARKET_DATA,
KR354401J755,,NO_MARKET_DATA,
KR354414GE93,,NO_MARKET_DATA,
KR60126X1FB8,,NO_MARKET_DATA,
KR6012701G12,,NO_MARKET_DATA,
KR350803GDB0,,NO_MARKET_DATA,
KR350803GEB8,,NO_MARKET_DATA,
KR350803GF32,,NO_MARKET_DATA,
KR350803GF40,,NO_MARKET_DATA,
KR350803GF65,,NO_MARKET_DATA,
KR350803GF73,,NO_MARKET_DATA,
KR350803GF81,,NO_MARKET_DATA,
KR350803GF99,,NO_MARKET_DATA,
KR350803GFA7,,NO_MARKET_DATA,
KR2008012C12,,NO_MARKET_DATA,
KR2008012C20,,NO_MARKET_DATA,
KR2008012C38,,NO_MARKET_DATA,
KR2008012C46,,NO_MARKET_DATA,
KR2008012C53,,NO_MARKET_DATA,
KR2008012C61,,NO_MARKET_DATA,
KR2008012C79,,NO_MARKET_DATA,
KR2008012C87,,NO_MARKET_DATA,
KR2008012C95,,NO_MARKET_DATA,
KR2008012CA2,,NO_MARKET_DATA,
KR2008012DA0,,NO_MARKET_DATA,
KR2077012BB8,,NO_MARKET_DATA,
KR2077012BC6,,NO_MARKET_DATA,
KR2077012C33,,NO_MARKET_DATA,
KR2077012C66,,NO_MARKET_DATA,
KR2077012C90,,NO_MARKET_DATA,
KR2077012CA8,,NO_MARKET_DATA,
KR2077012CB6,,NO_MARKET_DATA,
KR2077012CC4,,NO_MARKET_DATA,
KR2077012D16,,NO_MARKET_DATA,
KR2077012D40,,NO_MARKET_DATA,
KR2077012D57,,NO_MARKET_DATA,
KR6000012F79,,NO_MARKET_DATA,
KR6000012F87,,NO_MARKET_DATA,
KR6000012FA4,,NO_MARKET_DATA,
KR6000012FB2,,NO_MARKET_DATA,
KR6000012FC0,,NO_MARKET_DATA,
KR6004712F74,,NO_MARKET_DATA,
KR6004712FA5,,NO_MARKET_DATA,
KR6004712G32,,NO_MARKET_DATA,
KR6010121EA4,,NO_MARKET_DATA,
KR6009411B71,,NO_MARKET_DATA,
KR6009441DA1,,NO_MARKET_DATA,
KR6010953A82,,NO_MARKET_DATA,
KR60103YVF98,,NO_MARKET_DATA,
KR60104L1FA0,,NO_MARKET_DATA,
KR60104L1FC6,,NO_MARKET_DATA,
KR60104Y1F94,,NO_MARKET_DATA,
KR60105A5FA3,,NO_MARKET_DATA,
KR60105A6FA1,,NO_MARKET_DATA,
KR60105A7FA9,,NO_MARKET_DATA,
KR310102GG74,,NO_MARKET_DATA,
KR310103AG53,,NO_MARKET_DATA,
KR310103AG61,,NO_MARKET_DATA,
KR350705GF23,,NO_MARKET_DATA,
KR350705GF31,,NO_MARKET_DATA,
KR350705GF56,,NO_MARKET_DATA,
KR350705GF64,,NO_MARKET_DATA,
KR350705GF72,,NO_MARKET_DATA,
KR350705GFA4,,NO_MARKET_DATA,
KR350705GG22,,NO_MARKET_DATA,
KR350705GG48,,NO_MARKET_DATA,
KR350705GG71,,NO_MARKET_DATA,
KR35070670C7,,NO_MARKET_DATA,
KR354401J748,,NO_MARKET_DATA,
KR350803GFB5,,NO_MARKET_DATA,
KR350803GG31,,NO_MARKET_DATA,
KR354402J373,,NO_MARKET_DATA,
KR354402J381,,NO_MARKET_DATA,
KR354402J399,,NO_MARKET_DATA,
KR354402J3B0,,NO_MARKET_DATA,
KR354402J415,,NO_MARKET_DATA,
KR354402J431,,NO_MARKET_DATA,
KR354402J4A0,,NO_MARKET_DATA,
KR354402J4B8,,NO_MARKET_DATA,
KR2008012EA8,,NO_MARKET_DATA,
KR2008012CB0,,NO_MARKET_DATA,
KR2008012CC8,,NO_MARKET_DATA,
KR2008012D11,,NO_MARKET_DATA,
KR2008012D29,,NO_MARKET_DATA,
KR2008012D37,,NO_MARKET_DATA,
KR2008012D45,,NO_MARKET_DATA,
KR2008012D52,,NO_MARKET_DATA,
KR2008012D60,,NO_MARKET_DATA,
KR2008012D78,,NO_MARKET_DATA,
KR2008012D86,,NO_MARKET_DATA,
KR2077012D65,,NO_MARKET_DATA,
KR2077012D81,,NO_MARKET_DATA,
KR2077012D99,,NO_MARKET_DATA,
KR2077012E23,,NO_MARKET_DATA,
KR2077012E31,,NO_MARKET_DATA,
KR2077012F14,,NO_MARKET_DATA,
KR2077012F71,,NO_MARKET_DATA,
KR2077012F89,,NO_MARKET_DATA,
KR2077012F97,,NO_MARKET_DATA,
KR2077022C15,,NO_MARKET_DATA,
KR2077022C23,,NO_MARKET_DATA,
KR6009461F84,,NO_MARKET_DATA,
KR60094E1F81,,NO_MARKET_DATA,
KR2099022E58,,NO_MARKET_DATA,
KR2099022E66,,NO_MARKET_DATA,
KR2099022E74,,NO_MARKET_DATA,
KR2099022E82,,NO_MARKET_DATA,
KR2099022E90,,NO_MARKET_DATA,
KR2099022EC3,,NO_MARKET_DATA,
KR2099022F24,,NO_MARKET_DATA,
KR2099022F32,,NO_MARKET_DATA,
KR2099022F40,,NO_MARKET_DATA,
KR310103AG79,,NO_MARKET_DATA,
KR310104AG52,,NO_MARKET_DATA,
KR310104AG60,,NO_MARKET_DATA,
KR310104AG78,,NO_MARKET_DATA,
KR310105AG69,,NO_MARKET_DATA,
KR310201AFA6,,NO_MARKET_DATA,
KR310201AFB4,,NO_MARKET_DATA,
KR310201AG13,,NO_MARKET_DATA,
KR350702G780,,NO_MARKET_DATA,
KR350702G798,,NO_MARKET_DATA,
KR354302GF14,,NO_MARKET_DATA,
KR354401J763,,NO_MARKET_DATA,
KR354401J771,,NO_MARKET_DATA,
KR354401J789,,NO_MARKET_DATA,
KR354401J797,,NO_MARKET_DATA,
KR354401J7A4,,NO_MARKET_DATA,
KR354401J7B2,,NO_MARKET_DATA,
KR354401J7C0,,NO_MARKET_DATA,
KR354401J813,,NO_MARKET_DATA,
KR354414GE77,,NO_MARKET_DATA,
KR354414GE85,,NO_MARKET_DATA,
KR354402J4C6,,NO_MARKET_DATA,
KR354416G7C6,,NO_MARKET_DATA,
KR354402J514,,NO_MARKET_DATA,
KR354416G726,,NO_MARKET_DATA,
KR354416G734,,NO_MARKET_DATA,
KR354416G742,,NO_MARKET_DATA,
KR354416G759,,NO_MARKET_DATA,
KR354416G767,,NO_MARKET_DATA,
KR354416G775,,NO_MARKET_DATA,
KR354416G783,,NO_MARKET_DATA,
KR2008012D94,,NO_MARKET_DATA,
KR2008012DB8,,NO_MARKET_DATA,
KR2008012DC6,,NO_MARKET_DATA,
KR2008012E10,,NO_MARKET_DATA,
KR2008012E28,,NO_MARKET_DATA,
KR2008012E36,,NO_MARKET_DATA,
KR2008012E44,,NO_MARKET_DATA,
KR2008012E51,,NO_MARKET_DATA,
KR2008012E69,,NO_MARKET_DATA,
KR2008012E77,,NO_MARKET_DATA,
KR2008012E85,,NO_MARKET_DATA,
KR2077022C56,,NO_MARKET_DATA,
KR2077022C72,,NO_MARKET_DATA,
KR2077022C80,,NO_MARKET_DATA,
KR2077022D22,,NO_MARKET_DATA,
KR2077022D30,,NO_MARKET_DATA,
KR2077022D71,,NO_MARKET_DATA,
KR2077022DA5,,NO_MARKET_DATA,
KR2077022DB3,,NO_MARKET_DATA,
KR2077022DC1,,NO_MARKET_DATA,
KR2077022EA3,,NO_MARKET_DATA,
KR2077022EB1,,NO_MARKET_DATA,
KR2099022F65,,NO_MARKET_DATA,
KR2099022FA4,,NO_MARKET_DATA,
KR350114GC13,,NO_MARKET_DATA,
KR350114GC21,,NO_MARKET_DATA,
KR350114GC39,,NO_MARKET_DATA,
KR350114GG43,,NO_MARKET_DATA,
KR350114GG68,,NO_MARKET_DATA,
KR350115GBB3,,NO_MARKET_DATA,
KR350115GC46,,NO_MARKET_DATA,
KR350115GC53,,NO_MARKET_DATA,
KR350115GC79,,NO_MARKET_DATA,
KR354412G931,,NO_MARKET_DATA,
KR350702G7B9,,NO_MARKET_DATA,
KR350702G855,,NO_MARKET_DATA,
KR350702G8A9,,NO_MARKET_DATA,
KR350702G8B7,,NO_MARKET_DATA,
KR350702G921,,NO_MARKET_DATA,
KR350702G939,,NO_MARKET_DATA,
KR350702G947,,NO_MARKET_DATA,
KR350702G954,,NO_MARKET_DATA,
KR354302GE80,,NO_MARKET_DATA,
KR354414GEA2,,NO_MARKET_DATA,
KR354414GEB0,,NO_MARKET_DATA,
KR354414GF19,,NO_MARKET_DATA,
KR354414GF35,,NO_MARKET_DATA,
KR354414GF43,,NO_MARKET_DATA,
KR354414GF50,,NO_MARKET_DATA,
KR354414GF68,,NO_MARKET_DATA,
KR356102DDC6,,NO_MARKET_DATA,
KR356102DE15,,NO_MARKET_DATA,
KR356102DE31,,NO_MARKET_DATA,
KR354416G791,,NO_MARKET_DATA,
KR354416G7B8,,NO_MARKET_DATA,
KR356103GD79,,NO_MARKET_DATA,
KR356103GD87,,NO_MARKET_DATA,
KR356103GD95,,NO_MARKET_DATA,
KR356103GDA1,,NO_MARKET_DATA,
KR356103GDB9,,NO_MARKET_DATA,
KR356103GDC7,,NO_MARKET_DATA,
KR356103GE78,,NO_MARKET_DATA,
KR356103GE86,,NO_MARKET_DATA,
KR356103GE94,,NO_MARKET_DATA,
KR2008012E93,,NO_MARKET_DATA,
KR2008012EB6,,NO_MARKET_DATA,
KR2008012EC4,,NO_MARKET_DATA,
KR2008012F19,,NO_MARKET_DATA,
KR2008012F27,,NO_MARKET_DATA,
KR2008012F35,,NO_MARKET_DATA,
KR2008012F43,,NO_MARKET_DATA,
KR2008012F50,,NO_MARKET_DATA,
KR2008012F68,,NO_MARKET_DATA,
KR2008012F76,,NO_MARKET_DATA,
KR2008012F84,,NO_MARKET_DATA,
KR2077022EC9,,NO_MARKET_DATA,
KR2077022F20,,NO_MARKET_DATA,
KR2077022F38,,NO_MARKET_DATA,
KR2077022F46,,NO_MARKET_DATA,
KR2077022F53,,NO_MARKET_DATA,
KR2077022G37,,NO_MARKET_DATA,
KR2077022G45,,NO_MARKET_DATA,
KR2077022G52,,NO_MARKET_DATA,
KR354408G756,,NO_MARKET_DATA,
KR354408G764,,NO_MARKET_DATA,
KR354408G772,,NO_MARKET_DATA,
KR350115GC87,,NO_MARKET_DATA,
KR350115GG42,,NO_MARKET_DATA,
KR353601GG47,,NO_MARKET_DATA,
KR353601GG54,,NO_MARKET_DATA,
KR353601GG62,,NO_MARKET_DATA,
KR353601GG70,,NO_MARKET_DATA,
KR353601GG88,,NO_MARKET_DATA,
KR353602DBA6,,NO_MARKET_DATA,
KR353602DC50,,NO_MARKET_DATA,
KR353602DD67,,NO_MARKET_DATA,
KR354302GEA9,,NO_MARKET_DATA,
KR354302GEB7,,NO_MARKET_DATA,
KR354302GF22,,NO_MARKET_DATA,
KR354302GF30,,NO_MARKET_DATA,
KR354302GF55,,NO_MARKET_DATA,
KR354302GF71,,NO_MARKET_DATA,
KR354302GF89,,NO_MARKET_DATA,
KR354302GG13,,NO_MARKET_DATA,
KR354302GG21,,NO_MARKET_DATA,
KR354412G899,,NO_MARKET_DATA,
KR354412G8B0,,NO_MARKET_DATA,
KR356102DE72,,NO_MARKET_DATA,
KR356102DE80,,NO_MARKET_DATA,
KR356102DE98,,NO_MARKET_DATA,
KR356102DEA8,,NO_MARKET_DATA,
KR356102DEB6,,NO_MARKET_DATA,
KR356102DEC4,,NO_MARKET_DATA,
KR356102DF14,,NO_MARKET_DATA,
KR60000WREC4,,NO_MARKET_DATA,
KR60000WSEC2,,NO_MARKET_DATA,
KR60000WTEC0,,NO_MARKET_DATA,
KR356103GEB7,,NO_MARKET_DATA,
KR356103GF28,,NO_MARKET_DATA,
KR6000663A27,,NO_MARKET_DATA,
KR6000663B42,,NO_MARKET_DATA,
KR6000663D24,,NO_MARKET_DATA,
KR6000663E49,,NO_MARKET_DATA,
KR6000663F14,,NO_MARKET_DATA,
KR6000664955,,NO_MARKET_DATA,
KR6000664A26,,NO_MARKET_DATA,
KR6000664B41,,NO_MARKET_DATA,
KR2008012F92,,NO_MARKET_DATA,
KR2008012FA5,,NO_MARKET_DATA,
KR2008012FB3,,NO_MARKET_DATA,
KR2008012FC1,,NO_MARKET_DATA,
KR2008012G18,,NO_MARKET_DATA,
KR2008012G26,,NO_MARKET_DATA,
KR2008012G34,,NO_MARKET_DATA,
KR2008012G42,,NO_MARKET_DATA,
KR2008012G59,,NO_MARKET_DATA,
KR2008012G67,,NO_MARKET_DATA,
KR2008012G75,4.769701678273115,CALCULATED,고민감
KR354408G780,,NO_MARKET_DATA,
KR354408G798,,NO_MARKET_DATA,
KR354408G7B8,,NO_MARKET_DATA,
KR354408G7C6,,NO_MARKET_DATA,
KR354408G822,,NO_MARKET_DATA,
KR354408G830,,NO_MARKET_DATA,
KR354408G848,,NO_MARKET_DATA,
KR354802GF27,,NO_MARKET_DATA,
KR354802GF50,,NO_MARKET_DATA,
KR354802GFA5,,NO_MARKET_DATA,
KR353602DD91,,NO_MARKET_DATA,
KR353602DDC8,,NO_MARKET_DATA,
KR354409GD75,,NO_MARKET_DATA,
KR354409GD83,,NO_MARKET_DATA,
KR354409GD91,,NO_MARKET_DATA,
KR354409GDA4,,NO_MARKET_DATA,
KR354409GDB2,,NO_MARKET_DATA,
KR354409GDC0,,NO_MARKET_DATA,
KR354409GE17,,NO_MARKET_DATA,
KR354409GE25,,NO_MARKET_DATA,
KR354412G915,,NO_MARKET_DATA,
KR354412G923,,NO_MARKET_DATA,
KR354412G956,,NO_MARKET_DATA,
KR354412G964,,NO_MARKET_DATA,
KR354412G980,,NO_MARKET_DATA,
KR354412G998,,NO_MARKET_DATA,
KR354412GA40,,NO_MARKET_DATA,
KR356005GE93,,NO_MARKET_DATA,
KR356005GG75,,NO_MARKET_DATA,
KR356006G525,,NO_MARKET_DATA,
KR60000WVEC6,,NO_MARKET_DATA,
KR6000111916,,NO_MARKET_DATA,
KR6000111924,,NO_MARKET_DATA,
KR6000111C64,,NO_MARKET_DATA,
KR6000111E21,,NO_MARKET_DATA,
KR6000111E47,,NO_MARKET_DATA,
KR6000111E70,,NO_MARKET_DATA,
KR6005281G22,,NO_MARKET_DATA,
KR6005281G30,,NO_MARKET_DATA,
KR6005281G48,,NO_MARKET_DATA,
KR6000664D23,,NO_MARKET_DATA,
KR6000681D97,,NO_MARKET_DATA,
KR6005942F73,,NO_MARKET_DATA,
KR6005942F99,,NO_MARKET_DATA,
KR6005942G23,,NO_MARKET_DATA,
KR6005942G64,,NO_MARKET_DATA,
KR6005943AB4,,NO_MARKET_DATA,
KR6005943B43,,NO_MARKET_DATA,
KR6005943G63,,NO_MARKET_DATA,
KR6005951886,,NO_MARKET_DATA,
KR6005951DA3,,NO_MARKET_DATA,
KR2008012G83,,EXCLUDED_UNSUPPORTED_TYPE,
KR2022012B89,,NO_MARKET_DATA,
KR2022012B97,,NO_MARKET_DATA,
KR2022012D12,1.414428530330294,CALCULATED,중간
KR2022012D95,,NO_MARKET_DATA,
KR2022012DC8,,NO_MARKET_DATA,
KR2022012F28,,NO_MARKET_DATA,
KR2022022BA5,,NO_MARKET_DATA,
KR2022022BB3,,NO_MARKET_DATA,
KR2022022BC1,,NO_MARKET_DATA,
KR2022022C11,,NO_MARKET_DATA,
KR354802GFC1,,NO_MARKET_DATA,
KR354802GG59,,NO_MARKET_DATA,
KR381001GF94,,NO_MARKET_DATA,
KR354803DE53,,NO_MARKET_DATA,
KR354803DE79,,NO_MARKET_DATA,
KR354803DF29,,NO_MARKET_DATA,
KR354803GFC9,,NO_MARKET_DATA,
KR354803GG58,,NO_MARKET_DATA,
KR381001GEB2,,NO_MARKET_DATA,
KR381001GF29,,NO_MARKET_DATA,
KR354409GE41,,NO_MARKET_DATA,
KR354409GE58,,NO_MARKET_DATA,
KR356001GD98,,NO_MARKET_DATA,
KR356001GDA7,,NO_MARKET_DATA,
KR356001GDB5,,NO_MARKET_DATA,
KR356001GDC3,,NO_MARKET_DATA,
KR356001GE14,,NO_MARKET_DATA,
KR356001GE22,,NO_MARKET_DATA,
KR356001GE30,,NO_MARKET_DATA,
KR356001GE89,,NO_MARKET_DATA,
KR356001GE97,,NO_MARKET_DATA,
KR356006G533,,NO_MARKET_DATA,
KR356006G558,,NO_MARKET_DATA,
KR356006G574,,NO_MARKET_DATA,
KR356006G624,,NO_MARKET_DATA,
KR356006G632,,NO_MARKET_DATA,
KR356006GE27,,NO_MARKET_DATA,
KR356008G489,,NO_MARKET_DATA,
KR6000018G64,,NO_MARKET_DATA,
KR6000018G72,,NO_MARKET_DATA,
KR6000019697,,NO_MARKET_DATA,
KR6000019986,,NO_MARKET_DATA,
KR6005281G55,,NO_MARKET_DATA,
KR60113V4F98,,NO_MARKET_DATA,
KR6005281G63,,NO_MARKET_DATA,
KR6005281G71,,NO_MARKET_DATA,
KR6005281G89,,NO_MARKET_DATA,
KR6005282E49,,NO_MARKET_DATA,
KR6005282EB9,,NO_MARKET_DATA,
KR6005282F14,,NO_MARKET_DATA,
KR6005282F63,,NO_MARKET_DATA,
KR60113C1F91,,NO_MARKET_DATA,
KR60113F1F94,,NO_MARKET_DATA,
KR6005951F97,,NO_MARKET_DATA,
KR6012453E63,,NO_MARKET_DATA,
KR6005961G29,,NO_MARKET_DATA,
KR60123X1FB1,,NO_MARKET_DATA,
KR60123Y1FB0,,NO_MARKET_DATA,
KR60123Z1FB9,,NO_MARKET_DATA,
KR6012452E15,,NO_MARKET_DATA,
KR6012452E64,,NO_MARKET_DATA,
KR6012452F14,,NO_MARKET_DATA,
KR6012452G13,,NO_MARKET_DATA,
KR2022022C29,,NO_MARKET_DATA,
KR2022022C37,,NO_MARKET_DATA,
KR2022022C45,,NO_MARKET_DATA,
KR2022022C52,,NO_MARKET_DATA,
KR2022022C60,,NO_MARKET_DATA,
KR2022022C78,,NO_MARKET_DATA,
KR2022022C86,,NO_MARKET_DATA,
KR2022022C94,,NO_MARKET_DATA,
KR2022022CA3,,NO_MARKET_DATA,
KR2022022CB1,,NO_MARKET_DATA,
KR2022022E27,,NO_MARKET_DATA,
KR381001GF37,,NO_MARKET_DATA,
KR381001GF52,,NO_MARKET_DATA,
KR381001GF78,,NO_MARKET_DATA,
KR381001GFA1,,NO_MARKET_DATA,
KR381001GFB9,,NO_MARKET_DATA,
KR381001GFC7,,NO_MARKET_DATA,
KR381001GG10,,NO_MARKET_DATA,
KR381001GG28,,NO_MARKET_DATA,
KR60039J1F51,,NO_MARKET_DATA,
KR60039N1F53,,NO_MARKET_DATA,
KR60039Y1F43,,NO_MARKET_DATA,
KR356001GEA5,,NO_MARKET_DATA,
KR356001GEB3,,NO_MARKET_DATA,
KR381102GF35,,NO_MARKET_DATA,
KR381102GF50,,NO_MARKET_DATA,
KR381102GFB5,,NO_MARKET_DATA,
KR381102GFC3,,NO_MARKET_DATA,
KR381102GG26,,NO_MARKET_DATA,
KR381102GG67,,NO_MARKET_DATA,
KR381102GG75,,NO_MARKET_DATA,
KR381103GC11,,NO_MARKET_DATA,
KR381103GE19,,NO_MARKET_DATA,
KR6000019A36,,NO_MARKET_DATA,
KR6000019E81,,NO_MARKET_DATA,
KR6000019E99,,NO_MARKET_DATA,
KR6000019EA2,,NO_MARKET_DATA,
KR6000019EB0,,NO_MARKET_DATA,
KR6000019EC8,,NO_MARKET_DATA,
KR6000019F98,,NO_MARKET_DATA,
KR6004944F82,,NO_MARKET_DATA,
KR6004944F90,,NO_MARKET_DATA,
KR6004944FA4,,NO_MARKET_DATA,
KR6004944FB2,,NO_MARKET_DATA,
KR60113N2F97,,NO_MARKET_DATA,
KR60113T1F95,,NO_MARKET_DATA,
KR60113V7F95,,NO_MARKET_DATA,
KR60113V9F93,,NO_MARKET_DATA,
KR60113VAF94,,NO_MARKET_DATA,
KR6011401D69,,NO_MARKET_DATA,
KR60114B1F91,,NO_MARKET_DATA,
KR60114D1F97,,NO_MARKET_DATA,
KR310206GG61,,NO_MARKET_DATA,
KR310206GG79,,NO_MARKET_DATA,
KR310206J629,,NO_MARKET_DATA,
KR6012453D49,,NO_MARKET_DATA,
KR6012453E14,,NO_MARKET_DATA,
KR310215GC56,,NO_MARKET_DATA,
KR310215GD97,,NO_MARKET_DATA,
KR310215GE88,,NO_MARKET_DATA,
KR310215GE96,,NO_MARKET_DATA,
KR310215GEA6,,NO_MARKET_DATA,
KR310215GEB4,,NO_MARKET_DATA,
KR310215GF12,,NO_MARKET_DATA,
KR310215GF53,,NO_MARKET_DATA,
KR310215GF95,,NO_MARKET_DATA,
KR2022022F34,,NO_MARKET_DATA,
KR2022022CC9,,NO_MARKET_DATA,
KR2022022D28,,NO_MARKET_DATA,
KR2022022D36,,NO_MARKET_DATA,
KR2022022D44,,NO_MARKET_DATA,
KR2022022D51,,NO_MARKET_DATA,
KR2022022D69,,NO_MARKET_DATA,
KR2022022D77,,NO_MARKET_DATA,
KR2022022D85,,NO_MARKET_DATA,
KR2022022DA1,,NO_MARKET_DATA,
KR2022022DB9,,NO_MARKET_DATA,
KR6004021AB0,,NO_MARKET_DATA,
KR6004021BA0,,NO_MARKET_DATA,
KR6004021E97,,NO_MARKET_DATA,
KR2077022F61,,NO_MARKET_DATA,
KR2077022FA0,,NO_MARKET_DATA,
KR2077022FB8,,NO_MARKET_DATA,
KR2077022FC6,,NO_MARKET_DATA,
KR2077022G11,,NO_MARKET_DATA,
KR2077022G29,,NO_MARKET_DATA,
KR6004021F13,,NO_MARKET_DATA,
KR6004021F96,,NO_MARKET_DATA,
KR381103GE84,,NO_MARKET_DATA,
KR60044YEF42,,NO_MARKET_DATA,
KR60044YFF41,,NO_MARKET_DATA,
KR60044YGF40,,NO_MARKET_DATA,
KR60044YHF49,,NO_MARKET_DATA,
KR60044YJF47,,NO_MARKET_DATA,
KR60044YKF44,,NO_MARKET_DATA,
KR60044YLF43,,NO_MARKET_DATA,
KR60044YMF42,,NO_MARKET_DATA,
KR60044YNF41,,NO_MARKET_DATA,
KR6004944G24,,NO_MARKET_DATA,
KR6004944G32,,NO_MARKET_DATA,
KR6004944G40,,NO_MARKET_DATA,
KR6004944G57,,NO_MARKET_DATA,
KR6004945D83,,NO_MARKET_DATA,
KR6004945E74,,NO_MARKET_DATA,
KR6004945E90,,NO_MARKET_DATA,
KR60105A8FA7,,NO_MARKET_DATA,
KR60105A9FA5,,NO_MARKET_DATA,
KR60105AAFA4,,NO_MARKET_DATA,
KR310206J645,,NO_MARKET_DATA,
KR310206J678,,NO_MARKET_DATA,
KR310206J6B3,,NO_MARKET_DATA,
KR310207GBC5,,NO_MARKET_DATA,
KR310207GCC3,,NO_MARKET_DATA,
KR310207GE88,,NO_MARKET_DATA,
KR310207GE96,,NO_MARKET_DATA,
KR310207GEA3,,NO_MARKET_DATA,
KR350706GA43,,NO_MARKET_DATA,
KR350706GAB1,,NO_MARKET_DATA,
KR350706GBA1,,NO_MARKET_DATA,
KR310215GFA3,,NO_MARKET_DATA,
KR310215GFB1,,NO_MARKET_DATA,
KR350803GG49,,NO_MARKET_DATA,
KR350803GG56,,NO_MARKET_DATA,
KR350803GG64,,NO_MARKET_DATA,
KR350804G3B5,,NO_MARKET_DATA,
KR350804GCA2,,NO_MARKET_DATA,
KR350804GD25,,NO_MARKET_DATA,
KR350804GD33,,NO_MARKET_DATA,
KR350804GD74,,NO_MARKET_DATA,
KR350804GD90,,NO_MARKET_DATA,
KR2022022E19,,NO_MARKET_DATA,
KR2055012D46,,NO_MARKET_DATA,
KR2055012D53,,NO_MARKET_DATA,
KR2055012DB0,,NO_MARKET_DATA,
KR2055012EB8,,NO_MARKET_DATA,
KR2055012EC6,,NO_MARKET_DATA,
KR2055012F10,,NO_MARKET_DATA,
KR2055012F28,,NO_MARKET_DATA,
KR2055022BA5,,NO_MARKET_DATA,
KR2055022BB3,,NO_MARKET_DATA,
KR2055022BC1,,NO_MARKET_DATA,
KR6004021G12,,NO_MARKET_DATA,
KR6004022B32,,NO_MARKET_DATA,
KR6008561G27,,NO_MARKET_DATA,
KR6008561G35,,NO_MARKET_DATA,
KR6008561G50,,NO_MARKET_DATA,
KR6008561G68,,NO_MARKET_DATA,
KR6008562A14,,NO_MARKET_DATA,
KR6008562B54,,NO_MARKET_DATA,
KR6008562C61,,NO_MARKET_DATA,
KR6008562D94,,NO_MARKET_DATA,
KR6008562DC1,,NO_MARKET_DATA,
KR60044YPF49,,NO_MARKET_DATA,
KR60094N1F82,,NO_MARKET_DATA,
KR60094SCF82,,NO_MARKET_DATA,
KR60094SDF81,,NO_MARKET_DATA,
KR60094SEF80,,NO_MARKET_DATA,
KR60094SFF89,,NO_MARKET_DATA,
KR60094SGF88,,NO_MARKET_DATA,
KR60094SHF87,,NO_MARKET_DATA,
KR60094SJF85,,NO_MARKET_DATA,
KR60094SKF82,,NO_MARKET_DATA,
KR60105ABFA2,,NO_MARKET_DATA,
KR60105ACFA0,,NO_MARKET_DATA,
KR60105ADFA8,,NO_MARKET_DATA,
KR60105AEFA6,,NO_MARKET_DATA,
KR60105AFFA3,,NO_MARKET_DATA,
KR60105AGFA1,,NO_MARKET_DATA,
KR310202GF74,,NO_MARKET_DATA,
KR310202GF82,,NO_MARKET_DATA,
KR310202GF90,,NO_MARKET_DATA,
KR310202GFA1,,NO_MARKET_DATA,
KR350706GBC7,,NO_MARKET_DATA,
KR350706GDA7,,NO_MARKET_DATA,
KR350706GE23,,NO_MARKET_DATA,
KR350706GE31,,NO_MARKET_DATA,
KR350706GE98,,NO_MARKET_DATA,
KR350706GEA5,,NO_MARKET_DATA,
KR350706GEB3,,NO_MARKET_DATA,
KR350706GF22,,NO_MARKET_DATA,
KR354401J821,,NO_MARKET_DATA,
KR354401J839,,NO_MARKET_DATA,
KR350804GDA0,,NO_MARKET_DATA,
KR354402J548,,NO_MARKET_DATA,
KR354402J555,,NO_MARKET_DATA,
KR354402J563,,NO_MARKET_DATA,
KR354402J571,,NO_MARKET_DATA,
KR354402J589,,NO_MARKET_DATA,
KR354402J597,,NO_MARKET_DATA,
KR354402J5A7,,NO_MARKET_DATA,
KR354402J5B5,,NO_MARKET_DATA,
KR354402J5C3,,NO_MARKET_DATA,
KR2055022C11,,NO_MARKET_DATA,
KR2055022C29,,NO_MARKET_DATA,
KR2055022C37,0.6129713014334387,CALCULATED,중간
KR2055022C45,0.6914494915503065,CALCULATED,중간
KR2055022C78,,NO_MARKET_DATA,
KR2055022CC9,,NO_MARKET_DATA,
KR2055022D69,,NO_MARKET_DATA,
KR2055022D77,,NO_MARKET_DATA,
KR2055022D85,,NO_MARKET_DATA,
KR2055022D93,,NO_MARKET_DATA,
KR2055022DA1,,NO_MARKET_DATA,
KR6008562E36,,NO_MARKET_DATA,
KR60176739A5,,NO_MARKET_DATA,
KR350104GF95,,NO_MARKET_DATA,
KR6008562E93,,NO_MARKET_DATA,
KR6017673528,,NO_MARKET_DATA,
KR6017673577,,NO_MARKET_DATA,
KR60176735B1,,NO_MARKET_DATA,
KR6017673742,,NO_MARKET_DATA,
KR60176737B7,,NO_MARKET_DATA,
KR6017673825,,NO_MARKET_DATA,
KR60094SLF81,,NO_MARKET_DATA,
KR2101012C64,,NO_MARKET_DATA,
KR2101012C72,,NO_MARKET_DATA,
KR2101012C80,,NO_MARKET_DATA,
KR2101012C98,,NO_MARKET_DATA,
KR2101012CA8,,NO_MARKET_DATA,
KR2101012CB6,,NO_MARKET_DATA,
KR2101012CC4,,NO_MARKET_DATA,
KR2101012D14,,NO_MARKET_DATA,
KR2101012D22,,NO_MARKET_DATA,
KR2101012D30,,NO_MARKET_DATA,
KR310202GFB9,,NO_MARKET_DATA,
KR310202GFC7,,NO_MARKET_DATA,
KR310202GG16,,NO_MARKET_DATA,
KR310202GG24,,NO_MARKET_DATA,
KR310202GG32,,NO_MARKET_DATA,
KR310202GG40,,NO_MARKET_DATA,
KR310202GG57,,NO_MARKET_DATA,
KR350702G996,,NO_MARKET_DATA,
KR350702G9B5,,NO_MARKET_DATA,
KR350702GA39,,NO_MARKET_DATA,
KR350702GA47,,NO_MARKET_DATA,
KR354401J847,,NO_MARKET_DATA,
KR354401J854,,NO_MARKET_DATA,
KR354401J862,,NO_MARKET_DATA,
KR354401J870,,NO_MARKET_DATA,
KR354401J888,,NO_MARKET_DATA,
KR354401J896,,NO_MARKET_DATA,
KR354414GG26,,NO_MARKET_DATA,
KR354414GG34,,NO_MARKET_DATA,
KR354414GG42,,NO_MARKET_DATA,
KR354414GG59,,NO_MARKET_DATA,
KR354402J613,,NO_MARKET_DATA,
KR356103GG19,,NO_MARKET_DATA,
KR354416G8C4,,NO_MARKET_DATA,
KR354416G940,,NO_MARKET_DATA,
KR354416G9A6,,NO_MARKET_DATA,
KR354416G9B4,,NO_MARKET_DATA,
KR356103GF36,,NO_MARKET_DATA,
KR356103GF51,,NO_MARKET_DATA,
KR356103GF77,,NO_MARKET_DATA,
KR356103GF93,,NO_MARKET_DATA,
KR356103GFA6,,NO_MARKET_DATA,
KR2055022DC7,,NO_MARKET_DATA,
KR2055022E19,,NO_MARKET_DATA,
KR2055022E27,,NO_MARKET_DATA,
KR2055022E35,,NO_MARKET_DATA,
KR2055022E43,,NO_MARKET_DATA,
KR2055022E50,,NO_MARKET_DATA,
KR2055022E68,,NO_MARKET_DATA,
KR2055022E76,,NO_MARKET_DATA,
KR2055022E84,,NO_MARKET_DATA,
KR2055022E92,,NO_MARKET_DATA,
KR2055022EA9,,NO_MARKET_DATA,
KR6017673890,,NO_MARKET_DATA,
KR6017673932,,NO_MARKET_DATA,
KR6017673973,,NO_MARKET_DATA,
KR350104GFA0,,NO_MARKET_DATA,
KR350104GG11,,NO_MARKET_DATA,
KR350104GG29,,NO_MARKET_DATA,
KR350104GG37,,NO_MARKET_DATA,
KR350104GG45,,NO_MARKET_DATA,
KR350104GG52,,NO_MARKET_DATA,
KR350104GG60,,NO_MARKET_DATA,
KR350104GG78,,NO_MARKET_DATA,
KR2101012D48,,NO_MARKET_DATA,
KR350115GG67,,NO_MARKET_DATA,
KR350116GBC9,,NO_MARKET_DATA,
KR350116GC37,,NO_MARKET_DATA,
KR350116GC60,,NO_MARKET_DATA,
KR350117GBC7,,NO_MARKET_DATA,
KR350117GC36,,NO_MARKET_DATA,
KR350117GC51,,NO_MARKET_DATA,
KR350118GBC5,,NO_MARKET_DATA,
KR350118GC76,,NO_MARKET_DATA,
KR350118GC84,,NO_MARKET_DATA,
KR350702GA54,,NO_MARKET_DATA,
KR350702GAA2,,NO_MARKET_DATA,
KR350702GAB0,,NO_MARKET_DATA,
KR350702GB79,,NO_MARKET_DATA,
KR350702GBA0,,NO_MARKET_DATA,
KR354303GG20,,NO_MARKET_DATA,
KR354303GG79,,NO_MARKET_DATA,
KR354304GG78,,NO_MARKET_DATA,
KR35440101C6,,NO_MARKET_DATA,
KR3544010233,,NO_MARKET_DATA,
KR354414GG67,,NO_MARKET_DATA,
KR354414GG75,,NO_MARKET_DATA,
KR6000111E88,,NO_MARKET_DATA,
KR356102DF30,,NO_MARKET_DATA,
KR356102DF48,,NO_MARKET_DATA,
KR356102DF55,,NO_MARKET_DATA,
KR356102DFA5,,NO_MARKET_DATA,
KR356102DFB3,,NO_MARKET_DATA,
KR356102DFC1,,NO_MARKET_DATA,
KR356102DG13,,NO_MARKET_DATA,
KR356102DG21,,NO_MARKET_DATA,
KR356103GFB4,,NO_MARKET_DATA,
KR356103GFC2,,NO_MARKET_DATA,
KR356103GG27,,NO_MARKET_DATA,
KR356103GG35,,NO_MARKET_DATA,
KR356103GG43,,NO_MARKET_DATA,
KR6000681F38,,NO_MARKET_DATA,
KR6000682G69,,NO_MARKET_DATA,
KR60006E1FB6,,NO_MARKET_DATA,
KR60006E2FB4,,NO_MARKET_DATA,
KR60006E3FB2,,NO_MARKET_DATA,
KR60006H1F54,,NO_MARKET_DATA,
KR2055022G25,,NO_MARKET_DATA,
KR2055022F34,,NO_MARKET_DATA,
KR2055022F42,,NO_MARKET_DATA,
KR2055022F59,,NO_MARKET_DATA,
KR2055022F67,,NO_MARKET_DATA,
KR2055022F75,,NO_MARKET_DATA,
KR2055022F83,,NO_MARKET_DATA,
KR2055022F91,,NO_MARKET_DATA,
KR2055022FA6,,NO_MARKET_DATA,
KR2055022FB4,,NO_MARKET_DATA,
KR2055022FC2,,NO_MARKET_DATA,
KR350105G3B1,,NO_MARKET_DATA,
KR350105G8A2,,NO_MARKET_DATA,
KR352702GEC8,,NO_MARKET_DATA,
KR352702GF30,,NO_MARKET_DATA,
KR352702GF48,,NO_MARKET_DATA,
KR352702GF71,,NO_MARKET_DATA,
KR352702GF89,,NO_MARKET_DATA,
KR352702GF97,,NO_MARKET_DATA,
KR352702GFA9,,NO_MARKET_DATA,
KR352702GG21,,NO_MARKET_DATA,
KR352702GG54,,NO_MARKET_DATA,
KR353602DF40,,NO_MARKET_DATA,
KR353602DF81,,NO_MARKET_DATA,
KR353602DFA7,,NO_MARKET_DATA,
KR353602DG15,,NO_MARKET_DATA,
KR353602DG64,,NO_MARKET_DATA,
KR354409GE74,,NO_MARKET_DATA,
KR356001GF21,,NO_MARKET_DATA,
KR354409GE82,,NO_MARKET_DATA,
KR354409GE90,,NO_MARKET_DATA,
KR354409GEA2,,NO_MARKET_DATA,
KR354412GA57,,NO_MARKET_DATA,
KR356010G535,,NO_MARKET_DATA,
KR600001AG68,,NO_MARKET_DATA,
KR354412GA99,,NO_MARKET_DATA,
KR354412GAA4,,NO_MARKET_DATA,
KR354412GAB2,,NO_MARKET_DATA,
KR354412GB23,,NO_MARKET_DATA,
KR354412GB56,,NO_MARKET_DATA,
KR354412GB80,,NO_MARKET_DATA,
KR354412GBC8,,NO_MARKET_DATA,
KR356102DG39,,NO_MARKET_DATA,
KR356102DG62,,NO_MARKET_DATA,
KR356102DG70,,NO_MARKET_DATA,
KR6000111E96,,NO_MARKET_DATA,
KR6000111EA7,,NO_MARKET_DATA,
KR6000111F12,,NO_MARKET_DATA,
KR6000111F38,,NO_MARKET_DATA,
KR6000111F61,,NO_MARKET_DATA,
KR6000111F87,,NO_MARKET_DATA,
KR6000111F95,,NO_MARKET_DATA,
KR60006H2F53,,NO_MARKET_DATA,
KR60006H3F52,,NO_MARKET_DATA,
KR60006H4F51,,NO_MARKET_DATA,
KR60006H5F50,,NO_MARKET_DATA,
KR60006J1F92,,NO_MARKET_DATA,
KR6005962G44,,NO_MARKET_DATA,
KR6005962G51,,NO_MARKET_DATA,
KR6005963G50,,NO_MARKET_DATA,
KR60059F1F57,,NO_MARKET_DATA,
KR60059L1FA5,,NO_MARKET_DATA,
KR60059P1F64,,NO_MARKET_DATA,
KR2055022G17,,NO_MARKET_DATA,
KR2033022C83,,NO_MARKET_DATA,
KR2033022C91,,NO_MARKET_DATA,
KR2033022CA0,,NO_MARKET_DATA,
KR2033022CB8,,NO_MARKET_DATA,
KR2033022CC6,,NO_MARKET_DATA,
KR2033022D33,,NO_MARKET_DATA,
KR2033022D41,,NO_MARKET_DATA,
KR2033022D58,,NO_MARKET_DATA,
KR2033022D66,,NO_MARKET_DATA,
KR2033022E65,,NO_MARKET_DATA,
KR352702GG62,,NO_MARKET_DATA,
KR3527037286,,NO_MARKET_DATA,
KR354408G855,,NO_MARKET_DATA,
KR354408G863,,NO_MARKET_DATA,
KR354408G871,,NO_MARKET_DATA,
KR354408G889,,NO_MARKET_DATA,
KR354408G8A8,,NO_MARKET_DATA,
KR354408G8C4,,NO_MARKET_DATA,
KR354408G947,,NO_MARKET_DATA,
KR354408G962,,NO_MARKET_DATA,
KR354409GEB0,,NO_MARKET_DATA,
KR354409GEC8,,NO_MARKET_DATA,
KR354409GF16,,NO_MARKET_DATA,
KR354409GF24,,NO_MARKET_DATA,
KR354409GF32,,NO_MARKET_DATA,
KR354409GF40,,NO_MARKET_DATA,
KR356001GEC1,,NO_MARKET_DATA,
KR356001GF13,,NO_MARKET_DATA,
KR356001GF39,,NO_MARKET_DATA,
KR356001GF47,,NO_MARKET_DATA,
KR356001GF54,,NO_MARKET_DATA,
KR354412GC30,,NO_MARKET_DATA,
KR354412GC71,,NO_MARKET_DATA,
KR356008G539,,NO_MARKET_DATA,
KR356009G545,,NO_MARKET_DATA,
KR356010G543,,NO_MARKET_DATA,
KR356010G626,,NO_MARKET_DATA,
KR3561017053,,NO_MARKET_DATA,
KR3561017129,,NO_MARKET_DATA,
KR3561017145,,NO_MARKET_DATA,
KR35610171B5,,NO_MARKET_DATA,
KR6000111FA4,,NO_MARKET_DATA,
KR6000111G29,,NO_MARKET_DATA,
KR6005282F97,,NO_MARKET_DATA,
KR6005282FA8,,NO_MARKET_DATA,
KR6005282FB6,,NO_MARKET_DATA,
KR6005282G13,,NO_MARKET_DATA,
KR6005282G21,,NO_MARKET_DATA,
KR6005282G39,,NO_MARKET_DATA,
KR6005282G47,,NO_MARKET_DATA,
KR6005282G54,,NO_MARKET_DATA,
KR6005282G62,,NO_MARKET_DATA,
KR60059P1F72,,NO_MARKET_DATA,
KR60059P1F80,,NO_MARKET_DATA,
KR6006041E98,,NO_MARKET_DATA,
KR6006041F14,,NO_MARKET_DATA,
KR6006042D72,,NO_MARKET_DATA,
KR6012453F13,,NO_MARKET_DATA,
KR6012453G12,,NO_MARKET_DATA,
KR6012454F12,,NO_MARKET_DATA,
KR6012454G11,,NO_MARKET_DATA,
KR60124A1FB7,,NO_MARKET_DATA,
KR2033022F80,,NO_MARKET_DATA,
KR2033022D74,,NO_MARKET_DATA,
KR2033022D82,,NO_MARKET_DATA,
KR2033022D90,,NO_MARKET_DATA,
KR2033022DA8,,NO_MARKET_DATA,
KR2033022DB6,,NO_MARKET_DATA,
KR2033022DC4,,NO_MARKET_DATA,
KR2033022E16,,NO_MARKET_DATA,
KR2033022E24,,NO_MARKET_DATA,
KR2033022E32,,NO_MARKET_DATA,
KR2033022E40,,NO_MARKET_DATA,
KR354408G970,,NO_MARKET_DATA,
KR354408G9A6,,NO_MARKET_DATA,
KR354804DE78,,NO_MARKET_DATA,
KR354804GG57,,NO_MARKET_DATA,
KR354901DF20,,NO_MARKET_DATA,
KR354901DF38,,NO_MARKET_DATA,
KR354901DF95,,NO_MARKET_DATA,
KR354901GD78,,NO_MARKET_DATA,
KR354901GE85,,NO_MARKET_DATA,
KR354901GF27,,NO_MARKET_DATA,
KR356001GF62,,NO_MARKET_DATA,
KR356001GF70,,NO_MARKET_DATA,
KR356001GF88,,NO_MARKET_DATA,
KR356001GF96,,NO_MARKET_DATA,
KR356001GFA2,,NO_MARKET_DATA,
KR381103GE92,,NO_MARKET_DATA,
KR381103GEA8,,NO_MARKET_DATA,
KR381103GF18,,NO_MARKET_DATA,
KR381103GF26,,NO_MARKET_DATA,
KR381103GF34,,NO_MARKET_DATA,
KR381103GF59,,NO_MARKET_DATA,
KR3561017244,,NO_MARKET_DATA,
KR6000019G63,,NO_MARKET_DATA,
KR600001A762,,NO_MARKET_DATA,
KR600001AEB0,,NO_MARKET_DATA,
KR600001AFA9,0.21426865356931,CALCULATED,저민감
KR600001AW68,,NO_MARKET_DATA,
KR600001BE85,,NO_MARKET_DATA,
KR600001BEA0,,NO_MARKET_DATA,
KR600001BEC6,,NO_MARKET_DATA,
KR600001C933,,NO_MARKET_DATA,
KR600001CE84,,NO_MARKET_DATA,
KR6005282G70,,NO_MARKET_DATA,
KR6005283EC5,,NO_MARKET_DATA,
KR60114G1F90,,NO_MARKET_DATA,
KR354401J8A2,,NO_MARKET_DATA,
KR354401J8B0,,NO_MARKET_DATA,
KR354414GF84,,NO_MARKET_DATA,
KR354414GF92,,NO_MARKET_DATA,
KR354414GFC5,,NO_MARKET_DATA,
KR354414GG18,,NO_MARKET_DATA,
KR60114H3F96,,NO_MARKET_DATA,
KR60124B1FB6,,NO_MARKET_DATA,
KR60124C1FB5,,NO_MARKET_DATA,
KR354416G833,,NO_MARKET_DATA,
KR354416G841,,NO_MARKET_DATA,
KR354416G866,,NO_MARKET_DATA,
KR354416G874,,NO_MARKET_DATA,
KR354416G882,,NO_MARKET_DATA,
KR354416G8A8,,NO_MARKET_DATA,
KR60124D1FB4,,NO_MARKET_DATA,
KR60124E1FB3,,NO_MARKET_DATA,
KR2033022E57,,NO_MARKET_DATA,
KR2033022E73,,NO_MARKET_DATA,
KR2033022E81,,NO_MARKET_DATA,
KR2033022E99,,NO_MARKET_DATA,
KR2033022EA6,,NO_MARKET_DATA,
KR2033022EC2,,NO_MARKET_DATA,
KR2033022F23,,NO_MARKET_DATA,
KR2033022F31,,NO_MARKET_DATA,
KR2033022F49,,NO_MARKET_DATA,
KR2033022F56,,NO_MARKET_DATA,
KR2033022F64,,NO_MARKET_DATA,
KR354901GF68,,NO_MARKET_DATA,
KR354901GG26,,NO_MARKET_DATA,
KR381001GG36,,NO_MARKET_DATA,
KR381001GG44,,NO_MARKET_DATA,
KR381001GG51,,NO_MARKET_DATA,
KR381001GG69,,NO_MARKET_DATA,
KR381001GG77,,NO_MARKET_DATA,
KR381001GG85,,NO_MARKET_DATA,
KR381002G853,,NO_MARKET_DATA,
KR381002GA31,,NO_MARKET_DATA,
KR381002GBA8,,NO_MARKET_DATA,
KR381103GFB3,,NO_MARKET_DATA,
KR381103GFC1,,NO_MARKET_DATA,
KR381103GG25,,NO_MARKET_DATA,
KR381103GG74,,NO_MARKET_DATA,
KR60044YQF48,,NO_MARKET_DATA,
KR60044YRF47,,NO_MARKET_DATA,
KR60044YSF46,,NO_MARKET_DATA,
KR350119GBC3,,NO_MARKET_DATA,
KR353602DE17,,NO_MARKET_DATA,
KR353602DE25,,NO_MARKET_DATA,
KR6004945EA4,,NO_MARKET_DATA,
KR6004945EB2,,NO_MARKET_DATA,
KR6004945F40,,NO_MARKET_DATA,
KR6004945F57,,NO_MARKET_DATA,
KR6004945F65,,NO_MARKET_DATA,
KR350702GBB8,,NO_MARKET_DATA,
KR354302GG39,,NO_MARKET_DATA,
KR354302GG54,,NO_MARKET_DATA,
KR354302GG62,,NO_MARKET_DATA,
KR354302GG70,,NO_MARKET_DATA,
KR354303GG12,,NO_MARKET_DATA,
KR60114J1FA2,,NO_MARKET_DATA,
KR60114L1FA8,,NO_MARKET_DATA,
KR310204J5C5,,NO_MARKET_DATA,
KR350706GG21,,NO_MARKET_DATA,
KR60114L2FA6,,NO_MARKET_DATA,
KR60114N1G38,,NO_MARKET_DATA,
KR60114P1FB2,,NO_MARKET_DATA,
KR60114T1G50,,NO_MARKET_DATA,
KR60115F1F99,,NO_MARKET_DATA,
KR60115F2F98,,NO_MARKET_DATA,
KR60115H1F95,,NO_MARKET_DATA,
KR60124F1FB2,,NO_MARKET_DATA,
KR310210GF90,,NO_MARKET_DATA,
KR310210GFA4,,NO_MARKET_DATA,
KR310210GFB2,,NO_MARKET_DATA,
KR310210GFC0,,NO_MARKET_DATA,
KR310210GG16,,NO_MARKET_DATA,
KR310210GG32,,NO_MARKET_DATA,
KR310210GG40,,NO_MARKET_DATA,
KR310210GG57,,NO_MARKET_DATA,
KR310210GG65,,NO_MARKET_DATA,
KR310210GG73,,NO_MARKET_DATA,
KR2033022F72,,NO_MARKET_DATA,
KR2033022F98,,NO_MARKET_DATA,
KR2033022FA3,,NO_MARKET_DATA,
KR2033022FB1,,NO_MARKET_DATA,
KR2033022FC9,,NO_MARKET_DATA,
KR2033022G14,,NO_MARKET_DATA,
KR2033022G22,,NO_MARKET_DATA,
KR2033022G30,,NO_MARKET_DATA,
KR2033022G48,,NO_MARKET_DATA,
KR2033022G55,,NO_MARKET_DATA,
KR2033022G63,,NO_MARKET_DATA,
KR381002GC47,,EXCLUDED_PERPETUAL,
KR381002GC70,,NO_MARKET_DATA,
KR6004022BA8,,NO_MARKET_DATA,
KR6004022C15,,NO_MARKET_DATA,
KR6004022E13,,NO_MARKET_DATA,
KR6004022E96,,NO_MARKET_DATA,
KR6004022F12,,NO_MARKET_DATA,
KR6004022F95,,NO_MARKET_DATA,
KR6004022G11,,NO_MARKET_DATA,
KR6004023976,,NO_MARKET_DATA,
KR353602DE58,,NO_MARKET_DATA,
KR353602DE66,,NO_MARKET_DATA,
KR353602DEC6,,NO_MARKET_DATA,
KR60044YTF45,,NO_MARKET_DATA,
KR60044Z1F40,,NO_MARKET_DATA,
KR6004541F30,,NO_MARKET_DATA,
KR60094STF83,,NO_MARKET_DATA,
KR6004541F48,,NO_MARKET_DATA,
KR6004541F71,,NO_MARKET_DATA,
KR6004541F97,,NO_MARKET_DATA,
KR6004945F73,,NO_MARKET_DATA,
KR6004945F81,,NO_MARKET_DATA,
KR6004945F99,,NO_MARKET_DATA,
KR6004945FA1,,NO_MARKET_DATA,
KR6004945FB9,,NO_MARKET_DATA,
KR6004945G23,,NO_MARKET_DATA,
KR60105AHFA9,,NO_MARKET_DATA,
KR60105AJFA5,,NO_MARKET_DATA,
KR60105AKFA3,,NO_MARKET_DATA,
KR60105C1FA0,,NO_MARKET_DATA,
KR60105C1FC6,,NO_MARKET_DATA,
KR310204GG55,,NO_MARKET_DATA,
KR310204GG63,,NO_MARKET_DATA,
KR310204GG71,,NO_MARKET_DATA,
KR310204GG89,,NO_MARKET_DATA,
KR310204J624,,NO_MARKET_DATA,
KR310204J632,,NO_MARKET_DATA,
KR310204J657,,NO_MARKET_DATA,
KR310204J665,,NO_MARKET_DATA,
KR310204J699,,NO_MARKET_DATA,
KR310204J6B5,,NO_MARKET_DATA,
KR350706GF30,,NO_MARKET_DATA,
KR310211GC50,,NO_MARKET_DATA,
KR350804GDB8,,NO_MARKET_DATA,
KR350804GE32,,NO_MARKET_DATA,
KR350804GE40,,NO_MARKET_DATA,
KR350804GE57,,NO_MARKET_DATA,
KR350804GE73,,NO_MARKET_DATA,
KR350804GEB6,,NO_MARKET_DATA,
KR350804GF31,,NO_MARKET_DATA,
KR350804GF49,,NO_MARKET_DATA,
KR350804GF64,,NO_MARKET_DATA,
KR350804GF72,,NO_MARKET_DATA,
KR2033022G71,4.769701678273115,CALCULATED,고민감
KR2033022G89,,EXCLUDED_UNSUPPORTED_TYPE,
KR2044011F23,,NO_MARKET_DATA,
KR2044011F31,,NO_MARKET_DATA,
KR2044011G22,,NO_MARKET_DATA,
KR2044011G55,,NO_MARKET_DATA,
KR2044012B83,,NO_MARKET_DATA,
KR2044012B91,,NO_MARKET_DATA,
KR2044022BA9,,NO_MARKET_DATA,
KR2044022BB7,,NO_MARKET_DATA,
KR2044022BC5,,NO_MARKET_DATA,
KR6004023A16,,NO_MARKET_DATA,
KR6004023A73,,NO_MARKET_DATA,
KR6008562EA3,,NO_MARKET_DATA,
KR6008562EB1,,NO_MARKET_DATA,
KR6008562F35,,NO_MARKET_DATA,
KR6008562F68,,NO_MARKET_DATA,
KR6008562F84,,NO_MARKET_DATA,
KR6008562F92,,NO_MARKET_DATA,
KR6008562FA0,,NO_MARKET_DATA,
KR6008562G67,,NO_MARKET_DATA,
KR6008563A13,,NO_MARKET_DATA,
KR6004541FB6,,NO_MARKET_DATA,
KR60094SMF80,,NO_MARKET_DATA,
KR60094SNF89,,NO_MARKET_DATA,
KR60094SPF87,,NO_MARKET_DATA,
KR60094SQF86,,NO_MARKET_DATA,
KR60094SRF85,,NO_MARKET_DATA,
KR60094SSF84,,NO_MARKET_DATA,
KR60094SVF89,,NO_MARKET_DATA,
KR60094SWF88,,NO_MARKET_DATA,
KR60094SXF87,,NO_MARKET_DATA,
KR60105C1G54,,NO_MARKET_DATA,
KR60105J1F92,,NO_MARKET_DATA,
KR60105P1F99,,NO_MARKET_DATA,
KR60105S1FA2,,NO_MARKET_DATA,
KR60105T1FC7,,NO_MARKET_DATA,
KR60105T2FC5,,NO_MARKET_DATA,
KR310201D995,,NO_MARKET_DATA,
KR310201D9A0,,NO_MARKET_DATA,
KR310201D9B8,,NO_MARKET_DATA,
KR310201D9C6,,NO_MARKET_DATA,
KR310201DA99,,NO_MARKET_DATA,
KR350706GF55,,NO_MARKET_DATA,
KR350706GF63,,NO_MARKET_DATA,
KR350706GF71,,NO_MARKET_DATA,
KR350706GFA2,,NO_MARKET_DATA,
KR350706GG47,,NO_MARKET_DATA,
KR350707GBA9,,NO_MARKET_DATA,
KR350707GC40,,NO_MARKET_DATA,
KR350707GE30,,NO_MARKET_DATA,
KR350707GEA3,,NO_MARKET_DATA,
KR354401J8C8,,NO_MARKET_DATA,
KR350804GF80,,NO_MARKET_DATA,
KR354402J621,,NO_MARKET_DATA,
KR354402J639,,NO_MARKET_DATA,
KR354402J647,,NO_MARKET_DATA,
KR354402J654,,NO_MARKET_DATA,
KR354402J662,,NO_MARKET_DATA,
KR354402J670,,NO_MARKET_DATA,
KR354402J688,,NO_MARKET_DATA,
KR354402J696,,NO_MARKET_DATA,
KR354402J6A5,,NO_MARKET_DATA,
KR2044022C15,,NO_MARKET_DATA,
KR2044022C23,,NO_MARKET_DATA,
KR2044022C31,,NO_MARKET_DATA,
KR2044022C49,,NO_MARKET_DATA,
KR2044022C56,,NO_MARKET_DATA,
KR2044022C64,,NO_MARKET_DATA,
KR2044022C72,,NO_MARKET_DATA,
KR2044022C80,1.0135131232094818,CALCULATED,중간
KR2044022C98,,NO_MARKET_DATA,
KR2044022CA7,,NO_MARKET_DATA,
KR2044022CB5,,NO_MARKET_DATA,
KR6008563DB1,,NO_MARKET_DATA,
KR6017673F24,,NO_MARKET_DATA,
KR35270372B0,,NO_MARKET_DATA,
KR6008563E92,,NO_MARKET_DATA,
KR6017673A11,,NO_MARKET_DATA,
KR6017673AA5,,NO_MARKET_DATA,
KR6017673B10,,NO_MARKET_DATA,
KR6017673BA3,,NO_MARKET_DATA,
KR6017673C43,,NO_MARKET_DATA,
KR6017673CC7,,NO_MARKET_DATA,
KR6017673D42,,NO_MARKET_DATA,
KR2099032J85,,NO_MARKET_DATA,
KR2099032K17,,NO_MARKET_DATA,
KR2100012B83,,NO_MARKET_DATA,
KR2100012B91,,NO_MARKET_DATA,
KR2100012BA1,,NO_MARKET_DATA,
KR2100012BB9,,NO_MARKET_DATA,
KR2100012BC7,,NO_MARKET_DATA,
KR2100012C17,,NO_MARKET_DATA,
KR2100012C25,,NO_MARKET_DATA,
KR2100012C33,,NO_MARKET_DATA,
KR2100012C41,,NO_MARKET_DATA,
KR310201DAA1,,NO_MARKET_DATA,
KR310201DAB9,,NO_MARKET_DATA,
KR310201DB31,,NO_MARKET_DATA,
KR310201DB72,,NO_MARKET_DATA,
KR310201DB80,,NO_MARKET_DATA,
KR310201DBA9,,NO_MARKET_DATA,
KR350702GBC6,,NO_MARKET_DATA,
KR350702GC11,,NO_MARKET_DATA,
KR350702GC45,,NO_MARKET_DATA,
KR350702GC52,,NO_MARKET_DATA,
KR350702GC60,,NO_MARKET_DATA,
KR354401J912,,NO_MARKET_DATA,
KR354401J920,,NO_MARKET_DATA,
KR354401J938,,NO_MARKET_DATA,
KR354401J946,,NO_MARKET_DATA,
KR354401J953,,NO_MARKET_DATA,
KR354401J961,,NO_MARKET_DATA,
KR354401J979,,NO_MARKET_DATA,
KR354401J987,,NO_MARKET_DATA,
KR354401J995,,NO_MARKET_DATA,
KR3544157141,,NO_MARKET_DATA,
KR354402J6B3,,NO_MARKET_DATA,
KR354416G9C2,,NO_MARKET_DATA,
KR354416GA12,,NO_MARKET_DATA,
KR354416GA20,,NO_MARKET_DATA,
KR354416GA38,,NO_MARKET_DATA,
KR354416GA61,,NO_MARKET_DATA,
KR354416GA79,,NO_MARKET_DATA,
KR354416GA87,,NO_MARKET_DATA,
KR354416GA95,,NO_MARKET_DATA,
KR354416GAA5,,NO_MARKET_DATA,
KR2044022CC3,,NO_MARKET_DATA,
KR2044022D14,,NO_MARKET_DATA,
KR2044022D22,,NO_MARKET_DATA,
KR2044022D30,,NO_MARKET_DATA,
KR2044022D48,,NO_MARKET_DATA,
KR2044022D55,,NO_MARKET_DATA,
KR2044022D63,,NO_MARKET_DATA,
KR2044022D71,,NO_MARKET_DATA,
KR2044022D89,,NO_MARKET_DATA,
KR2044022D97,,NO_MARKET_DATA,
KR2044022EB1,,NO_MARKET_DATA,
KR6017673DA9,,NO_MARKET_DATA,
KR6017673E25,,NO_MARKET_DATA,
KR6017673EC3,,NO_MARKET_DATA,
KR350106GBB2,,NO_MARKET_DATA,
KR350106GBC0,,NO_MARKET_DATA,
KR350106GC13,,NO_MARKET_DATA,
KR350106GC21,,NO_MARKET_DATA,
KR350106GC47,,NO_MARKET_DATA,
KR350106GC62,,NO_MARKET_DATA,
KR350106GC70,,NO_MARKET_DATA,
KR350106GC88,,NO_MARKET_DATA,
KR350120GC31,,NO_MARKET_DATA,
KR350120GC49,,NO_MARKET_DATA,
KR350121GC71,,NO_MARKET_DATA,
KR350121GC89,,NO_MARKET_DATA,
KR350121GC97,,NO_MARKET_DATA,
KR353602GEC9,,NO_MARKET_DATA,
KR353602GF13,,NO_MARKET_DATA,
KR350123GC46,,NO_MARKET_DATA,
KR350126GC43,,NO_MARKET_DATA,
KR350201GAA5,,NO_MARKET_DATA,
KR350201GAB3,1.1817144389729628,CALCULATED,중간
KR350702GC78,,NO_MARKET_DATA,
KR350702GC86,,NO_MARKET_DATA,
KR350702GC94,,NO_MARKET_DATA,
KR350702GD10,,NO_MARKET_DATA,
KR3544019119,,NO_MARKET_DATA,
KR350702GD51,,NO_MARKET_DATA,
KR350702GD69,,NO_MARKET_DATA,
KR3544017345,,NO_MARKET_DATA,
KR3544019010,,NO_MARKET_DATA,
KR3544019028,,NO_MARKET_DATA,
KR3544157232,,NO_MARKET_DATA,
KR35441572B9,,NO_MARKET_DATA,
KR3544157315,,NO_MARKET_DATA,
KR3544157323,,NO_MARKET_DATA,
KR354415G355,,NO_MARKET_DATA,
KR354415G3A0,,NO_MARKET_DATA,
KR354415G4A8,,NO_MARKET_DATA,
KR354415G4B6,,NO_MARKET_DATA,
KR354415G4C4,,NO_MARKET_DATA,
KR356102DG88,,NO_MARKET_DATA,
KR354416GAB3,,NO_MARKET_DATA,
KR356103GG50,,NO_MARKET_DATA,
KR6000721E15,,NO_MARKET_DATA,
KR356103GG68,,NO_MARKET_DATA,
KR356103GG76,,NO_MARKET_DATA,
KR356103JG16,,NO_MARKET_DATA,
KR356103JG24,,NO_MARKET_DATA,
KR3561044099,,NO_MARKET_DATA,
KR35610440A6,,NO_MARKET_DATA,
KR3561044131,,NO_MARKET_DATA,
KR3561044164,,NO_MARKET_DATA,
KR2044022FB8,,NO_MARKET_DATA,
KR2044022DA5,,NO_MARKET_DATA,
KR2044022DB3,,NO_MARKET_DATA,
KR2044022DC1,,NO_MARKET_DATA,
KR2044022E13,,NO_MARKET_DATA,
KR2044022E21,,NO_MARKET_DATA,
KR2044022E39,,NO_MARKET_DATA,
KR2044022E47,,NO_MARKET_DATA,
KR2044022E62,,NO_MARKET_DATA,
KR2044022E70,,NO_MARKET_DATA,
KR2044022E96,,NO_MARKET_DATA,
KR350106GE78,,NO_MARKET_DATA,
KR350106GE86,,NO_MARKET_DATA,
KR350106GE94,,NO_MARKET_DATA,
KR352703GBA6,,NO_MARKET_DATA,
KR352703GC65,,NO_MARKET_DATA,
KR352703GD80,,NO_MARKET_DATA,
KR354408G9B4,,NO_MARKET_DATA,
KR354408G9C2,,NO_MARKET_DATA,
KR354408GA12,,NO_MARKET_DATA,
KR354408GA20,,NO_MARKET_DATA,
KR350201GB59,,NO_MARKET_DATA,
KR350201GB67,,NO_MARKET_DATA,
KR353602DG72,,NO_MARKET_DATA,
KR353602GE55,,NO_MARKET_DATA,
KR353602GE63,,NO_MARKET_DATA,
KR353602GE97,,NO_MARKET_DATA,
KR353602GF21,,NO_MARKET_DATA,
KR353602GF39,,NO_MARKET_DATA,
KR353602GF47,,NO_MARKET_DATA,
KR353602GF62,,NO_MARKET_DATA,
KR3544019036,,NO_MARKET_DATA,
KR3544019044,,NO_MARKET_DATA,
KR3544019069,,NO_MARKET_DATA,
KR3544019077,,NO_MARKET_DATA,
KR35440190C9,,NO_MARKET_DATA,
KR3544019127,,NO_MARKET_DATA,
KR354412GCB8,,NO_MARKET_DATA,
KR354412GD39,,NO_MARKET_DATA,
KR354412GD62,,NO_MARKET_DATA,
KR354412GDA8,,NO_MARKET_DATA,
KR356102G399,,NO_MARKET_DATA,
KR356102G431,,NO_MARKET_DATA,
KR356102G480,,NO_MARKET_DATA,
KR356102G522,,NO_MARKET_DATA,
KR356102G597,,NO_MARKET_DATA,
KR356102G5A8,,NO_MARKET_DATA,
KR356102G5B6,,NO_MARKET_DATA,
KR356102G613,,NO_MARKET_DATA,
KR356102G670,,NO_MARKET_DATA,
KR6000111G45,,NO_MARKET_DATA,
KR35610441C0,,NO_MARKET_DATA,
KR3561047027,,NO_MARKET_DATA,
KR60006Z1F23,,NO_MARKET_DATA,
KR6000721F97,,NO_MARKET_DATA,
KR6000721G70,,NO_MARKET_DATA,
KR6000722A26,,NO_MARKET_DATA,
KR6000722D98,,NO_MARKET_DATA,
KR6000722F21,,NO_MARKET_DATA,
KR6000722F96,,NO_MARKET_DATA,
KR6000722G12,,NO_MARKET_DATA,
KR6000723A90,,NO_MARKET_DATA,
KR2044022EA3,,NO_MARKET_DATA,
KR2044022EC9,,NO_MARKET_DATA,
KR2044022F12,,NO_MARKET_DATA,
KR2044022F20,,NO_MARKET_DATA,
KR2044022F38,,NO_MARKET_DATA,
KR2044022F46,,NO_MARKET_DATA,
KR2044022F53,,NO_MARKET_DATA,
KR2044022F61,,NO_MARKET_DATA,
KR2044022F79,,NO_MARKET_DATA,
KR2044022F87,,NO_MARKET_DATA,
KR2044022F95,,NO_MARKET_DATA,
KR354408GA38,,NO_MARKET_DATA,
KR354408GA46,,NO_MARKET_DATA,
KR354408GA53,,NO_MARKET_DATA,
KR354408GA61,,NO_MARKET_DATA,
KR354408GA79,,NO_MARKET_DATA,
KR354408GA87,,NO_MARKET_DATA,
KR354901GG34,,NO_MARKET_DATA,
KR355001DDA5,,NO_MARKET_DATA,
KR355001DE50,,NO_MARKET_DATA,
KR355001DE68,,NO_MARKET_DATA,
KR354409GF57,,NO_MARKET_DATA,
KR354409GF65,,NO_MARKET_DATA,
KR354409GF73,,NO_MARKET_DATA,
KR354409GF81,,NO_MARKET_DATA,
KR354409GF99,,NO_MARKET_DATA,
KR354409GFA9,,NO_MARKET_DATA,
KR354409GFB7,,NO_MARKET_DATA,
KR354409GFC5,,NO_MARKET_DATA,
KR354409GG15,,NO_MARKET_DATA,
KR354409GG23,,NO_MARKET_DATA,
KR354412GDC4,,NO_MARKET_DATA,
KR354412GE12,,NO_MARKET_DATA,
KR354412GE53,,NO_MARKET_DATA,
KR354412GE61,,NO_MARKET_DATA,
KR354412GEA6,,NO_MARKET_DATA,
KR354412GEB4,,NO_MARKET_DATA,
KR3561017251,,NO_MARKET_DATA,
KR3561017269,,NO_MARKET_DATA,
KR3561017277,,NO_MARKET_DATA,
KR35610172B3,,NO_MARKET_DATA,
KR6000111G60,,NO_MARKET_DATA,
KR6000112856,,NO_MARKET_DATA,
KR6000112922,,NO_MARKET_DATA,
KR6000112B64,,NO_MARKET_DATA,
KR6000112E20,,NO_MARKET_DATA,
KR6000112E46,,NO_MARKET_DATA,
KR6000112E61,,NO_MARKET_DATA,
KR6000112E95,,NO_MARKET_DATA,
KR6000112EA5,,NO_MARKET_DATA,
KR6005283F13,,NO_MARKET_DATA,
KR6000723B65,,NO_MARKET_DATA,
KR6006042F13,,NO_MARKET_DATA,
KR60060R1F68,,NO_MARKET_DATA,
KR60060V1F60,,NO_MARKET_DATA,
KR6006111D11,,NO_MARKET_DATA,
KR6006121F25,,NO_MARKET_DATA,
KR6006122F24,,NO_MARKET_DATA,
KR6006122G23,,NO_MARKET_DATA,
KR6006123G22,,NO_MARKET_DATA,
KR60061C1F50,,NO_MARKET_DATA,
KR60061F1F53,,NO_MARKET_DATA,
KR2044022FA0,,NO_MARKET_DATA,
KR2044022FC6,,NO_MARKET_DATA,
KR2044022G11,,NO_MARKET_DATA,
KR2044022G29,,NO_MARKET_DATA,
KR2044022G37,,NO_MARKET_DATA,
KR2044022G45,,NO_MARKET_DATA,
KR2044022G52,,NO_MARKET_DATA,
KR2044022G60,,NO_MARKET_DATA,
KR2044022G78,4.769701678273115,CALCULATED,고민감
KR2044022G86,,EXCLUDED_UNSUPPORTED_TYPE,
KR2044032E52,,NO_MARKET_DATA,
KR355001DF18,,NO_MARKET_DATA,
KR355001DF26,,NO_MARKET_DATA,
KR355001DFC6,,NO_MARKET_DATA,
KR355001DG17,,NO_MARKET_DATA,
KR355001DG25,,NO_MARKET_DATA,
KR355001DG41,,NO_MARKET_DATA,
KR381002GD87,,NO_MARKET_DATA,
KR381002GD95,,NO_MARKET_DATA,
KR381002GE45,,NO_MARKET_DATA,
KR381002GE52,,NO_MARKET_DATA,
KR381002GE60,,NO_MARKET_DATA,
KR356001GFB0,,NO_MARKET_DATA,
KR356001GFC8,,NO_MARKET_DATA,
KR356001GG12,,NO_MARKET_DATA,
KR356001GG20,,NO_MARKET_DATA,
KR356001GG38,,NO_MARKET_DATA,
KR356001GG46,,NO_MARKET_DATA,
KR356001GG53,,NO_MARKET_DATA,
KR356001GG61,,NO_MARKET_DATA,
KR356001GG79,,NO_MARKET_DATA,
KR356001GG87,,NO_MARKET_DATA,
KR356001JBA5,,NO_MARKET_DATA,
KR35610172C1,,NO_MARKET_DATA,
KR356101DD82,,NO_MARKET_DATA,
KR356101DD90,,NO_MARKET_DATA,
KR356101DDA2,,NO_MARKET_DATA,
KR356101DDB0,,NO_MARKET_DATA,
KR356101DDC8,,NO_MARKET_DATA,
KR600001EE90,,NO_MARKET_DATA,
KR600001FE99,,NO_MARKET_DATA,
KR600001GDC7,,NO_MARKET_DATA,
KR600001HE97,,NO_MARKET_DATA,
KR6000031569,,NO_MARKET_DATA,
KR6005283F21,,NO_MARKET_DATA,
KR6005283F62,,NO_MARKET_DATA,
KR6005283F88,,NO_MARKET_DATA,
KR6005283F96,0.1241284433593329,CALCULATED,저민감
KR6005283G12,,NO_MARKET_DATA,
KR6005283G20,,NO_MARKET_DATA,
KR6005283G38,,NO_MARKET_DATA,
KR6005283G46,,NO_MARKET_DATA,
KR6005283G53,,NO_MARKET_DATA,
KR6005283G61,,NO_MARKET_DATA,
KR6011691F74,,NO_MARKET_DATA,
KR60061G1F69,,NO_MARKET_DATA,
KR60124G1FB1,,NO_MARKET_DATA,
KR60124H1FB0,,NO_MARKET_DATA,
KR60124J1FB8,,NO_MARKET_DATA,
KR60124K1FB5,,NO_MARKET_DATA,
KR60124L1FB4,,NO_MARKET_DATA,
KR60124N1FB2,,NO_MARKET_DATA,
KR60124P1FB0,,NO_MARKET_DATA,
KR60124R1FB8,,NO_MARKET_DATA,
KR60124S1FB7,,NO_MARKET_DATA,
KR60124V1FB2,,NO_MARKET_DATA,
KR2044032E86,,NO_MARKET_DATA,
KR2055012B89,,NO_MARKET_DATA,
KR2055012B97,,NO_MARKET_DATA,
KR2055012C54,,NO_MARKET_DATA,
KR2055012C62,,NO_MARKET_DATA,
KR2055012C88,,NO_MARKET_DATA,
KR2055012C96,1.0764473918747086,CALCULATED,중간
KR2055012CA4,,NO_MARKET_DATA,
KR2055012CB2,,NO_MARKET_DATA,
KR2055012D12,,NO_MARKET_DATA,
KR2055012D20,,NO_MARKET_DATA,
KR381002GE94,,NO_MARKET_DATA,
KR381002GEA2,,NO_MARKET_DATA,
KR6004023F94,,NO_MARKET_DATA,
KR381002GEB0,,NO_MARKET_DATA,
KR381002GEC8,,NO_MARKET_DATA,
KR381002GF51,,NO_MARKET_DATA,
KR381002GF69,,NO_MARKET_DATA,
KR6004023B15,,NO_MARKET_DATA,
KR6004023BA6,,NO_MARKET_DATA,
KR6004023C14,,NO_MARKET_DATA,
KR6004023D13,,NO_MARKET_DATA,
KR381104G725,,NO_MARKET_DATA,
KR381104GA20,,NO_MARKET_DATA,
KR381104GE18,,NO_MARKET_DATA,
KR381104GE91,,NO_MARKET_DATA,
KR381104GF25,,NO_MARKET_DATA,
KR6004562F26,,NO_MARKET_DATA,
KR6009581F97,,NO_MARKET_DATA,
KR381104GF58,,NO_MARKET_DATA,
KR381104GFC9,,NO_MARKET_DATA,
KR381105GF24,,NO_MARKET_DATA,
KR60000317B0,,NO_MARKET_DATA,
KR6000031858,,NO_MARKET_DATA,
KR6000031A30,,NO_MARKET_DATA,
KR6000031C79,,NO_MARKET_DATA,
KR6000031E93,,NO_MARKET_DATA,
KR6000031EB5,,NO_MARKET_DATA,
KR6004945G31,,NO_MARKET_DATA,
KR6004945G56,,NO_MARKET_DATA,
KR6004946A85,,NO_MARKET_DATA,
KR6004946E99,,NO_MARKET_DATA,
KR6004946EA2,,NO_MARKET_DATA,
KR60116BAFA9,,NO_MARKET_DATA,
KR60116BBFA7,,NO_MARKET_DATA,
KR60116BCFA5,,NO_MARKET_DATA,
KR310207GG45,,NO_MARKET_DATA,
KR310207GG52,,NO_MARKET_DATA,
KR60116BDFA3,,NO_MARKET_DATA,
KR60116BEFA1,,NO_MARKET_DATA,
KR60116BFFA8,,NO_MARKET_DATA,
KR60116BGFA6,,NO_MARKET_DATA,
KR60116BHFA4,,NO_MARKET_DATA,
KR60124W1FB1,,NO_MARKET_DATA,
KR310216GFC7,,NO_MARKET_DATA,
KR310216GG10,,NO_MARKET_DATA,
KR310216GG44,,NO_MARKET_DATA,
KR310216GG69,,NO_MARKET_DATA,
KR310217G9B7,,NO_MARKET_DATA,
KR310217GE78,,NO_MARKET_DATA,
KR310217GE86,,NO_MARKET_DATA,
KR310217GE94,,NO_MARKET_DATA,
KR310217GEB0,,NO_MARKET_DATA,
KR310217GF93,,NO_MARKET_DATA,
KR2055012D38,,NO_MARKET_DATA,
KR3544097V85,,NO_MARKET_DATA,
KR3544097W35,,NO_MARKET_DATA,
KR3544097WB8,,NO_MARKET_DATA,
KR3544097WC6,,NO_MARKET_DATA,
KR354409G374,,NO_MARKET_DATA,
KR354409G3B6,,NO_MARKET_DATA,
KR60091J1FB7,,NO_MARKET_DATA,
KR60091J1FC5,,NO_MARKET_DATA,
KR60091J1G36,,NO_MARKET_DATA,
KR6004023E12,,NO_MARKET_DATA,
KR6004023E95,,NO_MARKET_DATA,
KR6004023F11,,NO_MARKET_DATA,
KR350201GF71,,NO_MARKET_DATA,
KR353602GF70,,NO_MARKET_DATA,
KR353602GF88,,NO_MARKET_DATA,
KR353602GF96,,NO_MARKET_DATA,
KR353602GFA0,,NO_MARKET_DATA,
KR353602GFC6,,NO_MARKET_DATA,
KR60045H1F45,,NO_MARKET_DATA,
KR381107GC17,,NO_MARKET_DATA,
KR381109GC15,,NO_MARKET_DATA,
KR6004542E30,,NO_MARKET_DATA,
KR6004542F88,,NO_MARKET_DATA,
KR6004542F96,,NO_MARKET_DATA,
KR6004542FB4,,NO_MARKET_DATA,
KR6004542G79,,NO_MARKET_DATA,
KR6004561EB7,,NO_MARKET_DATA,
KR6004563F25,,NO_MARKET_DATA,
KR60045D1F44,,NO_MARKET_DATA,
KR60045D1G50,,NO_MARKET_DATA,
KR6004946F49,,NO_MARKET_DATA,
KR6004946F56,,NO_MARKET_DATA,
KR6004946F72,,NO_MARKET_DATA,
KR6004946F80,,NO_MARKET_DATA,
KR6004946F98,,NO_MARKET_DATA,
KR6004946FA9,,NO_MARKET_DATA,
KR310203D8A0,,NO_MARKET_DATA,
KR6010691BA2,,NO_MARKET_DATA,
KR6010691F35,,NO_MARKET_DATA,
KR6010691F50,,NO_MARKET_DATA,
KR6010691FB1,,NO_MARKET_DATA,
KR60116BJFA0,,NO_MARKET_DATA,
KR310207GFC6,,NO_MARKET_DATA,
KR310207GG11,,NO_MARKET_DATA,
KR310207GG29,,NO_MARKET_DATA,
KR310207GG37,,NO_MARKET_DATA,
KR310207GG60,,NO_MARKET_DATA,
KR310207GG78,,NO_MARKET_DATA,
KR310207J635,,NO_MARKET_DATA,
KR310207J676,,NO_MARKET_DATA,
KR3102084T57,,NO_MARKET_DATA,
KR350707GEB1,,NO_MARKET_DATA,
KR310217GFA9,,NO_MARKET_DATA,
KR354402J712,,NO_MARKET_DATA,
KR354416GB37,,NO_MARKET_DATA,
KR350804GF98,,NO_MARKET_DATA,
KR350804GFA5,,NO_MARKET_DATA,
KR350804GFB3,,NO_MARKET_DATA,
KR350804GG30,,NO_MARKET_DATA,
KR350804GG48,,NO_MARKET_DATA,
KR350804GG55,,NO_MARKET_DATA,
KR350805G3A6,,NO_MARKET_DATA,
KR2099012C45,,NO_MARKET_DATA,
KR2099012C78,,NO_MARKET_DATA,
KR2099012C86,,NO_MARKET_DATA,
KR2099012CA2,,NO_MARKET_DATA,
KR2099012CB0,,NO_MARKET_DATA,
KR2099012CC8,,NO_MARKET_DATA,
KR2099012D10,,NO_MARKET_DATA,
KR2099012D36,,NO_MARKET_DATA,
KR2099012D69,,NO_MARKET_DATA,
KR2099012D85,,NO_MARKET_DATA,
KR2099012D93,,NO_MARKET_DATA,
KR60045J1F41,,NO_MARKET_DATA,
KR60045K1F49,,NO_MARKET_DATA,
KR60045L1F47,,NO_MARKET_DATA,
KR60045M1F45,,NO_MARKET_DATA,
KR60045P1F48,,NO_MARKET_DATA,
KR60045R1F44,,NO_MARKET_DATA,
KR60095F1G19,,NO_MARKET_DATA,
KR60095F2G59,,NO_MARKET_DATA,
KR60095M1FC6,,NO_MARKET_DATA,
KR60095T1FC9,,NO_MARKET_DATA,
KR60095T2FC7,,NO_MARKET_DATA,
KR60045E1F42,,NO_MARKET_DATA,
KR60094SYF86,,NO_MARKET_DATA,
KR60094T1FB2,,NO_MARKET_DATA,
KR60094Z1G36,,NO_MARKET_DATA,
KR60094Z2G35,,NO_MARKET_DATA,
KR6009541F39,,NO_MARKET_DATA,
KR6009542F38,,NO_MARKET_DATA,
KR6009581F22,,NO_MARKET_DATA,
KR6009582G46,,NO_MARKET_DATA,
KR60095E1F96,,NO_MARKET_DATA,
KR60095E2F95,,NO_MARKET_DATA,
KR60106D1FC4,,NO_MARKET_DATA,
KR60106D2FC2,,NO_MARKET_DATA,
KR60106D3FC0,,NO_MARKET_DATA,
KR60106D4FC8,,NO_MARKET_DATA,
KR60106N1FA6,,NO_MARKET_DATA,
KR60106S1F91,,NO_MARKET_DATA,
KR60106S2F90,,NO_MARKET_DATA,
KR310203D926,,NO_MARKET_DATA,
KR310203D959,,NO_MARKET_DATA,
KR310203D983,,NO_MARKET_DATA,
KR310203D9A8,,NO_MARKET_DATA,
KR350707GF21,,NO_MARKET_DATA,
KR350707GF39,,NO_MARKET_DATA,
KR350707GF54,,NO_MARKET_DATA,
KR350707GFA0,,NO_MARKET_DATA,
KR350707GG20,,NO_MARKET_DATA,
KR350707GG46,,NO_MARKET_DATA,
KR350708GA41,,NO_MARKET_DATA,
KR350708GE39,,NO_MARKET_DATA,
KR350708GF38,,NO_MARKET_DATA,
KR350708GF53,,NO_MARKET_DATA,
KR350805GD99,,NO_MARKET_DATA,
KR350805GEB3,,NO_MARKET_DATA,
KR350805GF30,,NO_MARKET_DATA,
KR354402J6C1,,NO_MARKET_DATA,
KR354402J720,,NO_MARKET_DATA,
KR354402J738,,NO_MARKET_DATA,
KR354402J746,,NO_MARKET_DATA,
KR354402J753,,NO_MARKET_DATA,
KR354402J761,,NO_MARKET_DATA,
KR354402J779,,NO_MARKET_DATA,
KR350109GG40,,NO_MARKET_DATA,
KR350109GG57,,NO_MARKET_DATA,
KR350109GG65,,NO_MARKET_DATA,
KR350110GB83,,NO_MARKET_DATA,
KR350110GBB4,,NO_MARKET_DATA,
KR350110GBC2,,NO_MARKET_DATA,
KR350110GC17,,NO_MARKET_DATA,
KR350110GC25,,NO_MARKET_DATA,
KR350110GC33,,NO_MARKET_DATA,
KR350110GC90,,NO_MARKET_DATA,
KR350110GEA0,,NO_MARKET_DATA,
KR6009621G23,,NO_MARKET_DATA,
KR6009661EB0,,NO_MARKET_DATA,
KR6009661FB7,,NO_MARKET_DATA,
KR6009661G40,,NO_MARKET_DATA,
KR60096B1F82,,NO_MARKET_DATA,
KR60096D1F88,,NO_MARKET_DATA,
KR2100012D32,,NO_MARKET_DATA,
KR2100012D40,,NO_MARKET_DATA,
KR2100012D57,,NO_MARKET_DATA,
KR2100012D65,,NO_MARKET_DATA,
KR2100012D73,,NO_MARKET_DATA,
KR2101012E47,,NO_MARKET_DATA,
KR2101012E54,,NO_MARKET_DATA,
KR2101012E62,,NO_MARKET_DATA,
KR2101012E70,,NO_MARKET_DATA,
KR2101012E88,,NO_MARKET_DATA,
KR2101012E96,,NO_MARKET_DATA,
KR2101012EA4,,NO_MARKET_DATA,
KR2101012EB2,,NO_MARKET_DATA,
KR2101012EC0,,NO_MARKET_DATA,
KR2101012F12,,NO_MARKET_DATA,
KR2101012F20,,NO_MARKET_DATA,
KR310203DBA5,,NO_MARKET_DATA,
KR310203DC12,,NO_MARKET_DATA,
KR310203G6A1,,NO_MARKET_DATA,
KR310203G6B9,,NO_MARKET_DATA,
KR310203G739,,NO_MARKET_DATA,
KR310203G796,,NO_MARKET_DATA,
KR350702GD77,,NO_MARKET_DATA,
KR350702GD85,,NO_MARKET_DATA,
KR350702GD93,,NO_MARKET_DATA,
KR350702GDA6,,NO_MARKET_DATA,
KR350702GDB4,,NO_MARKET_DATA,
KR354401J9A0,,NO_MARKET_DATA,
KR354401J9B8,,NO_MARKET_DATA,
KR354401J9C6,,NO_MARKET_DATA,
KR354401JA16,,NO_MARKET_DATA,
KR354401JA24,,NO_MARKET_DATA,
KR354401JA32,,NO_MARKET_DATA,
KR354401JA40,,NO_MARKET_DATA,
KR354401JA57,,NO_MARKET_DATA,
KR354415G579,,NO_MARKET_DATA,
KR354415G595,,NO_MARKET_DATA,
KR354402J787,,NO_MARKET_DATA,
KR354402J795,,NO_MARKET_DATA,
KR354416GAC1,,NO_MARKET_DATA,
KR354416GB11,,NO_MARKET_DATA,
KR354416GB45,,NO_MARKET_DATA,
KR3561047266,,NO_MARKET_DATA,
KR3561047290,,NO_MARKET_DATA,
KR35610472A9,,NO_MARKET_DATA,
KR35610472B7,,NO_MARKET_DATA,
KR3561047324,,NO_MARKET_DATA,
KR353601DF25,,NO_MARKET_DATA,
KR353601DF41,,NO_MARKET_DATA,
KR353601DF74,,NO_MARKET_DATA,
KR353601DF82,,NO_MARKET_DATA,
KR353601DF90,,NO_MARKET_DATA,
KR353601DFA9,,NO_MARKET_DATA,
KR353601DFC5,,NO_MARKET_DATA,
KR353601DG16,,NO_MARKET_DATA,
KR353601DG24,,NO_MARKET_DATA,
KR353601DG40,,NO_MARKET_DATA,
KR2100012D81,,NO_MARKET_DATA,
KR2100012D99,,NO_MARKET_DATA,
KR350202GC65,,NO_MARKET_DATA,
KR2100012DA7,,NO_MARKET_DATA,
KR2100012DB5,,NO_MARKET_DATA,
KR2100012DC3,,NO_MARKET_DATA,
KR350201GF89,,NO_MARKET_DATA,
KR350201GF97,,NO_MARKET_DATA,
KR350201GFB2,,NO_MARKET_DATA,
KR350201GG21,,NO_MARKET_DATA,
KR350201GG39,,NO_MARKET_DATA,
KR350201GBB1,,NO_MARKET_DATA,
KR350201GC25,,NO_MARKET_DATA,
KR350201GD65,,NO_MARKET_DATA,
KR350201GD99,,NO_MARKET_DATA,
KR350201GDA9,,NO_MARKET_DATA,
KR350201GE72,,NO_MARKET_DATA,
KR350201GE80,,NO_MARKET_DATA,
KR350201GEC3,,NO_MARKET_DATA,
KR350201GF55,,NO_MARKET_DATA,
KR350201GF63,,NO_MARKET_DATA,
KR353602GG12,,NO_MARKET_DATA,
KR350702GDC2,,NO_MARKET_DATA,
KR350702GE27,,NO_MARKET_DATA,
KR350702GE35,,NO_MARKET_DATA,
KR350702GE43,,NO_MARKET_DATA,
KR350702GE50,,NO_MARKET_DATA,
KR350702GE84,,NO_MARKET_DATA,
KR3544019135,,NO_MARKET_DATA,
KR3544019150,,NO_MARKET_DATA,
KR3544019168,,NO_MARKET_DATA,
KR3544019242,,NO_MARKET_DATA,
KR354415G5A5,,NO_MARKET_DATA,
KR354415G5B3,,NO_MARKET_DATA,
KR354415G5C1,,NO_MARKET_DATA,
KR354415G629,,NO_MARKET_DATA,
KR6000112F29,,NO_MARKET_DATA,
KR356102G696,,NO_MARKET_DATA,
KR356102G761,,NO_MARKET_DATA,
KR356102G852,,NO_MARKET_DATA,
KR356102GA16,,NO_MARKET_DATA,
KR356102GA40,,NO_MARKET_DATA,
KR356104DB40,,NO_MARKET_DATA,
KR356104DBB8,,NO_MARKET_DATA,
KR356104DC49,,NO_MARKET_DATA,
KR356104DE47,,NO_MARKET_DATA,
KR356104DFA1,,NO_MARKET_DATA,
KR356104G3A1,,NO_MARKET_DATA,
KR6000723E13,,NO_MARKET_DATA,
KR6000723F20,,NO_MARKET_DATA,
KR6000723F95,,NO_MARKET_DATA,
KR6000723G11,,NO_MARKET_DATA,
KR6000724F29,,NO_MARKET_DATA,
KR354409G580,,NO_MARKET_DATA,
KR355901GDA9,,NO_MARKET_DATA,
KR354409G614,,NO_MARKET_DATA,
KR354409G739,,NO_MARKET_DATA,
KR354409G7A9,,NO_MARKET_DATA,
KR354409G812,,NO_MARKET_DATA,
KR354409G887,,NO_MARKET_DATA,
KR354409G8A7,,NO_MARKET_DATA,
KR354409G978,,NO_MARKET_DATA,
KR354409G9B3,,NO_MARKET_DATA,
KR350201GG47,,NO_MARKET_DATA,
KR350201GG62,,NO_MARKET_DATA,
KR350202GBB9,,NO_MARKET_DATA,
KR350202GF62,,NO_MARKET_DATA,
KR350202GF88,,NO_MARKET_DATA,
KR353602GG79,,NO_MARKET_DATA,
KR353603DCA2,,NO_MARKET_DATA,
KR353603DCB0,,NO_MARKET_DATA,
KR353603DD17,,NO_MARKET_DATA,
KR353603DD74,,NO_MARKET_DATA,
KR353602GG20,,NO_MARKET_DATA,
KR353602GG46,,NO_MARKET_DATA,
KR353602GG53,,NO_MARKET_DATA,
KR353602GG61,,NO_MARKET_DATA,
KR354409GG31,,NO_MARKET_DATA,
KR354409GG49,,NO_MARKET_DATA,
KR354409GG56,,NO_MARKET_DATA,
KR354409GG64,,NO_MARKET_DATA,
KR354409GG72,,NO_MARKET_DATA,
KR3544107062,,NO_MARKET_DATA,
KR354412GEC2,,NO_MARKET_DATA,
KR354412GF11,,NO_MARKET_DATA,
KR354412GF29,,NO_MARKET_DATA,
KR354412GF37,,NO_MARKET_DATA,
KR354412GF45,,NO_MARKET_DATA,
KR354412GF52,,NO_MARKET_DATA,
KR354412GF60,,NO_MARKET_DATA,
KR354412GF78,,NO_MARKET_DATA,
KR354412GF86,,NO_MARKET_DATA,
KR354412GF94,,NO_MARKET_DATA,
KR356102GA57,,NO_MARKET_DATA,
KR356102GA65,,NO_MARKET_DATA,
KR356102GA73,,NO_MARKET_DATA,
KR356102GA81,,NO_MARKET_DATA,
KR356102GA99,,NO_MARKET_DATA,
KR6000112F11,,NO_MARKET_DATA,
KR6000112F37,,NO_MARKET_DATA,
KR6000112F94,,NO_MARKET_DATA,
KR6000112G44,,NO_MARKET_DATA,
KR6000113573,,NO_MARKET_DATA,
KR6000724G10,,NO_MARKET_DATA,
KR60007K1F31,,NO_MARKET_DATA,
KR60007K1G14,,NO_MARKET_DATA,
KR60007K1G22,0.9178405460575756,CALCULATED,중간
KR60007Y1F32,,NO_MARKET_DATA,
KR6000821EA1,0.1922806374120669,CALCULATED,저민감
KR60061H1F67,,NO_MARKET_DATA,
KR60061H1FB5,,NO_MARKET_DATA,
KR60061J1F63,,NO_MARKET_DATA,
KR60061J1G62,,NO_MARKET_DATA,
KR60061K1F61,,NO_MARKET_DATA,
KR354409GA94,,NO_MARKET_DATA,
KR355901GD34,,NO_MARKET_DATA,
KR355901GEA7,,NO_MARKET_DATA,
KR355901GF57,,NO_MARKET_DATA,
KR355901GF81,,NO_MARKET_DATA,
KR355901GFB2,,NO_MARKET_DATA,
KR355901GG31,,NO_MARKET_DATA,
KR355901GG64,,NO_MARKET_DATA,
KR355902G450,,NO_MARKET_DATA,
KR355902GG63,,NO_MARKET_DATA,
KR353603DDC6,,NO_MARKET_DATA,
KR353603DE16,,NO_MARKET_DATA,
KR353603DE57,,NO_MARKET_DATA,
KR353603DE65,,NO_MARKET_DATA,
KR353603DG63,,NO_MARKET_DATA,
KR354410G810,,NO_MARKET_DATA,
KR354410G893,,NO_MARKET_DATA,
KR354410G8B2,,NO_MARKET_DATA,
KR354410G950,,NO_MARKET_DATA,
KR354410G992,,NO_MARKET_DATA,
KR3544107088,,NO_MARKET_DATA,
KR3544107187,,NO_MARKET_DATA,
KR3544107336,,NO_MARKET_DATA,
KR354410G7A6,,NO_MARKET_DATA,
KR356001JF44,,NO_MARKET_DATA,
KR356001JF77,,NO_MARKET_DATA,
KR356001JFC2,,NO_MARKET_DATA,
KR3826011JC3,,NO_MARKET_DATA,
KR356001JG35,,NO_MARKET_DATA,
KR356001JG68,,NO_MARKET_DATA,
KR3560027194,,NO_MARKET_DATA,
KR356101DE16,,NO_MARKET_DATA,
KR356101DE24,,NO_MARKET_DATA,
KR356101DE32,,NO_MARKET_DATA,
KR356101DE40,0.690329182420707,CALCULATED,중간
KR356101DE57,,NO_MARKET_DATA,
KR356101DE65,,NO_MARKET_DATA,
KR356101DE73,,NO_MARKET_DATA,
KR6000031FC0,,NO_MARKET_DATA,
KR356101DE81,,NO_MARKET_DATA,
KR356101DE99,,NO_MARKET_DATA,
KR356101DEA0,,NO_MARKET_DATA,
KR6427931F49,,NO_MARKET_DATA,
KR6427971E33,,NO_MARKET_DATA,
KR6427981F48,,NO_MARKET_DATA,
KR6427991F46,,NO_MARKET_DATA,
KR6428001F42,,NO_MARKET_DATA,
KR6428021F48,,NO_MARKET_DATA,
KR6428031F46,,NO_MARKET_DATA,
KR6428041F44,,NO_MARKET_DATA,
KR6428061F49,,NO_MARKET_DATA,
KR6428071F47,,NO_MARKET_DATA,
KR6479121E33,,NO_MARKET_DATA,
KR6389351B53,,NO_MARKET_DATA,
KR6389352B52,,NO_MARKET_DATA,
KR6389353B51,,NO_MARKET_DATA,
KR6389354B50,,NO_MARKET_DATA,
KR6389471D64,,NO_MARKET_DATA,
KR6453412E85,,NO_MARKET_DATA,
KR6453413E84,,NO_MARKET_DATA,
KR6453414E83,,NO_MARKET_DATA,
KR645349YD36,,NO_MARKET_DATA,
KR6453511F50,,NO_MARKET_DATA,
KR6453781F95,,NO_MARKET_DATA,
KR6174141EC0,,NO_MARKET_DATA,
KR6174141F19,,NO_MARKET_DATA,
KR6174141F43,,NO_MARKET_DATA,
KR6174141F50,,NO_MARKET_DATA,
KR6174141F68,,NO_MARKET_DATA,
KR6174141F76,,NO_MARKET_DATA,
KR6174141F84,,NO_MARKET_DATA,
KR60180T1G77,,NO_MARKET_DATA,
KR60180T2G76,,NO_MARKET_DATA,
KR60180T3G75,,NO_MARKET_DATA,
KR60181T1G42,,NO_MARKET_DATA,
KR354404GFA0,,NO_MARKET_DATA,
KR354404GFB8,,NO_MARKET_DATA,
KR354404GFC6,,NO_MARKET_DATA,
KR354404GG10,,NO_MARKET_DATA,
KR354404GG28,,NO_MARKET_DATA,
KR354404GG36,,NO_MARKET_DATA,
KR357101GA64,,NO_MARKET_DATA,
KR354404GG44,,NO_MARKET_DATA,
KR354422GA71,,NO_MARKET_DATA,
KR354422GB54,,NO_MARKET_DATA,
KR60075ZWF66,,NO_MARKET_DATA,
KR60075ZXF65,,NO_MARKET_DATA,
KR60075ZYF64,,NO_MARKET_DATA,
KR60075ZZF63,,NO_MARKET_DATA,
KR6007691EA1,,NO_MARKET_DATA,
KR6007691F23,,NO_MARKET_DATA,
KR6007692F22,,NO_MARKET_DATA,
KR60151Y1G37,,NO_MARKET_DATA,
KR60151Y2G36,,NO_MARKET_DATA,
KR6015261F42,,NO_MARKET_DATA,
KR6008275F82,,NO_MARKET_DATA,
KR6008275F90,,NO_MARKET_DATA,
KR6008275FB7,,NO_MARKET_DATA,
KR6008275FC5,,NO_MARKET_DATA,
KR6008275G16,,NO_MARKET_DATA,
KR6008275G24,,NO_MARKET_DATA,
KR6008275G32,,NO_MARKET_DATA,
KR60166F2G41,,NO_MARKET_DATA,
KR60166F3G40,,NO_MARKET_DATA,
KR60166G1G40,,NO_MARKET_DATA,
KR60166H1G71,,NO_MARKET_DATA,
KR6496871EB5,,NO_MARKET_DATA,
KR6496891EB3,,NO_MARKET_DATA,
KR6496951EB5,,NO_MARKET_DATA,
KR6496961EB4,,NO_MARKET_DATA,
KR6496971EB3,,NO_MARKET_DATA,
KR6496981EB2,,NO_MARKET_DATA,
KR646980CDN4,,NO_MARKET_DATA,
KR6469881DA1,,NO_MARKET_DATA,
KR6469901DA7,,NO_MARKET_DATA,
KR649969HEC4,,NO_MARKET_DATA,
KR649969JEC0,,NO_MARKET_DATA,
KR6271711E55,,NO_MARKET_DATA,
KR6271711F21,,NO_MARKET_DATA,
KR6271711G12,,NO_MARKET_DATA,
KR6271711G38,,NO_MARKET_DATA,
KR6271721G51,,NO_MARKET_DATA,
KR6358521F67,,NO_MARKET_DATA,
KR6271722F69,,NO_MARKET_DATA,
KR6271723F68,,NO_MARKET_DATA,
KR6271724F67,,NO_MARKET_DATA,
KR6271725F66,,NO_MARKET_DATA,
KR6271811G52,,NO_MARKET_DATA,
KR6479131E31,,NO_MARKET_DATA,
KR6479141E39,,NO_MARKET_DATA,
KR6479151E36,,NO_MARKET_DATA,
KR6479161E34,,NO_MARKET_DATA,
KR6479181E30,,NO_MARKET_DATA,
KR6479201E36,,NO_MARKET_DATA,
KR6479221E32,,NO_MARKET_DATA,
KR6355801FB9,,NO_MARKET_DATA,
KR6479231E30,,NO_MARKET_DATA,
KR6479241E38,,NO_MARKET_DATA,
KR6254551F95,,NO_MARKET_DATA,
KR6453781G52,,NO_MARKET_DATA,
KR6453782E95,,NO_MARKET_DATA,
KR6453782F94,,NO_MARKET_DATA,
KR6492811E98,,NO_MARKET_DATA,
KR6492831E94,,NO_MARKET_DATA,
KR6492841E92,,NO_MARKET_DATA,
KR6492842F66,,NO_MARKET_DATA,
KR6492843F65,,NO_MARKET_DATA,
KR6492844F64,,NO_MARKET_DATA,
KR6492845F63,,NO_MARKET_DATA,
KR6018262G44,,NO_MARKET_DATA,
KR60182B1G63,,NO_MARKET_DATA,
KR60182B2G39,,NO_MARKET_DATA,
KR60182B2G62,,NO_MARKET_DATA,
KR60182N1G68,,NO_MARKET_DATA,
KR60182N2G67,,NO_MARKET_DATA,
KR60182V1G46,,NO_MARKET_DATA,
KR6021965F15,,NO_MARKET_DATA,
KR6021965F23,,NO_MARKET_DATA,
KR6021965F31,,NO_MARKET_DATA,
KR6021965F49,,NO_MARKET_DATA,
KR354403GA90,,NO_MARKET_DATA,
KR354403GAB1,,NO_MARKET_DATA,
KR354403GB57,,NO_MARKET_DATA,
KR354418GD17,,NO_MARKET_DATA,
KR354418GD25,,NO_MARKET_DATA,
KR60134Z1FB6,,NO_MARKET_DATA,
KR60134Z1G63,,NO_MARKET_DATA,
KR60134Z2G62,,NO_MARKET_DATA,
KR6013521DA4,,NO_MARKET_DATA,
KR310503GB90,,NO_MARKET_DATA,
KR6013521EA2,,NO_MARKET_DATA,
KR6015261G33,,NO_MARKET_DATA,
KR6015262E34,,NO_MARKET_DATA,
KR60152B1G25,,NO_MARKET_DATA,
KR60152F1FC5,,NO_MARKET_DATA,
KR60152G1G24,,NO_MARKET_DATA,
KR60152H1G30,,NO_MARKET_DATA,
KR60152H2G39,,NO_MARKET_DATA,
KR354406GE69,,NO_MARKET_DATA,
KR354406GE77,,NO_MARKET_DATA,
KR354406GE85,,NO_MARKET_DATA,
KR35443372B2,,NO_MARKET_DATA,
KR60166H2G70,,NO_MARKET_DATA,
KR60166W1G47,,NO_MARKET_DATA,
KR60166W2G46,,NO_MARKET_DATA,
KR60166X1G60,,NO_MARKET_DATA,
KR354407GFC9,,NO_MARKET_DATA,
KR354407GG17,,NO_MARKET_DATA,
KR354407GG25,,NO_MARKET_DATA,
KR354407GG33,,NO_MARKET_DATA,
KR354701GG69,,NO_MARKET_DATA,
KR354701GG77,,NO_MARKET_DATA,
KR600827CFB1,,NO_MARKET_DATA,
KR649969KEC8,,NO_MARKET_DATA,
KR6469951DA2,,NO_MARKET_DATA,
KR6470001DA3,,NO_MARKET_DATA,
KR6470031DA0,,NO_MARKET_DATA,
KR6470031F63,,NO_MARKET_DATA,
KR6470051DA8,,NO_MARKET_DATA,
KR6470061DA7,,NO_MARKET_DATA,
KR6470071DA6,,NO_MARKET_DATA,
KR6470091DA4,,NO_MARKET_DATA,
KR6470101DA1,,NO_MARKET_DATA,
KR6470101EA9,,NO_MARKET_DATA,
KR6358302FB5,,NO_MARKET_DATA,
KR6358331F67,,NO_MARKET_DATA,
KR6358361D96,,NO_MARKET_DATA,
KR6358401DB0,,NO_MARKET_DATA,
KR6358401F62,,NO_MARKET_DATA,
KR6358431F33,,NO_MARKET_DATA,
KR6358531D91,,NO_MARKET_DATA,
KR6358531EA4,,NO_MARKET_DATA,
KR6358541F63,,NO_MARKET_DATA,
KR6358561DB1,,NO_MARKET_DATA,
KR6432381E45,,NO_MARKET_DATA,
KR6254601G45,,NO_MARKET_DATA,
KR6254621F91,,NO_MARKET_DATA,
KR6254691D98,,NO_MARKET_DATA,
KR6254691F54,,NO_MARKET_DATA,
KR6254691F62,,NO_MARKET_DATA,
KR6254781EA0,,NO_MARKET_DATA,
KR6254781F97,,NO_MARKET_DATA,
KR6254921F98,,NO_MARKET_DATA,
KR6254921FA9,,NO_MARKET_DATA,
KR6254931F96,,NO_MARKET_DATA,
KR6355693F24,,NO_MARKET_DATA,
KR6492851E99,,NO_MARKET_DATA,
KR6492851G63,,NO_MARKET_DATA,
KR6492861E97,,NO_MARKET_DATA,
KR6492871E95,,NO_MARKET_DATA,
KR6308441G19,,NO_MARKET_DATA,
KR6308481G69,,NO_MARKET_DATA,
KR6309051EB1,,NO_MARKET_DATA,
KR6309051G34,,NO_MARKET_DATA,
KR6309291EA5,,NO_MARKET_DATA,
KR6309411F63,,NO_MARKET_DATA,
KR6309411FA6,,NO_MARKET_DATA,
KR6021965F56,,NO_MARKET_DATA,
KR6021965F64,,NO_MARKET_DATA,
KR6021965F72,,NO_MARKET_DATA,
KR6021965F80,,NO_MARKET_DATA,
KR6021965FB6,,NO_MARKET_DATA,
KR6021965FC4,,NO_MARKET_DATA,
KR6021965G14,,NO_MARKET_DATA,
KR6029888718,,NO_MARKET_DATA,
KR6029888A66,,NO_MARKET_DATA,
KR6029888AA5,,NO_MARKET_DATA,
KR6029888C98,,NO_MARKET_DATA,
KR357201GF84,,NO_MARKET_DATA,
KR60021X1FC2,,NO_MARKET_DATA,
KR60021Y1FC1,,NO_MARKET_DATA,
KR60021Z1FC0,,NO_MARKET_DATA,
KR6002211D76,,NO_MARKET_DATA,
KR6002211EC9,,NO_MARKET_DATA,
KR6002211F25,,NO_MARKET_DATA,
KR6002212G49,,NO_MARKET_DATA,
KR60022C1G36,,NO_MARKET_DATA,
KR60022D1G34,,NO_MARKET_DATA,
KR60022J1G98,,NO_MARKET_DATA,
KR3544337321,,NO_MARKET_DATA,
KR3544337347,,NO_MARKET_DATA,
KR6015861FA7,,NO_MARKET_DATA,
KR60158R1G28,,NO_MARKET_DATA,
KR60158R1G77,,NO_MARKET_DATA,
KR310513GF86,,NO_MARKET_DATA,
KR352501GB86,,NO_MARKET_DATA,
KR6015961G51,,NO_MARKET_DATA,
KR60159F1G13,,NO_MARKET_DATA,
KR60159F2G12,,NO_MARKET_DATA,
KR60159X1G32,,NO_MARKET_DATA,
KR60170YSG33,,NO_MARKET_DATA,
KR60170YTG32,,NO_MARKET_DATA,
KR60170YVG38,,NO_MARKET_DATA,
KR60170YWG37,,NO_MARKET_DATA,
KR60170YXG36,,NO_MARKET_DATA,
KR60171F1G34,,NO_MARKET_DATA,
KR60171F2G33,,NO_MARKET_DATA,
KR6017261F55,,NO_MARKET_DATA,
KR6017261F63,,NO_MARKET_DATA,
KR60172X1G43,,NO_MARKET_DATA,
KR6470101EB7,,NO_MARKET_DATA,
KRB136082FB8,,NO_MARKET_DATA,
KRB250031E59,,NO_MARKET_DATA,
KRB250032D34,,NO_MARKET_DATA,
KRB360092G35,,NO_MARKET_DATA,
KRB360101F35,,NO_MARKET_DATA,
KRB528011FA5,,NO_MARKET_DATA,
KRB528011FB3,,NO_MARKET_DATA,
KRB528011G19,,NO_MARKET_DATA,
KRB528011G68,,NO_MARKET_DATA,
KRB528012FA3,,NO_MARKET_DATA,
KRB528012FB1,,NO_MARKET_DATA,
KR6432381F51,,NO_MARKET_DATA,
KR6432391F59,,NO_MARKET_DATA,
KR6432451G48,,NO_MARKET_DATA,
KR6432471CC3,,NO_MARKET_DATA,
KR6432471F94,,NO_MARKET_DATA,
KR6432551E31,,NO_MARKET_DATA,
KR6432551F55,,NO_MARKET_DATA,
KR6432631F59,,NO_MARKET_DATA,
KR6432671F35,,NO_MARKET_DATA,
KR6432671F50,,NO_MARKET_DATA,
KR6482521E58,,NO_MARKET_DATA,
KR6355701G31,,NO_MARKET_DATA,
KR6355711F55,,NO_MARKET_DATA,
KR6355721E96,,NO_MARKET_DATA,
KR6355721EB2,,NO_MARKET_DATA,
KR6355731F51,,NO_MARKET_DATA,
KR6355761E30,,NO_MARKET_DATA,
KR6355761F54,,NO_MARKET_DATA,
KR6355771EB7,,NO_MARKET_DATA,
KR6355771F52,,NO_MARKET_DATA,
KR6355771G51,,NO_MARKET_DATA,
KR6355781F50,,NO_MARKET_DATA,
KR6428081F45,,NO_MARKET_DATA,
KR6309441FA3,,NO_MARKET_DATA,
KR6309541E34,,NO_MARKET_DATA,
KR6309561FA8,,NO_MARKET_DATA,
KR6309601EB3,,NO_MARKET_DATA,
KR6389471E97,,NO_MARKET_DATA,
KR6389471F13,,NO_MARKET_DATA,
KR6389471G38,,NO_MARKET_DATA,
KR6389472G37,,NO_MARKET_DATA,
KR6389501D50,,NO_MARKET_DATA,
KR6389871C61,,NO_MARKET_DATA,
KR6389911F45,,NO_MARKET_DATA,
KR6390091B64,,NO_MARKET_DATA,
KR6036891F87,,NO_MARKET_DATA,
KR606590BB82,,NO_MARKET_DATA,
KR6029888D63,,NO_MARKET_DATA,
KR6029888DB7,,NO_MARKET_DATA,
KR6029888DC5,,NO_MARKET_DATA,
KR6029888E70,,NO_MARKET_DATA,
KR6029888EA7,,NO_MARKET_DATA,
KR6029888EB5,,NO_MARKET_DATA,
KR6036631DC0,,NO_MARKET_DATA,
KR6036711G43,,NO_MARKET_DATA,
KR6036712G42,,NO_MARKET_DATA,
KR6013521F35,,NO_MARKET_DATA,
KR6013581E58,,NO_MARKET_DATA,
KR310503AG34,,NO_MARKET_DATA,
KR310503AG42,,NO_MARKET_DATA,
KR310503AG59,,NO_MARKET_DATA,
KR310503AG67,,NO_MARKET_DATA,
KR310503AG75,,NO_MARKET_DATA,
KR310503AG83,,NO_MARKET_DATA,
KR310503G6B6,,NO_MARKET_DATA,
KR310503G898,,NO_MARKET_DATA,
KR310503GCC5,,NO_MARKET_DATA,
KR60159Z1G37,,NO_MARKET_DATA,
KR60160M1G41,,NO_MARKET_DATA,
KR60160Y1G20,,NO_MARKET_DATA,
KR60160Y2G29,,NO_MARKET_DATA,
KR310513GEB2,,NO_MARKET_DATA,
KR310513GF52,,NO_MARKET_DATA,
KR310513GF78,,NO_MARKET_DATA,
KR310513GFA1,,NO_MARKET_DATA,
KR310513GFB9,,NO_MARKET_DATA,
KR310513GG10,,NO_MARKET_DATA,
KR310513GG36,,NO_MARKET_DATA,
KR350103G9B0,0.2559694201866017,CALCULATED,저민감
KR350103GA18,0.4065151357142809,CALCULATED,저민감
KR352701GE99,,NO_MARKET_DATA,
KR350103GB82,,NO_MARKET_DATA,
KR350103GB90,,NO_MARKET_DATA,
KR350103GBA1,,NO_MARKET_DATA,
KR350103GBB9,0.227119883513909,CALCULATED,저민감
KR350103GC16,,NO_MARKET_DATA,
KR350103GC40,,NO_MARKET_DATA,
KR350103GC65,,NO_MARKET_DATA,
KR350103GC73,,NO_MARKET_DATA,
KR6222801G57,,NO_MARKET_DATA,
KR6222802E33,,NO_MARKET_DATA,
KR6222981EA5,,NO_MARKET_DATA,
KR6223251F93,,NO_MARKET_DATA,
KR6223311E76,,NO_MARKET_DATA,
KR6223311E84,,NO_MARKET_DATA,
KR6223311F75,,NO_MARKET_DATA,
KR6223311FC7,,NO_MARKET_DATA,
KR6223311G33,,NO_MARKET_DATA,
KR6223311G66,,NO_MARKET_DATA,
KR6223311G74,,NO_MARKET_DATA,
KR6223391G69,,NO_MARKET_DATA,
KR648253RE57,,NO_MARKET_DATA,
KR648253SE56,,NO_MARKET_DATA,
KR648253TE55,,NO_MARKET_DATA,
KR6482601E77,,NO_MARKET_DATA,
KR6482602E76,,NO_MARKET_DATA,
KR6482652E59,,NO_MARKET_DATA,
KR6482661E58,,NO_MARKET_DATA,
KR6482681E54,,NO_MARKET_DATA,
KR6482691E52,,NO_MARKET_DATA,
KR6482741E60,,NO_MARKET_DATA,
KR6267253EA5,,NO_MARKET_DATA,
KR6428091E36,,NO_MARKET_DATA,
KR6428091F43,,NO_MARKET_DATA,
KR6428091G67,,NO_MARKET_DATA,
KR6428092F67,,NO_MARKET_DATA,
KR6428093F66,,NO_MARKET_DATA,
KR6428094F65,,NO_MARKET_DATA,
KR6428095F64,,NO_MARKET_DATA,
KR6428111F49,,NO_MARKET_DATA,
KR6428121F47,,NO_MARKET_DATA,
KR6479291E37,,NO_MARKET_DATA,
KR6479292EA7,,NO_MARKET_DATA,
KR6390121B68,,NO_MARKET_DATA,
KR6390122B67,,NO_MARKET_DATA,
KR6390361B83,,NO_MARKET_DATA,
KR6453782G51,,NO_MARKET_DATA,
KR6453783E94,,NO_MARKET_DATA,
KR6453783F93,,NO_MARKET_DATA,
KR6492933E91,,NO_MARKET_DATA,
KR6301071F61,,NO_MARKET_DATA,
KR6453783G50,,NO_MARKET_DATA,
KR6453791D46,,NO_MARKET_DATA,
KR351602GF41,,NO_MARKET_DATA,
KR354403J9C4,,NO_MARKET_DATA,
KR354403JA14,,NO_MARKET_DATA,
KR354403JA22,,NO_MARKET_DATA,
KR354419GG54,,NO_MARKET_DATA,
KR354403JA48,,NO_MARKET_DATA,
KR354403JA55,,NO_MARKET_DATA,
KR354403JA63,,NO_MARKET_DATA,
KR354403JA71,,NO_MARKET_DATA,
KR354403JA89,,NO_MARKET_DATA,
KR310503GD31,,NO_MARKET_DATA,
KR351601GE50,,NO_MARKET_DATA,
KR351601GE68,,NO_MARKET_DATA,
KR351601GE76,,NO_MARKET_DATA,
KR351601GE92,,NO_MARKET_DATA,
KR351601GEA7,,NO_MARKET_DATA,
KR351601GEB5,,NO_MARKET_DATA,
KR351601GEC3,,NO_MARKET_DATA,
KR351601GF26,,NO_MARKET_DATA,
KR351601GF34,,NO_MARKET_DATA,
KR310513GG44,,NO_MARKET_DATA,
KR310513GG51,,NO_MARKET_DATA,
KR310513GG69,,NO_MARKET_DATA,
KR352405DC10,,NO_MARKET_DATA,
KR352405DCA3,,NO_MARKET_DATA,
KR352405DCC9,,NO_MARKET_DATA,
KR352406DBC9,,NO_MARKET_DATA,
KR352501GBB2,,NO_MARKET_DATA,
KR352501GC77,,NO_MARKET_DATA,
KR352501GC85,,NO_MARKET_DATA,
KR350103GC81,,NO_MARKET_DATA,
KR352701GE73,,NO_MARKET_DATA,
KR352701GE81,,NO_MARKET_DATA,
KR352701GEA4,,NO_MARKET_DATA,
KR352701GEB2,,NO_MARKET_DATA,
KR352701GEC0,,NO_MARKET_DATA,
KR352701GF31,,NO_MARKET_DATA,
KR352701GF49,,NO_MARKET_DATA,
KR352701GF56,,NO_MARKET_DATA,
KR352701GF64,,NO_MARKET_DATA,
KR352701GF72,,NO_MARKET_DATA,
KR6336826997,,NO_MARKET_DATA,
KR6336827995,,NO_MARKET_DATA,
KR6336828993,,NO_MARKET_DATA,
KR6336829991,,NO_MARKET_DATA,
KR633682A992,,NO_MARKET_DATA,
KR633682B990,,NO_MARKET_DATA,
KR633682C998,,NO_MARKET_DATA,
KR6336991E32,,NO_MARKET_DATA,
KR6336991E99,,NO_MARKET_DATA,
KR6337791G71,,NO_MARKET_DATA,
KR6337931E17,,NO_MARKET_DATA,
KR6267253F72,,NO_MARKET_DATA,
KR6267262DA8,,NO_MARKET_DATA,
KR6267262E49,,NO_MARKET_DATA,
KR6267263E48,,NO_MARKET_DATA,
KR6267271F47,,NO_MARKET_DATA,
KR6267272E47,,NO_MARKET_DATA,
KR6267272F46,,NO_MARKET_DATA,
KR6267273E46,,NO_MARKET_DATA,
KR6267273F45,,NO_MARKET_DATA,
KR6358561EC7,,NO_MARKET_DATA,
KR6479293EA5,,NO_MARKET_DATA,
KR6479294EA3,,NO_MARKET_DATA,
KR6479295EA0,,NO_MARKET_DATA,
KR6479301E35,,NO_MARKET_DATA,
KR6479311E33,,NO_MARKET_DATA,
KR6479321E31,,NO_MARKET_DATA,
KR6479331E39,,NO_MARKET_DATA,
KR6479331F46,,NO_MARKET_DATA,
KR6479361E32,,NO_MARKET_DATA,
KR6267251EB7,,NO_MARKET_DATA,
KR6267251F25,,NO_MARKET_DATA,
KR6453791DB8,,NO_MARKET_DATA,
KR6453792D45,,NO_MARKET_DATA,
KR6453801D69,,NO_MARKET_DATA,
KR6453922D30,,NO_MARKET_DATA,
KR645425TD30,,NO_MARKET_DATA,
KR6492881E93,,NO_MARKET_DATA,
KR6492891E91,,NO_MARKET_DATA,
KR6492901E99,,NO_MARKET_DATA,
KR6492911E97,,NO_MARKET_DATA,
KR6492934E90,,NO_MARKET_DATA,
KR6492942E90,,NO_MARKET_DATA,
KR60068Z1G63,,NO_MARKET_DATA,
KR60069D2F68,,NO_MARKET_DATA,
KR60142G5FQ8,,NO_MARKET_DATA,
KR60142G6FQ6,,NO_MARKET_DATA,
KR60142G7FQ4,,NO_MARKET_DATA,
KR60142G8FQ2,,NO_MARKET_DATA,
KR60142G9FQ0,,NO_MARKET_DATA,
KR60142GAFQ0,,NO_MARKET_DATA,
KR60142GBFQ8,,NO_MARKET_DATA,
KR60142GCFC6,,NO_MARKET_DATA,
KR60142GDFC4,,NO_MARKET_DATA,
KR351601GF42,,NO_MARKET_DATA,
KR354403GC31,,NO_MARKET_DATA,
KR354403GC72,,NO_MARKET_DATA,
KR354403GC98,,NO_MARKET_DATA,
KR354403GCB7,,NO_MARKET_DATA,
KR354403GD97,,NO_MARKET_DATA,
KR354403GDA7,,NO_MARKET_DATA,
KR354403GDC3,,NO_MARKET_DATA,
KR354403GE39,,NO_MARKET_DATA,
KR354403GE47,,NO_MARKET_DATA,
KR352501GC93,,NO_MARKET_DATA,
KR352501GD50,,NO_MARKET_DATA,
KR354406GE93,,NO_MARKET_DATA,
KR354406GEA8,,NO_MARKET_DATA,
KR354406GEB6,,NO_MARKET_DATA,
KR354406GEC4,,NO_MARKET_DATA,
KR354406GF19,,NO_MARKET_DATA,
KR354406GF27,,NO_MARKET_DATA,
KR354406GF35,,NO_MARKET_DATA,
KR354406GF43,,NO_MARKET_DATA,
KR354407GG41,,NO_MARKET_DATA,
KR354407GG58,,NO_MARKET_DATA,
KR354407GG66,,NO_MARKET_DATA,
KR354407GG74,,NO_MARKET_DATA,
KR3544087223,,NO_MARKET_DATA,
KR3544087249,,NO_MARKET_DATA,
KR3544087264,,NO_MARKET_DATA,
KR3544087298,,NO_MARKET_DATA,
KR35440872A6,,NO_MARKET_DATA,
KR35440872B4,,NO_MARKET_DATA,
KR6411191EB0,,NO_MARKET_DATA,
KR6411361EB9,,NO_MARKET_DATA,
KR6411401EB3,,NO_MARKET_DATA,
KR6411461EB7,,NO_MARKET_DATA,
KR6411501EB0,,NO_MARKET_DATA,
KR6411531EB7,,NO_MARKET_DATA,
KR6411971EB5,,NO_MARKET_DATA,
KR6412351E19,,NO_MARKET_DATA,
KR6412351G17,,NO_MARKET_DATA,
KR6412351G41,,NO_MARKET_DATA,
KR6412541F27,,NO_MARKET_DATA,
KR6412921D94,,NO_MARKET_DATA,
KR6358571E83,,NO_MARKET_DATA,
KR6358641F62,,NO_MARKET_DATA,
KR6358721EA1,,NO_MARKET_DATA,
KR6358721EB9,,NO_MARKET_DATA,
KR6358721F40,,NO_MARKET_DATA,
KR6358981F60,,NO_MARKET_DATA,
KR6359142F64,,NO_MARKET_DATA,
KR6359143F63,,NO_MARKET_DATA,
KR6359144F62,,NO_MARKET_DATA,
KR6359145F61,,NO_MARKET_DATA,
KR6432721F92,,NO_MARKET_DATA,
KR6267251F74,,NO_MARKET_DATA,
KR6267251G40,,NO_MARKET_DATA,
KR6267252E25,,NO_MARKET_DATA,
KR6267252EA7,,NO_MARKET_DATA,
KR6267252F24,,NO_MARKET_DATA,
KR6267252F73,,NO_MARKET_DATA,
KR6267252G49,,NO_MARKET_DATA,
KR6267253D66,,NO_MARKET_DATA,
KR6267253E24,,NO_MARKET_DATA,
KR6355801F56,,NO_MARKET_DATA,
KR6355811F54,,NO_MARKET_DATA,
KR6492952E97,,NO_MARKET_DATA,
KR6493011E94,,NO_MARKET_DATA,
KR6493021G66,,NO_MARKET_DATA,
KR6493041E98,,NO_MARKET_DATA,
KR6300721G41,,NO_MARKET_DATA,
KR6300721G58,,NO_MARKET_DATA,
KR6300722G40,,NO_MARKET_DATA,
KR6301031F60,,NO_MARKET_DATA,
KR6301051F65,,NO_MARKET_DATA,
KR6301191F66,,NO_MARKET_DATA,
KR6301191G65,,NO_MARKET_DATA,
KR354403JA97,,NO_MARKET_DATA,
KR354403JAA7,,NO_MARKET_DATA,
KR354419GG13,,NO_MARKET_DATA,
KR354419GG39,,NO_MARKET_DATA,
KR354419GG47,,NO_MARKET_DATA,
KR354419GG62,,NO_MARKET_DATA,
KR354419GG70,,NO_MARKET_DATA,
KR354420G850,,NO_MARKET_DATA,
KR354420G868,,NO_MARKET_DATA,
KR354420G892,,NO_MARKET_DATA,
KR354403GE62,,NO_MARKET_DATA,
KR354418GE65,,NO_MARKET_DATA,
KR354418GE73,,NO_MARKET_DATA,
KR354418GE81,,NO_MARKET_DATA,
KR354418GE99,,NO_MARKET_DATA,
KR354418GEA3,,NO_MARKET_DATA,
KR354418GEB1,,NO_MARKET_DATA,
KR354418GF23,,NO_MARKET_DATA,
KR354418GF80,,NO_MARKET_DATA,
KR354418GF98,,NO_MARKET_DATA,
KR354406GF50,,NO_MARKET_DATA,
KR354406GF76,,NO_MARKET_DATA,
KR3544347346,,NO_MARKET_DATA,
KR354434G372,,NO_MARKET_DATA,
KR35443572B7,,NO_MARKET_DATA,
KR3544397317,,NO_MARKET_DATA,
KR354439G561,,NO_MARKET_DATA,
KR3544407314,,NO_MARKET_DATA,
KR354440G569,,NO_MARKET_DATA,
KR3544427296,,NO_MARKET_DATA,
KR354702GFC3,,NO_MARKET_DATA,
KR354702GG43,,NO_MARKET_DATA,
KR354702GG76,,NO_MARKET_DATA,
KR354703GD86,,NO_MARKET_DATA,
KR354703GE28,,NO_MARKET_DATA,
KR354703GF43,,NO_MARKET_DATA,
KR354704GE27,,NO_MARKET_DATA,
KR354801DD80,,NO_MARKET_DATA,
KR354801DD98,,NO_MARKET_DATA,
KR354801DDA9,,NO_MARKET_DATA,
KR6470101G75,,NO_MARKET_DATA,
KR6470102EB5,,NO_MARKET_DATA,
KR6470121DA9,,NO_MARKET_DATA,
KR6470121F64,,NO_MARKET_DATA,
KR6470151DA6,,NO_MARKET_DATA,
KR6470161DA5,,NO_MARKET_DATA,
KR6470191DA2,,NO_MARKET_DATA,
KR6470201DA9,,NO_MARKET_DATA,
KR6470202DA7,,NO_MARKET_DATA,
KR6470211DN1,,NO_MARKET_DATA,
KR6470212DN9,,NO_MARKET_DATA,
KR6432881FA0,,NO_MARKET_DATA,
KR6432981C82,,NO_MARKET_DATA,
KR6433021F63,,NO_MARKET_DATA,
KR6433531C51,,NO_MARKET_DATA,
KR643408KC69,,NO_MARKET_DATA,
KR6434141C69,,NO_MARKET_DATA,
KR648343DE63,,NO_MARKET_DATA,
KR6434291C75,,NO_MARKET_DATA,
KR6434292C74,,NO_MARKET_DATA,
KR6434293CC9,,NO_MARKET_DATA,
KR6434294CC7,,NO_MARKET_DATA,
KR6355951F54,,NO_MARKET_DATA,
KR6355951F62,,NO_MARKET_DATA,
KR6355981F58,,NO_MARKET_DATA,
KR6356001F52,,NO_MARKET_DATA,
KR6356011F50,,NO_MARKET_DATA,
KR6356021F58,,NO_MARKET_DATA,
KR6356031F56,,NO_MARKET_DATA,
KR6356041F54,,NO_MARKET_DATA,
KR6356061F59,,NO_MARKET_DATA,
KR6428151F40,,NO_MARKET_DATA,
KR6428161F30,,NO_MARKET_DATA,
KR6301251G47,,NO_MARKET_DATA,
KR6301281F67,,NO_MARKET_DATA,
KR6301301DC8,,NO_MARKET_DATA,
KR6390361F22,,NO_MARKET_DATA,
KR6390361F48,,NO_MARKET_DATA,
KR6390361FB1,,NO_MARKET_DATA,
KR6390362C40,,NO_MARKET_DATA,
KR6390552D64,,NO_MARKET_DATA,
KR6390571D61,,NO_MARKET_DATA,
KR6390611F61,,NO_MARKET_DATA,
KR6390611G60,,NO_MARKET_DATA,
KR310505G752,,NO_MARKET_DATA,
KR351602GF58,,NO_MARKET_DATA,
KR351602GF66,,NO_MARKET_DATA,
KR351602GF74,,NO_MARKET_DATA,
KR351602GF82,,NO_MARKET_DATA,
KR351602GF90,,NO_MARKET_DATA,
KR351602GFA2,,NO_MARKET_DATA,
KR351602GFB0,,NO_MARKET_DATA,
KR351602GG32,,NO_MARKET_DATA,
KR351602GG40,,NO_MARKET_DATA,
KR354418GG14,,NO_MARKET_DATA,
KR356205G416,,NO_MARKET_DATA,
KR356205G440,,NO_MARKET_DATA,
KR3562067347,,NO_MARKET_DATA,
KR3562077338,,NO_MARKET_DATA,
KR35620872A8,,NO_MARKET_DATA,
KR356208G352,,NO_MARKET_DATA,
KR3562107341,,NO_MARKET_DATA,
KR356210G424,,NO_MARKET_DATA,
KR356211G372,,NO_MARKET_DATA,
KR35444472B9,,NO_MARKET_DATA,
KR35444572B6,,NO_MARKET_DATA,
KR380801AFA8,,NO_MARKET_DATA,
KR380801AFC4,,NO_MARKET_DATA,
KR380801AG10,,NO_MARKET_DATA,
KR380801AG36,0.1009365497375839,CALCULATED,저민감
KR380801AG44,,NO_MARKET_DATA,
KR380801AG51,,NO_MARKET_DATA,
KR380801AG69,,NO_MARKET_DATA,
KR380801AG77,,NO_MARKET_DATA,
KR380808GG58,,NO_MARKET_DATA,
KR380808GG66,,NO_MARKET_DATA,
KR60035W1F45,,NO_MARKET_DATA,
KR60082C1G48,,NO_MARKET_DATA,
KR380808GG74,,NO_MARKET_DATA,
KR380809GF41,,NO_MARKET_DATA,
KR380809GF82,,NO_MARKET_DATA,
KR380809GF90,,NO_MARKET_DATA,
KR380809GFB6,,NO_MARKET_DATA,
KR380809GFC4,,NO_MARKET_DATA,
KR380809GG24,,NO_MARKET_DATA,
KRB702061761,,NO_MARKET_DATA,
KRB702061779,,NO_MARKET_DATA,
KRB7020617A3,,NO_MARKET_DATA,
KRB702061969,,NO_MARKET_DATA,
KR6228671E38,,NO_MARKET_DATA,
KRB702061A64,,NO_MARKET_DATA,
KRB702061E45,,NO_MARKET_DATA,
KRB702061F69,,NO_MARKET_DATA,
KRB702061F85,,NO_MARKET_DATA,
KRB702061FA8,,NO_MARKET_DATA,
KR6482742E69,,NO_MARKET_DATA,
KR6483101G11,,NO_MARKET_DATA,
KR6483265E56,,NO_MARKET_DATA,
KR6483266E55,,NO_MARKET_DATA,
KR6483301E60,,NO_MARKET_DATA,
KR6483311G66,,NO_MARKET_DATA,
KR6483401E69,,NO_MARKET_DATA,
KR648343EE62,,NO_MARKET_DATA,
KR648343FE61,,NO_MARKET_DATA,
KR6272211G23,,NO_MARKET_DATA,
KR6272212E65,,NO_MARKET_DATA,
KR6428161F48,,NO_MARKET_DATA,
KR6428161G39,,NO_MARKET_DATA,
KR6428171F46,,NO_MARKET_DATA,
KR6428181F44,,NO_MARKET_DATA,
KR6428211F48,,NO_MARKET_DATA,
KR6428221F46,,NO_MARKET_DATA,
KR6428231F44,,NO_MARKET_DATA,
KR6428231F93,,NO_MARKET_DATA,
KR6428251F49,,NO_MARKET_DATA,
KR6479391E36,,NO_MARKET_DATA,
KR6479401E34,,NO_MARKET_DATA,
KR6390612EA2,,NO_MARKET_DATA,
KR6390613EA0,,NO_MARKET_DATA,
KR6390613F69,,NO_MARKET_DATA,
KR645425VD36,,NO_MARKET_DATA,
KR6454291G38,,NO_MARKET_DATA,
KR6454391F53,,NO_MARKET_DATA,
KR6454391G37,,NO_MARKET_DATA,
KR6454391G60,,NO_MARKET_DATA,
KR6454421G31,,NO_MARKET_DATA,
KR6454441G37,,NO_MARKET_DATA,
KR6454451F50,,NO_MARKET_DATA,
KR354420G9B8,,NO_MARKET_DATA,
KR356501DE61,,NO_MARKET_DATA,
KR356501DEA1,,NO_MARKET_DATA,
KR356501DEB9,,NO_MARKET_DATA,
KR356501DEC7,,NO_MARKET_DATA,
KR356501DF11,,NO_MARKET_DATA,
KR356501DF29,,NO_MARKET_DATA,
KR356501DF37,,NO_MARKET_DATA,
KR356501DF52,,NO_MARKET_DATA,
KR356501DF86,,NO_MARKET_DATA,
KR356211G448,,NO_MARKET_DATA,
KR6001442F93,,NO_MARKET_DATA,
KR6001443F92,,NO_MARKET_DATA,
KR6001451E68,,NO_MARKET_DATA,
KR6001451EB4,,NO_MARKET_DATA,
KR6001451EC2,,NO_MARKET_DATA,
KR6001451F34,,NO_MARKET_DATA,
KR6001452756,,NO_MARKET_DATA,
KR60014H1F17,,NO_MARKET_DATA,
KR60014H2F16,,NO_MARKET_DATA,
KR380801AG85,,NO_MARKET_DATA,
KR380801DB61,,NO_MARKET_DATA,
KR60031D1F36,,NO_MARKET_DATA,
KR60031D2F35,,NO_MARKET_DATA,
KR60031E1F34,,NO_MARKET_DATA,
KR60031F1F31,,NO_MARKET_DATA,
KR60031G1F47,,NO_MARKET_DATA,
KR60031H1F86,,NO_MARKET_DATA,
KR60031J1F33,,NO_MARKET_DATA,
KR60031M1F37,,NO_MARKET_DATA,
KR60031N1F35,,NO_MARKET_DATA,
KR380809GG32,,NO_MARKET_DATA,
KR380809GG40,,NO_MARKET_DATA,
KR60035H1F53,,NO_MARKET_DATA,
KR60035M1F46,,NO_MARKET_DATA,
KR6003622DC8,,NO_MARKET_DATA,
KR6003622G17,,NO_MARKET_DATA,
KR6003623D35,,NO_MARKET_DATA,
KR6003624D34,,NO_MARKET_DATA,
KR6003671D93,,NO_MARKET_DATA,
KR6003671E76,,NO_MARKET_DATA,
KRB702061FB6,,NO_MARKET_DATA,
KR6228461E99,,NO_MARKET_DATA,
KR6228551E90,,NO_MARKET_DATA,
KR6228611F55,,NO_MARKET_DATA,
KR6228641E43,,NO_MARKET_DATA,
KR6228651EA8,,NO_MARKET_DATA,
KR6228691E91,,NO_MARKET_DATA,
KR6228721E95,,NO_MARKET_DATA,
KR6228911E95,,NO_MARKET_DATA,
KR6228921E93,,NO_MARKET_DATA,
KR6228931E91,,NO_MARKET_DATA,
KR6272212F49,,NO_MARKET_DATA,
KR6272212FA1,,NO_MARKET_DATA,
KR6272212G22,,NO_MARKET_DATA,
KR6272213F48,,NO_MARKET_DATA,
KR6272213FA9,,NO_MARKET_DATA,
KR6272213G21,,NO_MARKET_DATA,
KR6272291FC1,,NO_MARKET_DATA,
KR6272301G57,,NO_MARKET_DATA,
KR6272451B84,,NO_MARKET_DATA,
KR6359191F31,,NO_MARKET_DATA,
KR6359551A71,,NO_MARKET_DATA,
KR6479411E32,,NO_MARKET_DATA,
KR6479481E37,,NO_MARKET_DATA,
KR6479541FC0,,NO_MARKET_DATA,
KR6479541G17,,NO_MARKET_DATA,
KR6479542FC8,,NO_MARKET_DATA,
KR6479681E35,,NO_MARKET_DATA,
KR6479741E33,,NO_MARKET_DATA,
KR6479761E79,,NO_MARKET_DATA,
KR6479761F60,,NO_MARKET_DATA,
KR6256231731,,NO_MARKET_DATA,
KR6256271E74,,NO_MARKET_DATA,
KR6454451G34,,NO_MARKET_DATA,
KR6454461G32,,NO_MARKET_DATA,
KR6454471G30,,NO_MARKET_DATA,
KR6493051E95,,NO_MARKET_DATA,
KR6493052E94,,NO_MARKET_DATA,
KR6493061E93,,NO_MARKET_DATA,
KR6493071E91,,NO_MARKET_DATA,
KR6493081E99,,NO_MARKET_DATA,
KR6493111E93,,NO_MARKET_DATA,
KR6493121E91,,NO_MARKET_DATA,
KR6493141E97,,NO_MARKET_DATA,
KR354403JD60,,NO_MARKET_DATA,
KR354403JD78,,NO_MARKET_DATA,
KR354420GA40,,NO_MARKET_DATA,
KR354420GA57,,NO_MARKET_DATA,
KR354420GB56,,NO_MARKET_DATA,
KR354420GC63,,NO_MARKET_DATA,
KR356501GE84,,NO_MARKET_DATA,
KR356501GF59,,NO_MARKET_DATA,
KR356501GF67,,NO_MARKET_DATA,
KR356501GF75,,NO_MARKET_DATA,
KR60014J1F62,,NO_MARKET_DATA,
KR60014J2F61,,NO_MARKET_DATA,
KR60067C1F73,,NO_MARKET_DATA,
KR60067D1F63,,NO_MARKET_DATA,
KR60067K1F68,,NO_MARKET_DATA,
KR60067R1G39,,NO_MARKET_DATA,
KR60067R2G38,,NO_MARKET_DATA,
KR6006801DC5,,NO_MARKET_DATA,
KR6006801E23,,NO_MARKET_DATA,
KR6006801E49,,NO_MARKET_DATA,
KR6006801E64,,NO_MARKET_DATA,
KR60031P1F30,,NO_MARKET_DATA,
KR60031R1F36,,NO_MARKET_DATA,
KR6008272F69,1.2918469810179145,CALCULATED,중간
KR6008272F77,,NO_MARKET_DATA,
KR6008272F85,,NO_MARKET_DATA,
KR6008272F93,,NO_MARKET_DATA,
KR6008272FA6,,NO_MARKET_DATA,
KR6008272FB4,,NO_MARKET_DATA,
KR6008272FC2,,NO_MARKET_DATA,
KR6008272G19,,NO_MARKET_DATA,
KR6008272G27,,NO_MARKET_DATA,
KR6003671E84,,NO_MARKET_DATA,
KR6003671EC3,,NO_MARKET_DATA,
KR600827DDA6,,NO_MARKET_DATA,
KR60082B1F74,,NO_MARKET_DATA,
KR60082C1F80,,NO_MARKET_DATA,
KR60082G1F73,,NO_MARKET_DATA,
KR60082P1FB0,,NO_MARKET_DATA,
KR60082P2FB8,,NO_MARKET_DATA,
KR60082X1FB0,,NO_MARKET_DATA,
KR60082X1G10,,NO_MARKET_DATA,
KR60082X1G69,,NO_MARKET_DATA,
KR6338221CB9,,NO_MARKET_DATA,
KR6338221E30,,NO_MARKET_DATA,
KR6338221EC3,,NO_MARKET_DATA,
KR6338221FC0,,NO_MARKET_DATA,
KR6338221G20,,NO_MARKET_DATA,
KR6338231EA6,,NO_MARKET_DATA,
KR6338271EA2,,NO_MARKET_DATA,
KR6338301EA7,,NO_MARKET_DATA,
KR6338381EB7,,NO_MARKET_DATA,
KR6338381F50,,NO_MARKET_DATA,
KR6338401EA5,,NO_MARKET_DATA,
KR6338421EA3,,NO_MARKET_DATA,
KR6360071DA9,,NO_MARKET_DATA,
KR6360072DA7,,NO_MARKET_DATA,
KR6360451F18,,NO_MARKET_DATA,
KR6360451F42,,NO_MARKET_DATA,
KR6360451F67,,NO_MARKET_DATA,
KR6360451F91,,NO_MARKET_DATA,
KR6360451FA8,,NO_MARKET_DATA,
KR6360451FB6,,NO_MARKET_DATA,
KR6360451G17,,NO_MARKET_DATA,
KR6434591FB1,,NO_MARKET_DATA,
KR6434681FB0,,NO_MARKET_DATA,
KR6256391FB1,,NO_MARKET_DATA,
KR6256941F65,,NO_MARKET_DATA,
KR62571816A8,,NO_MARKET_DATA,
KR6257241EB0,,NO_MARKET_DATA,
KR6257241FA9,,NO_MARKET_DATA,
KR6257261F99,,NO_MARKET_DATA,
KR6257261FA7,,NO_MARKET_DATA,
KR6257261FB5,,NO_MARKET_DATA,
KR6356061F67,,NO_MARKET_DATA,
KR6356061G66,,NO_MARKET_DATA,
KR6356071F57,,NO_MARKET_DATA,
KR6493151EA7,,NO_MARKET_DATA,
KR6493171E90,,NO_MARKET_DATA,
KR6493191E96,,NO_MARKET_DATA,
KR6309751FA5,,NO_MARKET_DATA,
KR6309911G34,,NO_MARKET_DATA,
KR6309912F67,,NO_MARKET_DATA,
KR6309913F66,,NO_MARKET_DATA,
KR6309914F65,,NO_MARKET_DATA,
KR6309915F64,,NO_MARKET_DATA,
KR6309931E16,,NO_MARKET_DATA,
KR6309931F80,,NO_MARKET_DATA,
KR356501DG36,,NO_MARKET_DATA,
KR60016A1F25,,NO_MARKET_DATA,
KR60016A1F66,,NO_MARKET_DATA,
KR60016D1F37,,NO_MARKET_DATA,
KR60068F1F74,,NO_MARKET_DATA,
KR60142G9FC0,,NO_MARKET_DATA,
KR60016L1F22,,NO_MARKET_DATA,
KR60016R1FC7,,NO_MARKET_DATA,
KR60016Y1F41,,NO_MARKET_DATA,
KR60016Z1F48,,NO_MARKET_DATA,
KR6001741F42,,NO_MARKET_DATA,
KR6006801F14,,NO_MARKET_DATA,
KR6006801F22,,NO_MARKET_DATA,
KR6013582F64,,NO_MARKET_DATA,
KR6013582FB9,,NO_MARKET_DATA,
KR60135A1G14,,NO_MARKET_DATA,
KR60135A2G13,,NO_MARKET_DATA,
KR60135C1FB2,,NO_MARKET_DATA,
KR60135L1FB1,,NO_MARKET_DATA,
KR60135W1FB8,,NO_MARKET_DATA,
KR6013691F96,,NO_MARKET_DATA,
KR310501GCB1,,NO_MARKET_DATA,
KR6008272G35,,NO_MARKET_DATA,
KR6008272G43,,NO_MARKET_DATA,
KR60160Y3G28,,NO_MARKET_DATA,
KR60160Y7G24,,NO_MARKET_DATA,
KR60160Y8G23,,NO_MARKET_DATA,
KR60160YAG27,,NO_MARKET_DATA,
KR60160YBG26,,NO_MARKET_DATA,
KR60160YCG25,,NO_MARKET_DATA,
KR60160YDG24,,NO_MARKET_DATA,
KR60160YEG23,,NO_MARKET_DATA,
KR60082Y1FC7,,NO_MARKET_DATA,
KR6017331G35,,NO_MARKET_DATA,
KR6017331G50,,NO_MARKET_DATA,
KR60173E1G33,,NO_MARKET_DATA,
KR60173K1G48,,NO_MARKET_DATA,
KR60173V1G45,,NO_MARKET_DATA,
KR60173X1G41,,NO_MARKET_DATA,
KR60173X2G40,,NO_MARKET_DATA,
KR60174C1G35,,NO_MARKET_DATA,
KR60174D1G33,,NO_MARKET_DATA,
KR6412922EA9,,NO_MARKET_DATA,
KR6412923EA7,,NO_MARKET_DATA,
KR6412924EA5,,NO_MARKET_DATA,
KR6412925EA2,,NO_MARKET_DATA,
KR6412931BC2,,NO_MARKET_DATA,
KR6413291F92,,NO_MARKET_DATA,
KR6413311F80,,NO_MARKET_DATA,
KR6413361D99,,NO_MARKET_DATA,
KR6413361E64,,NO_MARKET_DATA,
KR6413361E80,,NO_MARKET_DATA,
KR6413361EB7,,NO_MARKET_DATA,
KR6434701G42,,NO_MARKET_DATA,
KR6434791D61,,NO_MARKET_DATA,
KR6434792EA0,,NO_MARKET_DATA,
KR6434793EA8,,NO_MARKET_DATA,
KR6483481E54,,NO_MARKET_DATA,
KR6483501E50,,NO_MARKET_DATA,
KR6434794EA6,,NO_MARKET_DATA,
KR6434795EA3,,NO_MARKET_DATA,
KR6434851E67,,NO_MARKET_DATA,
KR6434852F65,,NO_MARKET_DATA,
KR6434853F64,,NO_MARKET_DATA,
KR6356081F55,,NO_MARKET_DATA,
KR6356111F59,,NO_MARKET_DATA,
KR6428261F47,,NO_MARKET_DATA,
KR6428271F37,,NO_MARKET_DATA,
KR6428281F43,,NO_MARKET_DATA,
KR6428291F41,,NO_MARKET_DATA,
KR6428301F49,,NO_MARKET_DATA,
KR6428301F64,,NO_MARKET_DATA,
KR6428321F45,,NO_MARKET_DATA,
KR6428341F41,,NO_MARKET_DATA,
KR6428431F42,,NO_MARKET_DATA,
KR6309931G71,,NO_MARKET_DATA,
KR6309941E30,,NO_MARKET_DATA,
KR6390852B63,,NO_MARKET_DATA,
KR6390901B64,,NO_MARKET_DATA,
KR6390971D67,,NO_MARKET_DATA,
KR6391281F50,,NO_MARKET_DATA,
KR6391282F59,,NO_MARKET_DATA,
KR6391391G64,,NO_MARKET_DATA,
KR6493211E92,,NO_MARKET_DATA,
KR6454481G38,,NO_MARKET_DATA,
KR6454491G36,,NO_MARKET_DATA,
KR6001781G34,,NO_MARKET_DATA,
KR6001782E35,,NO_MARKET_DATA,
KR6001791G57,,NO_MARKET_DATA,
KR6001792F40,1.5979569358825667,CALCULATED,중간
KR60017C1FC3,,NO_MARKET_DATA,
KR60017DAF28,,NO_MARKET_DATA,
KR60069D3F67,,NO_MARKET_DATA,
KR60069D4F66,,NO_MARKET_DATA,
KR60069D5F65,,NO_MARKET_DATA,
KR60069F1FB9,,NO_MARKET_DATA,
KR60069F2F63,,NO_MARKET_DATA,
KR6013692F79,,NO_MARKET_DATA,
KR6013693F78,,NO_MARKET_DATA,
KR60136A1G20,,NO_MARKET_DATA,
KR310501AG77,,NO_MARKET_DATA,
KR310501AG85,,NO_MARKET_DATA,
KR310501G694,,NO_MARKET_DATA,
KR310501G728,,NO_MARKET_DATA,
KR310501G736,,NO_MARKET_DATA,
KR310501G835,,NO_MARKET_DATA,
KR310501GC34,,NO_MARKET_DATA,
KR310501GC83,,NO_MARKET_DATA,
KR60160YFG22,,NO_MARKET_DATA,
KR60160YGG21,,NO_MARKET_DATA,
KR350101GF23,,NO_MARKET_DATA,
KR350101GF31,,NO_MARKET_DATA,
KR350101GF49,,NO_MARKET_DATA,
KR350101GF56,,NO_MARKET_DATA,
KR350101GF64,,NO_MARKET_DATA,
KR350101GF72,,NO_MARKET_DATA,
KR350101GF80,,NO_MARKET_DATA,
KR350101GF98,,NO_MARKET_DATA,
KR350101GFA6,,NO_MARKET_DATA,
KR60174D4G30,,NO_MARKET_DATA,
KR350105GE87,,NO_MARKET_DATA,
KR350105GE95,,NO_MARKET_DATA,
KR350105GEA0,0.1760697940663679,CALCULATED,저민감
KR350105GEB8,,NO_MARKET_DATA,
KR350105GEC6,,NO_MARKET_DATA,
KR350105GF11,,NO_MARKET_DATA,
KR350105GF29,,NO_MARKET_DATA,
KR350105GF37,,NO_MARKET_DATA,
KR350105GF45,,NO_MARKET_DATA,
KR350105GF52,,NO_MARKET_DATA,
KR6470213DN7,,NO_MARKET_DATA,
KR6470214DN5,,NO_MARKET_DATA,
KR6470215DN2,,NO_MARKET_DATA,
KR6470216DN0,,NO_MARKET_DATA,
KR6470217DN8,,NO_MARKET_DATA,
KR6470218DN6,,NO_MARKET_DATA,
KR6470219DN4,,NO_MARKET_DATA,
KR647021ADN0,,NO_MARKET_DATA,
KR647021BDN8,,NO_MARKET_DATA,
KR648343GE60,,NO_MARKET_DATA,
KR648343HE69,,NO_MARKET_DATA,
KR648343JE67,,NO_MARKET_DATA,
KR648343KE64,,NO_MARKET_DATA,
KR6483451E50,,NO_MARKET_DATA,
KR6268764E81,,NO_MARKET_DATA,
KR6268765833,,NO_MARKET_DATA,
KR6269021G45,,NO_MARKET_DATA,
KR6269061G46,,NO_MARKET_DATA,
KR6269081G42,,NO_MARKET_DATA,
KR6269261G44,,NO_MARKET_DATA,
KR6428441F40,,NO_MARKET_DATA,
KR6428861EA1,,NO_MARKET_DATA,
KR6479762E78,,NO_MARKET_DATA,
KR6479762F69,,NO_MARKET_DATA,
KR6479771EB8,,NO_MARKET_DATA,
KR6479771G34,,NO_MARKET_DATA,
KR6479781E34,,NO_MARKET_DATA,
KR6479781E42,,NO_MARKET_DATA,
KR6479801E30,,NO_MARKET_DATA,
KR6479861E37,,NO_MARKET_DATA,
KR6479871E35,,NO_MARKET_DATA,
KR6454501G34,,NO_MARKET_DATA,
KR6454511F90,,NO_MARKET_DATA,
KR6454511G32,,NO_MARKET_DATA,
KR6454521G30,,NO_MARKET_DATA,
KR6454551G33,,NO_MARKET_DATA,
KR6454561G31,,NO_MARKET_DATA,
KR6454571G39,,NO_MARKET_DATA,
KR6454581G37,,NO_MARKET_DATA,
KR6454591G35,,NO_MARKET_DATA,
KR6493221EA8,,NO_MARKET_DATA,
KR6493251E93,,NO_MARKET_DATA,
KR6001742C44,,NO_MARKET_DATA,
KR6001742F41,,NO_MARKET_DATA,
KR6001742G40,,NO_MARKET_DATA,
KR60068ATF69,,NO_MARKET_DATA,
KR60068AVF65,,NO_MARKET_DATA,
KR60068D1F61,,NO_MARKET_DATA,
KR60068F1G32,,NO_MARKET_DATA,
KR60068L1F64,,NO_MARKET_DATA,
KR60068N1F60,,NO_MARKET_DATA,
KR60068Y1F67,,NO_MARKET_DATA,
KR60068Z1F64,,NO_MARKET_DATA,
KR310501GD17,,NO_MARKET_DATA,
KR310501GD33,,NO_MARKET_DATA,
KR351601GF59,,NO_MARKET_DATA,
KR351601GF67,,NO_MARKET_DATA,
KR351601GF75,,NO_MARKET_DATA,
KR351601GF83,,NO_MARKET_DATA,
KR351601GF91,,NO_MARKET_DATA,
KR351601GFA4,,NO_MARKET_DATA,
KR351601GFB2,,NO_MARKET_DATA,
KR351601GG33,,NO_MARKET_DATA,
KR350101GFB4,,NO_MARKET_DATA,
KR350101GG14,,NO_MARKET_DATA,
KR352501GD68,,NO_MARKET_DATA,
KR352501GD92,,NO_MARKET_DATA,
KR352501GDB8,,NO_MARKET_DATA,
KR352501GE34,,NO_MARKET_DATA,
KR352501GE59,,NO_MARKET_DATA,
KR352501GE75,,NO_MARKET_DATA,
KR352501GE83,,NO_MARKET_DATA,
KR352501GE91,,NO_MARKET_DATA,
KR350105GF60,,NO_MARKET_DATA,
KR352701GF80,,NO_MARKET_DATA,
KR352701GF98,,NO_MARKET_DATA,
KR352701GFA1,,NO_MARKET_DATA,
KR352701GG22,,NO_MARKET_DATA,
KR352701GG30,,NO_MARKET_DATA,
KR352701GG48,,NO_MARKET_DATA,
KR352701GG55,,NO_MARKET_DATA,
KR352701GG63,,NO_MARKET_DATA,
KR352701GG71,,NO_MARKET_DATA,
KR352701GG89,,NO_MARKET_DATA,
KRB702061FC4,,NO_MARKET_DATA,
KRB7020626A4,,NO_MARKET_DATA,
KRB702062769,,NO_MARKET_DATA,
KRB702062967,,NO_MARKET_DATA,
KRB702062F43,,NO_MARKET_DATA,
KR6413362D98,,NO_MARKET_DATA,
KR6224131G54,,NO_MARKET_DATA,
KR6224201F68,,NO_MARKET_DATA,
KR6224211G65,,NO_MARKET_DATA,
KR6224241G69,,NO_MARKET_DATA,
KR6224261EB8,,NO_MARKET_DATA,
KR6269351G45,,NO_MARKET_DATA,
KR6269641E96,,NO_MARKET_DATA,
KR6360451G25,,NO_MARKET_DATA,
KR6360451G33,,NO_MARKET_DATA,
KR6360451G41,,NO_MARKET_DATA,
KR6360451G58,,NO_MARKET_DATA,
KR6360451G66,,NO_MARKET_DATA,
KR6360452D84,,NO_MARKET_DATA,
KR6360452E91,,NO_MARKET_DATA,
KR6360452F33,,NO_MARKET_DATA,
KR6360452F74,,NO_MARKET_DATA,
KR6479881E33,,NO_MARKET_DATA,
KR6479941E56,,NO_MARKET_DATA,
KR6267321C24,,NO_MARKET_DATA,
KR6267321E55,,NO_MARKET_DATA,
KR6267321FC3,,NO_MARKET_DATA,
KR6267461D49,,NO_MARKET_DATA,
KR6267791B67,,NO_MARKET_DATA,
KR6267982B41,,NO_MARKET_DATA,
KR6268091E77,,NO_MARKET_DATA,
KR6268092E76,,NO_MARKET_DATA,
KR6268093E75,,NO_MARKET_DATA,
KR6493321E99,,NO_MARKET_DATA,
KR6493361EB0,,NO_MARKET_DATA,
KR6493456EM5,,NO_MARKET_DATA,
KR6493457EM3,,NO_MARKET_DATA,
KR6493458EM1,,NO_MARKET_DATA,
KR6493459EM9,,NO_MARKET_DATA,
KR649345AEM1,,NO_MARKET_DATA,
KR6303571F47,,NO_MARKET_DATA,
KR6304361B92,,NO_MARKET_DATA,
KR6304361EB9,,NO_MARKET_DATA,
KR6304361G48,,NO_MARKET_DATA,
KR60142GLFC7,,NO_MARKET_DATA,
KR60142GMFC5,,NO_MARKET_DATA,
KR60142GNFC3,,NO_MARKET_DATA,
KR60142GPFC8,,NO_MARKET_DATA,
KR60142GQFC6,,NO_MARKET_DATA,
KR60142GRFC4,,NO_MARKET_DATA,
KR310502GG70,,NO_MARKET_DATA,
KR354420GD13,,NO_MARKET_DATA,
KR354420GD21,,NO_MARKET_DATA,
KR354420GD39,,NO_MARKET_DATA,
KR354420GD47,,NO_MARKET_DATA,
KR351601GG41,,NO_MARKET_DATA,
KR351601GG58,,NO_MARKET_DATA,
KR354403GE88,,NO_MARKET_DATA,
KR354403GE96,,NO_MARKET_DATA,
KR354403GEA5,,NO_MARKET_DATA,
KR354403GEB3,,NO_MARKET_DATA,
KR354403GEC1,,NO_MARKET_DATA,
KR354403GF12,,NO_MARKET_DATA,
KR354403GF38,,NO_MARKET_DATA,
KR354403GF46,,NO_MARKET_DATA,
KR352501GEA8,,NO_MARKET_DATA,
KR352501GEB6,,NO_MARKET_DATA,
KR354406GF84,,NO_MARKET_DATA,
KR354406GF92,,NO_MARKET_DATA,
KR354406GFA5,,NO_MARKET_DATA,
KR354406GFB3,,NO_MARKET_DATA,
KR354406GFC1,,NO_MARKET_DATA,
KR354406GG18,,NO_MARKET_DATA,
KR354406GG26,,NO_MARKET_DATA,
KR354406GG34,,NO_MARKET_DATA,
KR3527027089,,NO_MARKET_DATA,
KR3544087314,,NO_MARKET_DATA,
KR3544087330,,NO_MARKET_DATA,
KR3544087348,,NO_MARKET_DATA,
KR354801DE89,,NO_MARKET_DATA,
KR3544087TB5,,NO_MARKET_DATA,
KR3544087V87,,NO_MARKET_DATA,
KR354408G350,,NO_MARKET_DATA,
KR354408G368,,NO_MARKET_DATA,
KR354408G376,,NO_MARKET_DATA,
KR6224261F40,,NO_MARKET_DATA,
KR6224291F93,,NO_MARKET_DATA,
KR6224291G68,,NO_MARKET_DATA,
KR6224341G68,,NO_MARKET_DATA,
KR6224401G65,,NO_MARKET_DATA,
KR6338451EA0,,NO_MARKET_DATA,
KR6338471E37,,NO_MARKET_DATA,
KR6338471F93,,NO_MARKET_DATA,
KR6338481EA7,,NO_MARKET_DATA,
KR6338501EA2,,NO_MARKET_DATA,
KR6338571EA5,,NO_MARKET_DATA,
KR6360452F90,,NO_MARKET_DATA,
KR6360452FB4,,NO_MARKET_DATA,
KR6434854F63,,NO_MARKET_DATA,
KR6434855F62,,NO_MARKET_DATA,
KR643493VC62,,NO_MARKET_DATA,
KR6435021FB8,,NO_MARKET_DATA,
KR6435022FB6,,NO_MARKET_DATA,
KR6435152EA6,,NO_MARKET_DATA,
KR6435152F69,,NO_MARKET_DATA,
KR6435153EA4,,NO_MARKET_DATA,
KR6435154EA2,,NO_MARKET_DATA,
KR6268631E66,,NO_MARKET_DATA,
KR6268761E92,,NO_MARKET_DATA,
KR6356141G45,,NO_MARKET_DATA,
KR6356151E51,,NO_MARKET_DATA,
KR6356151F50,,NO_MARKET_DATA,
KR6356181D98,,NO_MARKET_DATA,
KR6356181F54,,NO_MARKET_DATA,
KR6356191F52,,NO_MARKET_DATA,
KR6356201F50,,NO_MARKET_DATA,
KR6356241F52,,NO_MARKET_DATA,
KR6356251F59,,NO_MARKET_DATA,
KR6304362EB7,,NO_MARKET_DATA,
KR6304363BC9,,NO_MARKET_DATA,
KR6304511F71,,NO_MARKET_DATA,
KR6304682943,,NO_MARKET_DATA,
KR6304841BB6,,NO_MARKET_DATA,
KR6304841E73,,NO_MARKET_DATA,
KR6304842E72,,NO_MARKET_DATA,
KR6391401G62,,NO_MARKET_DATA,
KR6391491D33,,NO_MARKET_DATA,
KR6391491E65,,NO_MARKET_DATA,
KR6309941EB3,,NO_MARKET_DATA,
KR60142GEFC2,,NO_MARKET_DATA,
KR310504J692,,NO_MARKET_DATA,
KR310505AF82,,NO_MARKET_DATA,
KR310505AFB8,,NO_MARKET_DATA,
KR310505AFC6,,NO_MARKET_DATA,
KR310505AG16,,NO_MARKET_DATA,
KR310505AG24,,NO_MARKET_DATA,
KR310505AG40,,NO_MARKET_DATA,
KR310505AG57,,NO_MARKET_DATA,
KR310505AG65,,NO_MARKET_DATA,
KR310505AG73,,NO_MARKET_DATA,
KR354403GF53,,NO_MARKET_DATA,
KR354403GF61,,NO_MARKET_DATA,
KR354418GG30,,NO_MARKET_DATA,
KR354418GG48,,NO_MARKET_DATA,
KR354419G779,,NO_MARKET_DATA,
KR354419G845,,NO_MARKET_DATA,
KR3562127323,,NO_MARKET_DATA,
KR3562137322,,NO_MARKET_DATA,
KR3562137348,,NO_MARKET_DATA,
KR356213G352,,NO_MARKET_DATA,
KR354601G392,,NO_MARKET_DATA,
KR354601G4A2,,NO_MARKET_DATA,
KR354601G4B0,,NO_MARKET_DATA,
KR354601G632,,NO_MARKET_DATA,
KR354601G6B5,,NO_MARKET_DATA,
KR354601G6C3,,NO_MARKET_DATA,
KR60031S1F34,,NO_MARKET_DATA,
KR60031T1F32,,NO_MARKET_DATA,
KR380801G735,,NO_MARKET_DATA,
KR380801G7A8,,NO_MARKET_DATA,
KR354408G384,,NO_MARKET_DATA,
KR354801DE48,,NO_MARKET_DATA,
KR354801DE55,,NO_MARKET_DATA,
KR354801DE63,,NO_MARKET_DATA,
KR354801DE71,,NO_MARKET_DATA,
KR380809GG57,,NO_MARKET_DATA,
KR380809GG65,,NO_MARKET_DATA,
KR380809GG73,,NO_MARKET_DATA,
KR380810GF89,,NO_MARKET_DATA,
KR380810GFB4,,NO_MARKET_DATA,
KR6338591EA3,,NO_MARKET_DATA,
KR6338601EA0,,NO_MARKET_DATA,
KR6338651E96,,NO_MARKET_DATA,
KR6338671F91,,NO_MARKET_DATA,
KR6338691EA1,,NO_MARKET_DATA,
KR6413361F14,,NO_MARKET_DATA,
KR6413361FA6,,NO_MARKET_DATA,
KR6413362EB5,,NO_MARKET_DATA,
KR6413362FA4,,NO_MARKET_DATA,
KR6413491DC2,,NO_MARKET_DATA,
KR6413492EA2,,NO_MARKET_DATA,
KR6435155EA9,,NO_MARKET_DATA,
KR6435162F67,,NO_MARKET_DATA,
KR6483513EA0,,NO_MARKET_DATA,
KR6483513F63,,NO_MARKET_DATA,
KR6483514EA8,,NO_MARKET_DATA,
KR6483514F62,,NO_MARKET_DATA,
KR6483515EA5,,NO_MARKET_DATA,
KR6483515F61,,NO_MARKET_DATA,
KR6483521E56,,NO_MARKET_DATA,
KR6483531E54,,NO_MARKET_DATA,
KR6483541E52,,NO_MARKET_DATA,
KR6356261F57,,NO_MARKET_DATA,
KR6356271F55,,NO_MARKET_DATA,
KR642935WC44,,NO_MARKET_DATA,
KR6356121F57,,NO_MARKET_DATA,
KR6356122F64,,NO_MARKET_DATA,
KR6356123F63,,NO_MARKET_DATA,
KR6356124F62,,NO_MARKET_DATA,
KR6356125F61,,NO_MARKET_DATA,
KR6356131F55,,NO_MARKET_DATA,
KR6429481F49,,NO_MARKET_DATA,
KR6429521C51,,NO_MARKET_DATA,
KR6390614EA8,,NO_MARKET_DATA,
KR6390615EA5,,NO_MARKET_DATA,
KR6390641F81,,NO_MARKET_DATA,
KR6390641FA8,,NO_MARKET_DATA,
KR6390721D60,,NO_MARKET_DATA,
KR6391491E73,,NO_MARKET_DATA,
KR6391491E81,,NO_MARKET_DATA,
KR6391491EB8,,NO_MARKET_DATA,
KR6391491F31,,NO_MARKET_DATA,
KR6391491F80,,NO_MARKET_DATA,
KR6391491FC3,,NO_MARKET_DATA,
KR6391492E64,,NO_MARKET_DATA,
KR310503AG18,,NO_MARKET_DATA,
KR310503AG26,,NO_MARKET_DATA,
KR351602GG65,,NO_MARKET_DATA,
KR351602GG73,,NO_MARKET_DATA,
KR351603G6B9,,NO_MARKET_DATA,
KR351603G763,,NO_MARKET_DATA,
KR351603GB93,,NO_MARKET_DATA,
KR351603GBA9,,NO_MARKET_DATA,
KR351603GBB7,,NO_MARKET_DATA,
KR351603GC35,,NO_MARKET_DATA,
KR356401G577,,NO_MARKET_DATA,
KR356401GA48,,NO_MARKET_DATA,
KR356401GF43,,NO_MARKET_DATA,
KR356401GF50,,NO_MARKET_DATA,
KR356401GF68,,NO_MARKET_DATA,
KR356401GF76,,NO_MARKET_DATA,
KR60014L1FC5,,NO_MARKET_DATA,
KR60014N1F98,,NO_MARKET_DATA,
KR6001501D51,,NO_MARKET_DATA,
KR6001501G41,,NO_MARKET_DATA,
KR6001502E26,,NO_MARKET_DATA,
KR380801G7B6,,NO_MARKET_DATA,
KR380801G883,,NO_MARKET_DATA,
KR380801GEA8,,NO_MARKET_DATA,
KR380801GEC4,,NO_MARKET_DATA,
KR380801GF15,,NO_MARKET_DATA,
KR380801GF31,,NO_MARKET_DATA,
KR380801GF56,,NO_MARKET_DATA,
KR380801GF64,,NO_MARKET_DATA,
KR6008272G84,,NO_MARKET_DATA,
KR60031V1F38,,NO_MARKET_DATA,
KR60031V1G45,,NO_MARKET_DATA,
KR380810GG21,,NO_MARKET_DATA,
KR380810GG39,,NO_MARKET_DATA,
KR380810GG47,,NO_MARKET_DATA,
KR380810GG54,,NO_MARKET_DATA,
KR380810GG62,,NO_MARKET_DATA,
KR380810GG70,,NO_MARKET_DATA,
KR6003671G17,,NO_MARKET_DATA,
KR6003672B94,,NO_MARKET_DATA,
KR6003672C44,,NO_MARKET_DATA,
KR6003672D27,,NO_MARKET_DATA,
KR6413493EA0,,NO_MARKET_DATA,
KR6413494EA8,,NO_MARKET_DATA,
KR6413495EA5,,NO_MARKET_DATA,
KR6413601BC0,,NO_MARKET_DATA,
KR647021CDN6,,NO_MARKET_DATA,
KR647021JDA8,,NO_MARKET_DATA,
KR647021KDA6,,NO_MARKET_DATA,
KR647021LDA4,,NO_MARKET_DATA,
KR647021MDA2,,NO_MARKET_DATA,
KR647021NDA0,,NO_MARKET_DATA,
KR6483541G68,,NO_MARKET_DATA,
KR6483551E59,,NO_MARKET_DATA,
KR6273421G68,,NO_MARKET_DATA,
KR6273511E87,,NO_MARKET_DATA,
KR6273511F60,,NO_MARKET_DATA,
KR6483511E58,,NO_MARKET_DATA,
KR6483512EA2,,NO_MARKET_DATA,
KR6483512F64,,NO_MARKET_DATA,
KR6268761EA6,,NO_MARKET_DATA,
KR6268761F59,,NO_MARKET_DATA,
KR6268763E82,,NO_MARKET_DATA,
KR6429771F63,,NO_MARKET_DATA,
KR6430221C52,,NO_MARKET_DATA,
KR6430351C54,,NO_MARKET_DATA,
KR6430461C51,,NO_MARKET_DATA,
KR6430701C51,,NO_MARKET_DATA,
KR6430731F37,,NO_MARKET_DATA,
KR6430951C82,,NO_MARKET_DATA,
KR6430952C81,,NO_MARKET_DATA,
KR6480011F41,,NO_MARKET_DATA,
KR6480291G33,,NO_MARKET_DATA,
KR6480381F92,,NO_MARKET_DATA,
KR6391492E72,,NO_MARKET_DATA,
KR6391551G60,,NO_MARKET_DATA,
KR6454622EA4,,NO_MARKET_DATA,
KR6454623EA2,,NO_MARKET_DATA,
KR6454624EA0,,NO_MARKET_DATA,
KR6454625EA7,,NO_MARKET_DATA,
KR6454631G37,,NO_MARKET_DATA,
KR6454641D38,,NO_MARKET_DATA,
KR6454651G32,,NO_MARKET_DATA,
KR6454681G36,,NO_MARKET_DATA,
KR6454691G34,,NO_MARKET_DATA,
KR351602GG57,,NO_MARKET_DATA,
KR354403JAB5,,NO_MARKET_DATA,
KR354403JB47,,NO_MARKET_DATA,
KR354403JB54,,NO_MARKET_DATA,
KR354420GC89,,NO_MARKET_DATA,
KR354403JC46,,NO_MARKET_DATA,
KR354403JC61,,NO_MARKET_DATA,
KR354403JD37,,NO_MARKET_DATA,
KR354403JD45,,NO_MARKET_DATA,
KR354403JD52,,NO_MARKET_DATA,
KR6001502G40,,NO_MARKET_DATA,
KR6001511B10,,NO_MARKET_DATA,
KR6001511B69,,NO_MARKET_DATA,
KR6001511B77,,NO_MARKET_DATA,
KR6001511C27,,NO_MARKET_DATA,
KR6001511C35,,NO_MARKET_DATA,
KR6006801F48,,NO_MARKET_DATA,
KR6006801F63,,NO_MARKET_DATA,
KR6006801F71,,NO_MARKET_DATA,
KR6006801F97,,NO_MARKET_DATA,
KR6006801FA4,,NO_MARKET_DATA,
KR60031X1F34,,NO_MARKET_DATA,
KR6003221E55,,NO_MARKET_DATA,
KR6003221F96,,NO_MARKET_DATA,
KR6003231G44,,NO_MARKET_DATA,
KR6003232E45,,NO_MARKET_DATA,
KR6003232G43,,NO_MARKET_DATA,
KR60032A1F30,,NO_MARKET_DATA,
KR6008272G50,,NO_MARKET_DATA,
KR6008272G76,,NO_MARKET_DATA,
KR6008273C95,,NO_MARKET_DATA,
KR6008273DB7,,NO_MARKET_DATA,
KR6003672D43,,NO_MARKET_DATA,
KR6003672D92,,NO_MARKET_DATA,
KR6003672E75,,NO_MARKET_DATA,
KR6003672G16,,NO_MARKET_DATA,
KR6003681E90,,NO_MARKET_DATA,
KR6003681F32,,NO_MARKET_DATA,
KR60082Y2FC5,,NO_MARKET_DATA,
KR60083D1F78,,NO_MARKET_DATA,
KR60083K1F99,,NO_MARKET_DATA,
KR60083Y1G16,,NO_MARKET_DATA,
KR647021PDA5,,NO_MARKET_DATA,
KR647021QDA3,,NO_MARKET_DATA,
KR647021RDA1,,NO_MARKET_DATA,
KRB702064FB0,,NO_MARKET_DATA,
KRC0350C2736,,NO_MARKET_DATA,
KR6231411EA2,,NO_MARKET_DATA,
KRB702062FB4,,NO_MARKET_DATA,
KRB702062FC2,,NO_MARKET_DATA,
KRB702063F42,,NO_MARKET_DATA,
KRB702063FB2,,NO_MARKET_DATA,
KR6273511G51,,NO_MARKET_DATA,
KR6273511G77,,NO_MARKET_DATA,
KR6273512G68,,NO_MARKET_DATA,
KR6273601EB5,,NO_MARKET_DATA,
KR6360721FA4,,NO_MARKET_DATA,
KR6435331F63,,NO_MARKET_DATA,
KR6273601G60,,NO_MARKET_DATA,
KR6273611FC9,,NO_MARKET_DATA,
KR6273641G13,,NO_MARKET_DATA,
KR6273771G64,,NO_MARKET_DATA,
KR6360452G32,,NO_MARKET_DATA,
KR6480381G26,,NO_MARKET_DATA,
KR6480381G34,,NO_MARKET_DATA,
KR6259354EA1,,NO_MARKET_DATA,
KR6480381G59,,NO_MARKET_DATA,
KR648054SE40,,NO_MARKET_DATA,
KR648054TE49,,NO_MARKET_DATA,
KR6480601F88,,NO_MARKET_DATA,
KR6480771E91,,NO_MARKET_DATA,
KR6258251D67,,NO_MARKET_DATA,
KR6258541F73,,NO_MARKET_DATA,
KR6259071EA1,,NO_MARKET_DATA,
KR6454701G40,,NO_MARKET_DATA,
KR6454711G30,,NO_MARKET_DATA,
KR649345PE99,,NO_MARKET_DATA,
KR649345QE98,,NO_MARKET_DATA,
KR6493491G34,,NO_MARKET_DATA,
KR6493501E91,,NO_MARKET_DATA,
KR6493521EA1,,NO_MARKET_DATA,
KR6493532EA8,,NO_MARKET_DATA,
KR6493533EA6,,NO_MARKET_DATA,
KR6493534EA4,,NO_MARKET_DATA,
KR6493535EA1,,NO_MARKET_DATA,
KR354403JG75,,NO_MARKET_DATA,
KR354420GD62,,NO_MARKET_DATA,
KR354420GD70,,NO_MARKET_DATA,
KR354420GDA1,,NO_MARKET_DATA,
KR354420GDB9,,NO_MARKET_DATA,
KR356502DF10,,NO_MARKET_DATA,
KR354420GDC7,,NO_MARKET_DATA,
KR354420GE38,,NO_MARKET_DATA,
KR354420GE46,,NO_MARKET_DATA,
KR354420GE61,,NO_MARKET_DATA,
KR6006801G21,,NO_MARKET_DATA,
KR6006801G47,,NO_MARKET_DATA,
KR6006801G54,,NO_MARKET_DATA,
KR6006801G62,,NO_MARKET_DATA,
KR6006802C16,,NO_MARKET_DATA,
KR6006802D98,,NO_MARKET_DATA,
KR60136A2G29,,NO_MARKET_DATA,
KR60136B1FB2,,NO_MARKET_DATA,
KR60136E1FB9,,NO_MARKET_DATA,
KR60136K1G29,,NO_MARKET_DATA,
KR60136K2G28,,NO_MARKET_DATA,
KR6008273E36,,NO_MARKET_DATA,
KR6008273E44,,NO_MARKET_DATA,
KR6008273E51,,NO_MARKET_DATA,
KR6008273E69,,NO_MARKET_DATA,
KR6008273E77,,NO_MARKET_DATA,
KR6008273E85,,NO_MARKET_DATA,
KR60160YHG20,,NO_MARKET_DATA,
KR60160YJG28,,NO_MARKET_DATA,
KR60160YKG25,,NO_MARKET_DATA,
KR354406GG42,,NO_MARKET_DATA,
KR60083Z1F89,,NO_MARKET_DATA,
KR6008491E73,,NO_MARKET_DATA,
KR60084A1F98,,NO_MARKET_DATA,
KR60084L1F87,,NO_MARKET_DATA,
KR60084M1F93,,NO_MARKET_DATA,
KR60084M2F92,,NO_MARKET_DATA,
KR60174Y1G39,,NO_MARKET_DATA,
KR354408G3A9,,NO_MARKET_DATA,
KR354801DDB7,,NO_MARKET_DATA,
KR354801DDC5,,NO_MARKET_DATA,
KRB702064757,,NO_MARKET_DATA,
KR6224081G62,,NO_MARKET_DATA,
KRB702065754,,NO_MARKET_DATA,
KRB826041B57,,NO_MARKET_DATA,
KRB826041B73,,NO_MARKET_DATA,
KRC0350C2694,,NO_MARKET_DATA,
KRC0350C26C0,,NO_MARKET_DATA,
KRC0350C2769,,NO_MARKET_DATA,
KRC0350C2793,,NO_MARKET_DATA,
KRC0350C27C8,,NO_MARKET_DATA,
KR6230791EA8,,NO_MARKET_DATA,
KR6360452G57,,NO_MARKET_DATA,
KR6360453E25,,NO_MARKET_DATA,
KR6360721F46,,NO_MARKET_DATA,
KR6360721F53,,NO_MARKET_DATA,
KR6360721F87,,NO_MARKET_DATA,
KR6360721F95,,NO_MARKET_DATA,
KR6360721FB2,,NO_MARKET_DATA,
KR6360721G52,,NO_MARKET_DATA,
KR6360722F94,,NO_MARKET_DATA,
KR6435222EA7,,NO_MARKET_DATA,
KR6435222F65,,NO_MARKET_DATA,
KR6259351F96,,NO_MARKET_DATA,
KR6259352EA5,,NO_MARKET_DATA,
KR6259353EA3,,NO_MARKET_DATA,
KR6259355EA8,,NO_MARKET_DATA,
KR6259356EA6,,NO_MARKET_DATA,
KR6259391D90,,NO_MARKET_DATA,
KR6259391EA3,,NO_MARKET_DATA,
KR6356301F59,,NO_MARKET_DATA,
KR6356321F55,,NO_MARKET_DATA,
KR6356331F53,,NO_MARKET_DATA,
KR6356351F58,,NO_MARKET_DATA,
KR6493542EA7,,NO_MARKET_DATA,
KR6493543EA5,,NO_MARKET_DATA,
KR6310101G32,,NO_MARKET_DATA,
KR6310101G40,,NO_MARKET_DATA,
KR6310101G57,,NO_MARKET_DATA,
KR6310101G65,,NO_MARKET_DATA,
KR6310101G73,,NO_MARKET_DATA,
KR6310102F24,,NO_MARKET_DATA,
KR6391731G63,,NO_MARKET_DATA,
KR6454791E92,,NO_MARKET_DATA,
KR6310102F32,0.0636393755144447,CALCULATED,저민감
KR356501GF83,,NO_MARKET_DATA,
KR356501GFC7,,NO_MARKET_DATA,
KR356501JG63,,NO_MARKET_DATA,
KR356502DD87,,NO_MARKET_DATA,
KR356502DDA1,,NO_MARKET_DATA,
KR356502DE11,,NO_MARKET_DATA,
KR6001743B44,,NO_MARKET_DATA,
KR6001743D42,,NO_MARKET_DATA,
KR6001743F40,,NO_MARKET_DATA,
KR6001743G49,,NO_MARKET_DATA,
KR6001781F92,,NO_MARKET_DATA,
KR354418GG55,,NO_MARKET_DATA,
KR354418GG63,,NO_MARKET_DATA,
KR354418GG71,,NO_MARKET_DATA,
KR3544197261,,NO_MARKET_DATA,
KR354419G6B7,,NO_MARKET_DATA,
KR354419G746,,NO_MARKET_DATA,
KR60136N1FB8,,NO_MARKET_DATA,
KR60136Y1FC3,,NO_MARKET_DATA,
KR6013721D84,,NO_MARKET_DATA,
KR310503J652,,NO_MARKET_DATA,
KR351602GAA3,,NO_MARKET_DATA,
KR354406GG59,,NO_MARKET_DATA,
KR35445172B4,,NO_MARKET_DATA,
KR3546017194,,NO_MARKET_DATA,
KR3546017236,,NO_MARKET_DATA,
KR3546017293,,NO_MARKET_DATA,
KR60160YLG24,,NO_MARKET_DATA,
KR60160YMG23,,NO_MARKET_DATA,
KR60160YNG22,,NO_MARKET_DATA,
KR60160YQG29,,NO_MARKET_DATA,
KR60160YRG28,,NO_MARKET_DATA,
KR354801DE14,,NO_MARKET_DATA,
KR354801DE22,,NO_MARKET_DATA,
KR354801DE30,,NO_MARKET_DATA,
KR60084P1F96,,NO_MARKET_DATA,
KR60174L1G77,,NO_MARKET_DATA,
KR60174P1G45,,NO_MARKET_DATA,
KR60174T1G39,,NO_MARKET_DATA,
KR60174Y2G38,,NO_MARKET_DATA,
KR6017581DA4,,NO_MARKET_DATA,
KR6017581DB2,,NO_MARKET_DATA,
KR6017581FB7,,NO_MARKET_DATA,
KR6230811F59,,NO_MARKET_DATA,
KR6230921EA1,,NO_MARKET_DATA,
KR6230951E92,,NO_MARKET_DATA,
KR6230971EA6,,NO_MARKET_DATA,
KR6231021FA6,,NO_MARKET_DATA,
KR6231061EA5,,NO_MARKET_DATA,
KR6231231F59,,NO_MARKET_DATA,
KR6231421E84,,NO_MARKET_DATA,
KR6231461EA7,,NO_MARKET_DATA,
KR6338711EA7,,NO_MARKET_DATA,
KR6338721EA6,,NO_MARKET_DATA,
KR6435223EA5,,NO_MARKET_DATA,
KR6435224EA3,,NO_MARKET_DATA,
KR6435225EA0,,NO_MARKET_DATA,
KR6435271F57,,NO_MARKET_DATA,
KR6435271FA1,,NO_MARKET_DATA,
KR6435271G64,,NO_MARKET_DATA,
KR6435381C65,,NO_MARKET_DATA,
KR6435412F65,,NO_MARKET_DATA,
KR6483611FC5,,NO_MARKET_DATA,
KR6483631E53,,NO_MARKET_DATA,
KR6483631G51,,NO_MARKET_DATA,
KR6356351F66,,NO_MARKET_DATA,
KR6356361F56,,NO_MARKET_DATA,
KR6356371F54,,NO_MARKET_DATA,
KR6356391F50,,NO_MARKET_DATA,
KR6356411F56,,NO_MARKET_DATA,
KR6356421F54,,NO_MARKET_DATA,
KR6356521F53,,NO_MARKET_DATA,
KR6430961C64,,NO_MARKET_DATA,
KR6430961E13,,NO_MARKET_DATA,
KR6431411C50,,NO_MARKET_DATA,
KR6431411C68,,NO_MARKET_DATA,
KR6310102F40,,NO_MARKET_DATA,
KR6310102F57,,NO_MARKET_DATA,
KR6310102F65,,NO_MARKET_DATA,
KR6310102F99,,NO_MARKET_DATA,
KR6391581G56,,NO_MARKET_DATA,
KR6391611G68,,NO_MARKET_DATA,
KR6391641E49,,NO_MARKET_DATA,
KR6391651G69,,NO_MARKET_DATA,
KR6391691E48,,NO_MARKET_DATA,
KR6391711F68,,NO_MARKET_DATA,
KR6391741G61,,NO_MARKET_DATA,
KR356503DEA7,,NO_MARKET_DATA,
KR60017DBF27,,NO_MARKET_DATA,
KR60017DCF26,,NO_MARKET_DATA,
KR60017DDF25,,NO_MARKET_DATA,
KR60017DEF24,,NO_MARKET_DATA,
KR60017DFF23,,NO_MARKET_DATA,
KR60017DGF22,,NO_MARKET_DATA,
KR60017DHF21,,NO_MARKET_DATA,
KR60017DJF29,,NO_MARKET_DATA,
KR60017DKF26,,NO_MARKET_DATA,
KR6013721F33,,NO_MARKET_DATA,
KR6013721FB3,,NO_MARKET_DATA,
KR60137F1FB7,,NO_MARKET_DATA,
KR310503GG38,,NO_MARKET_DATA,
KR310503GG46,,NO_MARKET_DATA,
KR310503GG53,,NO_MARKET_DATA,
KR310503GG61,,NO_MARKET_DATA,
KR310503GG79,,NO_MARKET_DATA,
KR310503GG87,,NO_MARKET_DATA,
KR310503J611,,NO_MARKET_DATA,
KR310503J645,,NO_MARKET_DATA,
KR60160YSG27,,NO_MARKET_DATA,
KR60160YTG26,,NO_MARKET_DATA,
KR310514GG50,,NO_MARKET_DATA,
KR310514GG68,,NO_MARKET_DATA,
KR310515GCA3,,NO_MARKET_DATA,
KR310515GD94,,NO_MARKET_DATA,
KR310515GE85,,NO_MARKET_DATA,
KR310515GEB7,,NO_MARKET_DATA,
KR352501GF82,,NO_MARKET_DATA,
KR3544077V55,,NO_MARKET_DATA,
KR310515GF50,,NO_MARKET_DATA,
KR60175B1G34,,NO_MARKET_DATA,
KR60175D1G30,,NO_MARKET_DATA,
KR60175E1G38,,NO_MARKET_DATA,
KR350103GF54,,NO_MARKET_DATA,
KR350103GF62,,NO_MARKET_DATA,
KR350103GF70,,NO_MARKET_DATA,
KR350103GF88,,NO_MARKET_DATA,
KR350103GF96,,NO_MARKET_DATA,
KR350103GFA2,,NO_MARKET_DATA,
KR350103GG12,,NO_MARKET_DATA,
KR350103GG20,,NO_MARKET_DATA,
KR6338721F59,,NO_MARKET_DATA,
KR6338721G58,,NO_MARKET_DATA,
KR6338721G66,,NO_MARKET_DATA,
KR6338722F66,,NO_MARKET_DATA,
KR6338723F65,,NO_MARKET_DATA,
KR6338724F64,,NO_MARKET_DATA,
KR6338725F63,,NO_MARKET_DATA,
KR6338751EA3,,NO_MARKET_DATA,
KR6338761EA2,,NO_MARKET_DATA,
KR6413631BC7,,NO_MARKET_DATA,
KR6413681E18,,NO_MARKET_DATA,
KR6483641E51,,NO_MARKET_DATA,
KR6483661E56,,NO_MARKET_DATA,
KR6483671E54,,NO_MARKET_DATA,
KR6483691E50,,NO_MARKET_DATA,
KR6483701E58,,NO_MARKET_DATA,
KR6483711E56,,NO_MARKET_DATA,
KR6483761E55,,NO_MARKET_DATA,
KR6483781E51,,NO_MARKET_DATA,
KR626980C748,,NO_MARKET_DATA,
KR626980D746,,NO_MARKET_DATA,
KR626980E744,,NO_MARKET_DATA,
KR6431411CC0,,NO_MARKET_DATA,
KR6431412C59,,NO_MARKET_DATA,
KR6431412C67,,NO_MARKET_DATA,
KR6431541F50,,NO_MARKET_DATA,
KR6431581E52,,NO_MARKET_DATA,
KR6431581F51,,NO_MARKET_DATA,
KR6431601F57,,NO_MARKET_DATA,
KR648086SE42,,NO_MARKET_DATA,
KR648086TE41,,NO_MARKET_DATA,
KR648086VE47,,NO_MARKET_DATA,
KR6391751G68,,NO_MARKET_DATA,
KR6391801G68,,NO_MARKET_DATA,
KR6391891F94,,NO_MARKET_DATA,
KR6454721F62,,NO_MARKET_DATA,
KR6454721G38,,NO_MARKET_DATA,
KR6454731G36,,NO_MARKET_DATA,
KR6454741G34,,NO_MARKET_DATA,
KR6454751D34,,NO_MARKET_DATA,
KR6454761G39,,NO_MARKET_DATA,
KR6454771G37,,NO_MARKET_DATA,
KR6454791G33,,NO_MARKET_DATA,
KR60069F3F62,,NO_MARKET_DATA,
KR60069F4F61,,NO_MARKET_DATA,
KR60069F5F60,,NO_MARKET_DATA,
KR60069G2F61,,NO_MARKET_DATA,
KR60069G3F60,,NO_MARKET_DATA,
KR60069G4F69,,NO_MARKET_DATA,
KR60142GFFC9,,NO_MARKET_DATA,
KR60142GGFC7,,NO_MARKET_DATA,
KR60142GHFC5,,NO_MARKET_DATA,
KR60142GJFC1,,NO_MARKET_DATA,
KR60142GKFC9,,NO_MARKET_DATA,
KR310503J694,,NO_MARKET_DATA,
KR310503J6A5,,NO_MARKET_DATA,
KR351601GG66,,NO_MARKET_DATA,
KR351601GG74,,NO_MARKET_DATA,
KR351601J688,,NO_MARKET_DATA,
KR351601J795,,NO_MARKET_DATA,
KR351602G757,,NO_MARKET_DATA,
KR351602G880,,NO_MARKET_DATA,
KR351602G9B4,,NO_MARKET_DATA,
KR351602GA95,,NO_MARKET_DATA,
KR310515GF76,,NO_MARKET_DATA,
KR310515GG18,,NO_MARKET_DATA,
KR310515GG34,,NO_MARKET_DATA,
KR310515GG42,,NO_MARKET_DATA,
KR352501GF17,,NO_MARKET_DATA,
KR352501GF25,,NO_MARKET_DATA,
KR352501GF33,,NO_MARKET_DATA,
KR352501GF58,,NO_MARKET_DATA,
KR352501GF66,,NO_MARKET_DATA,
KR352501GF74,,NO_MARKET_DATA,
KR350103GG38,,NO_MARKET_DATA,
KR350103GG46,,NO_MARKET_DATA,
KR350103GG53,,NO_MARKET_DATA,
KR35270271A6,,NO_MARKET_DATA,
KR3527027246,,NO_MARKET_DATA,
KR3527027261,,NO_MARKET_DATA,
KR3527027279,,NO_MARKET_DATA,
KR3527027345,,NO_MARKET_DATA,
KR352702G358,,NO_MARKET_DATA,
KR352702G390,,NO_MARKET_DATA,
KR6413681F66,,NO_MARKET_DATA,
KR6413681G57,,NO_MARKET_DATA,
KR6413681G65,,NO_MARKET_DATA,
KR6413682E25,,NO_MARKET_DATA,
KR6413682G56,,NO_MARKET_DATA,
KR6413761EB8,,NO_MARKET_DATA,
KR6413761F28,,NO_MARKET_DATA,
KR6413761F44,,NO_MARKET_DATA,
KR6413811F93,,NO_MARKET_DATA,
KR647021SDA9,,NO_MARKET_DATA,
KR647021TDA7,,NO_MARKET_DATA,
KR626980F741,,NO_MARKET_DATA,
KR626980G749,,NO_MARKET_DATA,
KR626980H747,,NO_MARKET_DATA,
KR626980J743,,NO_MARKET_DATA,
KR626980K741,,NO_MARKET_DATA,
KR626980L749,,NO_MARKET_DATA,
KR6361061F59,,NO_MARKET_DATA,
KR6361061F75,,NO_MARKET_DATA,
KR6361061FC0,,NO_MARKET_DATA,
KR6361061G25,,NO_MARKET_DATA,
KR648086WE46,,NO_MARKET_DATA,
KR648086XE45,,NO_MARKET_DATA,
KR648086YE44,,NO_MARKET_DATA,
KR648086ZE43,,NO_MARKET_DATA,
KR6480961E59,,NO_MARKET_DATA,
KR6481131E45,,NO_MARKET_DATA,
KR6481131E52,,NO_MARKET_DATA,
KR6269651G42,,NO_MARKET_DATA,
KR6269651G67,,NO_MARKET_DATA,
KR6269651G75,,NO_MARKET_DATA,
KR6454801G31,,NO_MARKET_DATA,
KR6454831G35,,NO_MARKET_DATA,
KR6493544EA3,,NO_MARKET_DATA,
KR6493545EA0,,NO_MARKET_DATA,
KR6493552EA6,,NO_MARKET_DATA,
KR6493553EA4,,NO_MARKET_DATA,
KR6493554EA2,,NO_MARKET_DATA,
KR6493555EA9,,NO_MARKET_DATA,
KR6493561EA7,,NO_MARKET_DATA,
KR6493582EA3,,NO_MARKET_DATA,
KR6493583EA1,,NO_MARKET_DATA,
KR60069T2F64,,NO_MARKET_DATA,
KR60142GSFC2,,NO_MARKET_DATA,
KR60142GTFC0,,NO_MARKET_DATA,
KR60142GVFC6,,NO_MARKET_DATA,
KR60142GWFC4,,NO_MARKET_DATA,
KR60142GXFC2,,NO_MARKET_DATA,
KR60142GYFC0,,NO_MARKET_DATA,
KR310505GG51,,NO_MARKET_DATA,
KR60142GZFC7,,NO_MARKET_DATA,
KR60142N1FC8,,NO_MARKET_DATA,
KR60142N1G39,,NO_MARKET_DATA,
KR351602GB78,,NO_MARKET_DATA,
KR354403GF79,,NO_MARKET_DATA,
KR354403GF87,,NO_MARKET_DATA,
KR354403GF95,,NO_MARKET_DATA,
KR354403GFA2,,NO_MARKET_DATA,
KR354403GFB0,,NO_MARKET_DATA,
KR354403GFC8,,NO_MARKET_DATA,
KR354403GG11,,NO_MARKET_DATA,
KR354403GG29,,NO_MARKET_DATA,
KR354403GG37,,NO_MARKET_DATA,
KR352501GF90,,NO_MARKET_DATA,
KR352501GFB3,,NO_MARKET_DATA,
KR352501GFC1,,NO_MARKET_DATA,
KR354406GG67,,NO_MARKET_DATA,
KR354406GG75,,NO_MARKET_DATA,
KR354406GG83,,NO_MARKET_DATA,
KR3544077281,,NO_MARKET_DATA,
KR35440772A8,,NO_MARKET_DATA,
KR3544077315,,NO_MARKET_DATA,
KR3544077323,,NO_MARKET_DATA,
KR352702G4A4,,NO_MARKET_DATA,
KR352702G4B2,,NO_MARKET_DATA,
KR352702G4C0,,NO_MARKET_DATA,
KR354408G3B7,,NO_MARKET_DATA,
KR354408G418,,NO_MARKET_DATA,
KR354408G426,,NO_MARKET_DATA,
KR354801DF47,,NO_MARKET_DATA,
KR354408G434,,NO_MARKET_DATA,
KR354408G442,,NO_MARKET_DATA,
KR354408G467,,NO_MARKET_DATA,
KR647021VDA3,,NO_MARKET_DATA,
KR647021WDA1,,NO_MARKET_DATA,
KR647021XDA9,,NO_MARKET_DATA,
KR647021YDA7,,NO_MARKET_DATA,
KR647021ZDA4,,NO_MARKET_DATA,
KR6470222DB3,,NO_MARKET_DATA,
KR6470361DB9,,NO_MARKET_DATA,
KR6470371DB8,,NO_MARKET_DATA,
KRC0350C2835,,NO_MARKET_DATA,
KRC0350C2868,,NO_MARKET_DATA,
KR6361061G33,,NO_MARKET_DATA,
KR6361061G41,,NO_MARKET_DATA,
KR6361062G24,,NO_MARKET_DATA,
KR6361391E85,,NO_MARKET_DATA,
KR6361571F86,,NO_MARKET_DATA,
KR6361571F94,,NO_MARKET_DATA,
KR6361611E63,,NO_MARKET_DATA,
KR6435571D64,,NO_MARKET_DATA,
KR6435571G12,,NO_MARKET_DATA,
KR6435612EA9,,NO_MARKET_DATA,
KR6435613EA7,,NO_MARKET_DATA,
KR6269652F67,,NO_MARKET_DATA,
KR6269652G74,,NO_MARKET_DATA,
KR6269653F66,,NO_MARKET_DATA,
KR6356661F53,,NO_MARKET_DATA,
KR6269654F65,,NO_MARKET_DATA,
KR6269655F64,,NO_MARKET_DATA,
KR626980A742,,NO_MARKET_DATA,
KR626980B740,,NO_MARKET_DATA,
KR6356551F31,,NO_MARKET_DATA,
KR6356581E36,,NO_MARKET_DATA,
KR6493584EA9,,NO_MARKET_DATA,
KR6306202EA5,,NO_MARKET_DATA,
KR6306202F47,,NO_MARKET_DATA,
KR6306202G61,,NO_MARKET_DATA,
KR6306463C93,,NO_MARKET_DATA,
KR6306464C92,,NO_MARKET_DATA,
KR6306465C91,,NO_MARKET_DATA,
KR6306621F65,,NO_MARKET_DATA,
KR6306621F99,,NO_MARKET_DATA,
KR6306621G56,,NO_MARKET_DATA,
KR6307181D91,,NO_MARKET_DATA,
KR354420GD54,,NO_MARKET_DATA,
KR356501DG44,,NO_MARKET_DATA,
KR310502GG88,,NO_MARKET_DATA,
KR310502J613,,NO_MARKET_DATA,
KR310502J654,,NO_MARKET_DATA,
KR310502J688,,NO_MARKET_DATA,
KR351603GB36,,NO_MARKET_DATA,
KR310502J6A6,,NO_MARKET_DATA,
KR310503AF92,,NO_MARKET_DATA,
KR310503AFA5,,NO_MARKET_DATA,
KR310503AFC1,,NO_MARKET_DATA,
KR354403GG45,,NO_MARKET_DATA,
KR354419G852,,NO_MARKET_DATA,
KR354419G860,,NO_MARKET_DATA,
KR354419G894,,NO_MARKET_DATA,
KR354419GA43,,NO_MARKET_DATA,
KR354419GA50,,NO_MARKET_DATA,
KR354419GB59,,NO_MARKET_DATA,
KR354419GC25,,NO_MARKET_DATA,
KR354419GC41,,NO_MARKET_DATA,
KR356402GB12,,NO_MARKET_DATA,
KR354407G352,,NO_MARKET_DATA,
KR354407G360,,NO_MARKET_DATA,
KR354601G731,,NO_MARKET_DATA,
KR354601G749,,NO_MARKET_DATA,
KR354601G772,,NO_MARKET_DATA,
KR354601G780,,NO_MARKET_DATA,
KR354601G798,,NO_MARKET_DATA,
KR354601G7A5,,NO_MARKET_DATA,
KR354601G7B3,,NO_MARKET_DATA,
KR354601G7C1,,NO_MARKET_DATA,
KR354408G475,,NO_MARKET_DATA,
KR354408G483,,NO_MARKET_DATA,
KR354408G491,,NO_MARKET_DATA,
KR354408G4A7,,NO_MARKET_DATA,
KR354801DF13,,NO_MARKET_DATA,
KR354801DF21,,NO_MARKET_DATA,
KR354801DF39,,NO_MARKET_DATA,
KR354801DF88,,NO_MARKET_DATA,
KR354801DFC0,,NO_MARKET_DATA,
KR354801DG12,,NO_MARKET_DATA,
KRC0350C2892,,NO_MARKET_DATA,
KRC0350C28C6,,NO_MARKET_DATA,
KRC0350C2934,,NO_MARKET_DATA,
KRC0350C2967,,NO_MARKET_DATA,
KRC0350C2991,,NO_MARKET_DATA,
KRC0350C29C4,,NO_MARKET_DATA,
KRC0350C3031,,NO_MARKET_DATA,
KRC0350C3064,,NO_MARKET_DATA,
KR622571F577,,NO_MARKET_DATA,
KR622571G575,,NO_MARKET_DATA,
KR6435614EA5,,NO_MARKET_DATA,
KR6435615EA2,,NO_MARKET_DATA,
KR6435731C70,,NO_MARKET_DATA,
KR6435732C79,,NO_MARKET_DATA,
KR6435842F65,,NO_MARKET_DATA,
KR6483951E55,,NO_MARKET_DATA,
KR6436531C62,,NO_MARKET_DATA,
KR6436581C61,,NO_MARKET_DATA,
KR6483791E83,,NO_MARKET_DATA,
KR6483821E53,,NO_MARKET_DATA,
KR6483831E51,,NO_MARKET_DATA,
KR6356581G34,,NO_MARKET_DATA,
KR6356581G42,,NO_MARKET_DATA,
KR6356601F56,,NO_MARKET_DATA,
KR6356611F54,,NO_MARKET_DATA,
KR6356641F58,,NO_MARKET_DATA,
KR6356731C45,,NO_MARKET_DATA,
KR6356731E19,,NO_MARKET_DATA,
KR6356731E50,,NO_MARKET_DATA,
KR6431611D99,,NO_MARKET_DATA,
KR6431611E98,,NO_MARKET_DATA,
KR6431611F55,,NO_MARKET_DATA,
KR6307181E90,,NO_MARKET_DATA,
KR6391891G69,,NO_MARKET_DATA,
KR6391961G64,,NO_MARKET_DATA,
KR6391971G62,,NO_MARKET_DATA,
KR6392131F35,,NO_MARKET_DATA,
KR6392131G67,,NO_MARKET_DATA,
KR6392131G75,,NO_MARKET_DATA,
KR6392132G74,,NO_MARKET_DATA,
KR6392221G68,,NO_MARKET_DATA,
KR6392241G64,,NO_MARKET_DATA,
KR6392261G69,,NO_MARKET_DATA,
KR310506AG23,,NO_MARKET_DATA,
KR351603GCB5,,NO_MARKET_DATA,
KR351603GD26,,NO_MARKET_DATA,
KR351603GD34,,NO_MARKET_DATA,
KR351603GD75,,NO_MARKET_DATA,
KR351603GD91,,NO_MARKET_DATA,
KR351603GDA5,,NO_MARKET_DATA,
KR351603GDB3,,NO_MARKET_DATA,
KR351603GE25,,NO_MARKET_DATA,
KR351603GE33,,NO_MARKET_DATA,
KR354419GC58,,NO_MARKET_DATA,
KR354419GC66,,NO_MARKET_DATA,
KR356401GF84,,NO_MARKET_DATA,
KR356401GFA4,,NO_MARKET_DATA,
KR356401GFB2,,NO_MARKET_DATA,
KR356401GG26,,NO_MARKET_DATA,
KR356401GG34,,NO_MARKET_DATA,
KR356401GG59,,NO_MARKET_DATA,
KR356401GG75,,NO_MARKET_DATA,
KR356402G914,,NO_MARKET_DATA,
KR354601G830,,NO_MARKET_DATA,
KR354601G863,,NO_MARKET_DATA,
KR380801GF72,,NO_MARKET_DATA,
KR380801GF80,,NO_MARKET_DATA,
KR380801GF98,,NO_MARKET_DATA,
KR380801GFA5,,NO_MARKET_DATA,
KR380801GFB3,,NO_MARKET_DATA,
KR380801GFC1,,NO_MARKET_DATA,
KR380801GG14,,NO_MARKET_DATA,
KR60032J1F31,,NO_MARKET_DATA,
KR6008273F68,,NO_MARKET_DATA,
KR354801DG20,,NO_MARKET_DATA,
KR354801DG38,,NO_MARKET_DATA,
KR354801DG46,,NO_MARKET_DATA,
KR380811GFB2,,NO_MARKET_DATA,
KR380811GG20,,NO_MARKET_DATA,
KR380811GG38,,NO_MARKET_DATA,
KR380811GG46,,NO_MARKET_DATA,
KR380811GG53,,NO_MARKET_DATA,
KR380811GG61,,NO_MARKET_DATA,
KR380812GFB0,,NO_MARKET_DATA,
KR622571H573,,NO_MARKET_DATA,
KR622571J579,,NO_MARKET_DATA,
KR622571K577,,NO_MARKET_DATA,
KR622571L575,,NO_MARKET_DATA,
KR622571M573,,NO_MARKET_DATA,
KR622571N571,,NO_MARKET_DATA,
KR622571P576,,NO_MARKET_DATA,
KR622571Q574,,NO_MARKET_DATA,
KR6338791E97,,NO_MARKET_DATA,
KR6338791EA9,,NO_MARKET_DATA,
KR6483851E56,,NO_MARKET_DATA,
KR6483861E54,,NO_MARKET_DATA,
KR6483871E52,,NO_MARKET_DATA,
KR6483901E56,,NO_MARKET_DATA,
KR6483911E54,,NO_MARKET_DATA,
KR6483921E52,,NO_MARKET_DATA,
KR6483951F96,,NO_MARKET_DATA,
KR6276041F54,,NO_MARKET_DATA,
KR6276041FA0,,NO_MARKET_DATA,
KR6276041G38,,NO_MARKET_DATA,
KR6276681774,,NO_MARKET_DATA,
KR6431631F51,,NO_MARKET_DATA,
KR6431641F59,,NO_MARKET_DATA,
KR6431651F56,,NO_MARKET_DATA,
KR6431661F54,,NO_MARKET_DATA,
KR6431721F45,,NO_MARKET_DATA,
KR6431771F51,,NO_MARKET_DATA,
KR6431781F59,,NO_MARKET_DATA,
KR6431791F57,,NO_MARKET_DATA,
KR6481141E43,,NO_MARKET_DATA,
KR6481151E40,,NO_MARKET_DATA,
KR6481161E48,,NO_MARKET_DATA,
KR6392341F98,,NO_MARKET_DATA,
KR6454841G33,,NO_MARKET_DATA,
KR6454871G36,,NO_MARKET_DATA,
KR6454871G44,,NO_MARKET_DATA,
KR6454881G34,,NO_MARKET_DATA,
KR6454921G36,,NO_MARKET_DATA,
KR6454921G44,,NO_MARKET_DATA,
KR6454951G39,,NO_MARKET_DATA,
KR6454971G35,,NO_MARKET_DATA,
KR6454981D51,,NO_MARKET_DATA,
KR6454991G31,,NO_MARKET_DATA,
KR351603GC43,,NO_MARKET_DATA,
KR354403JD86,,NO_MARKET_DATA,
KR354403JD94,,NO_MARKET_DATA,
KR354403JDA1,,NO_MARKET_DATA,
KR354403JDB9,,NO_MARKET_DATA,
KR354403JE69,,NO_MARKET_DATA,
KR354403JF92,,NO_MARKET_DATA,
KR354403JG42,,NO_MARKET_DATA,
KR354403JG59,,NO_MARKET_DATA,
KR354403JG67,,NO_MARKET_DATA,
KR356402GA47,,NO_MARKET_DATA,
KR6001511C43,,NO_MARKET_DATA,
KR6001511C68,,NO_MARKET_DATA,
KR6001511C76,,NO_MARKET_DATA,
KR6001511C84,,NO_MARKET_DATA,
KR6001511E74,,NO_MARKET_DATA,
KR6001511E82,,NO_MARKET_DATA,
KR6001511EC3,,NO_MARKET_DATA,
KR6001511F16,,NO_MARKET_DATA,
KR6001511F81,,NO_MARKET_DATA,
KR6001511G15,,NO_MARKET_DATA,
KR380801GG48,,NO_MARKET_DATA,
KR380801GG55,,NO_MARKET_DATA,
KR380801GG63,,NO_MARKET_DATA,
KR380801GG71,,NO_MARKET_DATA,
KR60032B1F38,,NO_MARKET_DATA,
KR60032C1F36,,NO_MARKET_DATA,
KR60032D1F34,,NO_MARKET_DATA,
KR60032E1F32,,NO_MARKET_DATA,
KR60032F1F39,,NO_MARKET_DATA,
KR60032G1F37,,NO_MARKET_DATA,
KR60032H1F35,,NO_MARKET_DATA,
KR380812GG29,,NO_MARKET_DATA,
KR380812GG45,,NO_MARKET_DATA,
KR380812GG52,,NO_MARKET_DATA,
KR380812GG60,,NO_MARKET_DATA,
KR6003681F57,,NO_MARKET_DATA,
KR6003681G56,,NO_MARKET_DATA,
KR60084X8F85,,NO_MARKET_DATA,
KR60175K1G35,,NO_MARKET_DATA,
KR6003682F56,,NO_MARKET_DATA,
KR6003691C58,,NO_MARKET_DATA,
KR6003691CA9,,NO_MARKET_DATA,
KR6338821EA4,,NO_MARKET_DATA,
KR6338841F88,,NO_MARKET_DATA,
KR6338851EA1,,NO_MARKET_DATA,
KR6338851FB6,,NO_MARKET_DATA,
KR6338861EA0,,NO_MARKET_DATA,
KR6338861G58,,NO_MARKET_DATA,
KR6338901EA4,,NO_MARKET_DATA,
KR6338911E35,,NO_MARKET_DATA,
KR6338911F91,,NO_MARKET_DATA,
KR6413881BC8,,NO_MARKET_DATA,
KR6413881C67,,NO_MARKET_DATA,
KR6276731F18,,NO_MARKET_DATA,
KR6276731F59,,NO_MARKET_DATA,
KR6276731F91,,NO_MARKET_DATA,
KR6276871789,,NO_MARKET_DATA,
KR6276981G48,,NO_MARKET_DATA,
KR6276981G63,,NO_MARKET_DATA,
KR6277411E55,,NO_MARKET_DATA,
KR6361611E71,,NO_MARKET_DATA,
KR6361611E89,,NO_MARKET_DATA,
KR6361611F13,,NO_MARKET_DATA,
KR6361611FA6,,NO_MARKET_DATA,
KR6481161E55,,NO_MARKET_DATA,
KR6481171E46,,NO_MARKET_DATA,
KR6481211E48,,NO_MARKET_DATA,
KR6481231E44,,NO_MARKET_DATA,
KR6481261E47,,NO_MARKET_DATA,
KR6481281E43,,NO_MARKET_DATA,
KR6481291E41,,NO_MARKET_DATA,
KR6481311E47,,NO_MARKET_DATA,
KR6259901F67,,NO_MARKET_DATA,
KR6260231FB3,,NO_MARKET_DATA,
KR6260261E94,,NO_MARKET_DATA,
KR6455021F58,,NO_MARKET_DATA,
KR6493585EA6,,NO_MARKET_DATA,
KR6493622EA7,,NO_MARKET_DATA,
KR6493623EA5,,NO_MARKET_DATA,
KR6493624EA3,,NO_MARKET_DATA,
KR6493625EA0,,NO_MARKET_DATA,
KR6493641F42,,NO_MARKET_DATA,
KR6493642EA5,,NO_MARKET_DATA,
KR6493643EA3,,NO_MARKET_DATA,
KR6310103FB4,,NO_MARKET_DATA,
KR6310103G14,,NO_MARKET_DATA,
KR354404G995,,NO_MARKET_DATA,
KR354420GE95,,NO_MARKET_DATA,
KR354420GEA9,,NO_MARKET_DATA,
KR354420GF94,,NO_MARKET_DATA,
KR354420GG10,,NO_MARKET_DATA,
KR354420GG36,,NO_MARKET_DATA,
KR354420GG44,,NO_MARKET_DATA,
KR356602DDC5,,NO_MARKET_DATA,
KR354420GG51,,NO_MARKET_DATA,
KR354420GG69,,NO_MARKET_DATA,
KR6001511G49,,NO_MARKET_DATA,
KR6006802E14,,NO_MARKET_DATA,
KR6006802E63,,NO_MARKET_DATA,
KR6006802F13,,NO_MARKET_DATA,
KR6006802F70,,NO_MARKET_DATA,
KR6006802FA2,,NO_MARKET_DATA,
KR6006802G20,,NO_MARKET_DATA,
KR6006802G46,,NO_MARKET_DATA,
KR6006802G61,,NO_MARKET_DATA,
KR6006803A17,,NO_MARKET_DATA,
KR6006803B32,,NO_MARKET_DATA,
KR60032K1F39,,NO_MARKET_DATA,
KR60032L1F37,,NO_MARKET_DATA,
KR60032M1F35,,NO_MARKET_DATA,
KR6008273E93,,NO_MARKET_DATA,
KR6008273EA7,,NO_MARKET_DATA,
KR6008273EB5,,NO_MARKET_DATA,
KR6008273EC3,,NO_MARKET_DATA,
KR6008273F19,,NO_MARKET_DATA,
KR6008273F35,,NO_MARKET_DATA,
KR6008273F43,,NO_MARKET_DATA,
KR6008273F50,,NO_MARKET_DATA,
KR6003691D32,,EXCLUDED_OPTION,
KR6003691EA5,,NO_MARKET_DATA,
KR60036F1F63,,NO_MARKET_DATA,
KR60036F2F62,,NO_MARKET_DATA,
KR60036H1F69,,NO_MARKET_DATA,
KR60036H2F68,,NO_MARKET_DATA,
KR60084T1F72,,NO_MARKET_DATA,
KR60084X7F86,,NO_MARKET_DATA,
KR60084X9F84,,NO_MARKET_DATA,
KR60084XAF89,,NO_MARKET_DATA,
KR6413881CC6,,NO_MARKET_DATA,
KR6414021FB3,,NO_MARKET_DATA,
KR6414111F80,,NO_MARKET_DATA,
KR6414111F98,,NO_MARKET_DATA,
KR6414121FA3,,NO_MARKET_DATA,
KR6414122FA1,,NO_MARKET_DATA,
KR6414181BC2,,NO_MARKET_DATA,
KR6414181C62,,NO_MARKET_DATA,
KR6414201FB1,,NO_MARKET_DATA,
KR6470391F67,,NO_MARKET_DATA,
KR6470402F56,,NO_MARKET_DATA,
KR6361612E21,0.5118001519849268,CALCULATED,중간
KR6361612E88,,NO_MARKET_DATA,
KR6361612FA4,2.022387540789625,CALCULATED,중간
KR6361613FA2,,NO_MARKET_DATA,
KR6361862A89,,NO_MARKET_DATA,
KR6362061B85,,NO_MARKET_DATA,
KR643660SC64,,NO_MARKET_DATA,
KR6436612C64,,NO_MARKET_DATA,
KR6436721C70,,NO_MARKET_DATA,
KR6436961FB4,,NO_MARKET_DATA,
KR6437291C78,,NO_MARKET_DATA,
KR6260261FB0,,NO_MARKET_DATA,
KR6260261G68,,NO_MARKET_DATA,
KR6260311F69,,NO_MARKET_DATA,
KR6260311FB3,,NO_MARKET_DATA,
KR6260361EA3,,NO_MARKET_DATA,
KR6260381G55,,NO_MARKET_DATA,
KR6260501EB2,,NO_MARKET_DATA,
KR6260661G15,,NO_MARKET_DATA,
KR6356732C28,,NO_MARKET_DATA,
KR6356732C44,,NO_MARKET_DATA,
KR6356741F57,,NO_MARKET_DATA,
KR6493644EA1,,NO_MARKET_DATA,
KR6493645EA8,,NO_MARKET_DATA,
KR6310103F15,,NO_MARKET_DATA,
KR6310103F23,,NO_MARKET_DATA,
KR6310103F31,,NO_MARKET_DATA,
KR6310103F49,,NO_MARKET_DATA,
KR6310103F56,,NO_MARKET_DATA,
KR6310103F64,,NO_MARKET_DATA,
KR6310103F98,,NO_MARKET_DATA,
KR6310103FA6,,NO_MARKET_DATA,
KR354420GE79,,NO_MARKET_DATA,
KR354420GE87,,NO_MARKET_DATA,
KR356502DE37,,NO_MARKET_DATA,
KR356502DE45,,NO_MARKET_DATA,
KR356502DE60,,NO_MARKET_DATA,
KR356502DEA9,,NO_MARKET_DATA,
KR356502DEB7,,NO_MARKET_DATA,
KR356502GF74,,NO_MARKET_DATA,
KR356503DE36,,NO_MARKET_DATA,
KR356503DE44,,NO_MARKET_DATA,
KR6006803C15,,NO_MARKET_DATA,
KR60137H1FB5,,NO_MARKET_DATA,
KR60137J1FC1,,NO_MARKET_DATA,
KR60137Y1FB4,,NO_MARKET_DATA,
KR60138N1G11,,NO_MARKET_DATA,
KR60138P1FC2,,NO_MARKET_DATA,
KR60138P1G65,,NO_MARKET_DATA,
KR60138R1FC0,,NO_MARKET_DATA,
KR60138R1G53,,NO_MARKET_DATA,
KR60138S1FB1,,NO_MARKET_DATA,
KR60138S1G44,,NO_MARKET_DATA,
KR6008273F76,,NO_MARKET_DATA,
KR6008273F84,,NO_MARKET_DATA,
KR6016131EA7,,NO_MARKET_DATA,
KR60161E1G20,,NO_MARKET_DATA,
KR60161E1G61,,NO_MARKET_DATA,
KR60161F1G35,,NO_MARKET_DATA,
KR60161F1G76,,NO_MARKET_DATA,
KR60161F2G34,,NO_MARKET_DATA,
KR60161G1G41,,NO_MARKET_DATA,
KR6016251E27,,NO_MARKET_DATA,
KR60162C1G30,,NO_MARKET_DATA,
KR60084XBF88,,NO_MARKET_DATA,
KR60084XCF87,,NO_MARKET_DATA,
KR60084XDF86,,NO_MARKET_DATA,
KR60084XEF85,,NO_MARKET_DATA,
KR60084XFF84,,NO_MARKET_DATA,
KR60175G1G33,,NO_MARKET_DATA,
KR60175H1G31,,NO_MARKET_DATA,
KR60175J1G37,,NO_MARKET_DATA,
KR60175L1G33,,NO_MARKET_DATA,
KR60175M1G31,,NO_MARKET_DATA,
KR6470411F71,,NO_MARKET_DATA,
KR6470421F61,,NO_MARKET_DATA,
KR6470461DB7,,NO_MARKET_DATA,
KR6470471DB6,,NO_MARKET_DATA,
KR6470481DB5,,NO_MARKET_DATA,
KR6470491DB4,,NO_MARKET_DATA,
KRC0350C3296,,NO_MARKET_DATA,
KR6470521DB8,,NO_MARKET_DATA,
KR6470541DB6,,NO_MARKET_DATA,
KR6470551DB5,,NO_MARKET_DATA,
KRC0350C3098,,NO_MARKET_DATA,
KR6437691F22,,NO_MARKET_DATA,
KR6437731FA2,,NO_MARKET_DATA,
KR6437781C75,,NO_MARKET_DATA,
KR6438221C71,,NO_MARKET_DATA,
KR6438381C93,,NO_MARKET_DATA,
KR6438391C75,,NO_MARKET_DATA,
KR6483961E53,,NO_MARKET_DATA,
KR6483961FB6,,NO_MARKET_DATA,
KR6483971E51,,NO_MARKET_DATA,
KR6484021E83,,NO_MARKET_DATA,
KR6484051E52,,NO_MARKET_DATA,
KR6356741F99,,NO_MARKET_DATA,
KR6356761F52,,NO_MARKET_DATA,
KR6356761FA6,,NO_MARKET_DATA,
KR6357061F57,,NO_MARKET_DATA,
KR6357121E23,,NO_MARKET_DATA,
KR6357121G39,,NO_MARKET_DATA,
KR6357121G54,,NO_MARKET_DATA,
KR6357121G70,,NO_MARKET_DATA,
KR6431801F55,,NO_MARKET_DATA,
KR6431811D63,,NO_MARKET_DATA,
KR6431811G52,,NO_MARKET_DATA,
KR6392341G63,,NO_MARKET_DATA,
KR6392471G65,,NO_MARKET_DATA,
KR6392561E35,,NO_MARKET_DATA,
KR6392561G66,,NO_MARKET_DATA,
KR6392751FC9,,NO_MARKET_DATA,
KR6392751G41,,NO_MARKET_DATA,
KR6392751G74,,NO_MARKET_DATA,
KR6392811G64,,NO_MARKET_DATA,
KR6393081C28,,NO_MARKET_DATA,
KR6393081CC7,,NO_MARKET_DATA,
KR6393082C27,,NO_MARKET_DATA,
KR356901GE72,,NO_MARKET_DATA,
KR60017GKF23,,NO_MARKET_DATA,
KR60017GLF22,,NO_MARKET_DATA,
KR60017GMF21,,NO_MARKET_DATA,
KR60017GNF20,,NO_MARKET_DATA,
KR60017GPF28,,NO_MARKET_DATA,
KR60017GQF27,,NO_MARKET_DATA,
KR60017GRF26,,NO_MARKET_DATA,
KR60017GSF25,,NO_MARKET_DATA,
KR60017GTF24,,NO_MARKET_DATA,
KR60138S2FB9,,NO_MARKET_DATA,
KR310501GG22,,NO_MARKET_DATA,
KR310501GG30,,NO_MARKET_DATA,
KR310501GG48,,NO_MARKET_DATA,
KR310501GG55,,NO_MARKET_DATA,
KR310501GG63,,NO_MARKET_DATA,
KR310501GG71,,NO_MARKET_DATA,
KR310501GG89,,NO_MARKET_DATA,
KR310501J615,,NO_MARKET_DATA,
KR310501J680,,NO_MARKET_DATA,
KR351602GC93,,NO_MARKET_DATA,
KR60162E1G36,,NO_MARKET_DATA,
KR60162E2G35,,NO_MARKET_DATA,
KR350102G395,,NO_MARKET_DATA,
KR350102G775,,NO_MARKET_DATA,
KR350102G833,,NO_MARKET_DATA,
KR350102G8A5,,NO_MARKET_DATA,
KR350102G8B3,,NO_MARKET_DATA,
KR350102G924,,NO_MARKET_DATA,
KR350102G940,,NO_MARKET_DATA,
KR350102G957,,NO_MARKET_DATA,
KR350102G9B1,,NO_MARKET_DATA,
KR60175N1G39,,NO_MARKET_DATA,
KR60175P1G34,,NO_MARKET_DATA,
KR60175R1G30,,NO_MARKET_DATA,
KR60175S1G46,,NO_MARKET_DATA,
KR60175T1G36,,NO_MARKET_DATA,
KR350105GF78,,NO_MARKET_DATA,
KR350105GF86,,NO_MARKET_DATA,
KR350105GF94,,NO_MARKET_DATA,
KR350105GFA7,,NO_MARKET_DATA,
KR350105GG10,,NO_MARKET_DATA,
KR350105GG28,,NO_MARKET_DATA,
KRC0350C30C2,,NO_MARKET_DATA,
KRC0350C3130,,NO_MARKET_DATA,
KRC0350C3163,,NO_MARKET_DATA,
KRC0350C3197,,NO_MARKET_DATA,
KRC0350C31C0,,NO_MARKET_DATA,
KRC0350C3239,,NO_MARKET_DATA,
KRC0350C3262,,NO_MARKET_DATA,
KRC0350C32C8,,NO_MARKET_DATA,
KR6231601EA8,,NO_MARKET_DATA,
KR6231631F97,,NO_MARKET_DATA,
KR6484061E50,,NO_MARKET_DATA,
KR6484091E54,,NO_MARKET_DATA,
KR6484092E53,,NO_MARKET_DATA,
KR6484131E56,,NO_MARKET_DATA,
KR6484191FB9,,NO_MARKET_DATA,
KR6484201E51,,NO_MARKET_DATA,
KR6270661E40,,NO_MARKET_DATA,
KR6271231F55,,NO_MARKET_DATA,
KR6271331G53,,NO_MARKET_DATA,
KR6271341G51,,NO_MARKET_DATA,
KR6271391G50,,NO_MARKET_DATA,
KR6431821F51,,NO_MARKET_DATA,
KR6431851F54,,NO_MARKET_DATA,
KR6431871F50,,NO_MARKET_DATA,
KR6431941F56,,NO_MARKET_DATA,
KR6270521EC6,,NO_MARKET_DATA,
KR6431971F59,,NO_MARKET_DATA,
KR6431981F57,,NO_MARKET_DATA,
KR6431982EA0,,NO_MARKET_DATA,
KR6431983EA8,,NO_MARKET_DATA,
KR6481321E45,,NO_MARKET_DATA,
KR6481331E43,,NO_MARKET_DATA,
KR6455022F57,,NO_MARKET_DATA,
KR6455061G33,,NO_MARKET_DATA,
KR6455072G30,,NO_MARKET_DATA,
KR6455131G39,,NO_MARKET_DATA,
KR6455161G32,,NO_MARKET_DATA,
KR6455181F96,,NO_MARKET_DATA,
KR6455201G34,,NO_MARKET_DATA,
KR6455211G32,,NO_MARKET_DATA,
KR6455221G30,,NO_MARKET_DATA,
KR6455251D36,,NO_MARKET_DATA,
KR6455311D34,,NO_MARKET_DATA,
KR60017GJF26,,NO_MARKET_DATA,
KR60069G5F68,,NO_MARKET_DATA,
KR60069L2F61,,NO_MARKET_DATA,
KR60069L3F60,,NO_MARKET_DATA,
KR60069L4F69,,NO_MARKET_DATA,
KR60069L5F68,,NO_MARKET_DATA,
KR60069P1F71,,NO_MARKET_DATA,
KR60069P1G47,,NO_MARKET_DATA,
KR60069P1G54,,NO_MARKET_DATA,
KR60069T1F99,,NO_MARKET_DATA,
KR351602GCB7,,NO_MARKET_DATA,
KR310501J698,,NO_MARKET_DATA,
KR310501J714,,NO_MARKET_DATA,
KR351602GB86,,NO_MARKET_DATA,
KR351602GB94,,NO_MARKET_DATA,
KR351602GBB9,,NO_MARKET_DATA,
KR351602GC28,,NO_MARKET_DATA,
KR351602GC36,,NO_MARKET_DATA,
KR351602GC44,,NO_MARKET_DATA,
KR351602GC77,,NO_MARKET_DATA,
KR350102GA19,,NO_MARKET_DATA,
KR350102GA35,,NO_MARKET_DATA,
KR352501GG16,,NO_MARKET_DATA,
KR352501GG24,,NO_MARKET_DATA,
KR352501GG32,,NO_MARKET_DATA,
KR352501GG40,,NO_MARKET_DATA,
KR352501GG57,,NO_MARKET_DATA,
KR352501GG65,,NO_MARKET_DATA,
KR352501GG73,,NO_MARKET_DATA,
KR352501GG81,,NO_MARKET_DATA,
KR350105GG36,,NO_MARKET_DATA,
KR350105GG44,,NO_MARKET_DATA,
KR350105GG51,,NO_MARKET_DATA,
KR350105GG69,,NO_MARKET_DATA,
KR350105GG77,,NO_MARKET_DATA,
KR352702G5B9,,NO_MARKET_DATA,
KR352702G630,,NO_MARKET_DATA,
KR352702G648,,NO_MARKET_DATA,
KR352702G655,,NO_MARKET_DATA,
KR352702G663,,NO_MARKET_DATA,
KR6231641EA4,,NO_MARKET_DATA,
KR6231651EA3,,NO_MARKET_DATA,
KR6231691EA9,,NO_MARKET_DATA,
KR6231821EA2,,NO_MARKET_DATA,
KR6231881DA8,,NO_MARKET_DATA,
KR6231911EA1,,NO_MARKET_DATA,
KR6232101EA8,,NO_MARKET_DATA,
KR6232681E53,,NO_MARKET_DATA,
KR6232831EA0,,NO_MARKET_DATA,
KR6338911G58,,NO_MARKET_DATA,
KR6338981EA6,,NO_MARKET_DATA,
KR6271481F37,,NO_MARKET_DATA,
KR6271481F94,,NO_MARKET_DATA,
KR6271491G59,,NO_MARKET_DATA,
KR6271501D92,,NO_MARKET_DATA,
KR6271501EA1,,NO_MARKET_DATA,
KR6439161C97,,NO_MARKET_DATA,
KR6278521C86,,NO_MARKET_DATA,
KR6271501G57,,NO_MARKET_DATA,
KR6271591D93,,NO_MARKET_DATA,
KR6362081F87,,NO_MARKET_DATA,
KR6362091F85,,NO_MARKET_DATA,
KR6481351E48,,NO_MARKET_DATA,
KR6481361E46,,NO_MARKET_DATA,
KR6481371E44,,NO_MARKET_DATA,
KR6481381E42,,NO_MARKET_DATA,
KR6481391E40,,NO_MARKET_DATA,
KR6481391E57,,NO_MARKET_DATA,
KR6481401E48,,NO_MARKET_DATA,
KR6481411E46,,NO_MARKET_DATA,
KR6481412E45,,NO_MARKET_DATA,
KR626980M747,,NO_MARKET_DATA,
KR626980N745,,NO_MARKET_DATA,
KR6493652EA4,,NO_MARKET_DATA,
KR6493653EA2,,NO_MARKET_DATA,
KR6493654EA0,,NO_MARKET_DATA,
KR6493655EA7,,NO_MARKET_DATA,
KR6493662EA3,,NO_MARKET_DATA,
KR6493663EA1,,NO_MARKET_DATA,
KR6493664EA9,,NO_MARKET_DATA,
KR6493665EA6,,NO_MARKET_DATA,
KR6493672EA2,,NO_MARKET_DATA,
KR6493672F69,,NO_MARKET_DATA,
KR6493673EA0,,NO_MARKET_DATA,
KR60069Z2F61,,NO_MARKET_DATA,
KR60069Z3F60,,NO_MARKET_DATA,
KR60069Z4F69,,NO_MARKET_DATA,
KR60142N3FC4,,NO_MARKET_DATA,
KR60142X1FC6,,NO_MARKET_DATA,
KR60143C1FC0,,NO_MARKET_DATA,
KR60143G1FC6,,NO_MARKET_DATA,
KR60143G2FC4,,NO_MARKET_DATA,
KR60143N8FC2,,NO_MARKET_DATA,
KR60143NAFC4,,NO_MARKET_DATA,
KR351602GC85,,NO_MARKET_DATA,
KR354403GG52,,NO_MARKET_DATA,
KR354403GG60,,NO_MARKET_DATA,
KR354403GG78,,NO_MARKET_DATA,
KR354403GG86,,NO_MARKET_DATA,
KR354403J355,,NO_MARKET_DATA,
KR354403J371,,NO_MARKET_DATA,
KR354403J389,,NO_MARKET_DATA,
KR354403J413,,NO_MARKET_DATA,
KR354403J561,,NO_MARKET_DATA,
KR352502GBB0,,NO_MARKET_DATA,
KR352502GBC8,,NO_MARKET_DATA,
KR354407G386,,NO_MARKET_DATA,
KR354407G394,,NO_MARKET_DATA,
KR354407G3B8,,NO_MARKET_DATA,
KR354407G410,,NO_MARKET_DATA,
KR354407G469,,NO_MARKET_DATA,
KR354407G477,,NO_MARKET_DATA,
KR354407G485,,NO_MARKET_DATA,
KR354407G493,,NO_MARKET_DATA,
KR352702G721,,NO_MARKET_DATA,
KR352702G739,,NO_MARKET_DATA,
KR352702G754,,NO_MARKET_DATA,
KR352702G762,,NO_MARKET_DATA,
KR352702G838,,NO_MARKET_DATA,
KR354408G4B5,,NO_MARKET_DATA,
KR354408G4C3,,NO_MARKET_DATA,
KR354408G517,,NO_MARKET_DATA,
KR354801GF44,,NO_MARKET_DATA,
KR354408G525,,NO_MARKET_DATA,
KR6338991EA5,,NO_MARKET_DATA,
KR6339001EA2,,NO_MARKET_DATA,
KR6339011EA1,,NO_MARKET_DATA,
KR6339031EA9,,NO_MARKET_DATA,
KR6339051EA7,,NO_MARKET_DATA,
KR6339061F30,,NO_MARKET_DATA,
KR6339071EA5,,NO_MARKET_DATA,
KR6339151EA5,,NO_MARKET_DATA,
KR6339191EA1,,NO_MARKET_DATA,
KR6414311FB8,,NO_MARKET_DATA,
KR6414371F77,,NO_MARKET_DATA,
KR6362101F34,,NO_MARKET_DATA,
KR6362101F67,,NO_MARKET_DATA,
KR6362101F83,,NO_MARKET_DATA,
KR6362111G56,,NO_MARKET_DATA,
KR6362171EB1,,NO_MARKET_DATA,
KR6362171F88,,NO_MARKET_DATA,
KR6362171G46,,NO_MARKET_DATA,
KR6362211F80,,NO_MARKET_DATA,
KR6362221F88,,NO_MARKET_DATA,
KR6438391CC7,,NO_MARKET_DATA,
KR6438392C74,,NO_MARKET_DATA,
KR626980P740,,NO_MARKET_DATA,
KR626980Q748,,NO_MARKET_DATA,
KR626980R746,,NO_MARKET_DATA,
KR6270511F25,,NO_MARKET_DATA,
KR6270521E99,,NO_MARKET_DATA,
KR6270521G55,,NO_MARKET_DATA,
KR6270522E98,,NO_MARKET_DATA,
KR6357122G38,,NO_MARKET_DATA,
KR6357122G53,,NO_MARKET_DATA,
KR6357122G79,,NO_MARKET_DATA,
KR6307871E46,,NO_MARKET_DATA,
KR6307872E45,,NO_MARKET_DATA,
KR6308101D96,,NO_MARKET_DATA,
KR6308101E38,,NO_MARKET_DATA,
KR6308101F60,,NO_MARKET_DATA,
KR6308101F94,,NO_MARKET_DATA,
KR6308102E37,,NO_MARKET_DATA,
KR6308171D59,,NO_MARKET_DATA,
KR6308431G45,,NO_MARKET_DATA,
KR6308441F28,,NO_MARKET_DATA,
KR6308441FB2,,NO_MARKET_DATA,
KR60142N2FC6,,NO_MARKET_DATA,
KR60142N2G38,,NO_MARKET_DATA,
KR310505GFA7,,NO_MARKET_DATA,
KR310505GFB5,,NO_MARKET_DATA,
KR310505GG10,,NO_MARKET_DATA,
KR310505GG28,,NO_MARKET_DATA,
KR310505GG36,,NO_MARKET_DATA,
KR310505GG44,,NO_MARKET_DATA,
KR310505GG69,,NO_MARKET_DATA,
KR310505GG77,,NO_MARKET_DATA,
KR310506AFB6,0.1005871836403204,CALCULATED,저민감
KR354403J6B2,,NO_MARKET_DATA,
KR354419GC82,,NO_MARKET_DATA,
KR354419GD16,,NO_MARKET_DATA,
KR354419GD24,,NO_MARKET_DATA,
KR354419GD32,,NO_MARKET_DATA,
KR354419GD65,,NO_MARKET_DATA,
KR354419GD73,,NO_MARKET_DATA,
KR354419GD99,,NO_MARKET_DATA,
KR354419GDA3,,NO_MARKET_DATA,
KR354419GDB1,,NO_MARKET_DATA,
KR354407G4A8,,NO_MARKET_DATA,
KR354407G4B6,,NO_MARKET_DATA,
KR354601G939,,NO_MARKET_DATA,
KR354601G970,,NO_MARKET_DATA,
KR354601G988,,NO_MARKET_DATA,
KR354601G996,,NO_MARKET_DATA,
KR354601G9A1,,NO_MARKET_DATA,
KR354601GA33,,NO_MARKET_DATA,
KR354601GA41,,NO_MARKET_DATA,
KR354601GA82,,NO_MARKET_DATA,
KR354408G533,,NO_MARKET_DATA,
KR354408G541,,NO_MARKET_DATA,
KR354408G558,,NO_MARKET_DATA,
KR354408G566,,NO_MARKET_DATA,
KR354408G574,,NO_MARKET_DATA,
KR354408G582,,NO_MARKET_DATA,
KR354801DG61,,NO_MARKET_DATA,
KR354801GEC6,,NO_MARKET_DATA,
KR354801GF10,,NO_MARKET_DATA,
KR354801GF69,,NO_MARKET_DATA,
KR6414481FA1,,NO_MARKET_DATA,
KR6414521CB9,,NO_MARKET_DATA,
KR6414551F87,,NO_MARKET_DATA,
KR6415181F90,,NO_MARKET_DATA,
KR6415181FA6,,NO_MARKET_DATA,
KR6415191EB6,,NO_MARKET_DATA,
KR6415211F94,,NO_MARKET_DATA,
KR6415361F84,,NO_MARKET_DATA,
KR6415371F66,,NO_MARKET_DATA,
KR6470561DB4,,NO_MARKET_DATA,
KR6470571DB3,,NO_MARKET_DATA,
KR6438411F45,,NO_MARKET_DATA,
KR6438412F44,,NO_MARKET_DATA,
KR6438431F33,,NO_MARKET_DATA,
KR6438581C75,,NO_MARKET_DATA,
KR6438751C79,,NO_MARKET_DATA,
KR6439151C99,,NO_MARKET_DATA,
KR6439152C98,,NO_MARKET_DATA,
KR6439161C89,,NO_MARKET_DATA,
KR6484211F82,,NO_MARKET_DATA,
KR6484471FC3,,NO_MARKET_DATA,
KR6484481FA6,,NO_MARKET_DATA,
KR6357351F31,,NO_MARKET_DATA,
KR6357352F30,,NO_MARKET_DATA,
KR6357581E42,,NO_MARKET_DATA,
KR6357581F74,,NO_MARKET_DATA,
KR6357582F65,,NO_MARKET_DATA,
KR6357583F64,,NO_MARKET_DATA,
KR6357584F63,,NO_MARKET_DATA,
KR6357585F62,,NO_MARKET_DATA,
KR6431984EA6,,NO_MARKET_DATA,
KR6431985EA3,,NO_MARKET_DATA,
KR6432001F51,,NO_MARKET_DATA,
KR6393082CC5,,NO_MARKET_DATA,
KR6393083C26,,NO_MARKET_DATA,
KR6393084C25,,NO_MARKET_DATA,
KR6393101B66,,NO_MARKET_DATA,
KR6393121FB6,,NO_MARKET_DATA,
KR6393461B78,,NO_MARKET_DATA,
KR6393461B86,,NO_MARKET_DATA,
KR6393461BC3,,NO_MARKET_DATA,
KR6393462B77,,NO_MARKET_DATA,
KR6393462B85,,NO_MARKET_DATA,
KR645574KD46,,NO_MARKET_DATA,
KR310503GFB0,,NO_MARKET_DATA,
KR310503GG20,,NO_MARKET_DATA,
KR351603GE66,,NO_MARKET_DATA,
KR351603GE90,,NO_MARKET_DATA,
KR351603GF32,,NO_MARKET_DATA,
KR351603GF40,,NO_MARKET_DATA,
KR351603GF57,,NO_MARKET_DATA,
KR351603GF65,,NO_MARKET_DATA,
KR351603GF73,,NO_MARKET_DATA,
KR6012702FA6,,NO_MARKET_DATA,
KR354419GDC9,,NO_MARKET_DATA,
KR356402GE35,,NO_MARKET_DATA,
KR356402GE50,,NO_MARKET_DATA,
KR356402GF42,,NO_MARKET_DATA,
KR356402GF75,,NO_MARKET_DATA,
KR356402GFA2,,NO_MARKET_DATA,
KR356402GG58,,NO_MARKET_DATA,
KR356403G623,,NO_MARKET_DATA,
KR356403G912,,NO_MARKET_DATA,
KR356403GA79,,NO_MARKET_DATA,
KR354601GAA2,,NO_MARKET_DATA,
KR354601GB32,,NO_MARKET_DATA,
KR354601GB73,,NO_MARKET_DATA,
KR380801GG89,,NO_MARKET_DATA,
KR380801J648,,NO_MARKET_DATA,
KR380801JDA4,,NO_MARKET_DATA,
KR380801JFB7,,NO_MARKET_DATA,
KR380801JG60,,NO_MARKET_DATA,
KR380802AG27,,NO_MARKET_DATA,
KR380802AG43,,NO_MARKET_DATA,
KR380802AG68,,NO_MARKET_DATA,
KR354801GF77,,NO_MARKET_DATA,
KR354801GF85,,NO_MARKET_DATA,
KR354801GF93,,NO_MARKET_DATA,
KR354801GFA7,,NO_MARKET_DATA,
KR354801GFC3,,NO_MARKET_DATA,
KR380813GFB8,,NO_MARKET_DATA,
KR380813GG44,,NO_MARKET_DATA,
KR380813GG69,,NO_MARKET_DATA,
KR380814GFB6,,NO_MARKET_DATA,
KR380814GG43,,NO_MARKET_DATA,
KR6470581DB2,,NO_MARKET_DATA,
KR6470591DB1,,NO_MARKET_DATA,
KR6470601DB8,,NO_MARKET_DATA,
KR6470611DB7,,NO_MARKET_DATA,
KR6470621DB6,,NO_MARKET_DATA,
KR6470621F69,,NO_MARKET_DATA,
KR6470631DB5,,NO_MARKET_DATA,
KR6470641DB4,,NO_MARKET_DATA,
KR6470671DA3,,NO_MARKET_DATA,
KRC0350C3338,,NO_MARKET_DATA,
KRC0350C3361,,NO_MARKET_DATA,
KR6484581F27,,NO_MARKET_DATA,
KR6484723E68,,NO_MARKET_DATA,
KR6484724E67,,NO_MARKET_DATA,
KR6484738E61,,NO_MARKET_DATA,
KR6484841E65,,NO_MARKET_DATA,
KR6484851G60,,NO_MARKET_DATA,
KR6484861G68,,NO_MARKET_DATA,
KR6484901E62,,NO_MARKET_DATA,
KR6278651F28,,NO_MARKET_DATA,
KR6278651FA4,,NO_MARKET_DATA,
KR6278871C82,,NO_MARKET_DATA,
KR6432021F57,,NO_MARKET_DATA,
KR6432031F55,,NO_MARKET_DATA,
KR6432041F53,,NO_MARKET_DATA,
KR6432081D64,,NO_MARKET_DATA,
KR6432082F61,,NO_MARKET_DATA,
KR6432083F60,,NO_MARKET_DATA,
KR6432084F69,,NO_MARKET_DATA,
KR6432085F68,,NO_MARKET_DATA,
KR6481421E44,,NO_MARKET_DATA,
KR6481461E45,,NO_MARKET_DATA,
KR6481461E94,,NO_MARKET_DATA,
KR6393462BC1,,NO_MARKET_DATA,
KR6455371D98,,NO_MARKET_DATA,
KR6455381D88,,NO_MARKET_DATA,
KR6455382D87,,NO_MARKET_DATA,
KR6455383D86,,NO_MARKET_DATA,
KR6455391E36,,NO_MARKET_DATA,
KR6455421D64,,NO_MARKET_DATA,
KR6455601E65,,NO_MARKET_DATA,
KR6455611F54,,NO_MARKET_DATA,
KR6455621F86,,NO_MARKET_DATA,
KR6455622F85,,NO_MARKET_DATA,
KR351603GE41,,NO_MARKET_DATA,
KR3544049280,,NO_MARKET_DATA,
KR35440492B1,,NO_MARKET_DATA,
KR354404G896,,NO_MARKET_DATA,
KR354404G8B0,,NO_MARKET_DATA,
KR354404G912,,NO_MARKET_DATA,
KR354404G920,,NO_MARKET_DATA,
KR354404G938,,NO_MARKET_DATA,
KR354404G953,,NO_MARKET_DATA,
KR354404G987,,NO_MARKET_DATA,
KR356403GB11,,NO_MARKET_DATA,
KR6006803D97,,NO_MARKET_DATA,
KR60140F1G13,,NO_MARKET_DATA,
KR6001511G64,,NO_MARKET_DATA,
KR6001511G72,,NO_MARKET_DATA,
KR6001512G48,,NO_MARKET_DATA,
KR6001512G63,,NO_MARKET_DATA,
KR6001521E56,,NO_MARKET_DATA,
KR6001571E89,,NO_MARKET_DATA,
KR6001571F62,,NO_MARKET_DATA,
KR6001571F88,,NO_MARKET_DATA,
KR380802AG76,,NO_MARKET_DATA,
KR380802AG84,,NO_MARKET_DATA,
KR60032N1F33,,NO_MARKET_DATA,
KR60032P1F38,,NO_MARKET_DATA,
KR60032R1F34,,NO_MARKET_DATA,
KR60032T1F30,,NO_MARKET_DATA,
KR60032Y1F30,,NO_MARKET_DATA,
KR6003341DB7,,NO_MARKET_DATA,
KR6003341G74,,NO_MARKET_DATA,
KR6003342F25,0.0212190644275779,CALCULATED,저민감
KR6003342F58,,NO_MARKET_DATA,
KR380814GG68,,NO_MARKET_DATA,
KR380815GG42,,NO_MARKET_DATA,
KR380816GG41,,NO_MARKET_DATA,
KR380817GG40,,NO_MARKET_DATA,
KR380818GG49,,NO_MARKET_DATA,
KR380819GG48,,NO_MARKET_DATA,
KR60036J1F57,,NO_MARKET_DATA,
KR60036L1F53,,NO_MARKET_DATA,
KR60084XJF80,,NO_MARKET_DATA,
KR6017671DA3,,NO_MARKET_DATA,
KR60036L2F52,,NO_MARKET_DATA,
KRC0350C3395,,NO_MARKET_DATA,
KRC0350C33C6,,NO_MARKET_DATA,
KRC0350C3437,,NO_MARKET_DATA,
KRC0350C3460,,NO_MARKET_DATA,
KRC0350C3494,,NO_MARKET_DATA,
KRC0350C34C4,,NO_MARKET_DATA,
KRC0350C3536,,NO_MARKET_DATA,
KR6226331D76,,NO_MARKET_DATA,
KRC0350C3569,,NO_MARKET_DATA,
KR6225988577,,NO_MARKET_DATA,
KR6278911799,,NO_MARKET_DATA,
KR6278991E10,,NO_MARKET_DATA,
KR6278991F68,,NO_MARKET_DATA,
KR6278991FB2,,NO_MARKET_DATA,
KR6279571F64,,NO_MARKET_DATA,
KR6279591F94,,NO_MARKET_DATA,
KR6279701E92,,NO_MARKET_DATA,
KR6362231F86,,NO_MARKET_DATA,
KR6362251F81,,NO_MARKET_DATA,
KR6362291F83,,NO_MARKET_DATA,
KR6362321FC7,,NO_MARKET_DATA,
KR6481481E90,,NO_MARKET_DATA,
KR6481482E99,,NO_MARKET_DATA,
KR6481491F14,,NO_MARKET_DATA,
KR6481491FC4,,NO_MARKET_DATA,
KR6481492F13,,NO_MARKET_DATA,
KR6481501E47,,NO_MARKET_DATA,
KR6351851D64,,NO_MARKET_DATA,
KR6351851G61,,NO_MARKET_DATA,
KR6351861F37,,NO_MARKET_DATA,
KR6424752C37,,NO_MARKET_DATA,
KR6424761C36,,NO_MARKET_DATA,
KR6444381F98,,NO_MARKET_DATA,
KR6444391F96,,NO_MARKET_DATA,
KR6449641F69,,NO_MARKET_DATA,
KR6449641G68,,NO_MARKET_DATA,
KR644984SCB1,,NO_MARKET_DATA,
KR6450051CB2,,NO_MARKET_DATA,
KR6450171F73,,NO_MARKET_DATA,
KR645022XCC7,,NO_MARKET_DATA,
KR6450411CC6,,NO_MARKET_DATA,
KR645047QCC8,,NO_MARKET_DATA,
KR310214GG46,,NO_MARKET_DATA,
KR310214GG61,,NO_MARKET_DATA,
KR310214GG79,,NO_MARKET_DATA,
KR350901GEC8,,NO_MARKET_DATA,
KR350901GF17,,NO_MARKET_DATA,
KR350901GF33,,NO_MARKET_DATA,
KR350901GF66,,NO_MARKET_DATA,
KR350901GF74,,NO_MARKET_DATA,
KR350901GF82,,NO_MARKET_DATA,
KR350901GF90,,NO_MARKET_DATA,
KR350901GFC5,,NO_MARKET_DATA,
KR60015R1G20,,NO_MARKET_DATA,
KR60015Y1F84,,NO_MARKET_DATA,
KR6001631G77,,NO_MARKET_DATA,
KR6006803E13,,NO_MARKET_DATA,
KR6006803G29,,NO_MARKET_DATA,
KR6006803G45,,NO_MARKET_DATA,
KR6006803G60,,NO_MARKET_DATA,
KR6006841F57,,NO_MARKET_DATA,
KR6006841G56,,NO_MARKET_DATA,
KR60068AEF66,,NO_MARKET_DATA,
KR60068AFF65,,NO_MARKET_DATA,
KR6003342G24,0.5143042862313806,CALCULATED,중간
KR6003342G73,,NO_MARKET_DATA,
KR6008273F92,,NO_MARKET_DATA,
KR6008273FA4,,NO_MARKET_DATA,
KR6008273FB2,,NO_MARKET_DATA,
KR6008273FC0,,NO_MARKET_DATA,
KR6008273G18,,NO_MARKET_DATA,
KR6008273G26,,NO_MARKET_DATA,
KR6008273G34,,NO_MARKET_DATA,
KR6008273G42,,NO_MARKET_DATA,
KR6008273G59,,NO_MARKET_DATA,
KR60036N1F67,,NO_MARKET_DATA,
KR60036N1G58,,NO_MARKET_DATA,
KR60036N2F66,,NO_MARKET_DATA,
KR60037B2F69,,NO_MARKET_DATA,
KR60037C1G18,,NO_MARKET_DATA,
KR60037C2G17,,NO_MARKET_DATA,
KR60037D1FA2,,NO_MARKET_DATA,
KR60037J1FA6,,NO_MARKET_DATA,
KR60084XGF83,,NO_MARKET_DATA,
KR60084XHF82,,NO_MARKET_DATA,
KR60084XKF87,,NO_MARKET_DATA,
KR6225989575,,NO_MARKET_DATA,
KR622598A571,,NO_MARKET_DATA,
KR622598B579,,NO_MARKET_DATA,
KR622598C577,,NO_MARKET_DATA,
KR622598D575,,NO_MARKET_DATA,
KR622598E573,,NO_MARKET_DATA,
KR6226291EB3,,NO_MARKET_DATA,
KR6226331BB3,,NO_MARKET_DATA,
KR6339191G57,,NO_MARKET_DATA,
KR6339211EA7,,NO_MARKET_DATA,
KR6362321G29,,NO_MARKET_DATA,
KR6362361F88,,NO_MARKET_DATA,
KR6362371F86,,NO_MARKET_DATA,
KR6362391F82,,NO_MARKET_DATA,
KR6362391G32,,NO_MARKET_DATA,
KR6362401F80,,NO_MARKET_DATA,
KR6362451F89,,NO_MARKET_DATA,
KR6439162C88,,NO_MARKET_DATA,
KR6439162C96,,NO_MARKET_DATA,
KR6247812G10,,NO_MARKET_DATA,
KR6247812G28,,NO_MARKET_DATA,
KR6424781C40,,NO_MARKET_DATA,
KR6424781C57,,NO_MARKET_DATA,
KR6424781CC5,,NO_MARKET_DATA,
KR6424781EC1,,NO_MARKET_DATA,
KR6424782C49,,NO_MARKET_DATA,
KR6424782C56,,NO_MARKET_DATA,
KR6424791C63,,NO_MARKET_DATA,
KR6424791CC4,,NO_MARKET_DATA,
KR6477531E23,,NO_MARKET_DATA,
KR6477541F38,,NO_MARKET_DATA,
KR6477761E32,,NO_MARKET_DATA,
KR6450601FC5,,NO_MARKET_DATA,
KR649097VE83,,NO_MARKET_DATA,
KR649097WE82,,NO_MARKET_DATA,
KR649097XE81,,NO_MARKET_DATA,
KR649097YE80,,NO_MARKET_DATA,
KR649097ZE89,,NO_MARKET_DATA,
KR6491051E81,,NO_MARKET_DATA,
KR6491051EA1,,NO_MARKET_DATA,
KR6491051EB9,,NO_MARKET_DATA,
KR6491051F23,,NO_MARKET_DATA,
KR354420GG77,,NO_MARKET_DATA,
KR354421G9B7,,NO_MARKET_DATA,
KR356504DE43,,NO_MARKET_DATA,
KR356601DDC7,,NO_MARKET_DATA,
KR356601DE37,,NO_MARKET_DATA,
KR356601GF41,,NO_MARKET_DATA,
KR356601GF82,,NO_MARKET_DATA,
KR356601GG32,,NO_MARKET_DATA,
KR356801G6A0,0.2569329175964482,CALCULATED,저민감
KR356901GD81,,NO_MARKET_DATA,
KR60068AGF64,,NO_MARKET_DATA,
KR60138S2G43,,NO_MARKET_DATA,
KR60139C1G12,,NO_MARKET_DATA,
KR60140G1FC9,,NO_MARKET_DATA,
KR6014131FB4,,NO_MARKET_DATA,
KR60141B1G10,,NO_MARKET_DATA,
KR60141R1FB7,,NO_MARKET_DATA,
KR6014231F59,,NO_MARKET_DATA,
KR6014231FA4,,NO_MARKET_DATA,
KR6014231FB2,,NO_MARKET_DATA,
KR6014231G33,,NO_MARKET_DATA,
KR6008273G75,,NO_MARKET_DATA,
KR6008273G83,,NO_MARKET_DATA,
KR60162S1G36,,NO_MARKET_DATA,
KR60162S2G35,,NO_MARKET_DATA,
KR60162T1G34,,NO_MARKET_DATA,
KR60162T2G33,,NO_MARKET_DATA,
KR60162V2G21,,NO_MARKET_DATA,
KR60162V4G29,,NO_MARKET_DATA,
KR60162W1G87,,NO_MARKET_DATA,
KR6016361E99,,NO_MARKET_DATA,
KR6016361F15,,NO_MARKET_DATA,
KR60085619C5,,NO_MARKET_DATA,
KR6008561A15,,NO_MARKET_DATA,
KR6008561B55,,NO_MARKET_DATA,
KR6008561BA1,,NO_MARKET_DATA,
KR6008561C62,,NO_MARKET_DATA,
KR6008561E37,,NO_MARKET_DATA,
KR60175V1G32,,NO_MARKET_DATA,
KR60175Y1G36,,NO_MARKET_DATA,
KR60175Z1G33,,NO_MARKET_DATA,
KR6017671D69,,NO_MARKET_DATA,
KR6017671E27,,NO_MARKET_DATA,
KR6339311E62,,NO_MARKET_DATA,
KR6339341EA2,,NO_MARKET_DATA,
KR6339431EA1,,NO_MARKET_DATA,
KR6339511EA0,,NO_MARKET_DATA,
KR6339541D65,,NO_MARKET_DATA,
KR6339541G54,,NO_MARKET_DATA,
KR6339701EA7,,NO_MARKET_DATA,
KR6339751E93,,NO_MARKET_DATA,
KR6339751EA2,,NO_MARKET_DATA,
KR6333493A36,,NO_MARKET_DATA,
KR6333494A35,,NO_MARKET_DATA,
KR6247812G36,,NO_MARKET_DATA,
KR6247812G44,,NO_MARKET_DATA,
KR6247812G51,,NO_MARKET_DATA,
KR6247813G43,,NO_MARKET_DATA,
KR6247813G50,,NO_MARKET_DATA,
KR6247814G42,,NO_MARKET_DATA,
KR6248181663,,NO_MARKET_DATA,
KR6350751F81,,NO_MARKET_DATA,
KR6350751F99,,NO_MARKET_DATA,
KR6350751FA3,,NO_MARKET_DATA,
KR6350751G23,,NO_MARKET_DATA,
KR647784SE31,,NO_MARKET_DATA,
KR647784TE30,,NO_MARKET_DATA,
KR647784VE36,,NO_MARKET_DATA,
KR6477911E72,,NO_MARKET_DATA,
KR6477921E47,,NO_MARKET_DATA,
KR6477921E62,,NO_MARKET_DATA,
KR6477921G37,,NO_MARKET_DATA,
KR6478051G37,,NO_MARKET_DATA,
KRZ622242201,,NO_MARKET_DATA,
KRZ622659001,,NO_MARKET_DATA,
KR6491052EA9,,NO_MARKET_DATA,
KR6299061EA4,,NO_MARKET_DATA,
KR6299061F51,,NO_MARKET_DATA,
KR6299151EA3,,NO_MARKET_DATA,
KR6299151F52,,NO_MARKET_DATA,
KR6299171E59,,NO_MARKET_DATA,
KR6299801862,,NO_MARKET_DATA,
KR6299901F63,,NO_MARKET_DATA,
KR6300081BB3,,NO_MARKET_DATA,
KR6300121E15,,NO_MARKET_DATA,
KR6300121F22,,NO_MARKET_DATA,
KR354402JBC3,,NO_MARKET_DATA,
KR354402JC21,,NO_MARKET_DATA,
KR354402JC39,,NO_MARKET_DATA,
KR354417G682,,NO_MARKET_DATA,
KR354417G732,,NO_MARKET_DATA,
KR354417G781,,NO_MARKET_DATA,
KR354417G799,,NO_MARKET_DATA,
KR354417G831,,NO_MARKET_DATA,
KR354417G880,,NO_MARKET_DATA,
KR356105GF26,,NO_MARKET_DATA,
KR310504G813,,NO_MARKET_DATA,
KR310504GB32,,NO_MARKET_DATA,
KR310504GC56,,NO_MARKET_DATA,
KR310504GD55,,NO_MARKET_DATA,
KR310504GD89,,NO_MARKET_DATA,
KR310504GE96,,NO_MARKET_DATA,
KR310504GEB1,,NO_MARKET_DATA,
KR310504GF53,,NO_MARKET_DATA,
KR310504GF61,,NO_MARKET_DATA,
KR310504GF79,,NO_MARKET_DATA,
KR310504GF87,,NO_MARKET_DATA,
KR310518GG15,,NO_MARKET_DATA,
KR6016361F72,,NO_MARKET_DATA,
KR6016361G22,,NO_MARKET_DATA,
KR310517GEB3,,NO_MARKET_DATA,
KR310517GF58,,NO_MARKET_DATA,
KR310517GG16,,NO_MARKET_DATA,
KR310517GG32,,NO_MARKET_DATA,
KR310517GG57,,NO_MARKET_DATA,
KR310517GG65,,NO_MARKET_DATA,
KR310518GD91,,NO_MARKET_DATA,
KR310518GEB1,,NO_MARKET_DATA,
KR6017671EC7,,NO_MARKET_DATA,
KR6017671F26,,NO_MARKET_DATA,
KR6017671F91,,NO_MARKET_DATA,
KR6017672348,,NO_MARKET_DATA,
KR6017672AA7,,NO_MARKET_DATA,
KR350104GBA9,,NO_MARKET_DATA,
KR350104GBB7,,NO_MARKET_DATA,
KR350104GBC5,,NO_MARKET_DATA,
KR350104GC15,,NO_MARKET_DATA,
KR350104GC23,,NO_MARKET_DATA,
KR60170B8G38,,NO_MARKET_DATA,
KR6406541FB0,,NO_MARKET_DATA,
KR6406561EA3,,NO_MARKET_DATA,
KR6406571EA2,,NO_MARKET_DATA,
KR6406621EA5,,NO_MARKET_DATA,
KR6406641EA3,,NO_MARKET_DATA,
KR6406751EA0,,NO_MARKET_DATA,
KR6406771EA8,,NO_MARKET_DATA,
KR6406791EA6,,NO_MARKET_DATA,
KR6406801EA3,,NO_MARKET_DATA,
KR6406821EB9,,NO_MARKET_DATA,
KR6406821FC4,,NO_MARKET_DATA,
KR6350751G31,,NO_MARKET_DATA,
KR6350751G56,,NO_MARKET_DATA,
KR6350752F64,,NO_MARKET_DATA,
KR6350752F80,,NO_MARKET_DATA,
KR6350752F98,,NO_MARKET_DATA,
KR6350752FA1,,NO_MARKET_DATA,
KR6350752G22,,NO_MARKET_DATA,
KR6423111F32,,NO_MARKET_DATA,
KR6423151F33,,NO_MARKET_DATA,
KR6423191F35,,NO_MARKET_DATA,
KR6423211F31,,NO_MARKET_DATA,
KRZ624981201,,NO_MARKET_DATA,
KRZ624981202,,NO_MARKET_DATA,
KRZ624981203,,NO_MARKET_DATA,
KRZ624981204,,NO_MARKET_DATA,
KRZ624981205,,NO_MARKET_DATA,
KR6255231F33,,NO_MARKET_DATA,
KR6425521C42,,NO_MARKET_DATA,
KRZ624981206,,NO_MARKET_DATA,
KRZ624981207,,NO_MARKET_DATA,
KRZ624981208,,NO_MARKET_DATA,
KR6300721G33,,NO_MARKET_DATA,
KR6384721G45,,NO_MARKET_DATA,
KR6384741G41,,NO_MARKET_DATA,
KR6384751G48,,NO_MARKET_DATA,
KR6384761G46,,NO_MARKET_DATA,
KR6384791B52,,NO_MARKET_DATA,
KR6384792B51,,NO_MARKET_DATA,
KR6384793B50,,NO_MARKET_DATA,
KR6384801G71,,NO_MARKET_DATA,
KR6384841G40,,NO_MARKET_DATA,
KR6384861G45,,NO_MARKET_DATA,
KR60017V1G10,,NO_MARKET_DATA,
KR60069T3F63,,NO_MARKET_DATA,
KR60069T4F62,,NO_MARKET_DATA,
KR60069T5F61,,NO_MARKET_DATA,
KR60069X1FB7,,NO_MARKET_DATA,
KR60069X2F66,,NO_MARKET_DATA,
KR60069X3F65,,NO_MARKET_DATA,
KR60143N9FC0,,NO_MARKET_DATA,
KR310503GF96,,NO_MARKET_DATA,
KR60069X4F64,,NO_MARKET_DATA,
KR60069X5F63,,NO_MARKET_DATA,
KR351602GD27,,NO_MARKET_DATA,
KR351602GD35,,NO_MARKET_DATA,
KR351602GD43,,NO_MARKET_DATA,
KR310502AFC3,,NO_MARKET_DATA,
KR310502AG27,,NO_MARKET_DATA,
KR310502AG35,,NO_MARKET_DATA,
KR310502AG50,,NO_MARKET_DATA,
KR310502AG68,,NO_MARKET_DATA,
KR310502AG76,,NO_MARKET_DATA,
KR310502AG84,,NO_MARKET_DATA,
KR310502G692,,NO_MARKET_DATA,
KR310518GF57,,NO_MARKET_DATA,
KR60154E2G24,,NO_MARKET_DATA,
KR310510GF71,,NO_MARKET_DATA,
KR310510GF89,,NO_MARKET_DATA,
KR310510GF97,,NO_MARKET_DATA,
KR310510GFA7,,NO_MARKET_DATA,
KR310510GFB5,,NO_MARKET_DATA,
KR310510GG13,,NO_MARKET_DATA,
KR310510GG39,,NO_MARKET_DATA,
KR310510GG47,,NO_MARKET_DATA,
KR310510GG54,,NO_MARKET_DATA,
KR60170B9G37,,NO_MARKET_DATA,
KR60170BAG30,,NO_MARKET_DATA,
KR350102GA43,,NO_MARKET_DATA,
KR350102GB83,,NO_MARKET_DATA,
KR350102GB91,,NO_MARKET_DATA,
KR350102GBA3,,NO_MARKET_DATA,
KR350102GBC9,,NO_MARKET_DATA,
KR350102GC17,,NO_MARKET_DATA,
KR352701G780,,NO_MARKET_DATA,
KR354407GD77,,NO_MARKET_DATA,
KR6467571D91,,NO_MARKET_DATA,
KR6467581D99,,NO_MARKET_DATA,
KR6467611D93,,NO_MARKET_DATA,
KR6467631D99,,NO_MARKET_DATA,
KR6467641D97,,NO_MARKET_DATA,
KR6467641F95,,NO_MARKET_DATA,
KR6467651D94,,NO_MARKET_DATA,
KR6467661D92,,NO_MARKET_DATA,
KR6467671D90,,NO_MARKET_DATA,
KR6467681D98,,NO_MARKET_DATA,
KR6467711D92,,NO_MARKET_DATA,
KR6423241F35,,NO_MARKET_DATA,
KR6423251FA7,,NO_MARKET_DATA,
KR6423271F38,,NO_MARKET_DATA,
KR6423281F36,,NO_MARKET_DATA,
KR6423301F32,,NO_MARKET_DATA,
KR6423341F34,,NO_MARKET_DATA,
KR6423371F37,,NO_MARKET_DATA,
KR6475151G40,,NO_MARKET_DATA,
KR6475152F40,,NO_MARKET_DATA,
KR6475152G15,,NO_MARKET_DATA,
KR6475152G23,,NO_MARKET_DATA,
KRZ624981209,,NO_MARKET_DATA,
KR6255011D64,,NO_MARKET_DATA,
KR6255011F96,,NO_MARKET_DATA,
KR6255061F95,,NO_MARKET_DATA,
KR6255221D11,,NO_MARKET_DATA,
KR6255221E77,,NO_MARKET_DATA,
KR6255221FC9,,NO_MARKET_DATA,
KR6255221G67,,NO_MARKET_DATA,
KR6255251E96,,NO_MARKET_DATA,
KR6255441FC3,,NO_MARKET_DATA,
KR6256171FA9,,NO_MARKET_DATA,
KR645093BCC4,,NO_MARKET_DATA,
KR6384911E96,,NO_MARKET_DATA,
KR6450752CC3,,NO_MARKET_DATA,
KR6450811FB2,,NO_MARKET_DATA,
KR6450931D84,,NO_MARKET_DATA,
KR6450934D81,,NO_MARKET_DATA,
KR6450935D80,,NO_MARKET_DATA,
KR6450936D89,,NO_MARKET_DATA,
KR6450937D88,,NO_MARKET_DATA,
KR6450938D87,,NO_MARKET_DATA,
KR6450939D86,,NO_MARKET_DATA,
KR356105GF75,,NO_MARKET_DATA,
KR356105GFA1,,NO_MARKET_DATA,
KR356105GFB9,,NO_MARKET_DATA,
KR60009D2F31,,NO_MARKET_DATA,
KR60009D2G22,,NO_MARKET_DATA,
KR60009D2G63,,NO_MARKET_DATA,
KR60009M1F17,,NO_MARKET_DATA,
KR60009R1F40,,NO_MARKET_DATA,
KR60009R2F49,,NO_MARKET_DATA,
KR60009S1F97,,NO_MARKET_DATA,
KR60009S1FC5,,NO_MARKET_DATA,
KR310502G932,,NO_MARKET_DATA,
KR350902GF65,,NO_MARKET_DATA,
KR350902GF73,,NO_MARKET_DATA,
KR350902GF99,,NO_MARKET_DATA,
KR350902GFC3,,NO_MARKET_DATA,
KR350902J491,,NO_MARKET_DATA,
KR3509037262,,NO_MARKET_DATA,
KR350903D7B9,,NO_MARKET_DATA,
KR350903G727,,NO_MARKET_DATA,
KR350903G735,,NO_MARKET_DATA,
KR310510GG62,,NO_MARKET_DATA,
KR310511AG18,,NO_MARKET_DATA,
KR352302GA39,,NO_MARKET_DATA,
KR352302GA47,,NO_MARKET_DATA,
KR352302GA88,,NO_MARKET_DATA,
KR352302GB53,,NO_MARKET_DATA,
KR352302GBA7,,NO_MARKET_DATA,
KR352302GDA3,,NO_MARKET_DATA,
KR352302GE35,,NO_MARKET_DATA,
KR352302GE68,,NO_MARKET_DATA,
KR350102GC25,,NO_MARKET_DATA,
KR350102GC33,,NO_MARKET_DATA,
KR350102GD99,,NO_MARKET_DATA,
KR350102GE64,,NO_MARKET_DATA,
KR350102GE72,,NO_MARKET_DATA,
KR352701G640,,NO_MARKET_DATA,
KR352701G665,,NO_MARKET_DATA,
KR352701G723,,NO_MARKET_DATA,
KR352701G731,,NO_MARKET_DATA,
KR352701G749,,NO_MARKET_DATA,
KR6498542F66,,NO_MARKET_DATA,
KR6498581EB8,,NO_MARKET_DATA,
KR6498581F50,,NO_MARKET_DATA,
KR6498581F76,,NO_MARKET_DATA,
KR6498582F59,,NO_MARKET_DATA,
KR6498591EB7,,NO_MARKET_DATA,
KR6498621EB2,,NO_MARKET_DATA,
KR6498641EB0,,NO_MARKET_DATA,
KR6498651EB9,,NO_MARKET_DATA,
KR6498681EB6,,NO_MARKET_DATA,
KR6498791EB3,,NO_MARKET_DATA,
KR6475201F82,,NO_MARKET_DATA,
KR6475202F81,,NO_MARKET_DATA,
KR6475231F11,,NO_MARKET_DATA,
KR6475232F10,,NO_MARKET_DATA,
KR6475232F69,,NO_MARKET_DATA,
KR6475233F19,,NO_MARKET_DATA,
KR6475233F68,,NO_MARKET_DATA,
KRC035LP42C7,,NO_MARKET_DATA,
KRC035LP44C3,,NO_MARKET_DATA,
KRC035LP4631,,NO_MARKET_DATA,
KRC035LP4730,,NO_MARKET_DATA,
KR6351871FC4,,NO_MARKET_DATA,
KR6351871G42,,NO_MARKET_DATA,
KR6351931F33,,NO_MARKET_DATA,
KR6351991F30,,NO_MARKET_DATA,
KR6351991F97,,NO_MARKET_DATA,
KR6352071F31,,NO_MARKET_DATA,
KR6352341F35,,NO_MARKET_DATA,
KR6352341F50,,NO_MARKET_DATA,
KR6352771E50,,NO_MARKET_DATA,
KR6352781E58,,NO_MARKET_DATA,
KR6352821EA5,,NO_MARKET_DATA,
KR645093AD81,,NO_MARKET_DATA,
KR6491121F86,,NO_MARKET_DATA,
KR6491301E97,,NO_MARKET_DATA,
KR6491301EB8,,NO_MARKET_DATA,
KR6491301FB5,,NO_MARKET_DATA,
KR6491301G61,,NO_MARKET_DATA,
KR6491301G79,,NO_MARKET_DATA,
KR6491441E98,,NO_MARKET_DATA,
KR6491491E97,,NO_MARKET_DATA,
KR6491501FB0,,NO_MARKET_DATA,
KR60143NBFC2,,NO_MARKET_DATA,
KR60143NCFC0,,NO_MARKET_DATA,
KR310503GD98,,NO_MARKET_DATA,
KR310503GE71,,NO_MARKET_DATA,
KR310503GE89,,NO_MARKET_DATA,
KR310503GF13,,NO_MARKET_DATA,
KR310503GF47,,NO_MARKET_DATA,
KR310503GF62,,NO_MARKET_DATA,
KR310503GF88,,NO_MARKET_DATA,
KR310503GFA2,,NO_MARKET_DATA,
KR350903GFC1,,NO_MARKET_DATA,
KR354402JE45,,NO_MARKET_DATA,
KR354402JE52,,NO_MARKET_DATA,
KR354402JE60,,NO_MARKET_DATA,
KR354402JE78,,NO_MARKET_DATA,
KR354402JE86,,NO_MARKET_DATA,
KR354402JE94,,NO_MARKET_DATA,
KR354402JEA1,,NO_MARKET_DATA,
KR354402JEB9,,NO_MARKET_DATA,
KR354402JF28,,NO_MARKET_DATA,
KR354406GB88,,NO_MARKET_DATA,
KR380604GF97,,NO_MARKET_DATA,
KR352302GE84,,NO_MARKET_DATA,
KR352302GEA1,,NO_MARKET_DATA,
KR354406GA63,,NO_MARKET_DATA,
KR354406GAA6,,NO_MARKET_DATA,
KR354406GAC2,,NO_MARKET_DATA,
KR354406GB13,,NO_MARKET_DATA,
KR354406GB21,,NO_MARKET_DATA,
KR354406GB39,,NO_MARKET_DATA,
KR352701G764,,NO_MARKET_DATA,
KR352701G814,,NO_MARKET_DATA,
KR352701G830,,NO_MARKET_DATA,
KR352701G855,,NO_MARKET_DATA,
KR354407GCB8,,NO_MARKET_DATA,
KR354407GCC6,,NO_MARKET_DATA,
KR354407GD10,,NO_MARKET_DATA,
KR354407GD28,,NO_MARKET_DATA,
KR354407GD44,,NO_MARKET_DATA,
KR354407GD51,,NO_MARKET_DATA,
KR6218361F41,,NO_MARKET_DATA,
KR6218411FA6,,NO_MARKET_DATA,
KR6218611G48,,NO_MARKET_DATA,
KR6218631EA2,,NO_MARKET_DATA,
KR6218631G44,,NO_MARKET_DATA,
KR6218681D95,,NO_MARKET_DATA,
KR6218921G43,,NO_MARKET_DATA,
KR6218961G44,,NO_MARKET_DATA,
KR6219001G44,,NO_MARKET_DATA,
KR6219051G43,,NO_MARKET_DATA,
KR6219091G45,,NO_MARKET_DATA,
KR6219131G54,,NO_MARKET_DATA,
KRC035LP4839,,NO_MARKET_DATA,
KRC035LP4938,,NO_MARKET_DATA,
KRC035LP5034,,NO_MARKET_DATA,
KRC035LP5133,,NO_MARKET_DATA,
KRC035LP5232,,NO_MARKET_DATA,
KRC035LP5299,,NO_MARKET_DATA,
KR6241693D85,,NO_MARKET_DATA,
KR6242041D90,,NO_MARKET_DATA,
KR6350753G39,,NO_MARKET_DATA,
KR6423375EA7,,NO_MARKET_DATA,
KR6242041G48,,NO_MARKET_DATA,
KR6424792C62,,NO_MARKET_DATA,
KR6424901F34,,NO_MARKET_DATA,
KR6424961E57,,NO_MARKET_DATA,
KR6424961G30,,NO_MARKET_DATA,
KR6424981E61,,NO_MARKET_DATA,
KR6425041DA5,,NO_MARKET_DATA,
KR6425291C32,,NO_MARKET_DATA,
KR6425421E25,,NO_MARKET_DATA,
KR6425421G15,,NO_MARKET_DATA,
KR6425821C49,,NO_MARKET_DATA,
KR6478052G36,,NO_MARKET_DATA,
KR6491501FC8,,NO_MARKET_DATA,
KR6295421F88,,NO_MARKET_DATA,
KR6295421G53,,NO_MARKET_DATA,
KR6295441F43,,NO_MARKET_DATA,
KR6295441G59,,NO_MARKET_DATA,
KR6295451F40,,NO_MARKET_DATA,
KR6295502E32,,NO_MARKET_DATA,
KR6295531F44,,NO_MARKET_DATA,
KR6295631G42,,NO_MARKET_DATA,
KR6295661G45,,NO_MARKET_DATA,
KR6295772EA0,,NO_MARKET_DATA,
KR6006354EB5,,NO_MARKET_DATA,
KR6006354FB2,,NO_MARKET_DATA,
KR6006362FC3,,NO_MARKET_DATA,
KR60127B1FB3,,NO_MARKET_DATA,
KR60127C1FB2,,NO_MARKET_DATA,
KR60127D1FB1,,NO_MARKET_DATA,
KR60127E1FA2,,NO_MARKET_DATA,
KR60127G1FB8,,NO_MARKET_DATA,
KR60127H1FB7,,NO_MARKET_DATA,
KR60127J1FB5,,NO_MARKET_DATA,
KR60127K1FB2,,NO_MARKET_DATA,
KR354402JF85,,NO_MARKET_DATA,
KR354417GE82,,NO_MARKET_DATA,
KR354417GE90,,NO_MARKET_DATA,
KR356107G398,,NO_MARKET_DATA,
KR356107GDB0,,NO_MARKET_DATA,
KR354417GEA5,,NO_MARKET_DATA,
KR354417GEB3,,NO_MARKET_DATA,
KR354417GF24,,NO_MARKET_DATA,
KR354417GF81,,NO_MARKET_DATA,
KR354417GF99,,NO_MARKET_DATA,
KR354406GB47,,NO_MARKET_DATA,
KR354406GB62,,NO_MARKET_DATA,
KR354406GB70,,NO_MARKET_DATA,
KR354428GDA4,,NO_MARKET_DATA,
KR354428GDB2,,NO_MARKET_DATA,
KR354428GG12,,NO_MARKET_DATA,
KR354428GG53,,NO_MARKET_DATA,
KR354429G562,,NO_MARKET_DATA,
KR354429G9C7,,NO_MARKET_DATA,
KR354429GD30,,NO_MARKET_DATA,
KR354407GD69,,NO_MARKET_DATA,
KR354407GD85,,NO_MARKET_DATA,
KR354407GD93,,NO_MARKET_DATA,
KR354603GDC8,,NO_MARKET_DATA,
KR354603GEC6,,NO_MARKET_DATA,
KR354603GF93,,NO_MARKET_DATA,
KR354603GFA7,,NO_MARKET_DATA,
KR354603GFB5,,NO_MARKET_DATA,
KR354603GG76,,NO_MARKET_DATA,
KR354604GC20,,NO_MARKET_DATA,
KR354604GC38,,NO_MARKET_DATA,
KR6333495A34,,NO_MARKET_DATA,
KR6333496A33,,NO_MARKET_DATA,
KR6333621E45,,NO_MARKET_DATA,
KR6334071G38,,NO_MARKET_DATA,
KR6334631993,,NO_MARKET_DATA,
KR63346319C1,,NO_MARKET_DATA,
KR6334631A60,,NO_MARKET_DATA,
KR6407401F75,,NO_MARKET_DATA,
KR6334632991,,NO_MARKET_DATA,
KR63346329C0,,NO_MARKET_DATA,
KR6334632A69,,NO_MARKET_DATA,
KR6242821E46,,NO_MARKET_DATA,
KR6243061F42,,NO_MARKET_DATA,
KR6243071FB5,,NO_MARKET_DATA,
KR6243371F47,,NO_MARKET_DATA,
KR6243391F43,,NO_MARKET_DATA,
KR6243401F41,,NO_MARKET_DATA,
KR6243461F30,,NO_MARKET_DATA,
KR6243471F53,,NO_MARKET_DATA,
KR6350752G30,,NO_MARKET_DATA,
KR6350753F22,,NO_MARKET_DATA,
KR6350921G36,,NO_MARKET_DATA,
KR6478061F93,,NO_MARKET_DATA,
KR6478071FC9,,NO_MARKET_DATA,
KR6478081E66,,NO_MARKET_DATA,
KR6478091E49,,NO_MARKET_DATA,
KR6478111E37,,NO_MARKET_DATA,
KR6478161E44,,NO_MARKET_DATA,
KR6478161F27,,NO_MARKET_DATA,
KR647821TE35,,NO_MARKET_DATA,
KR647821VE31,,NO_MARKET_DATA,
KRZ624981210,,NO_MARKET_DATA,
KRZ624981211,,NO_MARKET_DATA,
KR6295772F67,,NO_MARKET_DATA,
KR6384941G49,,NO_MARKET_DATA,
KR6384961G44,,NO_MARKET_DATA,
KR6385011F34,,NO_MARKET_DATA,
KR6385081G46,,NO_MARKET_DATA,
KR6385101F68,,NO_MARKET_DATA,
KR6385101G42,,NO_MARKET_DATA,
KR6385101G59,,NO_MARKET_DATA,
KR6385111FA9,,NO_MARKET_DATA,
KR6385111G40,,NO_MARKET_DATA,
KR6385151G41,,NO_MARKET_DATA,
KR6012702G11,,NO_MARKET_DATA,
KR60127211C1,,NO_MARKET_DATA,
KR60127A1FB4,,NO_MARKET_DATA,
KR310214GD80,,NO_MARKET_DATA,
KR310214GE89,,NO_MARKET_DATA,
KR310214GEB7,,NO_MARKET_DATA,
KR310214GF54,,NO_MARKET_DATA,
KR310214GF96,,NO_MARKET_DATA,
KR310214GFA6,,NO_MARKET_DATA,
KR310214GFC2,,NO_MARKET_DATA,
KR310214GG12,,NO_MARKET_DATA,
KR354417GG15,,NO_MARKET_DATA,
KR354417GG31,,NO_MARKET_DATA,
KR354417GG49,,NO_MARKET_DATA,
KR3561077230,,NO_MARKET_DATA,
KR3561077339,,NO_MARKET_DATA,
KR356107GE90,,NO_MARKET_DATA,
KR356107GFB5,,NO_MARKET_DATA,
KR356107GG49,,NO_MARKET_DATA,
KR356107GG64,,NO_MARKET_DATA,
KR356107GG72,,NO_MARKET_DATA,
KR3561087189,,NO_MARKET_DATA,
KR354429GD63,,NO_MARKET_DATA,
KR354429GD97,,NO_MARKET_DATA,
KR354429GDA2,,NO_MARKET_DATA,
KR380604GFB1,,NO_MARKET_DATA,
KR380604GG47,,NO_MARKET_DATA,
KR380604GG54,,NO_MARKET_DATA,
KR380604GG62,,NO_MARKET_DATA,
KR380605GE89,,NO_MARKET_DATA,
KR380605GEB1,,NO_MARKET_DATA,
KR380605GF21,,NO_MARKET_DATA,
KR380605GF70,,NO_MARKET_DATA,
KR354604GF92,,NO_MARKET_DATA,
KR354604GFA5,,NO_MARKET_DATA,
KR354604GG75,,NO_MARKET_DATA,
KR380805GG28,,NO_MARKET_DATA,
KR380805GG36,,NO_MARKET_DATA,
KR380805GG44,,NO_MARKET_DATA,
KR380805GG51,,NO_MARKET_DATA,
KR380805GG69,,NO_MARKET_DATA,
KR380805GG77,,NO_MARKET_DATA,
KR380806AG15,,NO_MARKET_DATA,
KR380806AG72,,NO_MARKET_DATA,
KR6334633999,,NO_MARKET_DATA,
KR6406822FC2,,NO_MARKET_DATA,
KR6406841EA9,,NO_MARKET_DATA,
KR6406861EA7,,NO_MARKET_DATA,
KR6406961EA5,,NO_MARKET_DATA,
KR6406971G27,,NO_MARKET_DATA,
KR6407111EA6,,NO_MARKET_DATA,
KR6407401E43,,NO_MARKET_DATA,
KR6408423BB8,,NO_MARKET_DATA,
KR6409171C15,,NO_MARKET_DATA,
KR6409571BB3,,NO_MARKET_DATA,
KR6350941DC1,,NO_MARKET_DATA,
KR6350941EA3,,NO_MARKET_DATA,
KR6350941F25,,NO_MARKET_DATA,
KR6350941F90,,NO_MARKET_DATA,
KR6350941FC6,,NO_MARKET_DATA,
KR6350941G32,,NO_MARKET_DATA,
KR6350941G40,,NO_MARKET_DATA,
KR6423372EA4,,NO_MARKET_DATA,
KR6423373EA2,,NO_MARKET_DATA,
KR6423374EA0,,NO_MARKET_DATA,
KR6423381F35,,NO_MARKET_DATA,
KRZ624981212,,NO_MARKET_DATA,
KRZ625361001,,NO_MARKET_DATA,
KRZ625361002,,NO_MARKET_DATA,
KRZ625825201,,NO_MARKET_DATA,
KRZ625825202,,NO_MARKET_DATA,
KRZ625825203,,NO_MARKET_DATA,
KRZ626617001,,NO_MARKET_DATA,
KRZ628397001,,NO_MARKET_DATA,
KRZ629902201,,NO_MARKET_DATA,
KR6247542G58,,NO_MARKET_DATA,
KR6247661BB8,,NO_MARKET_DATA,
KR6247811F95,,NO_MARKET_DATA,
KR6385171G47,,NO_MARKET_DATA,
KR645093CCC2,,NO_MARKET_DATA,
KR645093CD89,,NO_MARKET_DATA,
KR645093DCC0,,NO_MARKET_DATA,
KR645093ED87,,NO_MARKET_DATA,
KR645093FCC5,,NO_MARKET_DATA,
KR645093FD86,,NO_MARKET_DATA,
KR645093GCC3,,NO_MARKET_DATA,
KR645093GD85,,NO_MARKET_DATA,
KR645093HD84,,NO_MARKET_DATA,
KR645093JD82,,NO_MARKET_DATA,
KR310501GFB4,,NO_MARKET_DATA,
KR310501GFC2,,NO_MARKET_DATA,
KR310501GG14,,NO_MARKET_DATA,
KR35090271B2,,NO_MARKET_DATA,
KR35090271C0,,NO_MARKET_DATA,
KR3509027263,,NO_MARKET_DATA,
KR35090272C8,,NO_MARKET_DATA,
KR350902G661,,NO_MARKET_DATA,
KR350902G687,,NO_MARKET_DATA,
KR350902G6A1,,NO_MARKET_DATA,
KR3561087213,,NO_MARKET_DATA,
KR6001122B86,,NO_MARKET_DATA,
KR6001122C10,,NO_MARKET_DATA,
KR6001122F41,,NO_MARKET_DATA,
KR6001123C19,,NO_MARKET_DATA,
KR6001124D41,,NO_MARKET_DATA,
KR60011C1F55,,NO_MARKET_DATA,
KR60011J1F27,,NO_MARKET_DATA,
KR60011X1F44,,NO_MARKET_DATA,
KR60011Z1F31,,NO_MARKET_DATA,
KR380605GF96,,NO_MARKET_DATA,
KR380605GG46,,NO_MARKET_DATA,
KR60029LEF38,,NO_MARKET_DATA,
KR60029LFF37,,NO_MARKET_DATA,
KR60029LGF36,,NO_MARKET_DATA,
KR60029LHF35,,NO_MARKET_DATA,
KR60029LJF33,,NO_MARKET_DATA,
KR60029LKF30,,NO_MARKET_DATA,
KR60029LLF39,,NO_MARKET_DATA,
KR60029LMF38,,NO_MARKET_DATA,
KR380806GF44,,NO_MARKET_DATA,
KR380806GF85,,NO_MARKET_DATA,
KR380806GF93,,NO_MARKET_DATA,
KR60034B1F34,,NO_MARKET_DATA,
KR60034D1F30,,NO_MARKET_DATA,
KR60034E1F46,,NO_MARKET_DATA,
KR60034E1G45,,NO_MARKET_DATA,
KR60034E1G78,,NO_MARKET_DATA,
KR60034F1F50,,NO_MARKET_DATA,
KR60034F1F68,,NO_MARKET_DATA,
KR60034G1F33,,NO_MARKET_DATA,
KR6467721F72,,NO_MARKET_DATA,
KR6467721F80,,NO_MARKET_DATA,
KR6467761D91,,NO_MARKET_DATA,
KR6467781D97,,NO_MARKET_DATA,
KR6467791D95,,NO_MARKET_DATA,
KR6467801D93,,NO_MARKET_DATA,
KR6467811D91,,NO_MARKET_DATA,
KR6467821D99,,NO_MARKET_DATA,
KR6467831D97,,NO_MARKET_DATA,
KR6467832D96,,NO_MARKET_DATA,
KR6467841D95,,NO_MARKET_DATA,
KR6423431F35,,NO_MARKET_DATA,
KR6423441F33,,NO_MARKET_DATA,
KR6423441F41,,NO_MARKET_DATA,
KR6423461F38,,NO_MARKET_DATA,
KR6423471F36,,NO_MARKET_DATA,
KR6423491F32,,NO_MARKET_DATA,
KR6475234F67,,NO_MARKET_DATA,
KR6475235F66,,NO_MARKET_DATA,
KR6475241E10,,NO_MARKET_DATA,
KR6475251E17,,NO_MARKET_DATA,
KR6475461FB7,,NO_MARKET_DATA,
KR6247811FA2,,NO_MARKET_DATA,
KR6247811FB0,,NO_MARKET_DATA,
KR6247811FC8,,NO_MARKET_DATA,
KR6247811G11,,NO_MARKET_DATA,
KR6247811G29,,NO_MARKET_DATA,
KR6247811G37,,NO_MARKET_DATA,
KR6247811G45,,NO_MARKET_DATA,
KR6247811G52,,NO_MARKET_DATA,
KR6352911G42,,NO_MARKET_DATA,
KR6352941G61,,NO_MARKET_DATA,
KR6353181C47,,NO_MARKET_DATA,
KR6450941CC2,,NO_MARKET_DATA,
KR6491501G36,,NO_MARKET_DATA,
KR6491502FB8,,NO_MARKET_DATA,
KR6491502G35,,NO_MARKET_DATA,
KR6491521E83,,NO_MARKET_DATA,
KR6491591E96,,NO_MARKET_DATA,
KR649181PE96,,NO_MARKET_DATA,
KR649181QE95,,NO_MARKET_DATA,
KR649181RE94,,NO_MARKET_DATA,
KR649181SE93,,NO_MARKET_DATA,
KR350901GG16,,NO_MARKET_DATA,
KR350901GG40,,NO_MARKET_DATA,
KR350901J618,,NO_MARKET_DATA,
KR354402JB30,,NO_MARKET_DATA,
KR354402JB48,,NO_MARKET_DATA,
KR354402JB55,,NO_MARKET_DATA,
KR354402JB63,,NO_MARKET_DATA,
KR354402JB71,,NO_MARKET_DATA,
KR354402JB89,,NO_MARKET_DATA,
KR354402JB97,,NO_MARKET_DATA,
KR6001201A32,,NO_MARKET_DATA,
KR6006491F50,,NO_MARKET_DATA,
KR6006492F34,,NO_MARKET_DATA,
KR60064A1F66,,NO_MARKET_DATA,
KR60064C1F62,,NO_MARKET_DATA,
KR60064D1F60,,NO_MARKET_DATA,
KR60064E1F68,,NO_MARKET_DATA,
KR60064F1F65,,NO_MARKET_DATA,
KR60064G1F63,,NO_MARKET_DATA,
KR60064H1F61,,NO_MARKET_DATA,
KR60064J1F67,,NO_MARKET_DATA,
KR60029LNF37,,NO_MARKET_DATA,
KR60154E2G32,,NO_MARKET_DATA,
KR310518GG64,,NO_MARKET_DATA,
KR60080C3F66,,NO_MARKET_DATA,
KR60080C4F65,,NO_MARKET_DATA,
KR60080J1F71,,NO_MARKET_DATA,
KR60080J2F70,,NO_MARKET_DATA,
KR60080J3F79,,NO_MARKET_DATA,
KR60080J4F78,,NO_MARKET_DATA,
KR60080J5F77,,NO_MARKET_DATA,
KR60081X1F70,,NO_MARKET_DATA,
KR60034H1F31,,NO_MARKET_DATA,
KR60034H1G30,,NO_MARKET_DATA,
KR60034M1F31,,NO_MARKET_DATA,
KR6008277F98,,NO_MARKET_DATA,
KR6008277FB3,,NO_MARKET_DATA,
KR6008277FC1,,NO_MARKET_DATA,
KR6008277G14,,NO_MARKET_DATA,
KR6008277G30,,NO_MARKET_DATA,
KR6008277G48,,NO_MARKET_DATA,
KR6008277G55,,NO_MARKET_DATA,
KR6008277G71,,NO_MARKET_DATA,
KR6498811EC7,,NO_MARKET_DATA,
KR6498821EB8,,NO_MARKET_DATA,
KR6498841EB6,,NO_MARKET_DATA,
KR6498851EB5,,NO_MARKET_DATA,
KR6498871EB3,,NO_MARKET_DATA,
KR6498871G33,,NO_MARKET_DATA,
KR6498881EB2,,NO_MARKET_DATA,
KR6498891G13,,NO_MARKET_DATA,
KR6498892G12,,NO_MARKET_DATA,
KR6498893G11,,NO_MARKET_DATA,
KR6224461DB6,,NO_MARKET_DATA,
KR6475511E39,,NO_MARKET_DATA,
KR6475511E54,,NO_MARKET_DATA,
KR6475511G52,,NO_MARKET_DATA,
KR647553GE26,,NO_MARKET_DATA,
KR647553HE25,,NO_MARKET_DATA,
KR647553JE23,,NO_MARKET_DATA,
KRC035LP5331,,NO_MARKET_DATA,
KRC035LP5398,,NO_MARKET_DATA,
KRC035LP5430,,NO_MARKET_DATA,
KRC035LP5497,,NO_MARKET_DATA,
KR6353181C62,,NO_MARKET_DATA,
KR6353182F68,,NO_MARKET_DATA,
KR6353183F67,,NO_MARKET_DATA,
KR6353184F66,,NO_MARKET_DATA,
KR6353185F65,,NO_MARKET_DATA,
KR6353191C52,,NO_MARKET_DATA,
KR6353191E84,,NO_MARKET_DATA,
KR6353281F43,,NO_MARKET_DATA,
KR6425831F44,,NO_MARKET_DATA,
KR6425832C46,,NO_MARKET_DATA,
KR6425832F43,,NO_MARKET_DATA,
KR649181TE92,,NO_MARKET_DATA,
KR6301331F67,,NO_MARKET_DATA,
KR6385442B45,,NO_MARKET_DATA,
KR6302831F86,,NO_MARKET_DATA,
KR6302832F85,,NO_MARKET_DATA,
KR6302833F84,,NO_MARKET_DATA,
KR6302841FC7,,NO_MARKET_DATA,
KR6302841G26,,NO_MARKET_DATA,
KR6385191G43,,NO_MARKET_DATA,
KR6385201G41,,NO_MARKET_DATA,
KR6385211E33,,NO_MARKET_DATA,
KR354417GAC9,,NO_MARKET_DATA,
KR354417GB10,,NO_MARKET_DATA,
KR354417GB36,,NO_MARKET_DATA,
KR354417GB44,,NO_MARKET_DATA,
KR354417GB69,,NO_MARKET_DATA,
KR354417GC27,,NO_MARKET_DATA,
KR354417GC43,,NO_MARKET_DATA,
KR356105GG17,,NO_MARKET_DATA,
KR356105GG33,,NO_MARKET_DATA,
KR356105GG41,,NO_MARKET_DATA,
KR356105GG58,,NO_MARKET_DATA,
KR60064M1F61,,NO_MARKET_DATA,
KR60130PEFB0,,NO_MARKET_DATA,
KR60130PFFB7,,NO_MARKET_DATA,
KR60130PGFB5,,NO_MARKET_DATA,
KR60130PHFB3,,NO_MARKET_DATA,
KR60130PJFB9,,NO_MARKET_DATA,
KR60130PKFB7,,NO_MARKET_DATA,
KR60130PLFB5,,NO_MARKET_DATA,
KR60130PMFB3,,NO_MARKET_DATA,
KR60130PNFB1,,NO_MARKET_DATA,
KR60081X1F88,,NO_MARKET_DATA,
KR60081X1FC9,,NO_MARKET_DATA,
KR6008271EA1,,NO_MARKET_DATA,
KR60154K1G14,,NO_MARKET_DATA,
KR60154T1G15,,NO_MARKET_DATA,
KR60155C4G23,,NO_MARKET_DATA,
KR60155C5G22,,NO_MARKET_DATA,
KR60155C6G21,,NO_MARKET_DATA,
KR60155C7G20,,NO_MARKET_DATA,
KR60155C8G29,,NO_MARKET_DATA,
KR60170Y4G34,,NO_MARKET_DATA,
KR6008278E23,,NO_MARKET_DATA,
KR6008278E31,,NO_MARKET_DATA,
KR6008278E64,,NO_MARKET_DATA,
KR60170BBG39,,NO_MARKET_DATA,
KR60170BCG38,,NO_MARKET_DATA,
KR60170E1G39,,NO_MARKET_DATA,
KR60170J1G38,,NO_MARKET_DATA,
KR60170L1G34,,NO_MARKET_DATA,
KR60170T1G52,,NO_MARKET_DATA,
KR60170T2G51,,NO_MARKET_DATA,
KR6224471F95,,NO_MARKET_DATA,
KR6224961575,,NO_MARKET_DATA,
KR6224962573,,NO_MARKET_DATA,
KR6224963571,,NO_MARKET_DATA,
KR6225531G24,,NO_MARKET_DATA,
KR6225701574,,NO_MARKET_DATA,
KR622571C574,,NO_MARKET_DATA,
KR622571D572,,NO_MARKET_DATA,
KR622571E570,,NO_MARKET_DATA,
KR63346339C9,,NO_MARKET_DATA,
KRC035LP5539,,NO_MARKET_DATA,
KRC035LP5596,,NO_MARKET_DATA,
KRC035LP5638,,NO_MARKET_DATA,
KRC035RP6697,,NO_MARKET_DATA,
KRC035RP6895,,NO_MARKET_DATA,
KRC035RP7091,,NO_MARKET_DATA,
KR6248791E80,,NO_MARKET_DATA,
KR6248791EB6,,NO_MARKET_DATA,
KR6248791F63,,NO_MARKET_DATA,
KR6249001F67,,NO_MARKET_DATA,
KR6249161EA3,,NO_MARKET_DATA,
KR6426661C65,,NO_MARKET_DATA,
KR6426662C64,,NO_MARKET_DATA,
KR647821XE39,,NO_MARKET_DATA,
KR647821YE38,,NO_MARKET_DATA,
KR6478391E38,,NO_MARKET_DATA,
KR6478441E38,,NO_MARKET_DATA,
KR6478451E84,,NO_MARKET_DATA,
KR6478461E41,,NO_MARKET_DATA,
KR6478462E40,,NO_MARKET_DATA,
KR6478471E64,,NO_MARKET_DATA,
KR6478472E63,,NO_MARKET_DATA,
KR6385211F40,,NO_MARKET_DATA,
KR6385311G48,,NO_MARKET_DATA,
KR6385441B46,,NO_MARKET_DATA,
KR6385741B68,,NO_MARKET_DATA,
KR6386331F76,,NO_MARKET_DATA,
KR6386331F84,,NO_MARKET_DATA,
KR6386601B57,,NO_MARKET_DATA,
KR6451131D56,,NO_MARKET_DATA,
KR6451132D55,,NO_MARKET_DATA,
KR6451221E56,,NO_MARKET_DATA,
KR6451221G47,,NO_MARKET_DATA,
KR354417G8A7,,NO_MARKET_DATA,
KR354417G9B3,,NO_MARKET_DATA,
KR354417GA45,,NO_MARKET_DATA,
KR354417GA52,,NO_MARKET_DATA,
KR356105DBB5,,NO_MARKET_DATA,
KR356105G350,,NO_MARKET_DATA,
KR356105GA47,,NO_MARKET_DATA,
KR356105GB20,,NO_MARKET_DATA,
KR356105GDB4,,NO_MARKET_DATA,
KR356105GDC2,,NO_MARKET_DATA,
KR356105GE92,,NO_MARKET_DATA,
KR60130PPFB6,,NO_MARKET_DATA,
KR310217GFB7,,NO_MARKET_DATA,
KR310217GG19,,NO_MARKET_DATA,
KR310217GG43,,NO_MARKET_DATA,
KR310217GG68,,NO_MARKET_DATA,
KR351001GEC6,,NO_MARKET_DATA,
KR31021872A2,,NO_MARKET_DATA,
KR310218GC53,,NO_MARKET_DATA,
KR310218GD94,,NO_MARKET_DATA,
KR310218GE77,,NO_MARKET_DATA,
KR310218GF92,,NO_MARKET_DATA,
KR60155C9G28,,NO_MARKET_DATA,
KR60155CAG20,,NO_MARKET_DATA,
KR310518GG56,,NO_MARKET_DATA,
KR310519GF56,,NO_MARKET_DATA,
KR310519GG14,,NO_MARKET_DATA,
KR310519GG30,,NO_MARKET_DATA,
KR310519GG55,,NO_MARKET_DATA,
KR310519GG63,,NO_MARKET_DATA,
KR310520GD63,,NO_MARKET_DATA,
KR310520GEB7,,NO_MARKET_DATA,
KR310520GF53,,NO_MARKET_DATA,
KR60170Y3G35,,NO_MARKET_DATA,
KR60170Y5G33,,NO_MARKET_DATA,
KR350104GEA3,,NO_MARKET_DATA,
KR350104GEB1,,NO_MARKET_DATA,
KR350104GEC9,,NO_MARKET_DATA,
KR350104GF12,,NO_MARKET_DATA,
KR350104GF20,,NO_MARKET_DATA,
KR350104GF38,,NO_MARKET_DATA,
KR350104GF46,,NO_MARKET_DATA,
KR350104GF53,,NO_MARKET_DATA,
KR6334633A68,,NO_MARKET_DATA,
KR6334634997,,NO_MARKET_DATA,
KR63346349C8,,NO_MARKET_DATA,
KR6334634A67,,NO_MARKET_DATA,
KR6334881B25,,NO_MARKET_DATA,
KR6334881B66,,NO_MARKET_DATA,
KR6334971D32,,NO_MARKET_DATA,
KR646808HDA3,,NO_MARKET_DATA,
KR646808JDA9,,NO_MARKET_DATA,
KR6335331999,,NO_MARKET_DATA,
KR6249161F63,,NO_MARKET_DATA,
KR6249161FA0,,NO_MARKET_DATA,
KR6249171F61,,NO_MARKET_DATA,
KR6351221C27,,NO_MARKET_DATA,
KR6351221D42,,NO_MARKET_DATA,
KR6351221D67,,NO_MARKET_DATA,
KR6351221DC7,,NO_MARKET_DATA,
KR6351221E25,,NO_MARKET_DATA,
KR6351221F99,,NO_MARKET_DATA,
KR6351221G31,,NO_MARKET_DATA,
KR6351223DC3,,NO_MARKET_DATA,
KR647855AE35,,NO_MARKET_DATA,
KRZ629902202,,NO_MARKET_DATA,
KRZ632398201,,NO_MARKET_DATA,
KRZ632398202,,NO_MARKET_DATA,
KRZ633954201,,NO_MARKET_DATA,
KRZ634837001,,NO_MARKET_DATA,
KRZ635788001,,NO_MARKET_DATA,
KRZ636803201,,NO_MARKET_DATA,
KRZ638773201,,NO_MARKET_DATA,
KRZ638773202,,NO_MARKET_DATA,
KRZ639097201,,NO_MARKET_DATA,
KR6451281G10,,NO_MARKET_DATA,
KR6451448CC7,,NO_MARKET_DATA,
KR6451449CC5,,NO_MARKET_DATA,
KR6451464CC4,,NO_MARKET_DATA,
KR6451501CC3,,NO_MARKET_DATA,
KR6451502CC1,,NO_MARKET_DATA,
KR6451511CC2,,NO_MARKET_DATA,
KR649181VE98,,NO_MARKET_DATA,
KR6491971F12,,NO_MARKET_DATA,
KR6492011E96,,NO_MARKET_DATA,
KR6492012E95,,NO_MARKET_DATA,
KR60009Z1F35,,NO_MARKET_DATA,
KR6001041E24,,NO_MARKET_DATA,
KR6001042G21,,NO_MARKET_DATA,
KR6001071F67,,NO_MARKET_DATA,
KR6001081G15,,NO_MARKET_DATA,
KR6001081G31,,NO_MARKET_DATA,
KR60010A1F10,,NO_MARKET_DATA,
KR6006392E51,,NO_MARKET_DATA,
KR60063A1F68,,NO_MARKET_DATA,
KR60063C1F64,,NO_MARKET_DATA,
KR60063D1F62,,NO_MARKET_DATA,
KR310218GFA7,,NO_MARKET_DATA,
KR310218GFB5,,NO_MARKET_DATA,
KR350904G733,,NO_MARKET_DATA,
KR35090571A7,,NO_MARKET_DATA,
KR350906G738,,NO_MARKET_DATA,
KR351001GEB8,,NO_MARKET_DATA,
KR351001GFB5,,NO_MARKET_DATA,
KR351001GG47,,NO_MARKET_DATA,
KR351001GG54,,NO_MARKET_DATA,
KR351002GEB6,,NO_MARKET_DATA,
KR310520GG11,,NO_MARKET_DATA,
KR352302GF26,,NO_MARKET_DATA,
KR352302GF34,,NO_MARKET_DATA,
KR352302GF42,,NO_MARKET_DATA,
KR352302GF67,,NO_MARKET_DATA,
KR352302GFA8,,NO_MARKET_DATA,
KR352302GG25,,NO_MARKET_DATA,
KR352302GG58,,NO_MARKET_DATA,
KR352302GG66,,NO_MARKET_DATA,
KR352302GG74,,NO_MARKET_DATA,
KR350104GF61,,NO_MARKET_DATA,
KR350104GF79,,NO_MARKET_DATA,
KR350104GF87,,NO_MARKET_DATA,
KR352701G863,,NO_MARKET_DATA,
KR352701G897,,NO_MARKET_DATA,
KR352701G8B4,,NO_MARKET_DATA,
KR352701G954,,NO_MARKET_DATA,
KR352701G970,,NO_MARKET_DATA,
KR352701G9B2,,NO_MARKET_DATA,
KR352701GA28,,NO_MARKET_DATA,
KR6335332997,,NO_MARKET_DATA,
KR6409681BC8,,NO_MARKET_DATA,
KR6410131EB7,,NO_MARKET_DATA,
KR6410141E42,,NO_MARKET_DATA,
KR6410161EB4,,NO_MARKET_DATA,
KR6410321EB4,,NO_MARKET_DATA,
KR6467861D90,,NO_MARKET_DATA,
KR6467931D96,,NO_MARKET_DATA,
KR6467971D97,,NO_MARKET_DATA,
KR6499001EB6,,NO_MARKET_DATA,
KR646808KDA7,,NO_MARKET_DATA,
KR6423501F30,,NO_MARKET_DATA,
KR6423521F36,,NO_MARKET_DATA,
KR6423541F32,,NO_MARKET_DATA,
KR6423551F39,,NO_MARKET_DATA,
KR6423561F37,,NO_MARKET_DATA,
KR6423571E93,,NO_MARKET_DATA,
KR6423571F35,,NO_MARKET_DATA,
KR6423581F33,,NO_MARKET_DATA,
KR6423601F39,,NO_MARKET_DATA,
KR6423641F31,,NO_MARKET_DATA,
KRC035RP7299,,NO_MARKET_DATA,
KRZ639097202,,NO_MARKET_DATA,
KRZ639097203,,NO_MARKET_DATA,
KR6257371G46,,NO_MARKET_DATA,
KR6257371G53,,NO_MARKET_DATA,
KR6257401E83,,NO_MARKET_DATA,
KR6257501F99,,NO_MARKET_DATA,
KR6257501FB4,,NO_MARKET_DATA,
KR6257501G56,,NO_MARKET_DATA,
KR6427081F21,,NO_MARKET_DATA,
KR6257741E25,,NO_MARKET_DATA,
KR6257741EB9,,NO_MARKET_DATA,
KR6492051FC3,,NO_MARKET_DATA,
KR6492051G95,,NO_MARKET_DATA,
KR6492061EB7,,NO_MARKET_DATA,
KR6492221E92,,NO_MARKET_DATA,
KR6492231EA8,,NO_MARKET_DATA,
KR6492231EB6,,NO_MARKET_DATA,
KR6492232EA6,,NO_MARKET_DATA,
KR6296161G71,,NO_MARKET_DATA,
KR6296371F45,,NO_MARKET_DATA,
KR6296371FA7,,NO_MARKET_DATA,
KR6296901F44,,NO_MARKET_DATA,
KR60009S2F96,,NO_MARKET_DATA,
KR60009T1F12,,NO_MARKET_DATA,
KR60009T1F79,,NO_MARKET_DATA,
KR6006351G66,,NO_MARKET_DATA,
KR6006351G74,,NO_MARKET_DATA,
KR6006351G82,,NO_MARKET_DATA,
KR6006352FB6,,NO_MARKET_DATA,
KR6006352G40,,NO_MARKET_DATA,
KR6006352G65,,NO_MARKET_DATA,
KR6006352G73,,NO_MARKET_DATA,
KR6006353FB4,,NO_MARKET_DATA,
KR351201GB24,,NO_MARKET_DATA,
KR354402JF93,,NO_MARKET_DATA,
KR354402JFC4,,NO_MARKET_DATA,
KR354402JG19,,NO_MARKET_DATA,
KR354402JG35,,NO_MARKET_DATA,
KR354402JG43,,NO_MARKET_DATA,
KR354402JG50,,NO_MARKET_DATA,
KR354402JG68,,NO_MARKET_DATA,
KR3544187072,,NO_MARKET_DATA,
KR3544187WB7,,NO_MARKET_DATA,
KR354418G375,,NO_MARKET_DATA,
KR352303GB52,,NO_MARKET_DATA,
KR354406GB96,,NO_MARKET_DATA,
KR354406GBA4,,NO_MARKET_DATA,
KR354406GBB2,,NO_MARKET_DATA,
KR354406GBC0,,NO_MARKET_DATA,
KR354406GC12,,NO_MARKET_DATA,
KR354406GC20,,NO_MARKET_DATA,
KR354430G6C0,,NO_MARKET_DATA,
KR354430G9C4,,NO_MARKET_DATA,
KR354430GA55,,NO_MARKET_DATA,
KR352701GA85,,NO_MARKET_DATA,
KR352701GB43,,NO_MARKET_DATA,
KR352701GB68,,NO_MARKET_DATA,
KR354407GDA8,,NO_MARKET_DATA,
KR354407GDB6,,NO_MARKET_DATA,
KR354407GE68,,NO_MARKET_DATA,
KR354407GE76,,NO_MARKET_DATA,
KR354701GB80,,NO_MARKET_DATA,
KR354701GBB6,,NO_MARKET_DATA,
KR354701GC97,,NO_MARKET_DATA,
KR354701GD96,,NO_MARKET_DATA,
KR6468141D90,,NO_MARKET_DATA,
KR6468141EA9,,NO_MARKET_DATA,
KR6468161G43,,NO_MARKET_DATA,
KR6468162G42,,NO_MARKET_DATA,
KR6498894G10,,NO_MARKET_DATA,
KR6498895G19,,NO_MARKET_DATA,
KR6498931EB5,,NO_MARKET_DATA,
KR6498941EC2,,NO_MARKET_DATA,
KR6498981EB0,,NO_MARKET_DATA,
KR6498991EB9,,NO_MARKET_DATA,
KR6499101EB4,,NO_MARKET_DATA,
KR642376WC32,,NO_MARKET_DATA,
KR647553KE20,,NO_MARKET_DATA,
KR6475581F90,,NO_MARKET_DATA,
KR6475619E22,,NO_MARKET_DATA,
KR647561AE22,,NO_MARKET_DATA,
KR6475731E25,,NO_MARKET_DATA,
KR6476041G59,,NO_MARKET_DATA,
KR6476051FC3,,NO_MARKET_DATA,
KR647632SE27,,NO_MARKET_DATA,
KR647632TE26,,NO_MARKET_DATA,
KR6257741F99,,NO_MARKET_DATA,
KR6257742EB7,,NO_MARKET_DATA,
KR6257791FA3,,NO_MARKET_DATA,
KR6353321F45,,NO_MARKET_DATA,
KR6353331F43,,NO_MARKET_DATA,
KR6353361F46,,NO_MARKET_DATA,
KR6353371F44,,NO_MARKET_DATA,
KR6353371G35,,NO_MARKET_DATA,
KR6353381F42,,NO_MARKET_DATA,
KR6353381F59,,NO_MARKET_DATA,
KR6426291C48,,NO_MARKET_DATA,
KR6297571EB2,,NO_MARKET_DATA,
KR6297891BA2,,NO_MARKET_DATA,
KR6298001D90,,NO_MARKET_DATA,
KR6301601F60,,NO_MARKET_DATA,
KR6301601FB8,,NO_MARKET_DATA,
KR6302031E93,,NO_MARKET_DATA,
KR6302031EA2,,NO_MARKET_DATA,
KR6302391F62,,NO_MARKET_DATA,
KR6302551E28,,NO_MARKET_DATA,
KR6298001E24,,NO_MARKET_DATA,
KR6298001E32,,NO_MARKET_DATA,
KR60063K1F67,,NO_MARKET_DATA,
KR60129F1FB7,,NO_MARKET_DATA,
KR60063M1F63,,NO_MARKET_DATA,
KR60063M1G62,,NO_MARKET_DATA,
KR6012801F61,,NO_MARKET_DATA,
KR6012802FC0,,NO_MARKET_DATA,
KR60128C1FB1,,NO_MARKET_DATA,
KR60128E1FA1,,NO_MARKET_DATA,
KR60128G1FC5,,NO_MARKET_DATA,
KR60128H1FB6,,NO_MARKET_DATA,
KR60128X1FC4,,NO_MARKET_DATA,
KR354418G854,,NO_MARKET_DATA,
KR354418G896,,NO_MARKET_DATA,
KR354418GA44,,NO_MARKET_DATA,
KR354418GA51,,NO_MARKET_DATA,
KR3561087221,,NO_MARKET_DATA,
KR3561087239,,NO_MARKET_DATA,
KR3561087338,,NO_MARKET_DATA,
KR356108GDB8,,NO_MARKET_DATA,
KR356108GFB3,,NO_MARKET_DATA,
KR356108GG63,,NO_MARKET_DATA,
KR354430GA63,,NO_MARKET_DATA,
KR354430GDA0,,NO_MARKET_DATA,
KR3544317299,,NO_MARKET_DATA,
KR380701GA29,,NO_MARKET_DATA,
KR354431G568,,NO_MARKET_DATA,
KR354431G6C9,,NO_MARKET_DATA,
KR380605GG53,,NO_MARKET_DATA,
KR380605GG61,,NO_MARKET_DATA,
KR380606GF79,,NO_MARKET_DATA,
KR380606GF95,,NO_MARKET_DATA,
KR354701GE20,,NO_MARKET_DATA,
KR354701GE87,,NO_MARKET_DATA,
KR354701GE95,,NO_MARKET_DATA,
KR354701GEA2,,NO_MARKET_DATA,
KR354701GF11,,NO_MARKET_DATA,
KR354701GF29,,NO_MARKET_DATA,
KR354701GF37,,NO_MARKET_DATA,
KR380806GFA4,,NO_MARKET_DATA,
KR380806GFB2,,NO_MARKET_DATA,
KR380806GFC0,,NO_MARKET_DATA,
KR380806GG27,,NO_MARKET_DATA,
KR6499101F26,,NO_MARKET_DATA,
KR6499171F39,,NO_MARKET_DATA,
KR6499231FB6,,NO_MARKET_DATA,
KR6220541E41,,NO_MARKET_DATA,
KR6220541E58,,NO_MARKET_DATA,
KR6220641G55,,NO_MARKET_DATA,
KR6220651G52,,NO_MARKET_DATA,
KR6220701G52,,NO_MARKET_DATA,
KR6220731FA3,,NO_MARKET_DATA,
KR6220731G56,,NO_MARKET_DATA,
KR6220751E95,,NO_MARKET_DATA,
KR6476445E20,,NO_MARKET_DATA,
KRC035RP7497,,NO_MARKET_DATA,
KRZ600030002,,NO_MARKET_DATA,
KRZ600030003,,NO_MARKET_DATA,
KRZ600030008,,NO_MARKET_DATA,
KRZ600030009,,NO_MARKET_DATA,
KRZ600649001,,NO_MARKET_DATA,
KRZ600649002,,NO_MARKET_DATA,
KRZ600649003,,NO_MARKET_DATA,
KRZ600649004,,NO_MARKET_DATA,
KRZ600649005,,NO_MARKET_DATA,
KRZ600649006,,NO_MARKET_DATA,
KR6426301F84,,NO_MARKET_DATA,
KR6426302F83,,NO_MARKET_DATA,
KR6426551C43,,NO_MARKET_DATA,
KR6426651C67,,NO_MARKET_DATA,
KR6426652C66,,NO_MARKET_DATA,
KR6353381G66,,NO_MARKET_DATA,
KR6353421F44,,NO_MARKET_DATA,
KR6353431D93,,NO_MARKET_DATA,
KR6353431F42,,NO_MARKET_DATA,
KR6426671C48,,NO_MARKET_DATA,
KR6427082F20,3.132635174804328,CALCULATED,고민감
KR6298001E99,,NO_MARKET_DATA,
KR6298001FC4,,NO_MARKET_DATA,
KR6386771E58,,NO_MARKET_DATA,
KR6387301F96,,NO_MARKET_DATA,
KR6387301G53,,NO_MARKET_DATA,
KR6387441B67,,NO_MARKET_DATA,
KR6387441CC1,,NO_MARKET_DATA,
KR6387442B66,,NO_MARKET_DATA,
KR6387561E35,,NO_MARKET_DATA,
KR6387571FC8,,NO_MARKET_DATA,
KR6387631G54,,NO_MARKET_DATA,
KR60127L1FB1,,NO_MARKET_DATA,
KR60127W1FB8,,NO_MARKET_DATA,
KR6012801F53,,NO_MARKET_DATA,
KR310501GDB9,,NO_MARKET_DATA,
KR310501GE32,,NO_MARKET_DATA,
KR310501GE99,,NO_MARKET_DATA,
KR310501GF23,,NO_MARKET_DATA,
KR310501GF31,,NO_MARKET_DATA,
KR310501GF56,,NO_MARKET_DATA,
KR310501GF98,,NO_MARKET_DATA,
KR310501GFA6,,NO_MARKET_DATA,
KR356108GG71,,NO_MARKET_DATA,
KR3561097212,,NO_MARKET_DATA,
KR3561097220,,NO_MARKET_DATA,
KR3561097238,,NO_MARKET_DATA,
KR3561097311,,NO_MARKET_DATA,
KR60064R1F60,,NO_MARKET_DATA,
KR60130PRFB2,,NO_MARKET_DATA,
KR6001211E10,,NO_MARKET_DATA,
KR6001212F42,,NO_MARKET_DATA,
KR6001216K58,,NO_MARKET_DATA,
KR6001217K57,,NO_MARKET_DATA,
KR380606GG11,,NO_MARKET_DATA,
KR380606GG60,,NO_MARKET_DATA,
KR380607GG10,,NO_MARKET_DATA,
KR380607GG69,,NO_MARKET_DATA,
KR380701G786,,NO_MARKET_DATA,
KR380701GB77,,NO_MARKET_DATA,
KR60029LPF35,,NO_MARKET_DATA,
KR60029LQF34,,NO_MARKET_DATA,
KR60029LRF33,,NO_MARKET_DATA,
KR60029LSF32,,NO_MARKET_DATA,
KR380806GG35,,NO_MARKET_DATA,
KR6003522FB7,,NO_MARKET_DATA,
KR6008278F97,,NO_MARKET_DATA,
KR380806GG50,,NO_MARKET_DATA,
KR380806GG68,,NO_MARKET_DATA,
KR380806GG76,,NO_MARKET_DATA,
KR380807AG71,,NO_MARKET_DATA,
KR380807GE85,0.0293332551113197,CALCULATED,저민감
KR380807GEA5,,NO_MARKET_DATA,
KR60034T1F36,,NO_MARKET_DATA,
KR60034V1F32,,NO_MARKET_DATA,
KR6220761EA3,,NO_MARKET_DATA,
KR6220841F62,,NO_MARKET_DATA,
KR6220841G53,,NO_MARKET_DATA,
KR6335571F31,,NO_MARKET_DATA,
KR6335571F56,,NO_MARKET_DATA,
KR6335571F64,,NO_MARKET_DATA,
KR6335571F72,,NO_MARKET_DATA,
KR6335571F98,,NO_MARKET_DATA,
KR6335571FB3,,NO_MARKET_DATA,
KR6335571G30,,NO_MARKET_DATA,
KR6410201EB8,,NO_MARKET_DATA,
KR6244001F43,,NO_MARKET_DATA,
KR6249421DA3,,NO_MARKET_DATA,
KR6250061E63,,NO_MARKET_DATA,
KR6250291673,,NO_MARKET_DATA,
KR6350942DC9,,NO_MARKET_DATA,
KR6350971F36,,NO_MARKET_DATA,
KR6351021F34,,NO_MARKET_DATA,
KR6244141E86,,NO_MARKET_DATA,
KR6244161F49,,NO_MARKET_DATA,
KR6244181F45,,NO_MARKET_DATA,
KR6244231D96,,NO_MARKET_DATA,
KR6427251C51,,NO_MARKET_DATA,
KR6427252C50,,NO_MARKET_DATA,
KR6427253C59,,NO_MARKET_DATA,
KR6427281C48,,NO_MARKET_DATA,
KR6427281CC3,,NO_MARKET_DATA,
KR6427282C47,,NO_MARKET_DATA,
KR6427401F24,,NO_MARKET_DATA,
KR6427411F48,,NO_MARKET_DATA,
KR647855BE34,,NO_MARKET_DATA,
KR647855CE33,,NO_MARKET_DATA,
KR6387661G57,,NO_MARKET_DATA,
KR6387731D64,,NO_MARKET_DATA,
KR6451512CC0,,NO_MARKET_DATA,
KR6451571E60,,NO_MARKET_DATA,
KR6451701D15,,NO_MARKET_DATA,
KR6451761E60,,NO_MARKET_DATA,
KR6451801F79,,NO_MARKET_DATA,
KR6451802F78,,NO_MARKET_DATA,
KR645188JD13,,NO_MARKET_DATA,
KR645188KD10,,NO_MARKET_DATA,
KR645188LD19,,NO_MARKET_DATA,
KR310216GF52,,NO_MARKET_DATA,
KR310216GF94,,NO_MARKET_DATA,
KR310216GFA1,,NO_MARKET_DATA,
KR310216GFB9,,NO_MARKET_DATA,
KR350902G8C3,,NO_MARKET_DATA,
KR350902G976,,NO_MARKET_DATA,
KR350902G9A5,,NO_MARKET_DATA,
KR350902GA11,,NO_MARKET_DATA,
KR350902GA37,,NO_MARKET_DATA,
KR350902GA52,,NO_MARKET_DATA,
KR6001252E77,,NO_MARKET_DATA,
KR6001291E96,,NO_MARKET_DATA,
KR60012B1G39,,NO_MARKET_DATA,
KR60012C1G37,,NO_MARKET_DATA,
KR60012F1F56,,NO_MARKET_DATA,
KR60012L1F62,,NO_MARKET_DATA,
KR60012N1F19,,NO_MARKET_DATA,
KR60064R3F68,,NO_MARKET_DATA,
KR60064R4F67,,NO_MARKET_DATA,
KR60064R5F66,,NO_MARKET_DATA,
KR60064R6F65,,NO_MARKET_DATA,
KR60029LTF31,,NO_MARKET_DATA,
KR6003031FA1,,NO_MARKET_DATA,
KR6003031G20,,NO_MARKET_DATA,
KR6003032G29,,NO_MARKET_DATA,
KR6003061E74,,NO_MARKET_DATA,
KR6003061F32,,NO_MARKET_DATA,
KR6008271EB9,,NO_MARKET_DATA,
KR6008271EC7,,NO_MARKET_DATA,
KR6008271F11,,NO_MARKET_DATA,
KR6008271F29,,NO_MARKET_DATA,
KR6008271F37,,NO_MARKET_DATA,
KR60034V1G56,,NO_MARKET_DATA,
KR60034Y1F36,,NO_MARKET_DATA,
KR6003521DB4,,NO_MARKET_DATA,
KR6003531D93,,NO_MARKET_DATA,
KR6003531G17,,NO_MARKET_DATA,
KR6003532E26,,NO_MARKET_DATA,
KR6003532G16,,NO_MARKET_DATA,
KR6003533G15,,NO_MARKET_DATA,
KR6008278E80,,NO_MARKET_DATA,
KR6008278E98,,NO_MARKET_DATA,
KR6008278EB4,,NO_MARKET_DATA,
KR6410211D97,,NO_MARKET_DATA,
KR6410211EB7,,NO_MARKET_DATA,
KR6410221EB6,,NO_MARKET_DATA,
KR6410261EB2,,NO_MARKET_DATA,
KR6410301EB6,,NO_MARKET_DATA,
KR6335572F30,,NO_MARKET_DATA,
KR6335811DB8,,NO_MARKET_DATA,
KR6335811E24,,NO_MARKET_DATA,
KR6335871F38,,NO_MARKET_DATA,
KR6410341EB2,,NO_MARKET_DATA,
KR6410351EB1,,NO_MARKET_DATA,
KR6244231F45,,NO_MARKET_DATA,
KR6244461E39,,NO_MARKET_DATA,
KR6244462E38,,NO_MARKET_DATA,
KR6245621BA6,,NO_MARKET_DATA,
KR6245621C43,,NO_MARKET_DATA,
KR6245751G33,,NO_MARKET_DATA,
KR6245771F55,,NO_MARKET_DATA,
KR6351321F56,,NO_MARKET_DATA,
KR6351321G48,,NO_MARKET_DATA,
KR6351321G55,,NO_MARKET_DATA,
KR6351322G47,,NO_MARKET_DATA,
KR6351331F96,,NO_MARKET_DATA,
KR647855DE32,,NO_MARKET_DATA,
KR647855EE31,,NO_MARKET_DATA,
KR647855FE30,,NO_MARKET_DATA,
KR647855GE39,,NO_MARKET_DATA,
KR6478561G55,,NO_MARKET_DATA,
KR6478651E33,,NO_MARKET_DATA,
KR6478652E32,,NO_MARKET_DATA,
KR6478661E31,,NO_MARKET_DATA,
KRZ639560201,,NO_MARKET_DATA,
KRZ639560202,,NO_MARKET_DATA,
KR645188MD18,,NO_MARKET_DATA,
KR6492232EB4,,NO_MARKET_DATA,
KR6492251E95,,NO_MARKET_DATA,
KR6305091E93,,NO_MARKET_DATA,
KR6492291E97,,NO_MARKET_DATA,
KR6492301E95,,NO_MARKET_DATA,
KR6492311E93,,NO_MARKET_DATA,
KR6492311FB3,,NO_MARKET_DATA,
KR6492321E91,,NO_MARKET_DATA,
KR6492321F58,,NO_MARKET_DATA,
KR6492341E97,,NO_MARKET_DATA,
KR354402JC70,,NO_MARKET_DATA,
KR354402JC88,,NO_MARKET_DATA,
KR354402JD12,,NO_MARKET_DATA,
KR354402JD20,,NO_MARKET_DATA,
KR354402JD38,,NO_MARKET_DATA,
KR354402JD46,,NO_MARKET_DATA,
KR354402JD53,,NO_MARKET_DATA,
KR354417GA60,,NO_MARKET_DATA,
KR354417GAA3,,NO_MARKET_DATA,
KR354417GAB1,,NO_MARKET_DATA,
KR60064S1F68,,NO_MARKET_DATA,
KR60064T1F66,,NO_MARKET_DATA,
KR60064V1F62,,NO_MARKET_DATA,
KR60064X1F68,,NO_MARKET_DATA,
KR60064Y1F66,,NO_MARKET_DATA,
KR60064Z1F63,,NO_MARKET_DATA,
KR60130PQFB4,,NO_MARKET_DATA,
KR354402JG76,,NO_MARKET_DATA,
KR35440391B5,,NO_MARKET_DATA,
KR3544039257,,NO_MARKET_DATA,
KR354417GG56,,NO_MARKET_DATA,
KR6008271F45,,NO_MARKET_DATA,
KR6008271F52,,NO_MARKET_DATA,
KR6008271F60,,NO_MARKET_DATA,
KR6008271F78,,NO_MARKET_DATA,
KR6008271F86,,NO_MARKET_DATA,
KR354406GC46,,NO_MARKET_DATA,
KR354406GC53,,NO_MARKET_DATA,
KR354406GC61,,NO_MARKET_DATA,
KR354406GC87,,NO_MARKET_DATA,
KR354429GDB0,,NO_MARKET_DATA,
KR354429GG52,,NO_MARKET_DATA,
KR6008278F48,,NO_MARKET_DATA,
KR6008278F63,,NO_MARKET_DATA,
KR6008278F89,,NO_MARKET_DATA,
KR354407GDC4,,NO_MARKET_DATA,
KR354407GE19,,NO_MARKET_DATA,
KR354407GE27,,NO_MARKET_DATA,
KR354407GE35,,NO_MARKET_DATA,
KR354407GE43,,NO_MARKET_DATA,
KR354407GE50,,NO_MARKET_DATA,
KR6008278FB1,,NO_MARKET_DATA,
KR6008278G39,,NO_MARKET_DATA,
KR6410361EB0,,NO_MARKET_DATA,
KR6410401EB4,,NO_MARKET_DATA,
KR6410411EB3,,NO_MARKET_DATA,
KR6410421EB2,,NO_MARKET_DATA,
KR6410431EB1,,NO_MARKET_DATA,
KR6410461EB8,,NO_MARKET_DATA,
KR6410471EB7,,NO_MARKET_DATA,
KR6410481EB6,,NO_MARKET_DATA,
KR6410491EB5,,NO_MARKET_DATA,
KR6468191D99,,NO_MARKET_DATA,
KR6468201D97,,NO_MARKET_DATA,
KR6351391F69,,NO_MARKET_DATA,
KR6351471F39,,NO_MARKET_DATA,
KR6351491F35,,NO_MARKET_DATA,
KR6351531G36,,NO_MARKET_DATA,
KR6351571F38,,NO_MARKET_DATA,
KR6351571F95,,NO_MARKET_DATA,
KR6423781F31,,NO_MARKET_DATA,
KR6423801F37,,NO_MARKET_DATA,
KR6423821F33,,NO_MARKET_DATA,
KR6423831F31,,NO_MARKET_DATA,
KR6423851F36,,NO_MARKET_DATA,
KRZ639560203,,NO_MARKET_DATA,
KRZ640236201,,NO_MARKET_DATA,
KRZ646072201,,NO_MARKET_DATA,
KRZ646091201,,NO_MARKET_DATA,
KR6248191662,,NO_MARKET_DATA,
KR6248451F64,,NO_MARKET_DATA,
KR6248551F63,,NO_MARKET_DATA,
KR6248561FA2,,NO_MARKET_DATA,
KR6248601F63,,NO_MARKET_DATA,
KR6248601G39,,NO_MARKET_DATA,
KR6248631F67,,NO_MARKET_DATA,
KR6492351E94,,NO_MARKET_DATA,
KR6492351F93,,NO_MARKET_DATA,
KR6305091B96,,NO_MARKET_DATA,
KR6305091E36,,NO_MARKET_DATA,
KR6305091F76,,NO_MARKET_DATA,
KR6305231E78,,NO_MARKET_DATA,
KR6305231EA5,,NO_MARKET_DATA,
KR6305751887,,NO_MARKET_DATA,
KR6305822894,,NO_MARKET_DATA,
KR6306201EA7,,NO_MARKET_DATA,
KR6306201F48,,NO_MARKET_DATA,
KR354402JDC9,,NO_MARKET_DATA,
KR354402JE11,,NO_MARKET_DATA,
KR354402JE29,,NO_MARKET_DATA,
KR354402JE37,,NO_MARKET_DATA,
KR354417GC50,,NO_MARKET_DATA,
KR354417GC76,,NO_MARKET_DATA,
KR354417GC84,,NO_MARKET_DATA,
KR354417GD18,,NO_MARKET_DATA,
KR354417GD26,,NO_MARKET_DATA,
KR354417GDB5,,NO_MARKET_DATA,
KR354417GG64,,NO_MARKET_DATA,
KR354417GG72,,NO_MARKET_DATA,
KR60130PSFB0,,NO_MARKET_DATA,
KR60130PTFB8,,NO_MARKET_DATA,
KR60131D1FB5,,NO_MARKET_DATA,
KR60131F1FB3,,NO_MARKET_DATA,
KR60131F2FB1,,NO_MARKET_DATA,
KR60131H1FB1,,NO_MARKET_DATA,
KR60131K1G12,,NO_MARKET_DATA,
KR60131Y1G21,,NO_MARKET_DATA,
KR6008271F94,,NO_MARKET_DATA,
KR60155CBG29,,NO_MARKET_DATA,
KR60155CCG28,,NO_MARKET_DATA,
KR310512AG17,,NO_MARKET_DATA,
KR60155CDG27,,NO_MARKET_DATA,
KR60155CEG26,,NO_MARKET_DATA,
KR60155CFG25,,NO_MARKET_DATA,
KR60155CGG24,,NO_MARKET_DATA,
KR60155CHG23,,NO_MARKET_DATA,
KR60155CJG21,,NO_MARKET_DATA,
KR6008278G47,,NO_MARKET_DATA,
KR6008278G54,,NO_MARKET_DATA,
KR60170Y6G32,,NO_MARKET_DATA,
KR60170Y7G31,,NO_MARKET_DATA,
KR60170Y8G30,,NO_MARKET_DATA,
KR60170YAG33,,NO_MARKET_DATA,
KR60170YBG32,,NO_MARKET_DATA,
KR60170YCG31,,NO_MARKET_DATA,
KR60170YEG39,,NO_MARKET_DATA,
KR60170YFG38,,NO_MARKET_DATA,
KR6468321D92,,NO_MARKET_DATA,
KR6468351DB4,,NO_MARKET_DATA,
KR6468352DB2,,NO_MARKET_DATA,
KR6468441FA0,,NO_MARKET_DATA,
KR6468451FA9,,NO_MARKET_DATA,
KR6468471FA7,,NO_MARKET_DATA,
KR6468491DB8,,NO_MARKET_DATA,
KR6468511D92,,NO_MARKET_DATA,
KR6468641D95,,NO_MARKET_DATA,
KR6499251EB7,,NO_MARKET_DATA,
KR6499271EC3,,NO_MARKET_DATA,
KR6423861F34,,NO_MARKET_DATA,
KR6423871F32,,NO_MARKET_DATA,
KR6423901F36,,NO_MARKET_DATA,
KR6423991F86,,NO_MARKET_DATA,
KR6423992F85,,NO_MARKET_DATA,
KR6423993F84,,NO_MARKET_DATA,
KR6476446E29,,NO_MARKET_DATA,
KR6476447E28,,NO_MARKET_DATA,
KR6476449E26,,NO_MARKET_DATA,
KR6476471E27,,NO_MARKET_DATA,
KR6476481E33,,NO_MARKET_DATA,
KR6248711F60,,NO_MARKET_DATA,
KR6248751F61,,NO_MARKET_DATA,
KR6248781EA9,,NO_MARKET_DATA,
KR6248781G56,,NO_MARKET_DATA,
KR6353501F47,,NO_MARKET_DATA,
KR6353511D96,,NO_MARKET_DATA,
KR6353511F45,,NO_MARKET_DATA,
KR6353511G44,,NO_MARKET_DATA,
KR6353591FB8,,NO_MARKET_DATA,
KR6353591G39,,NO_MARKET_DATA,
KR6427521F45,,NO_MARKET_DATA,
KR6306201G62,,NO_MARKET_DATA,
KR6387751G58,,NO_MARKET_DATA,
KR6387751G66,,NO_MARKET_DATA,
KR6387761G56,,NO_MARKET_DATA,
KR6387821G54,,NO_MARKET_DATA,
KR6387861F56,,NO_MARKET_DATA,
KR6387871G53,,NO_MARKET_DATA,
KR6387891G59,,NO_MARKET_DATA,
KR6387951G56,,NO_MARKET_DATA,
KR6387961E98,,NO_MARKET_DATA,
KR6387961G54,,NO_MARKET_DATA,
KR356105GG66,,NO_MARKET_DATA,
KR356105GG74,,NO_MARKET_DATA,
KR3561067231,,NO_MARKET_DATA,
KR3561067256,,NO_MARKET_DATA,
KR3561067314,,NO_MARKET_DATA,
KR3561067322,,NO_MARKET_DATA,
KR3561067330,,NO_MARKET_DATA,
KR60009T2F11,,NO_MARKET_DATA,
KR60009T2F78,,NO_MARKET_DATA,
KR60009T3F10,,NO_MARKET_DATA,
KR60009T3F77,,NO_MARKET_DATA,
KR310502GF71,,NO_MARKET_DATA,
KR310502GF97,,NO_MARKET_DATA,
KR310502GFA4,,NO_MARKET_DATA,
KR310502GFB2,,NO_MARKET_DATA,
KR310502GFC0,,NO_MARKET_DATA,
KR310502GG13,,NO_MARKET_DATA,
KR310502GG21,,NO_MARKET_DATA,
KR310502GG39,,NO_MARKET_DATA,
KR310502GG47,,NO_MARKET_DATA,
KR310502GG54,,NO_MARKET_DATA,
KR310502GG62,,NO_MARKET_DATA,
KR60155CKG28,,NO_MARKET_DATA,
KR60155K1G29,,NO_MARKET_DATA,
KR310511GG53,,NO_MARKET_DATA,
KR310511GG61,,NO_MARKET_DATA,
KR310512AG41,,NO_MARKET_DATA,
KR310512GC64,,NO_MARKET_DATA,
KR310512GCA0,,NO_MARKET_DATA,
KR310512GE88,,NO_MARKET_DATA,
KR310512GF53,,NO_MARKET_DATA,
KR310512GF79,,NO_MARKET_DATA,
KR310512GF87,,NO_MARKET_DATA,
KR60170YGG37,,NO_MARKET_DATA,
KR350102GF71,,NO_MARKET_DATA,
KR350102GF89,,NO_MARKET_DATA,
KR350102GF97,,NO_MARKET_DATA,
KR350102GFA4,,NO_MARKET_DATA,
KR350102GFB2,,NO_MARKET_DATA,
KR350102GG13,,NO_MARKET_DATA,
KR350102GG21,,NO_MARKET_DATA,
KR350102GG39,,NO_MARKET_DATA,
KR350102GG47,,NO_MARKET_DATA,
KR350102GG54,,NO_MARKET_DATA,
KR6499401EB8,,NO_MARKET_DATA,
KR6499411EB7,,NO_MARKET_DATA,
KR6499421EB6,,NO_MARKET_DATA,
KR6499473F18,,NO_MARKET_DATA,
KR6499474F17,,NO_MARKET_DATA,
KR6499475F16,,NO_MARKET_DATA,
KR6499476F15,,NO_MARKET_DATA,
KR6499477F14,,NO_MARKET_DATA,
KR6499478F13,,NO_MARKET_DATA,
KR622571R572,,NO_MARKET_DATA,
KR6336261FA2,,NO_MARKET_DATA,
KR6476481G31,,NO_MARKET_DATA,
KR6476681E23,,NO_MARKET_DATA,
KR6476821G48,,NO_MARKET_DATA,
KR6476861E41,,NO_MARKET_DATA,
KR6476861E58,,NO_MARKET_DATA,
KR6476871FC4,,NO_MARKET_DATA,
KRZ600649007,,NO_MARKET_DATA,
KRZ600649008,,NO_MARKET_DATA,
KRZ600649009,,NO_MARKET_DATA,
KRZ600649010,,NO_MARKET_DATA,
KRZ600649011,,NO_MARKET_DATA,
KRZ600973002,,NO_MARKET_DATA,
KR6353611F44,,NO_MARKET_DATA,
KR6353621F42,,NO_MARKET_DATA,
KR6353661F43,,NO_MARKET_DATA,
KR6353681F49,,NO_MARKET_DATA,
KR6353711F43,,NO_MARKET_DATA,
KR6427421F46,,NO_MARKET_DATA,
KR6427431F44,,NO_MARKET_DATA,
KR6427441F42,,NO_MARKET_DATA,
KR6427491F41,,NO_MARKET_DATA,
KR6427501F49,,NO_MARKET_DATA,
KR6427511F47,,NO_MARKET_DATA,
KR6388001G54,,NO_MARKET_DATA,
KR645188ND17,,NO_MARKET_DATA,
KR645188PD15,,NO_MARKET_DATA,
KR6451921FC6,,NO_MARKET_DATA,
KR6451931FB7,,NO_MARKET_DATA,
KR6451941G38,,NO_MARKET_DATA,
KR645198KD26,,NO_MARKET_DATA,
KR6451991E54,,NO_MARKET_DATA,
KR6451992E53,,NO_MARKET_DATA,
KR6452011F40,,NO_MARKET_DATA,
KR6452081D13,,NO_MARKET_DATA,
KR356106GFB7,,NO_MARKET_DATA,
KR356106GG40,,NO_MARKET_DATA,
KR356106GG57,,NO_MARKET_DATA,
KR356106GG65,,NO_MARKET_DATA,
KR356106GG73,,NO_MARKET_DATA,
KR60010L2F24,,NO_MARKET_DATA,
KR60010M6F28,,NO_MARKET_DATA,
KR60010M7F27,,NO_MARKET_DATA,
KR60010M8F26,,NO_MARKET_DATA,
KR60010M9F25,,NO_MARKET_DATA,
KR60010MAF24,,NO_MARKET_DATA,
KR3514017V44,,NO_MARKET_DATA,
KR3514027V34,,NO_MARKET_DATA,
KR351601G569,,NO_MARKET_DATA,
KR351601G585,,NO_MARKET_DATA,
KR351601G635,,NO_MARKET_DATA,
KR35440392B3,,NO_MARKET_DATA,
KR351601G981,,NO_MARKET_DATA,
KR351601G9C3,,NO_MARKET_DATA,
KR351601GB87,,NO_MARKET_DATA,
KR351601GBA3,,NO_MARKET_DATA,
KR310512GFA3,,NO_MARKET_DATA,
KR352303GD27,,NO_MARKET_DATA,
KR352303GF33,,NO_MARKET_DATA,
KR352303GG65,,NO_MARKET_DATA,
KR352304GBA3,,NO_MARKET_DATA,
KR352304GG64,,NO_MARKET_DATA,
KR352305GBA0,,NO_MARKET_DATA,
KR352401DD88,,NO_MARKET_DATA,
KR352401DDB8,,NO_MARKET_DATA,
KR352401DE38,,NO_MARKET_DATA,
KR350102GG62,,NO_MARKET_DATA,
KR354407GE84,,NO_MARKET_DATA,
KR354701GF52,,NO_MARKET_DATA,
KR352701GB76,,NO_MARKET_DATA,
KR352701GB84,,NO_MARKET_DATA,
KR352701GBA0,,NO_MARKET_DATA,
KR352701GBB8,,NO_MARKET_DATA,
KR352701GC34,,NO_MARKET_DATA,
KR352701GC42,,NO_MARKET_DATA,
KR352701GC59,,NO_MARKET_DATA,
KR352701GC67,,NO_MARKET_DATA,
KR622571S570,,NO_MARKET_DATA,
KR6225981572,,NO_MARKET_DATA,
KR6225982570,,NO_MARKET_DATA,
KR6225983578,,NO_MARKET_DATA,
KR6225984576,,NO_MARKET_DATA,
KR6225985573,,NO_MARKET_DATA,
KR6225986571,,NO_MARKET_DATA,
KR6225987579,,NO_MARKET_DATA,
KR6336261F34,,NO_MARKET_DATA,
KRZ600973003,,NO_MARKET_DATA,
KRZ60162V101,,NO_MARKET_DATA,
KRZ6027356K6,,NO_MARKET_DATA,
KRZ604668201,,NO_MARKET_DATA,
KRZ604668202,,NO_MARKET_DATA,
KRZ604668203,,NO_MARKET_DATA,
KR6253611F79,,NO_MARKET_DATA,
KR6253841F97,,NO_MARKET_DATA,
KR6254051F90,,NO_MARKET_DATA,
KR6254161F97,,NO_MARKET_DATA,
KR6254311DA8,,NO_MARKET_DATA,
KR6254321F94,,NO_MARKET_DATA,
KR6427531F43,,NO_MARKET_DATA,
KR6427551F48,,NO_MARKET_DATA,
KR6427561F46,,NO_MARKET_DATA,
KR6427571F44,,NO_MARKET_DATA,
KR6478662E30,,NO_MARKET_DATA,
KR647877BE46,,NO_MARKET_DATA,
KR647877CE45,,NO_MARKET_DATA,
KR647877DE44,,NO_MARKET_DATA,
KR647877EE43,,NO_MARKET_DATA,
KR647877FE42,,NO_MARKET_DATA,
KR6452081D62,,NO_MARKET_DATA,
KR6492361E92,,NO_MARKET_DATA,
KR6492382EA9,,NO_MARKET_DATA,
KR6492391E96,,NO_MARKET_DATA,
KR6492401E94,,NO_MARKET_DATA,
KR6492411E92,,NO_MARKET_DATA,
KR6492411F42,,NO_MARKET_DATA,
KR6492431E98,,NO_MARKET_DATA,
KR6492441E96,,NO_MARKET_DATA,
KR6492471E99,,NO_MARKET_DATA,
KR6492481EA9,,NO_MARKET_DATA,
KR60063E1F60,,NO_MARKET_DATA,
KR350902G729,,NO_MARKET_DATA,
KR350902G745,,NO_MARKET_DATA,
KR350902G810,,NO_MARKET_DATA,
KR354402JC47,,NO_MARKET_DATA,
KR354402JC54,,NO_MARKET_DATA,
KR354402JC62,,NO_MARKET_DATA,
KR60063F1F67,,NO_MARKET_DATA,
KR60063H1F63,,NO_MARKET_DATA,
KR60063J1F69,,NO_MARKET_DATA,
KR351601GBB1,,NO_MARKET_DATA,
KR3544039265,,NO_MARKET_DATA,
KR3544039273,,NO_MARKET_DATA,
KR3544039281,,NO_MARKET_DATA,
KR3544039299,,NO_MARKET_DATA,
KR35440392A5,,NO_MARKET_DATA,
KR3544039315,,NO_MARKET_DATA,
KR3544039323,,NO_MARKET_DATA,
KR3544039349,,NO_MARKET_DATA,
KR354403G7A5,,NO_MARKET_DATA,
KR352401GE19,,NO_MARKET_DATA,
KR354406GCC8,,NO_MARKET_DATA,
KR354406GD11,,NO_MARKET_DATA,
KR354406GD29,,NO_MARKET_DATA,
KR354406GD45,,NO_MARKET_DATA,
KR354406GD52,,NO_MARKET_DATA,
KR354406GD60,,NO_MARKET_DATA,
KR354406GD78,,NO_MARKET_DATA,
KR354406GD86,,NO_MARKET_DATA,
KR354406GD94,,NO_MARKET_DATA,
KR352701GC75,,NO_MARKET_DATA,
KR352701GC83,,NO_MARKET_DATA,
KR352701GCA8,,NO_MARKET_DATA,
KR354407GE92,,NO_MARKET_DATA,
KR354407GEA6,,NO_MARKET_DATA,
KR354407GEB4,,NO_MARKET_DATA,
KR354407GEC2,,NO_MARKET_DATA,
KR354407GF18,,NO_MARKET_DATA,
KR354407GF26,,NO_MARKET_DATA,
KR354407GF34,,NO_MARKET_DATA,
KR6336261F83,,NO_MARKET_DATA,
KR6336261G33,,NO_MARKET_DATA,
KR6336261G66,,NO_MARKET_DATA,
KR6336262F33,1.436351293414517,CALCULATED,중간
KR6336262F82,1.8389168456473248,CALCULATED,중간
KR6336371EC8,,NO_MARKET_DATA,
KR6336371FB7,,NO_MARKET_DATA,
KR6336371G30,,NO_MARKET_DATA,
KR6410511EB0,,NO_MARKET_DATA,
KR6410521EB9,,NO_MARKET_DATA,
KR6254351F97,,NO_MARKET_DATA,
KR6254471G67,,NO_MARKET_DATA,
KR6254491FB1,,NO_MARKET_DATA,
KR6254531F90,,NO_MARKET_DATA,
KR6254551E96,,NO_MARKET_DATA,
KR6351581F36,,NO_MARKET_DATA,
KR6351581F44,,NO_MARKET_DATA,
KR6351591F34,,NO_MARKET_DATA,
KR6351591F91,,NO_MARKET_DATA,
KR6351611F30,,NO_MARKET_DATA,
KR6351631F36,,NO_MARKET_DATA,
KR647877GE41,,NO_MARKET_DATA,
KR647877HE40,,NO_MARKET_DATA,
KR647877JE48,,NO_MARKET_DATA,
KR6478781E36,,NO_MARKET_DATA,
KR6259391FB8,,NO_MARKET_DATA,
KR6259421EA8,,NO_MARKET_DATA,
KR6259421FB3,,NO_MARKET_DATA,
KR6259551F37,,NO_MARKET_DATA,
KR6259631EA2,,NO_MARKET_DATA,
KR6259631G63,,NO_MARKET_DATA,
KR6259751F50,,NO_MARKET_DATA,
KR6492491E95,,NO_MARKET_DATA,
KR6298053FA9,,NO_MARKET_DATA,
KR6298061FA2,,NO_MARKET_DATA,
KR6298061G60,,NO_MARKET_DATA,
KR6298101G39,,NO_MARKET_DATA,
KR6298241F56,,NO_MARKET_DATA,
KR6298391F54,,NO_MARKET_DATA,
KR6298451E45,,NO_MARKET_DATA,
KR6298451E52,,NO_MARKET_DATA,
KR6298461E84,,NO_MARKET_DATA,
KR6298501F51,,NO_MARKET_DATA,
KR6006491E36,,NO_MARKET_DATA,
KR6006491E85,,NO_MARKET_DATA,
KR6006491EA7,,NO_MARKET_DATA,
KR6006491EB5,,NO_MARKET_DATA,
KR6006491F27,,NO_MARKET_DATA,
KR60129V1FC5,,NO_MARKET_DATA,
KR60129V2FC3,,NO_MARKET_DATA,
KR60130D1FB6,,NO_MARKET_DATA,
KR60130G1FB3,,NO_MARKET_DATA,
KR60130H1FB2,,NO_MARKET_DATA,
KR60130P9FB5,,NO_MARKET_DATA,
KR354418GAC7,,NO_MARKET_DATA,
KR354418GB19,,NO_MARKET_DATA,
KR354418GB35,,NO_MARKET_DATA,
KR354418GB43,,NO_MARKET_DATA,
KR354418GB50,,NO_MARKET_DATA,
KR354418GB68,,NO_MARKET_DATA,
KR354418GC26,,NO_MARKET_DATA,
KR354418GC42,,NO_MARKET_DATA,
KR354418GC59,,NO_MARKET_DATA,
KR354418GC83,,NO_MARKET_DATA,
KR354406GDA0,,NO_MARKET_DATA,
KR354431G9C3,,NO_MARKET_DATA,
KR354431GA54,,NO_MARKET_DATA,
KR354431GA62,,NO_MARKET_DATA,
KR354431GDA8,,NO_MARKET_DATA,
KR3544327298,,NO_MARKET_DATA,
KR354432G6C8,,NO_MARKET_DATA,
KR354432G9C2,,NO_MARKET_DATA,
KR354432GA53,,NO_MARKET_DATA,
KR354432GA61,,NO_MARKET_DATA,
KR354407GF42,,NO_MARKET_DATA,
KR354407GF59,,NO_MARKET_DATA,
KR354701GF45,,NO_MARKET_DATA,
KR354701GF60,,NO_MARKET_DATA,
KR354701GF78,,NO_MARKET_DATA,
KR354701GF86,,NO_MARKET_DATA,
KR354701GF94,,NO_MARKET_DATA,
KR354701GFA9,,NO_MARKET_DATA,
KR354701GFB7,,NO_MARKET_DATA,
KR354701GFC5,,NO_MARKET_DATA,
KR354701GG10,,NO_MARKET_DATA,
KR6410531E57,,NO_MARKET_DATA,
KR6410531EB8,,NO_MARKET_DATA,
KR6410541EB7,,NO_MARKET_DATA,
KR6410561EB5,,NO_MARKET_DATA,
KR6410601E94,,NO_MARKET_DATA,
KR6410611EB8,,NO_MARKET_DATA,
KR6410621EB7,,NO_MARKET_DATA,
KR6410701EB7,,NO_MARKET_DATA,
KR6410711EB6,,NO_MARKET_DATA,
KR6468651D92,,NO_MARKET_DATA,
KR6468761D99,,NO_MARKET_DATA,
KR6351671F37,,NO_MARKET_DATA,
KR6351691EA3,,NO_MARKET_DATA,
KR6351721A57,,NO_MARKET_DATA,
KR6351722A56,,NO_MARKET_DATA,
KR6351723A55,,NO_MARKET_DATA,
KR6424011F31,,NO_MARKET_DATA,
KR6424051F32,,NO_MARKET_DATA,
KR6424111F71,,NO_MARKET_DATA,
KR6424112F70,,NO_MARKET_DATA,
KR6424141C37,,NO_MARKET_DATA,
KR6424191F33,,NO_MARKET_DATA,
KR6259771F31,,NO_MARKET_DATA,
KR6259821FB4,,NO_MARKET_DATA,
KR6259851F59,,NO_MARKET_DATA,
KR6259851F67,,NO_MARKET_DATA,
KR6259861E90,,NO_MARKET_DATA,
KR6353811DB5,,NO_MARKET_DATA,
KR6353811F91,,NO_MARKET_DATA,
KR6353821F40,,NO_MARKET_DATA,
KR6353861F41,,NO_MARKET_DATA,
KR6353921F49,,NO_MARKET_DATA,
KR6353921F98,,NO_MARKET_DATA,
KR6298691F51,,NO_MARKET_DATA,
KR6388101C32,,NO_MARKET_DATA,
KR6388101CC0,,NO_MARKET_DATA,
KR6452082D61,,NO_MARKET_DATA,
KR6388102C31,,NO_MARKET_DATA,
KR6388111B64,,NO_MARKET_DATA,
KR6388111BB3,,NO_MARKET_DATA,
KR6388111DB9,,NO_MARKET_DATA,
KR6388181G56,,NO_MARKET_DATA,
KR6388201G52,,NO_MARKET_DATA,
KR6388251G51,,NO_MARKET_DATA,
KR60128X1G60,,NO_MARKET_DATA,
KR60128Y1FB5,,NO_MARKET_DATA,
KR60129K1FB0,,NO_MARKET_DATA,
KR60129S1FB2,,NO_MARKET_DATA,
KR310215GFC9,,NO_MARKET_DATA,
KR310215GG11,,NO_MARKET_DATA,
KR310215GG45,,NO_MARKET_DATA,
KR310215GG60,,NO_MARKET_DATA,
KR310215GG78,,NO_MARKET_DATA,
KR310216G657,,NO_MARKET_DATA,
KR310216GEB2,,NO_MARKET_DATA,
KR356109GFB1,,NO_MARKET_DATA,
KR356109GG70,,NO_MARKET_DATA,
KR356110GFB9,,NO_MARKET_DATA,
KR356110GG77,,NO_MARKET_DATA,
KR3561117226,,NO_MARKET_DATA,
KR6001341F38,,NO_MARKET_DATA,
KR60065P2F60,,NO_MARKET_DATA,
KR356111GFB7,,NO_MARKET_DATA,
KR356111GG76,,NO_MARKET_DATA,
KR3561127225,4.711233001924612,CALCULATED,고민감
KR356112GFB5,,NO_MARKET_DATA,
KR354432GDA6,,NO_MARKET_DATA,
KR380701GF81,,NO_MARKET_DATA,
KR380701GF99,,NO_MARKET_DATA,
KR380701GFA7,,NO_MARKET_DATA,
KR380701GFB5,,NO_MARKET_DATA,
KR380701GFC3,,NO_MARKET_DATA,
KR380701GG15,,NO_MARKET_DATA,
KR380701GG31,,NO_MARKET_DATA,
KR380701GG49,,NO_MARKET_DATA,
KR380701GG64,,NO_MARKET_DATA,
KR354701GG44,,NO_MARKET_DATA,
KR380807GF43,,NO_MARKET_DATA,
KR380807GF50,,NO_MARKET_DATA,
KR380807GF84,,NO_MARKET_DATA,
KR380807GF92,,NO_MARKET_DATA,
KR380807GFA2,,NO_MARKET_DATA,
KR380807GFB0,,NO_MARKET_DATA,
KR380807GFC8,,NO_MARKET_DATA,
KR380807GG26,,NO_MARKET_DATA,
KR380807GG34,,NO_MARKET_DATA,
KR380807GG42,,NO_MARKET_DATA,
KR6468911D98,,NO_MARKET_DATA,
KR6469181G13,,NO_MARKET_DATA,
KR646934TDA2,,NO_MARKET_DATA,
KR6469421F48,,NO_MARKET_DATA,
KR6469422F47,,NO_MARKET_DATA,
KR6469431E39,,NO_MARKET_DATA,
KR6469431FC6,,NO_MARKET_DATA,
KR6469432E38,,NO_MARKET_DATA,
KR6469461E99,,NO_MARKET_DATA,
KR6499531F34,,NO_MARKET_DATA,
KR6499561EB9,,NO_MARKET_DATA,
KR6477331E25,,NO_MARKET_DATA,
KR6424231F35,,NO_MARKET_DATA,
KR6424261G45,,NO_MARKET_DATA,
KR6424261G78,,NO_MARKET_DATA,
KR6424491FC4,,NO_MARKET_DATA,
KR6424751C38,,NO_MARKET_DATA,
KR6476871G13,,NO_MARKET_DATA,
KR6476871G88,,NO_MARKET_DATA,
KR6476872F88,,NO_MARKET_DATA,
KR6476982E29,,NO_MARKET_DATA,
KR6477301E54,,NO_MARKET_DATA,
KR6354201C90,,NO_MARKET_DATA,
KR6354201E64,,NO_MARKET_DATA,
KR6354201E98,,NO_MARKET_DATA,
KR6354201FA5,,NO_MARKET_DATA,
KR6354211F46,,NO_MARKET_DATA,
KR6427581F42,,NO_MARKET_DATA,
KR6427611E39,,NO_MARKET_DATA,
KR6427611F46,,NO_MARKET_DATA,
KR6427611G37,,NO_MARKET_DATA,
KR6427612F60,,NO_MARKET_DATA,
KR6427613F69,,NO_MARKET_DATA,
KR6388301G51,,NO_MARKET_DATA,
KR6388301G69,,NO_MARKET_DATA,
KR6452081DA7,,NO_MARKET_DATA,
KR6452082D12,,NO_MARKET_DATA,
KR6452082DA5,,NO_MARKET_DATA,
KR6452091D11,,NO_MARKET_DATA,
KR6452091D60,,NO_MARKET_DATA,
KR6452091DA6,,NO_MARKET_DATA,
KR6452092D10,,NO_MARKET_DATA,
KR6452092D69,,NO_MARKET_DATA,
KR6452092DA4,,NO_MARKET_DATA,
KR351602GDA7,,NO_MARKET_DATA,
KR351602GDB5,,NO_MARKET_DATA,
KR351602GE26,,NO_MARKET_DATA,
KR354403J6C0,,NO_MARKET_DATA,
KR354403J736,,NO_MARKET_DATA,
KR354403J744,,NO_MARKET_DATA,
KR354403J777,,NO_MARKET_DATA,
KR354403J843,,NO_MARKET_DATA,
KR354403J850,,NO_MARKET_DATA,
KR354403J868,,NO_MARKET_DATA,
KR356112GG75,,NO_MARKET_DATA,
KR356113GFB3,,NO_MARKET_DATA,
KR60012N1G18,,NO_MARKET_DATA,
KR60012N1G75,,NO_MARKET_DATA,
KR60012S1F42,,NO_MARKET_DATA,
KR60012V1F38,,NO_MARKET_DATA,
KR6001322E32,,NO_MARKET_DATA,
KR6001362F81,,NO_MARKET_DATA,
KR60013M1F27,,NO_MARKET_DATA,
KR60013M1F35,,NO_MARKET_DATA,
KR60013M2F26,,NO_MARKET_DATA,
KR380701GG72,,NO_MARKET_DATA,
KR6003061FA8,,NO_MARKET_DATA,
KR6003061G56,,NO_MARKET_DATA,
KR6003071F30,,NO_MARKET_DATA,
KR6003071F48,,NO_MARKET_DATA,
KR6003071G70,,NO_MARKET_DATA,
KR6003072F21,,NO_MARKET_DATA,
KR6003072FA5,,NO_MARKET_DATA,
KR6003072G38,,NO_MARKET_DATA,
KR60030F1F66,,NO_MARKET_DATA,
KR60030N1F37,,NO_MARKET_DATA,
KR380807GG59,,NO_MARKET_DATA,
KR6003541A29,,NO_MARKET_DATA,
KR6003541EA2,,NO_MARKET_DATA,
KR6003541F32,,NO_MARKET_DATA,
KR6003541F57,,NO_MARKET_DATA,
KR6003541F65,,NO_MARKET_DATA,
KR6003541F81,,NO_MARKET_DATA,
KR6003541G15,,NO_MARKET_DATA,
KR6003541G64,,NO_MARKET_DATA,
KR6003541G72,,NO_MARKET_DATA,
KR6003542E40,,NO_MARKET_DATA,
KR6221431D92,,NO_MARKET_DATA,
KR6221431G57,,NO_MARKET_DATA,
KR6499571EB8,,NO_MARKET_DATA,
KR6499681F16,,NO_MARKET_DATA,
KR649969BEC7,,NO_MARKET_DATA,
KR649969CEC5,,NO_MARKET_DATA,
KR649969DEC3,,NO_MARKET_DATA,
KR649969EEC1,,NO_MARKET_DATA,
KR649969FEC8,,NO_MARKET_DATA,
KR649969GEC6,,NO_MARKET_DATA,
KR6477302E53,,NO_MARKET_DATA,
KR6477331EC1,,NO_MARKET_DATA,
KR6477341E23,,NO_MARKET_DATA,
KR6477381E24,,NO_MARKET_DATA,
KR6477471E25,,NO_MARKET_DATA,
KRZ604918001,,NO_MARKET_DATA,
KRZ604918002,,NO_MARKET_DATA,
KRZ604918003,,NO_MARKET_DATA,
KRZ604918004,,NO_MARKET_DATA,
KRZ606023001,,NO_MARKET_DATA,
KRZ606557001,,NO_MARKET_DATA,
KRZ606992001,,NO_MARKET_DATA,
KR6427614F68,,NO_MARKET_DATA,
KR6427615F67,,NO_MARKET_DATA,
KR6427621F44,,NO_MARKET_DATA,
KR6427631F42,,NO_MARKET_DATA,
KR6427641F40,,NO_MARKET_DATA,
KR6478861E39,,NO_MARKET_DATA,
KR6478871E37,,NO_MARKET_DATA,
KR6478881E35,,NO_MARKET_DATA,
KR6478891EA7,,NO_MARKET_DATA,
KR6478892EA5,,NO_MARKET_DATA,
KR6478901E31,,NO_MARKET_DATA,
KR6452161F55,,NO_MARKET_DATA,
KR6492511F41,,NO_MARKET_DATA,
KR6492511F58,,NO_MARKET_DATA,
KR6492521E99,,NO_MARKET_DATA,
KR6492541G36,,NO_MARKET_DATA,
KR6492551E92,,NO_MARKET_DATA,
KR6492561E90,,NO_MARKET_DATA,
KR6492581E96,,NO_MARKET_DATA,
KR6492591E94,,NO_MARKET_DATA,
KR6492611E90,,NO_MARKET_DATA,
KR6492631E96,,NO_MARKET_DATA,
KR350902GDC8,,NO_MARKET_DATA,
KR350902GE25,,NO_MARKET_DATA,
KR350902GE66,,NO_MARKET_DATA,
KR350902GF16,,NO_MARKET_DATA,
KR354402JD61,,NO_MARKET_DATA,
KR354402JD79,,NO_MARKET_DATA,
KR354402JD87,,NO_MARKET_DATA,
KR354402JD95,,NO_MARKET_DATA,
KR354402JDA3,,NO_MARKET_DATA,
KR354402JDB1,,NO_MARKET_DATA,
KR60013M2F34,,NO_MARKET_DATA,
KR60065A1F63,,NO_MARKET_DATA,
KR60065C1F69,,NO_MARKET_DATA,
KR60065C1G50,,NO_MARKET_DATA,
KR60065H1F68,,NO_MARKET_DATA,
KR60065M1F68,,NO_MARKET_DATA,
KR60065P1F61,,NO_MARKET_DATA,
KR60065X1F73,,NO_MARKET_DATA,
KR60065X2F72,,NO_MARKET_DATA,
KR6006611356,,NO_MARKET_DATA,
KR60066123B3,,NO_MARKET_DATA,
KR60030P1F32,,NO_MARKET_DATA,
KR6008271FA8,,NO_MARKET_DATA,
KR6008271FB6,,NO_MARKET_DATA,
KR60156M1G23,,NO_MARKET_DATA,
KR310526GEB4,,NO_MARKET_DATA,
KR6008271FC4,,NO_MARKET_DATA,
KR6008271G10,,NO_MARKET_DATA,
KR6008271G28,,NO_MARKET_DATA,
KR6008271G36,,NO_MARKET_DATA,
KR6008271G44,,NO_MARKET_DATA,
KR6008271G51,,NO_MARKET_DATA,
KR6003542F31,,NO_MARKET_DATA,
KR6008278G70,,NO_MARKET_DATA,
KR6008279E48,,NO_MARKET_DATA,
KR6008279E89,,NO_MARKET_DATA,
KR6008279E97,,NO_MARKET_DATA,
KR6008279EB2,,NO_MARKET_DATA,
KR6008279F62,,NO_MARKET_DATA,
KR6008279FB9,,NO_MARKET_DATA,
KR6008279G38,,NO_MARKET_DATA,
KR6008279G79,,NO_MARKET_DATA,
KR600827AE47,,NO_MARKET_DATA,
KR6221341G56,,NO_MARKET_DATA,
KR6221421G59,,NO_MARKET_DATA,
KR6221441F64,,NO_MARKET_DATA,
KR6221541G54,,NO_MARKET_DATA,
KR6221551G51,,NO_MARKET_DATA,
KR6221561G34,,NO_MARKET_DATA,
KR6221571EA5,,NO_MARKET_DATA,
KR6221591G53,,NO_MARKET_DATA,
KR6221621G57,,NO_MARKET_DATA,
KR6336542990,,NO_MARKET_DATA,
KR6336543998,,NO_MARKET_DATA,
KRZ608726001,,NO_MARKET_DATA,
KRZ610555001,,NO_MARKET_DATA,
KRZ610608003,,NO_MARKET_DATA,
KRZ612029201,,NO_MARKET_DATA,
KRZ614697201,,NO_MARKET_DATA,
KR6246121F50,,NO_MARKET_DATA,
KR6246151F53,,NO_MARKET_DATA,
KR6246161F51,,NO_MARKET_DATA,
KR6246271F58,,NO_MARKET_DATA,
KR6246281F56,,NO_MARKET_DATA,
KR6246301F52,,NO_MARKET_DATA,
KR6246371F57,,NO_MARKET_DATA,
KR6253271EC9,,NO_MARKET_DATA,
KR647892FE43,,NO_MARKET_DATA,
KR647892GE42,,NO_MARKET_DATA,
KR647892HE41,,NO_MARKET_DATA,
KR647892JE49,,NO_MARKET_DATA,
KR6250291EC0,,NO_MARKET_DATA,
KR6251271FB0,,NO_MARKET_DATA,
KR6251272E33,0.5338646104807364,CALCULATED,중간
KR6251371CC3,,NO_MARKET_DATA,
KR6251371E90,,NO_MARKET_DATA,
KR6492641E94,,NO_MARKET_DATA,
KR6307181FA7,,NO_MARKET_DATA,
KR6307181G64,,NO_MARKET_DATA,
KR6307491E38,,NO_MARKET_DATA,
KR6307491E53,,NO_MARKET_DATA,
KR6307491E87,,NO_MARKET_DATA,
KR6307871D13,,NO_MARKET_DATA,
KR6388331F98,,NO_MARKET_DATA,
KR6388331G55,,NO_MARKET_DATA,
KR6388401G50,,NO_MARKET_DATA,
KR6388531C32,,NO_MARKET_DATA,
KR356501DD88,,NO_MARKET_DATA,
KR356501DDA3,,NO_MARKET_DATA,
KR356501DDC9,,NO_MARKET_DATA,
KR356501DE12,,NO_MARKET_DATA,
KR356501DE20,,NO_MARKET_DATA,
KR356501DE38,,NO_MARKET_DATA,
KR356501DE46,,NO_MARKET_DATA,
KR6001632FA8,,NO_MARKET_DATA,
KR6001632G76,,NO_MARKET_DATA,
KR6001681G19,,NO_MARKET_DATA,
KR60132A1FC5,,NO_MARKET_DATA,
KR60132B1FC4,,NO_MARKET_DATA,
KR60132C1FC3,,NO_MARKET_DATA,
KR60132F1FC0,,NO_MARKET_DATA,
KR60132G1FB1,,NO_MARKET_DATA,
KR6013311F54,,NO_MARKET_DATA,
KR6013311G46,,NO_MARKET_DATA,
KR6013312G45,,NO_MARKET_DATA,
KR6013361FB8,,NO_MARKET_DATA,
KR6013362E95,,NO_MARKET_DATA,
KR6013391F65,,NO_MARKET_DATA,
KR6008271G77,,NO_MARKET_DATA,
KR6008271G85,,NO_MARKET_DATA,
KR6008272DC7,,NO_MARKET_DATA,
KR60155K2G28,,NO_MARKET_DATA,
KR60155T1G20,,NO_MARKET_DATA,
KR60156P1G18,,NO_MARKET_DATA,
KR60156R1G30,,NO_MARKET_DATA,
KR60156S1G12,,NO_MARKET_DATA,
KR60156Z1G41,,NO_MARKET_DATA,
KR6015751EA3,,NO_MARKET_DATA,
KR6015751F56,,NO_MARKET_DATA,
KR600827AE62,,NO_MARKET_DATA,
KR60170YHG36,,NO_MARKET_DATA,
KR350105G9C6,,NO_MARKET_DATA,
KR60170YJG34,,NO_MARKET_DATA,
KR60170YKG31,,NO_MARKET_DATA,
KR60170YLG30,,NO_MARKET_DATA,
KR60170YMG39,,NO_MARKET_DATA,
KR60170YNG38,,NO_MARKET_DATA,
KR60170YPG36,,NO_MARKET_DATA,
KR60170YQG35,,NO_MARKET_DATA,
KR6336544996,,NO_MARKET_DATA,
KR6336571G53,,NO_MARKET_DATA,
KR6336681G35,,NO_MARKET_DATA,
KR6336682EA2,,NO_MARKET_DATA,
KR6336682G34,,NO_MARKET_DATA,
KR6336683EA0,,NO_MARKET_DATA,
KR6336684EA8,,NO_MARKET_DATA,
KR6336685EA5,,NO_MARKET_DATA,
KR6336731F36,,NO_MARKET_DATA,
KR6410771EB0,,NO_MARKET_DATA,
KR6410781EB9,,NO_MARKET_DATA,
KR6246411F59,,NO_MARKET_DATA,
KR6246421E33,,NO_MARKET_DATA,
KR6246501G59,,NO_MARKET_DATA,
KR6246571G47,,NO_MARKET_DATA,
KR6351741F33,,NO_MARKET_DATA,
KR6351761F38,,NO_MARKET_DATA,
KR6351771F36,,NO_MARKET_DATA,
KR6351771F44,,NO_MARKET_DATA,
KR6351791F32,,NO_MARKET_DATA,
KR6351801F30,,NO_MARKET_DATA,
KR6351831F34,,NO_MARKET_DATA,
KR6252991BB1,,NO_MARKET_DATA,
KR6253271F39,,NO_MARKET_DATA,
KR6355391DC4,,NO_MARKET_DATA,
KR6355391G77,,NO_MARKET_DATA,
KR6355531F53,,NO_MARKET_DATA,
KR6355541B97,,NO_MARKET_DATA,
KR6355541BC8,,NO_MARKET_DATA,
KR6355541D95,,NO_MARKET_DATA,
KR6355541F51,,NO_MARKET_DATA,
KR6355541G50,,NO_MARKET_DATA,
KR6427651F47,,NO_MARKET_DATA,
KR6427651FA4,,NO_MARKET_DATA,
KR6388532C31,,NO_MARKET_DATA,
KR6388721D56,,NO_MARKET_DATA,
KR6388781G50,,NO_MARKET_DATA,
KR6388791G74,,NO_MARKET_DATA,
KR6388841F34,,NO_MARKET_DATA,
KR6388841G58,,NO_MARKET_DATA,
KR6388871FC1,,NO_MARKET_DATA,
KR6452181D12,,NO_MARKET_DATA,
KR6452281F19,,NO_MARKET_DATA,
KR6452341G73,,NO_MARKET_DATA,
KR6452451F88,,NO_MARKET_DATA,
KR354417GDC3,,NO_MARKET_DATA,
KR354417GE33,,NO_MARKET_DATA,
KR354417GE41,,NO_MARKET_DATA,
KR3561077214,,NO_MARKET_DATA,
KR60063N1F61,,NO_MARKET_DATA,
KR354417GE74,,NO_MARKET_DATA,
KR3561067348,,NO_MARKET_DATA,
KR356106G614,,NO_MARKET_DATA,
KR356106GB11,,NO_MARKET_DATA,
KR356106GDB2,,NO_MARKET_DATA,
KR356106GE91,,NO_MARKET_DATA,
KR310220GDB6,,NO_MARKET_DATA,
KR310220GF98,,NO_MARKET_DATA,
KR310220GFA3,,NO_MARKET_DATA,
KR310220GFB1,,NO_MARKET_DATA,
KR310220GG14,,NO_MARKET_DATA,
KR310220GG48,,NO_MARKET_DATA,
KR310220GG63,,NO_MARKET_DATA,
KR310221GF97,,NO_MARKET_DATA,
KR310221GFB9,,NO_MARKET_DATA,
KR310221GG62,,NO_MARKET_DATA,
KR310222GFB7,,NO_MARKET_DATA,
KR60157H1G39,,NO_MARKET_DATA,
KR60157S1G10,,NO_MARKET_DATA,
KR310524GEB9,,NO_MARKET_DATA,
KR310524GG58,,NO_MARKET_DATA,
KR310525GG57,,NO_MARKET_DATA,
KR3418011K62,,NO_MARKET_DATA,
KR350101G355,,NO_MARKET_DATA,
KR350101G488,,NO_MARKET_DATA,
KR350101G7B6,,NO_MARKET_DATA,
KR350101G884,,NO_MARKET_DATA,
KR350101G892,,NO_MARKET_DATA,
KR60170YRG34,,NO_MARKET_DATA,
KR350105G9A0,,NO_MARKET_DATA,
KR350105G9B8,,NO_MARKET_DATA,
KR350105GA32,,NO_MARKET_DATA,
KR350105GB80,,NO_MARKET_DATA,
KR350105GB98,,NO_MARKET_DATA,
KR350105GBA6,,NO_MARKET_DATA,
KR350105GBB4,,NO_MARKET_DATA,
KR350105GBC2,,NO_MARKET_DATA,
KR350105GC22,,NO_MARKET_DATA,
KR350105GC30,,NO_MARKET_DATA,
KR6410801EB5,,NO_MARKET_DATA,
KR6410811G56,,NO_MARKET_DATA,
KR6410821EB3,,NO_MARKET_DATA,
KR6410831EB2,,NO_MARKET_DATA,
KR6410841EB1,,NO_MARKET_DATA,
KR6410861EB9,,NO_MARKET_DATA,
KR6410881EB7,,NO_MARKET_DATA,
KR6410891EB6,,NO_MARKET_DATA,
KR6410911D90,,NO_MARKET_DATA,
KR6469481DA0,,NO_MARKET_DATA,
KR6469681F50,,NO_MARKET_DATA,
KR6351831F59,,NO_MARKET_DATA,
KR6256941F24,,NO_MARKET_DATA,
KR6481511E52,,NO_MARKET_DATA,
KR6481521E50,,NO_MARKET_DATA,
KR6265271736,,NO_MARKET_DATA,
KR6265441735,,NO_MARKET_DATA,
KR6266171D34,,NO_MARKET_DATA,
KR6266171E33,,NO_MARKET_DATA,
KR6266171E58,,NO_MARKET_DATA,
KR6266291F45,,NO_MARKET_DATA,
KR6266291FA3,,NO_MARKET_DATA,
KR6427661F45,,NO_MARKET_DATA,
KR6427662F69,,NO_MARKET_DATA,
KR6427691F49,,NO_MARKET_DATA,
KR6427701F47,,NO_MARKET_DATA,
KR6427711F45,,NO_MARKET_DATA,
KR6427721F43,,NO_MARKET_DATA,
KR6427741F49,,NO_MARKET_DATA,
KR6427751F46,,NO_MARKET_DATA,
KR6427761F44,,NO_MARKET_DATA,
KR647892KE46,,NO_MARKET_DATA,
KR6478931E35,,NO_MARKET_DATA,
KR6452531FB4,,NO_MARKET_DATA,
KR6452671D27,,NO_MARKET_DATA,
KR645273TD25,,NO_MARKET_DATA,
KR6452981D22,,NO_MARKET_DATA,
KR6453221D38,,NO_MARKET_DATA,
KR6453391D99,,NO_MARKET_DATA,
KR6453411E86,,NO_MARKET_DATA,
KR6492651E91,,NO_MARKET_DATA,
KR6492661E99,,NO_MARKET_DATA,
KR6492681E95,,NO_MARKET_DATA,
KR6492691E93,,NO_MARKET_DATA,
KR60068ALF67,,NO_MARKET_DATA,
KR60068AMF66,,NO_MARKET_DATA,
KR60068ANF65,,NO_MARKET_DATA,
KR60068APF63,,NO_MARKET_DATA,
KR60068AQF62,,NO_MARKET_DATA,
KR60068ARF61,,NO_MARKET_DATA,
KR60068ASF60,,NO_MARKET_DATA,
KR6014231G41,,NO_MARKET_DATA,
KR6014231G58,,NO_MARKET_DATA,
KR6014281E59,,NO_MARKET_DATA,
KR351601GC52,,NO_MARKET_DATA,
KR351601GC60,,NO_MARKET_DATA,
KR351601GD28,,NO_MARKET_DATA,
KR351601GD85,,NO_MARKET_DATA,
KR351601GD93,,NO_MARKET_DATA,
KR351601GDA9,,NO_MARKET_DATA,
KR351601GDC5,,NO_MARKET_DATA,
KR351601GE27,,NO_MARKET_DATA,
KR351601GE35,,NO_MARKET_DATA,
KR351601GE43,,NO_MARKET_DATA,
KR350101G934,,NO_MARKET_DATA,
KR352401GE92,,NO_MARKET_DATA,
KR352401GEA1,,NO_MARKET_DATA,
KR352401GF34,,NO_MARKET_DATA,
KR352401GF42,,NO_MARKET_DATA,
KR352402DD87,,NO_MARKET_DATA,
KR352402GBC1,,NO_MARKET_DATA,
KR352404DC11,,NO_MARKET_DATA,
KR352404DC29,,NO_MARKET_DATA,
KR352404DD10,,NO_MARKET_DATA,
KR352701GD41,,NO_MARKET_DATA,
KR352701GD82,,NO_MARKET_DATA,
KR352701GD90,,NO_MARKET_DATA,
KR352701GDB4,,NO_MARKET_DATA,
KR352701GDC2,,NO_MARKET_DATA,
KR352701GE16,,NO_MARKET_DATA,
KR352701GE24,,NO_MARKET_DATA,
KR352701GE32,,NO_MARKET_DATA,
KR352701GE40,,NO_MARKET_DATA,
KR352701GE57,,NO_MARKET_DATA,
KR352701GE65,,NO_MARKET_DATA,
KR6469771G43,,NO_MARKET_DATA,
KR6469772G42,,NO_MARKET_DATA,
KR6469803DN8,,NO_MARKET_DATA,
KR6469804DN6,,NO_MARKET_DATA,
KR6469805DN3,,NO_MARKET_DATA,
KR6499871EC0,,NO_MARKET_DATA,
KR6FRA011DB2,,NO_MARKET_DATA,
KR6FRA011DC0,,NO_MARKET_DATA,
KR6NLD0119C6,,NO_MARKET_DATA,
KR6NLD011A24,,NO_MARKET_DATA,
KR6NLD011D70,,NO_MARKET_DATA,
KR6266291G36,,NO_MARKET_DATA,
KR6266351E27,,NO_MARKET_DATA,
KR6267021741,,NO_MARKET_DATA,
KR6267251EA9,,NO_MARKET_DATA,
KR6357881C74,,NO_MARKET_DATA,
KR6357881F22,,NO_MARKET_DATA,
KR6357881F71,,NO_MARKET_DATA,
KR6357881FA1,,NO_MARKET_DATA,
KR6357881G70,,NO_MARKET_DATA,
KR6358291D91,,NO_MARKET_DATA,
KR6358291F40,,NO_MARKET_DATA,
KR6478961E38,,NO_MARKET_DATA,
KR6478981E34,,NO_MARKET_DATA,
KR6478991E32,,NO_MARKET_DATA,
KR6478991G30,,NO_MARKET_DATA,
KR6479001E38,,NO_MARKET_DATA,
KR6479041E30,,NO_MARKET_DATA,
KR6479091E39,,NO_MARKET_DATA,
KR6479101E37,,NO_MARKET_DATA,
KR6479111E35,,NO_MARKET_DATA,
KR6260931EC9,,NO_MARKET_DATA,
KR6261201E87,,NO_MARKET_DATA,
KR6492701E91,,NO_MARKET_DATA,
KR6492711E99,,NO_MARKET_DATA,
KR6492721E97,,NO_MARKET_DATA,
KR6492731E95,,NO_MARKET_DATA,
KR6492751E90,,NO_MARKET_DATA,
KR6492751FA2,,NO_MARKET_DATA,
KR6492791E92,,NO_MARKET_DATA,
KR6299021D60,,NO_MARKET_DATA,
KR6299021E44,,NO_MARKET_DATA,
KR6299021E51,,NO_MARKET_DATA,
KR6299022EA6,,NO_MARKET_DATA,
KR60010MBF23,,NO_MARKET_DATA,
KR60010MCF22,,NO_MARKET_DATA,
KR6001112FB9,,NO_MARKET_DATA,
KR6001121A54,,NO_MARKET_DATA,
KR6001121F42,,NO_MARKET_DATA,
KR60063R1F62,,NO_MARKET_DATA,
KR60063T1F68,,NO_MARKET_DATA,
KR60063V1F64,,NO_MARKET_DATA,
KR60063W1F62,,NO_MARKET_DATA,
KR60063X1F60,,NO_MARKET_DATA,
KR60063Z1F65,,NO_MARKET_DATA,
KR354403G815,,NO_MARKET_DATA,
KR354403G898,,NO_MARKET_DATA,
KR354403G8B1,,NO_MARKET_DATA,
KR354403G922,,NO_MARKET_DATA,
KR354403G955,,NO_MARKET_DATA,
KR354403GA74,,NO_MARKET_DATA,
KR354418GD82,,NO_MARKET_DATA,
KR354418GD90,,NO_MARKET_DATA,
KR354418GDA5,,NO_MARKET_DATA,
KR354418GDB3,,NO_MARKET_DATA,
KR352405DBC1,,NO_MARKET_DATA,
KR354406GDB8,,NO_MARKET_DATA,
KR354406GDC6,,NO_MARKET_DATA,
KR354406GE10,,NO_MARKET_DATA,
KR354406GE28,,NO_MARKET_DATA,
KR354406GE36,,NO_MARKET_DATA,
KR354406GE44,,NO_MARKET_DATA,
KR354406GE51,,NO_MARKET_DATA,
KR354433G374,,NO_MARKET_DATA,
KR354433GA52,,NO_MARKET_DATA,
KR354407GF67,,NO_MARKET_DATA,
KR354407GF75,,NO_MARKET_DATA,
KR354407GF83,,NO_MARKET_DATA,
KR354407GF91,,NO_MARKET_DATA,
KR354407GFA3,,NO_MARKET_DATA,
KR354407GFB1,,NO_MARKET_DATA,
KR354701GG85,,NO_MARKET_DATA,
KR354702GA98,,NO_MARKET_DATA,
KR354702GD87,,NO_MARKET_DATA,
KR354702GE78,,NO_MARKET_DATA,
KR354702GE86,,NO_MARKET_DATA,
KR6NLD011E20,,NO_MARKET_DATA,
KR6NLD011F37,,NO_MARKET_DATA,
KR6226331E42,,NO_MARKET_DATA,
KR6226331F90,,NO_MARKET_DATA,
KR6226341C26,,NO_MARKET_DATA,
KR6226401E88,,NO_MARKET_DATA,
KR6226591F95,,NO_MARKET_DATA,
KR6226592B98,,NO_MARKET_DATA,
KR6226593B97,,NO_MARKET_DATA,
KR6226951DC2,,NO_MARKET_DATA,
KR6226951E33,,NO_MARKET_DATA,
KR6227611D67,,NO_MARKET_DATA,
KR6358291F65,,NO_MARKET_DATA,
KR6358301F63,,NO_MARKET_DATA,
KR6358301F97,,NO_MARKET_DATA,
KR6358301FB7,,NO_MARKET_DATA,
KR6432091F52,,NO_MARKET_DATA,
KR6432101F50,,NO_MARKET_DATA,
KR6432101FB1,,NO_MARKET_DATA,
KR6432171F55,,NO_MARKET_DATA,
KR6432181F53,,NO_MARKET_DATA,
KR6432191F51,,NO_MARKET_DATA,
KR6432321F54,,NO_MARKET_DATA,
KR6261781E93,,NO_MARKET_DATA,
KR6261781G67,,NO_MARKET_DATA,
KR6262261F40,,NO_MARKET_DATA,
KR6263601D80,,NO_MARKET_DATA,
KR6263671F59,,NO_MARKET_DATA,
KR6263861F91,,NO_MARKET_DATA,
KR6263911721,,NO_MARKET_DATA,
KR6263911820,,NO_MARKET_DATA,
KR6264661F91,,NO_MARKET_DATA,
KR6355601G40,,NO_MARKET_DATA,
KR6355611D66,,NO_MARKET_DATA,
KR6299023EA4,,NO_MARKET_DATA,
KR6299024EA2,,NO_MARKET_DATA,
KR6299025EA9,,NO_MARKET_DATA,
KR6299026EA7,,NO_MARKET_DATA,
KR6453415E82,,NO_MARKET_DATA,
KR6495661EA3,,NO_MARKET_DATA,
KR6495681FB6,,NO_MARKET_DATA,
KR6495771EA0,,NO_MARKET_DATA,
KR6495772EA8,,NO_MARKET_DATA,
KR6495821EA3,,NO_MARKET_DATA,
KR649586AEA5,,NO_MARKET_DATA,
KR357102GBB4,,NO_MARKET_DATA,
KR357103G9C3,,NO_MARKET_DATA,
KR310504GG78,,NO_MARKET_DATA,
KR310504J643,,NO_MARKET_DATA,
KR351604GG63,,NO_MARKET_DATA,
KR351604GG71,,NO_MARKET_DATA,
KR351605G834,,NO_MARKET_DATA,
KR351605GA35,,NO_MARKET_DATA,
KR351605GC33,,NO_MARKET_DATA,
KR351605GC41,,NO_MARKET_DATA,
KR354418GDC1,,NO_MARKET_DATA,
KR354418GE16,,NO_MARKET_DATA,
KR354418GE32,,NO_MARKET_DATA,
KR354418GE40,,NO_MARKET_DATA,
KR356114GFB1,,NO_MARKET_DATA,
KR356115GFB8,,NO_MARKET_DATA,
KR356201G357,,NO_MARKET_DATA,
KR35620272B9,,NO_MARKET_DATA,
KR356203G353,,NO_MARKET_DATA,
KR356203G387,,NO_MARKET_DATA,
KR354433GA60,,NO_MARKET_DATA,
KR3544347270,,NO_MARKET_DATA,
KR3544347296,,NO_MARKET_DATA,
KR35443472B0,,NO_MARKET_DATA,
KR380801AF94,,NO_MARKET_DATA,
KR3544347320,,NO_MARKET_DATA,
KR380702G693,,NO_MARKET_DATA,
KR380702GBB2,,NO_MARKET_DATA,
KR380702GCC8,,NO_MARKET_DATA,
KR380702GFC1,,NO_MARKET_DATA,
KR354702GF28,,NO_MARKET_DATA,
KR380808GG25,,NO_MARKET_DATA,
KR6003582F99,,NO_MARKET_DATA,
KR354702GF44,,NO_MARKET_DATA,
KR354702GF69,,NO_MARKET_DATA,
KR354702GF93,,NO_MARKET_DATA,
KR380807GG67,,NO_MARKET_DATA,
KR380807GG75,,NO_MARKET_DATA,
KR380808GF42,,NO_MARKET_DATA,
KR380808GF83,,NO_MARKET_DATA,
KR380808GF91,,NO_MARKET_DATA,
KR633681A994,,NO_MARKET_DATA,
KR6411181EB1,,NO_MARKET_DATA,
KR6227621FB7,,NO_MARKET_DATA,
KR6227841F67,,NO_MARKET_DATA,
KR6336732F35,,NO_MARKET_DATA,
KR6336812997,,NO_MARKET_DATA,
KR6336813995,,NO_MARKET_DATA,
KR6336814993,,NO_MARKET_DATA,
KR6336815990,,NO_MARKET_DATA,
KR6336816998,,NO_MARKET_DATA,
KR6336817996,,NO_MARKET_DATA,
KR6432321G12,,NO_MARKET_DATA,
KR6432331F52,,NO_MARKET_DATA,
KR6432341F50,,NO_MARKET_DATA,
KR6432361E98,,NO_MARKET_DATA,
KR6481531E41,,NO_MARKET_DATA,
KR6481551E46,,NO_MARKET_DATA,
KR6481821E57,,NO_MARKET_DATA,
KR6481821G63,,NO_MARKET_DATA,
KR6481891E45,,NO_MARKET_DATA,
KR6481991E44,,NO_MARKET_DATA,
KR6482221F68,,NO_MARKET_DATA,
KR6355611F56,,NO_MARKET_DATA,
KR6445091G38,,NO_MARKET_DATA,
KR6445141F96,,NO_MARKET_DATA,
KR6445161F91,,NO_MARKET_DATA,
KR6445191E96,,NO_MARKET_DATA,
KR6445191F95,,NO_MARKET_DATA,
KR6445243D61,,NO_MARKET_DATA,
KR6445471G53,,NO_MARKET_DATA,
KR6445472G37,,NO_MARKET_DATA,
KR6445472G52,,NO_MARKET_DATA,
KR6445481G69,,NO_MARKET_DATA,
KR649586KEA4,,NO_MARKET_DATA,
KR649586LEA2,,NO_MARKET_DATA,
KR649586MEA0,,NO_MARKET_DATA,
KR6495871EA8,,NO_MARKET_DATA,
KR6321821F47,,NO_MARKET_DATA,
KR6321891F34,,NO_MARKET_DATA,
KR6322511F73,,NO_MARKET_DATA,
KR6322781E51,,NO_MARKET_DATA,
KR6322781G75,,NO_MARKET_DATA,
KR6322971G34,,NO_MARKET_DATA,
KR6323192940,,NO_MARKET_DATA,
KR60130PAFB8,,NO_MARKET_DATA,
KR60130PBFB6,,NO_MARKET_DATA,
KR60130PCFB4,,NO_MARKET_DATA,
KR60130PDFB2,,NO_MARKET_DATA,
KR3105027337,,NO_MARKET_DATA,
KR310502AF93,,NO_MARKET_DATA,
KR351602GD50,,NO_MARKET_DATA,
KR351602GD68,,NO_MARKET_DATA,
KR351602GD76,,NO_MARKET_DATA,
KR351602GD92,,NO_MARKET_DATA,
KR356203G429,,NO_MARKET_DATA,
KR3562047349,,NO_MARKET_DATA,
KR3562057298,,NO_MARKET_DATA,
KR3562057330,,NO_MARKET_DATA,
KR60013M2F42,,NO_MARKET_DATA,
KR60013M3F25,,NO_MARKET_DATA,
KR60013M3F33,,NO_MARKET_DATA,
KR60013M4F24,,NO_MARKET_DATA,
KR60013M5F23,,NO_MARKET_DATA,
KR60013M6F22,,NO_MARKET_DATA,
KR60013M7F21,,NO_MARKET_DATA,
KR380702GG14,,NO_MARKET_DATA,
KR380702GG30,,NO_MARKET_DATA,
KR380702GG63,,NO_MARKET_DATA,
KR380703G6B7,,NO_MARKET_DATA,
KR380703GG62,,NO_MARKET_DATA,
KR60030V1F30,,NO_MARKET_DATA,
KR60030X1F36,,NO_MARKET_DATA,
KR60030Y1F42,,NO_MARKET_DATA,
KR60030Y1FB2,,NO_MARKET_DATA,
KR60030Y1FC0,,NO_MARKET_DATA,
KR60030Z1F31,,NO_MARKET_DATA,
KR380808GFA0,,NO_MARKET_DATA,
KR380808GFB8,,NO_MARKET_DATA,
KR380808GFC6,,NO_MARKET_DATA,
KR380808GG33,,NO_MARKET_DATA,
KR380808GG41,,NO_MARKET_DATA,
KR6003542F80,,NO_MARKET_DATA,
KR6003542G14,,NO_MARKET_DATA,
KR6003543F89,,NO_MARKET_DATA,
KR6003543G13,,NO_MARKET_DATA,
KR6003544G12,,NO_MARKET_DATA,
KR6003571F76,,NO_MARKET_DATA,
KR6336818994,,NO_MARKET_DATA,
KR6336819992,,NO_MARKET_DATA,
KR6336825999,,NO_MARKET_DATA,
KR6410911EB2,,NO_MARKET_DATA,
KR6410921EB1,,NO_MARKET_DATA,
KR6410931EA2,,NO_MARKET_DATA,
KR6410931EB0,,NO_MARKET_DATA,
KR6410931G36,,NO_MARKET_DATA,
KR6410941EB9,,NO_MARKET_DATA,
KR6410961EB7,,NO_MARKET_DATA,
KR6410971EB6,,NO_MARKET_DATA,
KR6482222F67,,NO_MARKET_DATA,
KR6277811BB2,,NO_MARKET_DATA,
KR6277881E98,,NO_MARKET_DATA,
KR6278281EB1,,NO_MARKET_DATA,
KR6278282EB9,,NO_MARKET_DATA,
KR6278371F68,,NO_MARKET_DATA,
KR6368581FA4,,NO_MARKET_DATA,
KR6285311EB7,,NO_MARKET_DATA,
KR6285311G57,,NO_MARKET_DATA,
KR6285381EB0,,NO_MARKET_DATA,
KR6369161FA4,,NO_MARKET_DATA,
KR6445482G35,,NO_MARKET_DATA,
KR6489121FA3,,NO_MARKET_DATA,
KR6489181E88,,NO_MARKET_DATA,
KR6489211E74,,NO_MARKET_DATA,
KR6489261EC6,,NO_MARKET_DATA,
KR6489261F15,,NO_MARKET_DATA,
KR6489261G30,,NO_MARKET_DATA,
KR6489281E95,,NO_MARKET_DATA,
KR6489282E94,,NO_MARKET_DATA,
KR6489311EA3,,NO_MARKET_DATA,
KR6489312EA1,,NO_MARKET_DATA,
KR6323491G41,,NO_MARKET_DATA,
KR6323531G43,,NO_MARKET_DATA,
KR6323531G50,,NO_MARKET_DATA,
KR6323541G41,,NO_MARKET_DATA,
KR6401561E91,,NO_MARKET_DATA,
KR6401631E97,,NO_MARKET_DATA,
KR6401641E95,,NO_MARKET_DATA,
KR6401641F52,,NO_MARKET_DATA,
KR6401642EA6,,NO_MARKET_DATA,
KR6401643EA4,,NO_MARKET_DATA,
KR6401644EA2,,NO_MARKET_DATA,
KR354404J9C3,,NO_MARKET_DATA,
KR354404JA47,,NO_MARKET_DATA,
KR354404JA54,,NO_MARKET_DATA,
KR354404JA62,,NO_MARKET_DATA,
KR354422GDA7,,NO_MARKET_DATA,
KR354422GDC3,,NO_MARKET_DATA,
KR354422GE69,,NO_MARKET_DATA,
KR354422GEA5,,NO_MARKET_DATA,
KR354422GF92,,NO_MARKET_DATA,
KR354422GG18,,NO_MARKET_DATA,
KR60013M8F20,,NO_MARKET_DATA,
KR6001431A34,,NO_MARKET_DATA,
KR6001431F39,,NO_MARKET_DATA,
KR6001432F38,,NO_MARKET_DATA,
KR6006621F38,,NO_MARKET_DATA,
KR60066E1F63,,NO_MARKET_DATA,
KR60066F1F86,,NO_MARKET_DATA,
KR60066G1F68,,NO_MARKET_DATA,
KR60066G2F67,,NO_MARKET_DATA,
KR60066R1F99,,NO_MARKET_DATA,
KR60066R2F98,,NO_MARKET_DATA,
KR6003161E65,,NO_MARKET_DATA,
KR6003161FB4,,NO_MARKET_DATA,
KR60031A1F40,,NO_MARKET_DATA,
KR60031C1F38,,NO_MARKET_DATA,
KR60031C2F37,,NO_MARKET_DATA,
KR6008272E52,,NO_MARKET_DATA,
KR6008272E86,,NO_MARKET_DATA,
KR6008272E94,,NO_MARKET_DATA,
KR6008272EA9,,NO_MARKET_DATA,
KR6008272EB7,,NO_MARKET_DATA,
KR6008272EC5,,NO_MARKET_DATA,
KR6003581DA0,,NO_MARKET_DATA,
KR6003581E75,,NO_MARKET_DATA,
KR6003581FC1,,NO_MARKET_DATA,
KR60035D1F45,,NO_MARKET_DATA,
KR600827AEB8,,NO_MARKET_DATA,
KR600827AF61,,NO_MARKET_DATA,
KR600827AFB5,,NO_MARKET_DATA,
KR600827AG37,,NO_MARKET_DATA,
KR600827AG78,,NO_MARKET_DATA,
KR600827BDA0,,NO_MARKET_DATA,
KR600827BF60,,NO_MARKET_DATA,
KR6411031EB8,,NO_MARKET_DATA,
KR6411141EB5,,NO_MARKET_DATA,
KR6471361DB8,,NO_MARKET_DATA,
KR6471471EB3,,NO_MARKET_DATA,
KR6471481DB4,,NO_MARKET_DATA,
KR6471501DB9,,NO_MARKET_DATA,
KR6471561FB8,,NO_MARKET_DATA,
KR6471571FB7,,NO_MARKET_DATA,
KR6420511FC3,,NO_MARKET_DATA,
KR647159WDB7,,NO_MARKET_DATA,
KR647159XDB5,,NO_MARKET_DATA,
KR6369371DA4,,NO_MARKET_DATA,
KR6370142AB0,,NO_MARKET_DATA,
KR6370143AB8,,NO_MARKET_DATA,
KR6370144AB6,,NO_MARKET_DATA,
KR6370501F90,,NO_MARKET_DATA,
KR6370811EB2,,NO_MARKET_DATA,
KR6370831F91,,NO_MARKET_DATA,
KR6370831G33,,NO_MARKET_DATA,
KR6370831G41,,NO_MARKET_DATA,
KR6370831G74,,NO_MARKET_DATA,
KR6442901C96,,NO_MARKET_DATA,
KR6489421EA0,,NO_MARKET_DATA,
KR6295191F45,,NO_MARKET_DATA,
KR6295231F47,,NO_MARKET_DATA,
KR6295231F96,,NO_MARKET_DATA,
KR6295271F48,,NO_MARKET_DATA,
KR6295301F42,,NO_MARKET_DATA,
KR6295301G58,,NO_MARKET_DATA,
KR6295311F40,,NO_MARKET_DATA,
KR6295311F73,,NO_MARKET_DATA,
KR6295311G49,,NO_MARKET_DATA,
KR6295312F64,,NO_MARKET_DATA,
KR6401645EA9,,NO_MARKET_DATA,
KR6401651E92,,NO_MARKET_DATA,
KR6401681D97,,NO_MARKET_DATA,
KR6401681E96,,NO_MARKET_DATA,
KR6495881EA7,,NO_MARKET_DATA,
KR6460591G57,,NO_MARKET_DATA,
KR6460601G55,,NO_MARKET_DATA,
KR6460611G53,,NO_MARKET_DATA,
KR6460631G59,,NO_MARKET_DATA,
KR6460651G54,,NO_MARKET_DATA,
KR6460671G50,,NO_MARKET_DATA,
KR354403J892,,NO_MARKET_DATA,
KR354403J8C6,,NO_MARKET_DATA,
KR354403J9B6,,NO_MARKET_DATA,
KR354419GE15,,NO_MARKET_DATA,
KR354419GE49,,NO_MARKET_DATA,
KR354419GE64,,NO_MARKET_DATA,
KR354419GF97,,NO_MARKET_DATA,
KR356403GE59,,NO_MARKET_DATA,
KR356404GA78,,NO_MARKET_DATA,
KR356405GA77,,NO_MARKET_DATA,
KR6006741G16,,NO_MARKET_DATA,
KR6006741G57,,NO_MARKET_DATA,
KR6006741G65,,NO_MARKET_DATA,
KR6006742G64,,NO_MARKET_DATA,
KR60133G1FB0,,NO_MARKET_DATA,
KR60134E1FB1,,NO_MARKET_DATA,
KR60134E2FB9,,NO_MARKET_DATA,
KR60134X1FB8,,NO_MARKET_DATA,
KR354425GA45,,NO_MARKET_DATA,
KR354425GA52,,NO_MARKET_DATA,
KR354425GA60,,NO_MARKET_DATA,
KR6008272F10,,NO_MARKET_DATA,
KR6008272F28,,NO_MARKET_DATA,
KR6008272F36,,NO_MARKET_DATA,
KR6008272F44,,NO_MARKET_DATA,
KR6008272F51,,NO_MARKET_DATA,
KR354601GG45,,NO_MARKET_DATA,
KR354601GG60,,NO_MARKET_DATA,
KR354601GG78,,NO_MARKET_DATA,
KR354601GG86,,NO_MARKET_DATA,
KR354601JF76,,NO_MARKET_DATA,
KR354601JF92,,NO_MARKET_DATA,
KR600827BFB3,,NO_MARKET_DATA,
KR600827BG77,,NO_MARKET_DATA,
KR600827CD61,,NO_MARKET_DATA,
KR6216251F89,,NO_MARKET_DATA,
KR6216401B25,,NO_MARKET_DATA,
KR6216431G32,,NO_MARKET_DATA,
KR6216481F32,,NO_MARKET_DATA,
KR6327211G58,,NO_MARKET_DATA,
KR6327211G66,,NO_MARKET_DATA,
KR6219551E57,,NO_MARKET_DATA,
KR6220031D56,,NO_MARKET_DATA,
KR647159YDB3,,NO_MARKET_DATA,
KR647159ZDB0,,NO_MARKET_DATA,
KR6471641DC1,,NO_MARKET_DATA,
KR647198TDB1,,NO_MARKET_DATA,
KR6472041DB5,,NO_MARKET_DATA,
KR6472141EC9,,NO_MARKET_DATA,
KR6472221DB3,,NO_MARKET_DATA,
KRC0350C5630,,NO_MARKET_DATA,
KRC0350C5697,,NO_MARKET_DATA,
KRC0350C5739,,NO_MARKET_DATA,
KR644312VC93,,NO_MARKET_DATA,
KR6443151G14,,NO_MARKET_DATA,
KR6443161G12,,NO_MARKET_DATA,
KR6443261C98,,NO_MARKET_DATA,
KR6443262C97,,NO_MARKET_DATA,
KR6443271C96,,NO_MARKET_DATA,
KR6443272C95,,NO_MARKET_DATA,
KR6443441FB8,,NO_MARKET_DATA,
KR6443451F53,,NO_MARKET_DATA,
KR6443461FA8,,NO_MARKET_DATA,
KR6485821F99,,NO_MARKET_DATA,
KR6295421E89,,NO_MARKET_DATA,
KR6378801G40,,NO_MARKET_DATA,
KR6378912B33,,NO_MARKET_DATA,
KR6379711B34,,NO_MARKET_DATA,
KR6379712B33,,NO_MARKET_DATA,
KR6379731F69,,NO_MARKET_DATA,
KR6380541E27,,NO_MARKET_DATA,
KR6380541F42,,NO_MARKET_DATA,
KR6380541F59,,NO_MARKET_DATA,
KR6380541FA2,,NO_MARKET_DATA,
KR6380551F15,,NO_MARKET_DATA,
KR6460691D67,,NO_MARKET_DATA,
KR6460692F64,,NO_MARKET_DATA,
KR6460693F63,,NO_MARKET_DATA,
KR6460694F62,,NO_MARKET_DATA,
KR6460695F61,,NO_MARKET_DATA,
KR6495891EA6,,NO_MARKET_DATA,
KR6495921EA1,,NO_MARKET_DATA,
KR6495961EA7,,NO_MARKET_DATA,
KR6495973EA2,,NO_MARKET_DATA,
KR6495974EA0,,NO_MARKET_DATA,
KR357301GDB8,,NO_MARKET_DATA,
KR357301GEC4,,NO_MARKET_DATA,
KR357301GF67,,NO_MARKET_DATA,
KR357301GFA5,,NO_MARKET_DATA,
KR60022W1G42,,NO_MARKET_DATA,
KR6002321F14,,NO_MARKET_DATA,
KR6002321F55,,NO_MARKET_DATA,
KR6002321F97,,NO_MARKET_DATA,
KR6002321FB5,,NO_MARKET_DATA,
KR6002321G13,,NO_MARKET_DATA,
KR6002321G70,,NO_MARKET_DATA,
KR354425GA78,,NO_MARKET_DATA,
KR354425GB44,,NO_MARKET_DATA,
KR354425GC43,,NO_MARKET_DATA,
KR60152J1G36,,NO_MARKET_DATA,
KR310508GD77,,NO_MARKET_DATA,
KR310508GE84,,NO_MARKET_DATA,
KR310508GE92,,NO_MARKET_DATA,
KR310508GEB2,,NO_MARKET_DATA,
KR310508GEC0,,NO_MARKET_DATA,
KR310508GF59,,NO_MARKET_DATA,
KR310508GF67,,NO_MARKET_DATA,
KR60166X2G69,,NO_MARKET_DATA,
KR6016712E20,,NO_MARKET_DATA,
KR60167T1G41,,NO_MARKET_DATA,
KR350101G9C0,,NO_MARKET_DATA,
KR350101GA28,,NO_MARKET_DATA,
KR350101GA36,,NO_MARKET_DATA,
KR350101GB92,0.0636941914480197,CALCULATED,저민감
KR350101GBA5,,NO_MARKET_DATA,
KR350101GC26,,NO_MARKET_DATA,
KR350101GE99,,NO_MARKET_DATA,
KR350101GEA9,,NO_MARKET_DATA,
KR6220032E62,,NO_MARKET_DATA,
KR6220071551,,NO_MARKET_DATA,
KR6220101E92,,NO_MARKET_DATA,
KR6220261E72,,NO_MARKET_DATA,
KR6220401G55,,NO_MARKET_DATA,
KR6220441G57,,NO_MARKET_DATA,
KR6220481F67,,NO_MARKET_DATA,
KR6328172E22,,NO_MARKET_DATA,
KR6328173E21,,NO_MARKET_DATA,
KR6328571G68,,NO_MARKET_DATA,
KR6328591G64,,NO_MARKET_DATA,
KRC0350C5796,,NO_MARKET_DATA,
KRC0350C5838,,NO_MARKET_DATA,
KRC0350C5895,,NO_MARKET_DATA,
KRC0350C5937,,NO_MARKET_DATA,
KRC0350C5994,,NO_MARKET_DATA,
KRC0350C6034,,NO_MARKET_DATA,
KRC0350C6091,,NO_MARKET_DATA,
KR6243471G60,,NO_MARKET_DATA,
KR6243501G56,,NO_MARKET_DATA,
KR6243561E97,,NO_MARKET_DATA,
KR6243561F47,,NO_MARKET_DATA,
KR6443912CA7,,NO_MARKET_DATA,
KR6485831E64,,NO_MARKET_DATA,
KR6485841E62,,NO_MARKET_DATA,
KR6485871E65,,NO_MARKET_DATA,
KR6485901E85,,NO_MARKET_DATA,
KR6485911E83,,NO_MARKET_DATA,
KR6485911G57,,NO_MARKET_DATA,
KR6485921E73,,NO_MARKET_DATA,
KR6485921E81,,NO_MARKET_DATA,
KR6485921E99,,NO_MARKET_DATA,
KR6485921EC9,,NO_MARKET_DATA,
KR6485921F49,,NO_MARKET_DATA,
KR6446191C96,,NO_MARKET_DATA,
KR6380551G48,,NO_MARKET_DATA,
KR6380701B59,,NO_MARKET_DATA,
KR6445482G68,,NO_MARKET_DATA,
KR6445581F93,,NO_MARKET_DATA,
KR6445881F90,,NO_MARKET_DATA,
KR6445971C94,,NO_MARKET_DATA,
KR6446031G47,,NO_MARKET_DATA,
KR6446142G35,,NO_MARKET_DATA,
KR6446151CA9,,NO_MARKET_DATA,
KR6446171D40,,NO_MARKET_DATA,
KR6495975EA7,,NO_MARKET_DATA,
KR6495976EA5,,NO_MARKET_DATA,
KR6495977EA3,,NO_MARKET_DATA,
KR6495978EA1,,NO_MARKET_DATA,
KR6316141FA0,,NO_MARKET_DATA,
KR6316141G31,,NO_MARKET_DATA,
KR6316141G49,,NO_MARKET_DATA,
KR6316141G56,,NO_MARKET_DATA,
KR6316141G64,,NO_MARKET_DATA,
KR6316141G72,,NO_MARKET_DATA,
KR6001682C12,,NO_MARKET_DATA,
KR6001682E10,,NO_MARKET_DATA,
KR6001682F19,,NO_MARKET_DATA,
KR6001682G18,,NO_MARKET_DATA,
KR6001683B12,,NO_MARKET_DATA,
KR6001683C11,,NO_MARKET_DATA,
KR6001683F18,,NO_MARKET_DATA,
KR60068AHF63,,NO_MARKET_DATA,
KR60068AJF61,,NO_MARKET_DATA,
KR60068AKF68,,NO_MARKET_DATA,
KR310508GF75,,NO_MARKET_DATA,
KR310508GF83,,NO_MARKET_DATA,
KR310508GF91,,NO_MARKET_DATA,
KR310508GFA1,,NO_MARKET_DATA,
KR352202GB70,,NO_MARKET_DATA,
KR352202GB96,,NO_MARKET_DATA,
KR354405JA53,,NO_MARKET_DATA,
KR3544067324,,NO_MARKET_DATA,
KR352202GBA9,,NO_MARKET_DATA,
KR352202GC46,,NO_MARKET_DATA,
KR350101GEB7,,NO_MARKET_DATA,
KR350101GEC5,,NO_MARKET_DATA,
KR350101GF15,,NO_MARKET_DATA,
KR352503GEA4,,NO_MARKET_DATA,
KR354407G873,,NO_MARKET_DATA,
KR352503GEC0,,NO_MARKET_DATA,
KR352503GF56,,NO_MARKET_DATA,
KR352503GF64,,NO_MARKET_DATA,
KR352503GF72,,NO_MARKET_DATA,
KR352503GF98,,NO_MARKET_DATA,
KR6328671F68,,NO_MARKET_DATA,
KR6328741G63,,NO_MARKET_DATA,
KR6328991G60,,NO_MARKET_DATA,
KR6329131E38,,NO_MARKET_DATA,
KR6329131E87,,NO_MARKET_DATA,
KR6329131G69,,NO_MARKET_DATA,
KR6329171F61,,NO_MARKET_DATA,
KR6405001D18,,NO_MARKET_DATA,
KR6405101F98,,NO_MARKET_DATA,
KR6405351BA6,,NO_MARKET_DATA,
KR6405401F20,,NO_MARKET_DATA,
KR6243561FA7,,NO_MARKET_DATA,
KR6243561G53,,NO_MARKET_DATA,
KR6243701EA2,,NO_MARKET_DATA,
KR6243701F48,,NO_MARKET_DATA,
KR6243911E94,,NO_MARKET_DATA,
KR6243961F43,,NO_MARKET_DATA,
KR6243981F49,,NO_MARKET_DATA,
KR6345101F39,,NO_MARKET_DATA,
KR6345111FB6,,NO_MARKET_DATA,
KR6345121EB8,,NO_MARKET_DATA,
KR6345141EB6,,NO_MARKET_DATA,
KR6279811E99,,NO_MARKET_DATA,
KR6279821E30,,NO_MARKET_DATA,
KR6279821F39,,NO_MARKET_DATA,
KR6279851EA2,,NO_MARKET_DATA,
KR6279871E96,,NO_MARKET_DATA,
KR6279931E94,,NO_MARKET_DATA,
KR6279951E99,,NO_MARKET_DATA,
KR6279951F49,,NO_MARKET_DATA,
KR6279961E97,,NO_MARKET_DATA,
KR6279981F92,,NO_MARKET_DATA,
KR6280021F50,,NO_MARKET_DATA,
KR6446171G47,,NO_MARKET_DATA,
KR644640KCA8,,NO_MARKET_DATA,
KR6489481E77,,NO_MARKET_DATA,
KR6489562E95,,NO_MARKET_DATA,
KR6489641E82,,NO_MARKET_DATA,
KR6489681EB7,,NO_MARKET_DATA,
KR6489682EB5,,NO_MARKET_DATA,
KR6489731E83,,NO_MARKET_DATA,
KR648975QE89,,NO_MARKET_DATA,
KR648975RE88,,NO_MARKET_DATA,
KR648975SE87,,NO_MARKET_DATA,
KR6316142993,,NO_MARKET_DATA,
KR6316142B76,,NO_MARKET_DATA,
KR6316142C67,,NO_MARKET_DATA,
KR6316142F23,,NO_MARKET_DATA,
KR6316142F64,,NO_MARKET_DATA,
KR6401721E98,,NO_MARKET_DATA,
KR6401751E91,,NO_MARKET_DATA,
KR6401751F41,,NO_MARKET_DATA,
KR6401761E99,,NO_MARKET_DATA,
KR6401771E97,,NO_MARKET_DATA,
KR6401791D94,,NO_MARKET_DATA,
KR60071PYF60,,NO_MARKET_DATA,
KR60071Z1FC9,,NO_MARKET_DATA,
KR60072B1FC6,,NO_MARKET_DATA,
KR60072T2F68,,NO_MARKET_DATA,
KR60072Z1F66,,NO_MARKET_DATA,
KR6007371BB4,,NO_MARKET_DATA,
KR60144A3FC7,,NO_MARKET_DATA,
KR60144C9FC2,,NO_MARKET_DATA,
KR60144CAFC5,,NO_MARKET_DATA,
KR60144CBFC3,,NO_MARKET_DATA,
KR352202GC61,,NO_MARKET_DATA,
KR352202GC79,,NO_MARKET_DATA,
KR352202GC87,,NO_MARKET_DATA,
KR352202GDA5,,NO_MARKET_DATA,
KR352202GE44,,NO_MARKET_DATA,
KR352202GE77,,NO_MARKET_DATA,
KR354405GG84,,NO_MARKET_DATA,
KR354405J566,,NO_MARKET_DATA,
KR35440692B6,,NO_MARKET_DATA,
KR354406G396,,NO_MARKET_DATA,
KR352503GFC7,,NO_MARKET_DATA,
KR352503GG14,,NO_MARKET_DATA,
KR352503GG30,,NO_MARKET_DATA,
KR352503GG48,,NO_MARKET_DATA,
KR354407G865,,NO_MARKET_DATA,
KR354407G881,,NO_MARKET_DATA,
KR354407G8A9,,NO_MARKET_DATA,
KR354407G8C5,,NO_MARKET_DATA,
KR354407G949,,NO_MARKET_DATA,
KR354407G964,,NO_MARKET_DATA,
KR6405421D77,,NO_MARKET_DATA,
KR6405424D74,,NO_MARKET_DATA,
KR6405425D73,,NO_MARKET_DATA,
KR6405426D72,,NO_MARKET_DATA,
KR6405427D71,,NO_MARKET_DATA,
KR6405428D70,,NO_MARKET_DATA,
KR6405429D79,,NO_MARKET_DATA,
KR646517TD86,,NO_MARKET_DATA,
KR6465321D80,,NO_MARKET_DATA,
KR6465391D85,,NO_MARKET_DATA,
KR6465695D88,,NO_MARKET_DATA,
KR6345181EB2,,NO_MARKET_DATA,
KR6345181FA1,,NO_MARKET_DATA,
KR6345211EB7,,NO_MARKET_DATA,
KR6345211F51,,NO_MARKET_DATA,
KR6345261EB2,,NO_MARKET_DATA,
KR6345301E61,,NO_MARKET_DATA,
KR6345601E92,,NO_MARKET_DATA,
KR6420512C36,,NO_MARKET_DATA,
KR6420512C69,,NO_MARKET_DATA,
KR6420512FC1,,NO_MARKET_DATA,
KR6420591E95,,NO_MARKET_DATA,
KR6370851G38,,NO_MARKET_DATA,
KR6370851G53,,NO_MARKET_DATA,
KR6371111FB3,,NO_MARKET_DATA,
KR6371251FB7,,NO_MARKET_DATA,
KR6371261F49,,NO_MARKET_DATA,
KR6371261FB6,,NO_MARKET_DATA,
KR6371281FB4,,NO_MARKET_DATA,
KR6371282EA7,,NO_MARKET_DATA,
KR6371283EA5,,NO_MARKET_DATA,
KR6371284EA3,,NO_MARKET_DATA,
KR6371285EA0,,NO_MARKET_DATA,
KR648975TE86,,NO_MARKET_DATA,
KR6489791G21,,NO_MARKET_DATA,
KR6287281FB7,,NO_MARKET_DATA,
KR6287282EA0,,NO_MARKET_DATA,
KR6287283EA8,,NO_MARKET_DATA,
KR6287284EA6,,NO_MARKET_DATA,
KR6287285EA3,,NO_MARKET_DATA,
KR6288181F83,,NO_MARKET_DATA,
KR6288331F74,,NO_MARKET_DATA,
KR6288621EA8,,NO_MARKET_DATA,
KR6288821814,,NO_MARKET_DATA,
KR6401791E93,,NO_MARKET_DATA,
KR6401791EA1,,NO_MARKET_DATA,
KR6401791F50,,NO_MARKET_DATA,
KR6401791G67,,NO_MARKET_DATA,
KR6401792F67,,NO_MARKET_DATA,
KR6460711G52,,NO_MARKET_DATA,
KR6460721D61,,NO_MARKET_DATA,
KR6460731G58,,NO_MARKET_DATA,
KR6460751D64,,NO_MARKET_DATA,
KR6460751E63,,NO_MARKET_DATA,
KR6460781G57,,NO_MARKET_DATA,
KR6014281G73,,NO_MARKET_DATA,
KR6014282F32,,NO_MARKET_DATA,
KR6014282F99,,NO_MARKET_DATA,
KR6014282G64,,NO_MARKET_DATA,
KR60142G1FQ7,,NO_MARKET_DATA,
KR60142G2FQ5,,NO_MARKET_DATA,
KR60142G3FQ3,,NO_MARKET_DATA,
KR357101GAA0,,NO_MARKET_DATA,
KR357102G935,,NO_MARKET_DATA,
KR357102G992,,NO_MARKET_DATA,
KR357102GA55,,NO_MARKET_DATA,
KR354406G693,,NO_MARKET_DATA,
KR354406G6A4,,NO_MARKET_DATA,
KR354406G6B2,,NO_MARKET_DATA,
KR354406G6C0,,NO_MARKET_DATA,
KR354425GD42,,NO_MARKET_DATA,
KR354425GD59,,NO_MARKET_DATA,
KR354425GD67,,NO_MARKET_DATA,
KR354425GD75,,NO_MARKET_DATA,
KR354425GD83,,NO_MARKET_DATA,
KR354425GD91,,NO_MARKET_DATA,
KR354407G972,,NO_MARKET_DATA,
KR354407G9A7,,NO_MARKET_DATA,
KR354407G9B5,,NO_MARKET_DATA,
KR354602G473,,NO_MARKET_DATA,
KR354602G648,,NO_MARKET_DATA,
KR354602G689,,NO_MARKET_DATA,
KR354602G6A6,,NO_MARKET_DATA,
KR354602G770,,NO_MARKET_DATA,
KR354602G796,,NO_MARKET_DATA,
KR354602G945,,NO_MARKET_DATA,
KR6465696D87,,NO_MARKET_DATA,
KR6465711D96,,NO_MARKET_DATA,
KR6465771DC4,,NO_MARKET_DATA,
KR6465771EA6,,NO_MARKET_DATA,
KR6465891F70,,NO_MARKET_DATA,
KR6465892F79,,NO_MARKET_DATA,
KR6465911D86,,NO_MARKET_DATA,
KR6496991EB1,,NO_MARKET_DATA,
KR6497001EB8,,NO_MARKET_DATA,
KR6497021EB6,,NO_MARKET_DATA,
KR6497031EB5,,NO_MARKET_DATA,
KR6420591F60,,NO_MARKET_DATA,
KR6420591FB7,,NO_MARKET_DATA,
KR6420591G51,,NO_MARKET_DATA,
KR6420591G69,,NO_MARKET_DATA,
KR6420592EA0,,NO_MARKET_DATA,
KR6420592F69,,NO_MARKET_DATA,
KR6472231DB2,,NO_MARKET_DATA,
KR6472241EB9,,NO_MARKET_DATA,
KR6472401EC7,,NO_MARKET_DATA,
KR6472451DB6,,NO_MARKET_DATA,
KR6443512C95,,NO_MARKET_DATA,
KR6443911CA9,,NO_MARKET_DATA,
KR6443961G48,,NO_MARKET_DATA,
KR6443961G55,,NO_MARKET_DATA,
KR6443991F92,,NO_MARKET_DATA,
KR6444011EA3,,NO_MARKET_DATA,
KR6444011F96,,NO_MARKET_DATA,
KR6444011G61,,NO_MARKET_DATA,
KR6444013EA9,,NO_MARKET_DATA,
KR6444014EA7,,NO_MARKET_DATA,
KR6485921F56,,NO_MARKET_DATA,
KR6288981C70,,NO_MARKET_DATA,
KR6288981D95,,NO_MARKET_DATA,
KR6380702B58,,NO_MARKET_DATA,
KR6380703B57,,NO_MARKET_DATA,
KR6380704B56,,NO_MARKET_DATA,
KR6380721B48,,NO_MARKET_DATA,
KR6380751G38,,NO_MARKET_DATA,
KR6380781G32,,NO_MARKET_DATA,
KR6380801E97,,NO_MARKET_DATA,
KR6380801G53,,NO_MARKET_DATA,
KR6380811G36,,NO_MARKET_DATA,
KR6460821D60,,NO_MARKET_DATA,
KR6460831G57,,NO_MARKET_DATA,
KR6460871D69,,NO_MARKET_DATA,
KR6460871F91,,NO_MARKET_DATA,
KR6460911D61,,NO_MARKET_DATA,
KR6323551G48,,NO_MARKET_DATA,
KR6495979EA9,,NO_MARKET_DATA,
KR649597AEA2,,NO_MARKET_DATA,
KR649597BEA0,,NO_MARKET_DATA,
KR649597CEA8,,NO_MARKET_DATA,
KR310509AG38,,NO_MARKET_DATA,
KR310509AG46,,NO_MARKET_DATA,
KR310509GD50,,NO_MARKET_DATA,
KR310509GD92,,NO_MARKET_DATA,
KR310509GE83,,NO_MARKET_DATA,
KR351605GD65,,NO_MARKET_DATA,
KR351605GD73,,NO_MARKET_DATA,
KR351605GE23,,NO_MARKET_DATA,
KR351605GE31,,NO_MARKET_DATA,
KR351605GE64,,NO_MARKET_DATA,
KR354425GDA0,,NO_MARKET_DATA,
KR354425GDB8,,NO_MARKET_DATA,
KR354425GG15,,NO_MARKET_DATA,
KR354425GG49,,NO_MARKET_DATA,
KR358302DG25,,NO_MARKET_DATA,
KR358302GG71,,NO_MARKET_DATA,
KR358303DFB5,,NO_MARKET_DATA,
KR3804014TB4,,NO_MARKET_DATA,
KR3804097PA9,,NO_MARKET_DATA,
KR3804127VC8,,NO_MARKET_DATA,
KR380601GDB2,,NO_MARKET_DATA,
KR354602G978,,NO_MARKET_DATA,
KR354602GB23,,NO_MARKET_DATA,
KR354602GB49,,NO_MARKET_DATA,
KR380803GG38,,NO_MARKET_DATA,
KR6003451F97,,NO_MARKET_DATA,
KR6008276D75,,NO_MARKET_DATA,
KR380803GG46,,NO_MARKET_DATA,
KR380803GG53,,NO_MARKET_DATA,
KR380803GG61,,NO_MARKET_DATA,
KR380803GG79,,NO_MARKET_DATA,
KR380804AFC8,,NO_MARKET_DATA,
KR6497041EB4,,NO_MARKET_DATA,
KR6497061EB2,,NO_MARKET_DATA,
KR6497071EB1,,NO_MARKET_DATA,
KR6497091EB9,,NO_MARKET_DATA,
KR6497101EB6,,NO_MARKET_DATA,
KR6497111EB5,,NO_MARKET_DATA,
KR6497121EB4,,NO_MARKET_DATA,
KR6216491F89,,NO_MARKET_DATA,
KR6216491G39,,NO_MARKET_DATA,
KR6216511G50,,NO_MARKET_DATA,
KR6216571EB0,,NO_MARKET_DATA,
KR6472452DB4,,NO_MARKET_DATA,
KR6472511G34,,NO_MARKET_DATA,
KR6472521G65,,NO_MARKET_DATA,
KRC0350C6497,,NO_MARKET_DATA,
KR6472551DC1,,NO_MARKET_DATA,
KR6472581DC8,,NO_MARKET_DATA,
KR6472591F12,,NO_MARKET_DATA,
KR6472641DC0,,NO_MARKET_DATA,
KRC0350C6133,,NO_MARKET_DATA,
KRC0350C6190,,NO_MARKET_DATA,
KRC0350C6232,,NO_MARKET_DATA,
KR6485921F64,,NO_MARKET_DATA,
KR6485921F98,,NO_MARKET_DATA,
KR6493673F68,,NO_MARKET_DATA,
KR6493674EA8,,NO_MARKET_DATA,
KR6493674F67,,NO_MARKET_DATA,
KR6493675EA5,,NO_MARKET_DATA,
KR6493675F66,,NO_MARKET_DATA,
KR6493681F68,,NO_MARKET_DATA,
KR6493682EA1,,NO_MARKET_DATA,
KR6493683EA9,,NO_MARKET_DATA,
KR6493684EA7,,NO_MARKET_DATA,
KR6380851G37,,NO_MARKET_DATA,
KR6380901G37,,NO_MARKET_DATA,
KR6446751CA6,,NO_MARKET_DATA,
KR6446831FB7,,NO_MARKET_DATA,
KR6446831FC5,,NO_MARKET_DATA,
KR6446831G31,,NO_MARKET_DATA,
KR6446831G64,,NO_MARKET_DATA,
KR6446832G30,,NO_MARKET_DATA,
KR6446841CA5,,NO_MARKET_DATA,
KR6446941G61,,NO_MARKET_DATA,
KR649597DEA6,,NO_MARKET_DATA,
KR649597EEA4,,NO_MARKET_DATA,
KR6495981EA5,,NO_MARKET_DATA,
KR6495982EA3,,NO_MARKET_DATA,
KR6496011EB8,,NO_MARKET_DATA,
KR6496071EA4,,NO_MARKET_DATA,
KR6323561G46,,NO_MARKET_DATA,
KR6323601G48,,NO_MARKET_DATA,
KR6323771BB2,,NO_MARKET_DATA,
KR6323771CA2,,NO_MARKET_DATA,
KR6323771E85,,NO_MARKET_DATA,
KR351605GC58,,NO_MARKET_DATA,
KR351605GC74,,NO_MARKET_DATA,
KR351605GCB0,,NO_MARKET_DATA,
KR351605GD32,,NO_MARKET_DATA,
KR354404GG51,,NO_MARKET_DATA,
KR354404GG69,,NO_MARKET_DATA,
KR354404GG77,,NO_MARKET_DATA,
KR354404GG85,,NO_MARKET_DATA,
KR354404J569,,NO_MARKET_DATA,
KR354404J6C9,,NO_MARKET_DATA,
KR380601GE34,,EXCLUDED_PERPETUAL,
KR380601GE83,,NO_MARKET_DATA,
KR380601GEB0,,NO_MARKET_DATA,
KR380601GEC8,,NO_MARKET_DATA,
KR60025RRF31,,NO_MARKET_DATA,
KR60025RSF30,,NO_MARKET_DATA,
KR60025RTF39,,NO_MARKET_DATA,
KR60076H1F81,,NO_MARKET_DATA,
KR60152S1G11,,NO_MARKET_DATA,
KR60025RVF35,,NO_MARKET_DATA,
KR380804AG25,,NO_MARKET_DATA,
KR380804AG74,,NO_MARKET_DATA,
KR380804G5A9,,NO_MARKET_DATA,
KR380804G6B5,,NO_MARKET_DATA,
KR6003451F22,,NO_MARKET_DATA,
KR6003451F55,,NO_MARKET_DATA,
KR6003451G13,,NO_MARKET_DATA,
KR6003451G62,,NO_MARKET_DATA,
KR6003452E97,,NO_MARKET_DATA,
KR6003452F21,,NO_MARKET_DATA,
KR6003452F54,,NO_MARKET_DATA,
KR6216571G32,,NO_MARKET_DATA,
KR6216631F49,,NO_MARKET_DATA,
KR6329502G78,,NO_MARKET_DATA,
KR6216741G37,,NO_MARKET_DATA,
KR6216811EB0,,NO_MARKET_DATA,
KR6216831E97,,NO_MARKET_DATA,
KR6216861F57,,NO_MARKET_DATA,
KR6216871EA6,,NO_MARKET_DATA,
KR6329171G60,,NO_MARKET_DATA,
KR6329183E19,0.4513096772680328,CALCULATED,저민감
KR6329261G61,,NO_MARKET_DATA,
KRC0350C6299,,NO_MARKET_DATA,
KRC0350C6331,,NO_MARKET_DATA,
KRC0350C6398,,NO_MARKET_DATA,
KRC0350C6430,,NO_MARKET_DATA,
KRC0350C6539,,NO_MARKET_DATA,
KRC0350C6596,,NO_MARKET_DATA,
KR6232831G50,,NO_MARKET_DATA,
KR6233421G39,,NO_MARKET_DATA,
KR6233451E26,,NO_MARKET_DATA,
KR6233451E67,,NO_MARKET_DATA,
KR6233491E93,,NO_MARKET_DATA,
KR6493685EA4,,NO_MARKET_DATA,
KR6493686EA2,,NO_MARKET_DATA,
KR6310104FB2,,NO_MARKET_DATA,
KR6310104G13,,NO_MARKET_DATA,
KR6310104G21,,NO_MARKET_DATA,
KR6310104G47,,NO_MARKET_DATA,
KR6310104G70,,NO_MARKET_DATA,
KR6310105F21,,NO_MARKET_DATA,
KR6310105F39,,NO_MARKET_DATA,
KR6310105F54,,NO_MARKET_DATA,
KR6310105F62,,NO_MARKET_DATA,
KR6489857EL2,,NO_MARKET_DATA,
KR6446942G60,,NO_MARKET_DATA,
KR6446951D38,,NO_MARKET_DATA,
KR6446952D37,,NO_MARKET_DATA,
KR6489792G20,,NO_MARKET_DATA,
KR6489851EL5,,NO_MARKET_DATA,
KR6489852EL3,,NO_MARKET_DATA,
KR6489853EL1,,NO_MARKET_DATA,
KR6489854EL9,,NO_MARKET_DATA,
KR6489855EL6,,NO_MARKET_DATA,
KR6323771G42,,NO_MARKET_DATA,
KR6323771G59,,NO_MARKET_DATA,
KR6323772E84,,NO_MARKET_DATA,
KR6323772G58,,NO_MARKET_DATA,
KR6323781F90,,NO_MARKET_DATA,
KR6323781G40,,NO_MARKET_DATA,
KR6401793F66,,NO_MARKET_DATA,
KR6401794F65,,NO_MARKET_DATA,
KR6401881G50,,NO_MARKET_DATA,
KR6401951E99,,NO_MARKET_DATA,
KR6402071BA3,,NO_MARKET_DATA,
KR354423G565,,NO_MARKET_DATA,
KR354423G6C9,,NO_MARKET_DATA,
KR354423G730,,NO_MARKET_DATA,
KR354423G8C5,,NO_MARKET_DATA,
KR354423G9C3,,NO_MARKET_DATA,
KR354423GA13,,NO_MARKET_DATA,
KR354423GA21,,NO_MARKET_DATA,
KR354423GA62,,NO_MARKET_DATA,
KR354423GB46,,NO_MARKET_DATA,
KR357301GFC1,,NO_MARKET_DATA,
KR60025S1FA9,,NO_MARKET_DATA,
KR60025T1G58,,NO_MARKET_DATA,
KR60025T1G66,,NO_MARKET_DATA,
KR60025X1F44,,NO_MARKET_DATA,
KR60025X1F51,,NO_MARKET_DATA,
KR60025Z1FA0,,NO_MARKET_DATA,
KR6002681E19,,NO_MARKET_DATA,
KR60076A1F60,,NO_MARKET_DATA,
KR60076B1F68,,NO_MARKET_DATA,
KR60076G1F75,,NO_MARKET_DATA,
KR60076H2F72,,NO_MARKET_DATA,
KR6003452F96,,NO_MARKET_DATA,
KR6003452G12,,NO_MARKET_DATA,
KR6003452G61,,NO_MARKET_DATA,
KR6008275G40,,NO_MARKET_DATA,
KR6008275G57,,NO_MARKET_DATA,
KR6008275G73,,NO_MARKET_DATA,
KR6008276DA2,,NO_MARKET_DATA,
KR6008276E25,,NO_MARKET_DATA,
KR6008276E41,,NO_MARKET_DATA,
KR6008276E58,,NO_MARKET_DATA,
KR6008276E66,,NO_MARKET_DATA,
KR6329491G71,,NO_MARKET_DATA,
KR6329492G70,,NO_MARKET_DATA,
KR6329501G79,,NO_MARKET_DATA,
KR6329601G37,,NO_MARKET_DATA,
KR6330531CA1,,NO_MARKET_DATA,
KR6330531CC7,,NO_MARKET_DATA,
KR6330532CA9,,NO_MARKET_DATA,
KR640542AD71,,NO_MARKET_DATA,
KR640542DD78,,NO_MARKET_DATA,
KR640542ED77,,NO_MARKET_DATA,
KR640542FD76,,NO_MARKET_DATA,
KR6233491FA9,,NO_MARKET_DATA,
KR6233491FB7,,NO_MARKET_DATA,
KR6233492FA7,,NO_MARKET_DATA,
KR6233541EB2,,NO_MARKET_DATA,
KR6233591EB7,,NO_MARKET_DATA,
KR6233691EB5,,NO_MARKET_DATA,
KR6345671EB2,,NO_MARKET_DATA,
KR6345731E95,,NO_MARKET_DATA,
KR6345731EB4,,NO_MARKET_DATA,
KR6347131F13,,NO_MARKET_DATA,
KR6347201A13,,NO_MARKET_DATA,
KR6310105FB9,,NO_MARKET_DATA,
KR6393463B76,,NO_MARKET_DATA,
KR6393463B84,,NO_MARKET_DATA,
KR6393463BC9,,NO_MARKET_DATA,
KR6393464B83,,NO_MARKET_DATA,
KR6393464BC7,,NO_MARKET_DATA,
KR6393465B82,,NO_MARKET_DATA,
KR6393465BC4,,NO_MARKET_DATA,
KR6393466BC2,,NO_MARKET_DATA,
KR6393891F90,,NO_MARKET_DATA,
KR6393891G57,,NO_MARKET_DATA,
KR6489856EL4,,NO_MARKET_DATA,
KR6489858EL0,,NO_MARKET_DATA,
KR6295791D90,,NO_MARKET_DATA,
KR6295791F49,,NO_MARKET_DATA,
KR6295991F47,,NO_MARKET_DATA,
KR6296051F42,,NO_MARKET_DATA,
KR6296161F49,,NO_MARKET_DATA,
KR6380971G32,,NO_MARKET_DATA,
KR6381021B68,,NO_MARKET_DATA,
KR6381021BC9,,NO_MARKET_DATA,
KR6381022B67,,NO_MARKET_DATA,
KR6460911E37,,NO_MARKET_DATA,
KR6460911G50,,NO_MARKET_DATA,
KR6460912F68,,NO_MARKET_DATA,
KR6460913F67,,NO_MARKET_DATA,
KR6460914F66,,NO_MARKET_DATA,
KR6460915F65,,NO_MARKET_DATA,
KR6460971G57,,NO_MARKET_DATA,
KR6461011G57,,NO_MARKET_DATA,
KR6461091F36,,NO_MARKET_DATA,
KR6461091F69,,NO_MARKET_DATA,
KR6461093F67,,NO_MARKET_DATA,
KR354422GG42,,NO_MARKET_DATA,
KR354422GG59,,NO_MARKET_DATA,
KR3544237315,,NO_MARKET_DATA,
KR354423G417,,NO_MARKET_DATA,
KR357201GF92,,NO_MARKET_DATA,
KR357201GFB5,,NO_MARKET_DATA,
KR357201GG34,,NO_MARKET_DATA,
KR357202GF91,,NO_MARKET_DATA,
KR357301GB95,,NO_MARKET_DATA,
KR357301GBA4,,NO_MARKET_DATA,
KR60076H3F71,,NO_MARKET_DATA,
KR60076W1G30,,NO_MARKET_DATA,
KR60076Y1G44,,NO_MARKET_DATA,
KR60077K1F83,,NO_MARKET_DATA,
KR60077S1F78,,NO_MARKET_DATA,
KR6007841EA2,,NO_MARKET_DATA,
KR60152J1G69,,NO_MARKET_DATA,
KR60152N1G46,,NO_MARKET_DATA,
KR60152P1G41,,NO_MARKET_DATA,
KR60152P2G40,,NO_MARKET_DATA,
KR6015361F17,,NO_MARKET_DATA,
KR6008276E82,,NO_MARKET_DATA,
KR6008276E90,,NO_MARKET_DATA,
KR6016831937,,NO_MARKET_DATA,
KR6016881E58,,NO_MARKET_DATA,
KR6016881F40,,NO_MARKET_DATA,
KR6016881G31,,NO_MARKET_DATA,
KR60168N1G34,,NO_MARKET_DATA,
KR60168N1G59,,NO_MARKET_DATA,
KR60168N2G33,,NO_MARKET_DATA,
KR60169J2G39,,NO_MARKET_DATA,
KR60169J3G38,,NO_MARKET_DATA,
KR640542GD75,,NO_MARKET_DATA,
KR640542HD74,,NO_MARKET_DATA,
KR640542JD72,,NO_MARKET_DATA,
KR6405521BA4,,NO_MARKET_DATA,
KR6405522BA2,,NO_MARKET_DATA,
KR6405641BA0,,NO_MARKET_DATA,
KR6405671FC4,,NO_MARKET_DATA,
KR6466291DA6,,NO_MARKET_DATA,
KR6466311F96,,NO_MARKET_DATA,
KR6466351F71,,NO_MARKET_DATA,
KR646648TD96,,NO_MARKET_DATA,
KR6347201B87,,NO_MARKET_DATA,
KR6347202A12,,NO_MARKET_DATA,
KR6347202B86,,NO_MARKET_DATA,
KR6347203A11,,NO_MARKET_DATA,
KR6347211A29,,NO_MARKET_DATA,
KR6347211C19,,NO_MARKET_DATA,
KR6420592FB5,,NO_MARKET_DATA,
KR6420592G50,,NO_MARKET_DATA,
KR6420593EA8,,NO_MARKET_DATA,
KR6420593F68,,NO_MARKET_DATA,
KR6393971E45,,NO_MARKET_DATA,
KR6455771G67,,NO_MARKET_DATA,
KR6455772G66,,NO_MARKET_DATA,
KR6455791F23,,NO_MARKET_DATA,
KR6455801G61,,NO_MARKET_DATA,
KR6456071FC5,,NO_MARKET_DATA,
KR6493691F66,,NO_MARKET_DATA,
KR6493692EA0,,NO_MARKET_DATA,
KR6493693EA8,,NO_MARKET_DATA,
KR6493694EA6,,NO_MARKET_DATA,
KR6493695EA3,,NO_MARKET_DATA,
KR6381031G38,,NO_MARKET_DATA,
KR6381051G33,,NO_MARKET_DATA,
KR6381111D91,,NO_MARKET_DATA,
KR6381111F32,,NO_MARKET_DATA,
KR6381111F99,,NO_MARKET_DATA,
KR6381111G31,,NO_MARKET_DATA,
KR6381121G39,,NO_MARKET_DATA,
KR6447072F53,,NO_MARKET_DATA,
KR6447101FA6,,NO_MARKET_DATA,
KR6447111FA5,,NO_MARKET_DATA,
KR6447131FA3,,NO_MARKET_DATA,
KR6496151EB2,,NO_MARKET_DATA,
KR6496161EB1,,NO_MARKET_DATA,
KR6496171EB0,,NO_MARKET_DATA,
KR6496201EB5,,NO_MARKET_DATA,
KR6496211EA6,,NO_MARKET_DATA,
KR6496221EB3,,NO_MARKET_DATA,
KR6496251EB0,,NO_MARKET_DATA,
KR6496261EB9,,NO_MARKET_DATA,
KR6496301G11,,NO_MARKET_DATA,
KR649633NEA8,,NO_MARKET_DATA,
KR649633PEA3,,NO_MARKET_DATA,
KR6002322G12,2.212857735400186,CALCULATED,중간
KR6002322G79,,NO_MARKET_DATA,
KR6002323EA6,,NO_MARKET_DATA,
KR6002324D70,,NO_MARKET_DATA,
KR6002324EA4,,NO_MARKET_DATA,
KR6002351F74,,NO_MARKET_DATA,
KR6002352E41,,NO_MARKET_DATA,
KR6002352F73,,NO_MARKET_DATA,
KR6002381EA4,,NO_MARKET_DATA,
KR6002381F37,,NO_MARKET_DATA,
KR6007391G82,,NO_MARKET_DATA,
KR6015361F90,,NO_MARKET_DATA,
KR6015362F16,,NO_MARKET_DATA,
KR6015362F99,,NO_MARKET_DATA,
KR6015363F98,,NO_MARKET_DATA,
KR60153B1G72,,NO_MARKET_DATA,
KR310514GBB6,,NO_MARKET_DATA,
KR310514GE86,,NO_MARKET_DATA,
KR310514GEA2,,NO_MARKET_DATA,
KR310514GF51,,NO_MARKET_DATA,
KR310514GF77,,NO_MARKET_DATA,
KR310514GF85,,NO_MARKET_DATA,
KR60169J4G37,,NO_MARKET_DATA,
KR60169J5G36,,NO_MARKET_DATA,
KR350103GC99,,NO_MARKET_DATA,
KR350103GCA9,,NO_MARKET_DATA,
KR350103GE89,,NO_MARKET_DATA,
KR350103GE97,,NO_MARKET_DATA,
KR350103GEA5,,NO_MARKET_DATA,
KR350103GEB3,,NO_MARKET_DATA,
KR350103GEC1,,NO_MARKET_DATA,
KR350103GF13,,NO_MARKET_DATA,
KR646648VD92,,NO_MARKET_DATA,
KR6466541EC8,,NO_MARKET_DATA,
KR6466621DA4,,NO_MARKET_DATA,
KR6466621E35,,NO_MARKET_DATA,
KR6466622DA2,,NO_MARKET_DATA,
KR6466622E34,,NO_MARKET_DATA,
KR6466671D92,,NO_MARKET_DATA,
KR6497121F67,,NO_MARKET_DATA,
KR6497151EB1,,NO_MARKET_DATA,
KR6497161EB0,,NO_MARKET_DATA,
KR6497161F68,,NO_MARKET_DATA,
KR6420593FB3,,NO_MARKET_DATA,
KR6420601D94,,NO_MARKET_DATA,
KR6420601E10,,NO_MARKET_DATA,
KR6420601F27,,NO_MARKET_DATA,
KR6420601G18,,NO_MARKET_DATA,
KR6420671C33,,NO_MARKET_DATA,
KR6472641EB0,,NO_MARKET_DATA,
KR6472661F82,,NO_MARKET_DATA,
KR6473342E62,,NO_MARKET_DATA,
KR6473351E86,,NO_MARKET_DATA,
KRC0350C6638,,NO_MARKET_DATA,
KR6493702EA7,,NO_MARKET_DATA,
KR6493703EA5,,NO_MARKET_DATA,
KR6493704EA3,,NO_MARKET_DATA,
KR6493705EA0,,NO_MARKET_DATA,
KR649371LE90,,NO_MARKET_DATA,
KR649371NE98,,NO_MARKET_DATA,
KR6309631FA9,,NO_MARKET_DATA,
KR6309641FA8,,NO_MARKET_DATA,
KR6309642F64,,NO_MARKET_DATA,
KR6309671FA5,,NO_MARKET_DATA,
KR6309711G28,,NO_MARKET_DATA,
KR6447132F69,,NO_MARKET_DATA,
KR6447133F68,,NO_MARKET_DATA,
KR6447134F67,,NO_MARKET_DATA,
KR6447135F66,,NO_MARKET_DATA,
KR6447141FA2,,NO_MARKET_DATA,
KR6447151FA1,,NO_MARKET_DATA,
KR6447161FA0,,NO_MARKET_DATA,
KR6489859EL8,,NO_MARKET_DATA,
KR648985AE85,,NO_MARKET_DATA,
KR648985BE84,,NO_MARKET_DATA,
KR6316391G38,,NO_MARKET_DATA,
KR6316751F58,,NO_MARKET_DATA,
KR6317121F42,,NO_MARKET_DATA,
KR6317121FA1,,NO_MARKET_DATA,
KR6317241G53,,NO_MARKET_DATA,
KR6317691E35,,NO_MARKET_DATA,
KR6317691FC9,,NO_MARKET_DATA,
KR6317771E20,,NO_MARKET_DATA,
KR6317771E53,,NO_MARKET_DATA,
KR6317771F86,,NO_MARKET_DATA,
KR6317771G51,,NO_MARKET_DATA,
KR6317772E29,,NO_MARKET_DATA,
KR6002322E97,,NO_MARKET_DATA,
KR6002322EC4,,NO_MARKET_DATA,
KR6002322F13,1.3553012789362529,CALCULATED,중간
KR6002322F54,1.653300978323309,CALCULATED,중간
KR60071PTF67,,NO_MARKET_DATA,
KR60144A4FC5,,NO_MARKET_DATA,
KR60144C8FC4,,NO_MARKET_DATA,
KR60071PVF63,,NO_MARKET_DATA,
KR60071PWF62,,NO_MARKET_DATA,
KR60071PXF61,,NO_MARKET_DATA,
KR310514GFA9,,NO_MARKET_DATA,
KR310514GFB7,,NO_MARKET_DATA,
KR310514GG19,,NO_MARKET_DATA,
KR310514GG35,,NO_MARKET_DATA,
KR310514GG43,,NO_MARKET_DATA,
KR352202GEA3,,NO_MARKET_DATA,
KR352202GF43,,NO_MARKET_DATA,
KR352202GF76,,NO_MARKET_DATA,
KR352203GAA9,,NO_MARKET_DATA,
KR352203GB61,,NO_MARKET_DATA,
KR352203GE43,,NO_MARKET_DATA,
KR350103GF21,,NO_MARKET_DATA,
KR350103GF39,,NO_MARKET_DATA,
KR350103GF47,,NO_MARKET_DATA,
KR352503GG63,,NO_MARKET_DATA,
KR354407GA70,,NO_MARKET_DATA,
KR354407GA88,,NO_MARKET_DATA,
KR352503GG71,,NO_MARKET_DATA,
KR352504GDC0,,NO_MARKET_DATA,
KR352504GE64,,NO_MARKET_DATA,
KR352504GF55,,NO_MARKET_DATA,
KR6497171EB9,,NO_MARKET_DATA,
KR6497171G65,,NO_MARKET_DATA,
KR6497221EB2,,NO_MARKET_DATA,
KR6497231EB1,,NO_MARKET_DATA,
KR6497251EA1,,NO_MARKET_DATA,
KR6497271EB7,,NO_MARKET_DATA,
KR6221101F40,,NO_MARKET_DATA,
KR6221101G31,,NO_MARKET_DATA,
KR6221151DA8,,NO_MARKET_DATA,
KR6221191G57,,NO_MARKET_DATA,
KR6221311G52,,NO_MARKET_DATA,
KRC0350C6695,,NO_MARKET_DATA,
KRC0350C6737,,NO_MARKET_DATA,
KRC0350C6794,,NO_MARKET_DATA,
KR6245865EA3,,NO_MARKET_DATA,
KRC0350C6836,,NO_MARKET_DATA,
KRC0350C6893,,NO_MARKET_DATA,
KRC0350C6935,,NO_MARKET_DATA,
KRC0350C6992,,NO_MARKET_DATA,
KRC0350C7032,,NO_MARKET_DATA,
KRC0350C7099,,NO_MARKET_DATA,
KR6309712F69,,NO_MARKET_DATA,
KR645631TD48,,NO_MARKET_DATA,
KR6309713F68,,NO_MARKET_DATA,
KR6309714F67,,NO_MARKET_DATA,
KR6309715F66,,NO_MARKET_DATA,
KR6309721F68,,NO_MARKET_DATA,
KR6309721FA8,,NO_MARKET_DATA,
KR6393971E52,,NO_MARKET_DATA,
KR6393971E60,,NO_MARKET_DATA,
KR6393971F85,,NO_MARKET_DATA,
KR6393972E51,,NO_MARKET_DATA,
KR648985CE83,,NO_MARKET_DATA,
KR648985DE82,,NO_MARKET_DATA,
KR648985EE81,,NO_MARKET_DATA,
KR648985FE80,,NO_MARKET_DATA,
KR648985GE89,,NO_MARKET_DATA,
KR648985HE88,,NO_MARKET_DATA,
KR6290121E67,,NO_MARKET_DATA,
KR6290121F66,,NO_MARKET_DATA,
KR6290121F90,,NO_MARKET_DATA,
KR6290121G32,,NO_MARKET_DATA,
KR6402071BB1,,NO_MARKET_DATA,
KR6402111E94,,NO_MARKET_DATA,
KR6402191E97,,NO_MARKET_DATA,
KR6402262F66,,NO_MARKET_DATA,
KR6402263F65,,NO_MARKET_DATA,
KR6402362EA0,,NO_MARKET_DATA,
KR6401795F64,,NO_MARKET_DATA,
KR6401801E91,,NO_MARKET_DATA,
KR6401811E99,,NO_MARKET_DATA,
KR6401841E93,,NO_MARKET_DATA,
KR6401851E90,,NO_MARKET_DATA,
KR3544057259,,NO_MARKET_DATA,
KR3544059297,,NO_MARKET_DATA,
KR35440592B8,,NO_MARKET_DATA,
KR354405G919,,NO_MARKET_DATA,
KR60073V1F97,,NO_MARKET_DATA,
KR60073V1FC1,,NO_MARKET_DATA,
KR60073V2F96,,NO_MARKET_DATA,
KR60144CGFC2,,NO_MARKET_DATA,
KR60144CHFC0,,NO_MARKET_DATA,
KR60144CKFC4,,NO_MARKET_DATA,
KR352203GF42,,NO_MARKET_DATA,
KR354406G743,,NO_MARKET_DATA,
KR354406G750,,NO_MARKET_DATA,
KR354406G768,,NO_MARKET_DATA,
KR354406G776,,NO_MARKET_DATA,
KR354406G784,,NO_MARKET_DATA,
KR354406G792,,NO_MARKET_DATA,
KR380601GF82,,NO_MARKET_DATA,
KR60026C2FB2,,NO_MARKET_DATA,
KR354425GG56,,NO_MARKET_DATA,
KR352504GF63,,NO_MARKET_DATA,
KR352504GFC5,,NO_MARKET_DATA,
KR354407GA39,,NO_MARKET_DATA,
KR354407GA47,,NO_MARKET_DATA,
KR354407GA54,,NO_MARKET_DATA,
KR354407GA62,,NO_MARKET_DATA,
KR354407GAA4,,NO_MARKET_DATA,
KR354602GC22,,NO_MARKET_DATA,
KR354602GC30,,NO_MARKET_DATA,
KR354602GC48,,NO_MARKET_DATA,
KR6221321G43,,NO_MARKET_DATA,
KR6330591F46,,NO_MARKET_DATA,
KR6330591FA8,,NO_MARKET_DATA,
KR6330592EA9,,NO_MARKET_DATA,
KR6330631F22,,NO_MARKET_DATA,
KR6330701G34,,NO_MARKET_DATA,
KR6330891EB3,,NO_MARKET_DATA,
KR6331381E80,,NO_MARKET_DATA,
KR6331381E98,,NO_MARKET_DATA,
KR6331521E99,,NO_MARKET_DATA,
KR6331591E78,,NO_MARKET_DATA,
KR6245861F49,,NO_MARKET_DATA,
KR6245861F56,,NO_MARKET_DATA,
KR6245862EA0,,NO_MARKET_DATA,
KR6245863EA8,,NO_MARKET_DATA,
KR6245864EA6,,NO_MARKET_DATA,
KR6245901F58,,NO_MARKET_DATA,
KR6245921F54,,NO_MARKET_DATA,
KR6245921G53,,NO_MARKET_DATA,
KR6245931F52,,NO_MARKET_DATA,
KR6245971F53,,NO_MARKET_DATA,
KR6347211CB9,,NO_MARKET_DATA,
KR6393972E69,,NO_MARKET_DATA,
KR6393972EA7,,NO_MARKET_DATA,
KR6393972F84,,NO_MARKET_DATA,
KR6393973E50,,NO_MARKET_DATA,
KR6393973EA5,,NO_MARKET_DATA,
KR6393974EA3,,NO_MARKET_DATA,
KR6393975EA0,,NO_MARKET_DATA,
KR6394801G54,,NO_MARKET_DATA,
KR6456091F85,,NO_MARKET_DATA,
KR6456161G30,,NO_MARKET_DATA,
KR6456162G39,,NO_MARKET_DATA,
KR6290121G65,,NO_MARKET_DATA,
KR6290291E53,,NO_MARKET_DATA,
KR6295773EA8,,NO_MARKET_DATA,
KR6295773F66,,NO_MARKET_DATA,
KR6295774EA6,,NO_MARKET_DATA,
KR6295774F65,,NO_MARKET_DATA,
KR6295775EA3,,NO_MARKET_DATA,
KR6295775F64,,NO_MARKET_DATA,
KR6290291EA6,,NO_MARKET_DATA,
KR6290291F86,0.9044146190623732,CALCULATED,중간
KR6290291FC9,,NO_MARKET_DATA,
KR6401881E94,,NO_MARKET_DATA,
KR6402264F64,,NO_MARKET_DATA,
KR6402265F63,,NO_MARKET_DATA,
KR6402361D68,,NO_MARKET_DATA,
KR6402361D92,,NO_MARKET_DATA,
KR6402361E91,,NO_MARKET_DATA,
KR6461094F66,,NO_MARKET_DATA,
KR6461095F65,,NO_MARKET_DATA,
KR6461096F64,,NO_MARKET_DATA,
KR6461201F41,,NO_MARKET_DATA,
KR6461231F45,,NO_MARKET_DATA,
KR60144CCFC1,,NO_MARKET_DATA,
KR60144CDFC9,,NO_MARKET_DATA,
KR60144CEFC7,,NO_MARKET_DATA,
KR60144CFFC4,,NO_MARKET_DATA,
KR310508GG17,,NO_MARKET_DATA,
KR310508GG33,,NO_MARKET_DATA,
KR310508GG41,,NO_MARKET_DATA,
KR310508GG58,,NO_MARKET_DATA,
KR310508GG66,,NO_MARKET_DATA,
KR310508GG74,,NO_MARKET_DATA,
KR3544267270,,NO_MARKET_DATA,
KR3544267320,,NO_MARKET_DATA,
KR3544267346,,NO_MARKET_DATA,
KR354426G378,,NO_MARKET_DATA,
KR354426GA44,,NO_MARKET_DATA,
KR354426GB43,,NO_MARKET_DATA,
KR354426GC42,,NO_MARKET_DATA,
KR354426GD82,,NO_MARKET_DATA,
KR354426GDA8,,NO_MARKET_DATA,
KR380601GF33,,NO_MARKET_DATA,
KR354602GC55,,NO_MARKET_DATA,
KR354602GC71,,NO_MARKET_DATA,
KR354602GC97,,NO_MARKET_DATA,
KR354602GD21,,NO_MARKET_DATA,
KR354602GD39,,NO_MARKET_DATA,
KR354602GD54,,NO_MARKET_DATA,
KR354602GD70,,NO_MARKET_DATA,
KR354602GDC0,,NO_MARKET_DATA,
KR380804G994,,NO_MARKET_DATA,
KR380804GD89,,NO_MARKET_DATA,
KR380804GEB0,,NO_MARKET_DATA,
KR6331591E86,,NO_MARKET_DATA,
KR6405811EA3,,NO_MARKET_DATA,
KR6466691D98,,NO_MARKET_DATA,
KR6405831EA1,,NO_MARKET_DATA,
KR6405841EA0,,NO_MARKET_DATA,
KR6405851EA9,,NO_MARKET_DATA,
KR6405861EA8,,NO_MARKET_DATA,
KR6405891EA5,,NO_MARKET_DATA,
KR6405911EA1,,NO_MARKET_DATA,
KR6405931E46,,NO_MARKET_DATA,
KR6405931EA9,,NO_MARKET_DATA,
KR6347212A28,,NO_MARKET_DATA,
KR6347212C18,,NO_MARKET_DATA,
KR6347212CB7,,NO_MARKET_DATA,
KR6347213A27,,NO_MARKET_DATA,
KR6347213C17,,NO_MARKET_DATA,
KR6347214A26,,NO_MARKET_DATA,
KR6347214C16,,NO_MARKET_DATA,
KR6347531A14,,NO_MARKET_DATA,
KR6347531A22,,NO_MARKET_DATA,
KR6347701BC9,,NO_MARKET_DATA,
KR6420671CC2,,NO_MARKET_DATA,
KR6456211D41,,NO_MARKET_DATA,
KR6456221D49,,NO_MARKET_DATA,
KR6456231D54,,NO_MARKET_DATA,
KR6455811G36,,NO_MARKET_DATA,
KR6455911D38,,NO_MARKET_DATA,
KR6456011F58,,NO_MARKET_DATA,
KR6456041F45,,NO_MARKET_DATA,
KR6456042F44,,NO_MARKET_DATA,
KR6456043E44,,NO_MARKET_DATA,
KR6456441D43,,NO_MARKET_DATA,
KR6456491D42,,NO_MARKET_DATA,
KR6290291G10,,NO_MARKET_DATA,
KR6290291G28,,NO_MARKET_DATA,
KR6381141E37,,NO_MARKET_DATA,
KR6381361D98,,NO_MARKET_DATA,
KR6381371EB4,,NO_MARKET_DATA,
KR6381371F94,,NO_MARKET_DATA,
KR6381371G36,,NO_MARKET_DATA,
KR6381411G38,,NO_MARKET_DATA,
KR6381421G36,,NO_MARKET_DATA,
KR6381441G32,,NO_MARKET_DATA,
KR6381611G36,,NO_MARKET_DATA,
KR6461231F52,,NO_MARKET_DATA,
KR6461232F69,,NO_MARKET_DATA,
KR6461233F68,,NO_MARKET_DATA,
KR6461234F67,,NO_MARKET_DATA,
KR6461235F66,,NO_MARKET_DATA,
KR6461301FB1,,NO_MARKET_DATA,
KR649633QEA1,,NO_MARKET_DATA,
KR649633REA9,,NO_MARKET_DATA,
KR649633SEA7,,NO_MARKET_DATA,
KR649633TEA5,,NO_MARKET_DATA,
KR310505GF52,,NO_MARKET_DATA,
KR310505GF60,,NO_MARKET_DATA,
KR310505GF78,,NO_MARKET_DATA,
KR310505GF86,,NO_MARKET_DATA,
KR310505GF94,,NO_MARKET_DATA,
KR351605GG47,,NO_MARKET_DATA,
KR351605GG62,,NO_MARKET_DATA,
KR351605GG70,,NO_MARKET_DATA,
KR351606G5B8,,NO_MARKET_DATA,
KR351606GA34,,NO_MARKET_DATA,
KR380601GF90,,NO_MARKET_DATA,
KR380601GFA9,,NO_MARKET_DATA,
KR380601GFB7,,NO_MARKET_DATA,
KR380601GFC5,,NO_MARKET_DATA,
KR380601GG16,,NO_MARKET_DATA,
KR380601GG32,,NO_MARKET_DATA,
KR380601GG40,,NO_MARKET_DATA,
KR380601GG57,,NO_MARKET_DATA,
KR380601GG65,,NO_MARKET_DATA,
KR60026C1F46,,NO_MARKET_DATA,
KR60026C1FB4,,NO_MARKET_DATA,
KR380804GF46,,NO_MARKET_DATA,
KR380804GF53,,NO_MARKET_DATA,
KR380804GF79,,NO_MARKET_DATA,
KR380804GF95,,NO_MARKET_DATA,
KR380804GFA9,,NO_MARKET_DATA,
KR380804GFB7,,NO_MARKET_DATA,
KR380804GFC5,,NO_MARKET_DATA,
KR380804GG11,,NO_MARKET_DATA,
KR6003453E13,,NO_MARKET_DATA,
KR6003453E47,,NO_MARKET_DATA,
KR6003453F20,,NO_MARKET_DATA,
KR6405951EA7,,NO_MARKET_DATA,
KR6405961EA6,,NO_MARKET_DATA,
KR6466672D91,,NO_MARKET_DATA,
KR6466691F54,,NO_MARKET_DATA,
KR6466911D92,,NO_MARKET_DATA,
KR6466971F22,,NO_MARKET_DATA,
KR6466971F71,,NO_MARKET_DATA,
KR6467101D90,,NO_MARKET_DATA,
KR6467111D98,,NO_MARKET_DATA,
KR6467121D96,,NO_MARKET_DATA,
KR6467131D94,,NO_MARKET_DATA,
KR6420672C32,,NO_MARKET_DATA,
KR6420673C31,,NO_MARKET_DATA,
KR6420801C28,,NO_MARKET_DATA,
KR6420811E65,,NO_MARKET_DATA,
KR6420811F98,,NO_MARKET_DATA,
KR6472671DB9,,NO_MARKET_DATA,
KR6473001DB8,,NO_MARKET_DATA,
KR6473041F57,,NO_MARKET_DATA,
KR6473051DB3,,NO_MARKET_DATA,
KR6473141DC0,,NO_MARKET_DATA,
KR6473341E63,,NO_MARKET_DATA,
KR6456521D46,,NO_MARKET_DATA,
KR6456751F45,,NO_MARKET_DATA,
KR649371PE96,,NO_MARKET_DATA,
KR649371QE95,,NO_MARKET_DATA,
KR649371RE94,,NO_MARKET_DATA,
KR649371SE93,,NO_MARKET_DATA,
KR649371TE92,,NO_MARKET_DATA,
KR649371VE98,,NO_MARKET_DATA,
KR649371WE97,,NO_MARKET_DATA,
KR649371XE96,,NO_MARKET_DATA,
KR6381621FC7,,NO_MARKET_DATA,
KR6381641B43,,NO_MARKET_DATA,
KR6447191FA7,,NO_MARKET_DATA,
KR6447221FA2,,NO_MARKET_DATA,
KR6447231FA1,,NO_MARKET_DATA,
KR6447241FA0,,NO_MARKET_DATA,
KR6447251FA9,,NO_MARKET_DATA,
KR6447251G55,,NO_MARKET_DATA,
KR6447252G54,,NO_MARKET_DATA,
KR6447261FA8,,NO_MARKET_DATA,
KR6447271FA7,,NO_MARKET_DATA,
KR649633VEA1,,NO_MARKET_DATA,
KR649633WEA9,,NO_MARKET_DATA,
KR649633XEA7,,NO_MARKET_DATA,
KR649633YEA5,,NO_MARKET_DATA,
KR649633ZEA2,,NO_MARKET_DATA,
KR6496341EB9,,NO_MARKET_DATA,
KR6323871G66,,NO_MARKET_DATA,
KR6323981D66,,NO_MARKET_DATA,
KR6324101FA4,,NO_MARKET_DATA,
KR6324251EB8,,NO_MARKET_DATA,
KR351605GE98,,NO_MARKET_DATA,
KR351605GF30,,NO_MARKET_DATA,
KR351605GF48,,NO_MARKET_DATA,
KR351605GF89,,NO_MARKET_DATA,
KR351605GFB3,,NO_MARKET_DATA,
KR354404JA70,,NO_MARKET_DATA,
KR354404JD36,,NO_MARKET_DATA,
KR354423GA70,,NO_MARKET_DATA,
KR354405G935,,NO_MARKET_DATA,
KR354405G984,,NO_MARKET_DATA,
KR60026H1F37,,NO_MARKET_DATA,
KR60026N1F50,,NO_MARKET_DATA,
KR6002711B81,,NO_MARKET_DATA,
KR6002711E62,,NO_MARKET_DATA,
KR6002711F53,,NO_MARKET_DATA,
KR6002711G52,,NO_MARKET_DATA,
KR6002712G51,,NO_MARKET_DATA,
KR60027A1F48,,NO_MARKET_DATA,
KR6007841EB0,,NO_MARKET_DATA,
KR6007851F52,,NO_MARKET_DATA,
KR60078J1F67,,NO_MARKET_DATA,
KR6003453F95,,NO_MARKET_DATA,
KR6003453G11,,NO_MARKET_DATA,
KR6003471F44,,NO_MARKET_DATA,
KR6003471FB7,,NO_MARKET_DATA,
KR6003472E28,,NO_MARKET_DATA,
KR6003472F43,,NO_MARKET_DATA,
KR6003472FB5,,NO_MARKET_DATA,
KR352504GG62,,NO_MARKET_DATA,
KR352504GG70,,NO_MARKET_DATA,
KR352505GFC2,,NO_MARKET_DATA,
KR354407G9C3,,NO_MARKET_DATA,
KR6467141D92,,NO_MARKET_DATA,
KR6497301EB2,,NO_MARKET_DATA,
KR6497371F15,,NO_MARKET_DATA,
KR6497291EB5,,NO_MARKET_DATA,
KR6220991G51,,NO_MARKET_DATA,
KR6221041G59,,NO_MARKET_DATA,
KR6221061EA7,,NO_MARKET_DATA,
KR6221061G54,,NO_MARKET_DATA,
KR6221091G58,,NO_MARKET_DATA,
KR6497371F64,,NO_MARKET_DATA,
KR6497371FC0,,NO_MARKET_DATA,
KR6497381EB4,,NO_MARKET_DATA,
KR6420881C47,,NO_MARKET_DATA,
KR6420981F27,,NO_MARKET_DATA,
KR6421091F14,,NO_MARKET_DATA,
KR6421092C73,,NO_MARKET_DATA,
KR6421092F13,,NO_MARKET_DATA,
KR6473371DB5,,NO_MARKET_DATA,
KR6473521DC3,0.1341133823460769,CALCULATED,저민감
KR647357VDC7,,NO_MARKET_DATA,
KR647357WDC5,,NO_MARKET_DATA,
KR647357XDC3,,NO_MARKET_DATA,
KR649371YE95,,NO_MARKET_DATA,
KR649371ZE94,,NO_MARKET_DATA,
KR6310107G28,,NO_MARKET_DATA,
KR6310108F10,,NO_MARKET_DATA,
KR6310108F36,0.5699213423933502,CALCULATED,중간
KR6310108F69,,NO_MARKET_DATA,
KR6310109F19,,NO_MARKET_DATA,
KR6310191FA1,,NO_MARKET_DATA,
KR6310201B93,,NO_MARKET_DATA,
KR6310201D42,,NO_MARKET_DATA,
KR6310211F71,,NO_MARKET_DATA,
KR6447301CA9,,NO_MARKET_DATA,
KR6447301CB7,,NO_MARKET_DATA,
KR648985JE86,,NO_MARKET_DATA,
KR648985KE83,,NO_MARKET_DATA,
KR648985LE82,,NO_MARKET_DATA,
KR648985ME81,,NO_MARKET_DATA,
KR648985NE80,,NO_MARKET_DATA,
KR648985PE88,,NO_MARKET_DATA,
KR648985QE87,,NO_MARKET_DATA,
KR648985RE86,,NO_MARKET_DATA,
KR6324251G49,,NO_MARKET_DATA,
KR6324831G30,,NO_MARKET_DATA,
KR6326091G55,,NO_MARKET_DATA,
KR6326101G53,,NO_MARKET_DATA,
KR6326111G51,,NO_MARKET_DATA,
KR6326121G59,,NO_MARKET_DATA,
KR6326122EA1,,NO_MARKET_DATA,
KR6402363EA8,,NO_MARKET_DATA,
KR6402364EA6,,NO_MARKET_DATA,
KR6402365EA3,,NO_MARKET_DATA,
KR6402441B98,,NO_MARKET_DATA,
KR354405GA15,,NO_MARKET_DATA,
KR354405GA23,,NO_MARKET_DATA,
KR354405GA31,,NO_MARKET_DATA,
KR354405GA49,,NO_MARKET_DATA,
KR354405GA56,,NO_MARKET_DATA,
KR354405GA64,,NO_MARKET_DATA,
KR354423GC45,,NO_MARKET_DATA,
KR354423GC60,,NO_MARKET_DATA,
KR354423GD36,,NO_MARKET_DATA,
KR354423GD51,,NO_MARKET_DATA,
KR352204GE42,,NO_MARKET_DATA,
KR352301G748,,NO_MARKET_DATA,
KR352301G821,,NO_MARKET_DATA,
KR354406G719,,NO_MARKET_DATA,
KR354406G727,,NO_MARKET_DATA,
KR354406G735,,NO_MARKET_DATA,
KR60078P1F80,,NO_MARKET_DATA,
KR60078W1F78,,NO_MARKET_DATA,
KR60078Z1G39,,NO_MARKET_DATA,
KR60078Z2G38,,NO_MARKET_DATA,
KR354407GA13,,NO_MARKET_DATA,
KR354407GA21,,NO_MARKET_DATA,
KR6003473FB3,,NO_MARKET_DATA,
KR6008276EA0,,NO_MARKET_DATA,
KR6008276EB8,,NO_MARKET_DATA,
KR60169J8G33,,NO_MARKET_DATA,
KR350101GG63,,NO_MARKET_DATA,
KR6008276F16,,NO_MARKET_DATA,
KR6008276F32,,NO_MARKET_DATA,
KR6008276F40,,NO_MARKET_DATA,
KR6008276F57,,NO_MARKET_DATA,
KR6497441EB6,,NO_MARKET_DATA,
KR6497471F14,,NO_MARKET_DATA,
KR6497481G45,,NO_MARKET_DATA,
KR6497481G52,,NO_MARKET_DATA,
KR6497541EB3,,NO_MARKET_DATA,
KR6497551EB2,,NO_MARKET_DATA,
KR6216921G54,,NO_MARKET_DATA,
KR6217131EB2,,NO_MARKET_DATA,
KR6217142EA1,,NO_MARKET_DATA,
KR6217143EA9,,NO_MARKET_DATA,
KR6217144EA7,,NO_MARKET_DATA,
KR647357YDC1,,NO_MARKET_DATA,
KR647357ZDC8,,NO_MARKET_DATA,
KR647358NDC2,,NO_MARKET_DATA,
KR647358TDC9,,NO_MARKET_DATA,
KR647358VDC5,,NO_MARKET_DATA,
KRC0350C7131,,NO_MARKET_DATA,
KRC0350C7198,,NO_MARKET_DATA,
KRC0350C7230,,NO_MARKET_DATA,
KRC0350C7297,,NO_MARKET_DATA,
KRC0350C7339,,NO_MARKET_DATA,
KR6310211FA7,,NO_MARKET_DATA,
KR6310221FA6,,NO_MARKET_DATA,
KR6395111F32,,NO_MARKET_DATA,
KR6395111G49,,NO_MARKET_DATA,
KR6395111G64,,NO_MARKET_DATA,
KR6395112F64,,NO_MARKET_DATA,
KR6395113F63,,NO_MARKET_DATA,
KR6395114F62,,NO_MARKET_DATA,
KR6395115F61,,NO_MARKET_DATA,
KR6395211B76,,NO_MARKET_DATA,
KR6395401EA5,,NO_MARKET_DATA,
KR648985SE85,,NO_MARKET_DATA,
KR6298001G55,,NO_MARKET_DATA,
KR6298021F29,,NO_MARKET_DATA,
KR6298022F28,,NO_MARKET_DATA,
KR6298041E34,,NO_MARKET_DATA,
KR6298051EB4,,NO_MARKET_DATA,
KR6298051F71,,NO_MARKET_DATA,
KR6298051FA3,,NO_MARKET_DATA,
KR6298052EB2,,NO_MARKET_DATA,
KR6298052F70,,NO_MARKET_DATA,
KR6402441BC4,,NO_MARKET_DATA,
KR6402441C14,,NO_MARKET_DATA,
KR6402441C63,,NO_MARKET_DATA,
KR6402441C89,,NO_MARKET_DATA,
KR6402441G36,,NO_MARKET_DATA,
KR6402441G69,,NO_MARKET_DATA,
KR6462021D64,,NO_MARKET_DATA,
KR6402442B97,,NO_MARKET_DATA,
KR6461411D64,,NO_MARKET_DATA,
KR646143VD68,,NO_MARKET_DATA,
KR6461531D69,,NO_MARKET_DATA,
KR357401GA95,,NO_MARKET_DATA,
KR357401GBA2,,NO_MARKET_DATA,
KR357401GC69,,NO_MARKET_DATA,
KR357401GD68,,NO_MARKET_DATA,
KR357401GDB6,,NO_MARKET_DATA,
KR357401GE91,,NO_MARKET_DATA,
KR357401GEA6,,NO_MARKET_DATA,
KR357401GEB4,,NO_MARKET_DATA,
KR357401GF74,,NO_MARKET_DATA,
KR357401GF82,,NO_MARKET_DATA,
KR6002322F96,,NO_MARKET_DATA,
KR6007961DA0,,NO_MARKET_DATA,
KR6007961E50,,NO_MARKET_DATA,
KR6007961E76,,NO_MARKET_DATA,
KR6007961F91,,NO_MARKET_DATA,
KR60153B2G71,,NO_MARKET_DATA,
KR60153C1G21,,NO_MARKET_DATA,
KR60153C2G20,,NO_MARKET_DATA,
KR60153T7G11,,NO_MARKET_DATA,
KR60153T8G10,,NO_MARKET_DATA,
KR310509GF74,,NO_MARKET_DATA,
KR310509GF82,,NO_MARKET_DATA,
KR6008276F65,,NO_MARKET_DATA,
KR6008276F73,,NO_MARKET_DATA,
KR6008276F81,,NO_MARKET_DATA,
KR6008276F99,,NO_MARKET_DATA,
KR6008276FB5,,NO_MARKET_DATA,
KR60169J6G35,,NO_MARKET_DATA,
KR60169J7G34,,NO_MARKET_DATA,
KR60169J9G32,,NO_MARKET_DATA,
KR60169JAG35,,NO_MARKET_DATA,
KR60169JBG34,,NO_MARKET_DATA,
KR6217145EA4,,NO_MARKET_DATA,
KR6217331DC8,,NO_MARKET_DATA,
KR6217331E33,,NO_MARKET_DATA,
KR6217331G56,,NO_MARKET_DATA,
KR6217481DC1,,NO_MARKET_DATA,
KR6217855545,,NO_MARKET_DATA,
KR6331591EA0,,NO_MARKET_DATA,
KR6331591F10,,NO_MARKET_DATA,
KR6331591F93,,NO_MARKET_DATA,
KR6331592C12,,NO_MARKET_DATA,
KR6331592E28,,NO_MARKET_DATA,
KRC0350C7396,,NO_MARKET_DATA,
KRC0350C7438,,NO_MARKET_DATA,
KRC0350C7495,,NO_MARKET_DATA,
KRC0353P26C6,,NO_MARKET_DATA,
KRC0353P2761,,NO_MARKET_DATA,
KR6234691F23,,NO_MARKET_DATA,
KR62347815C9,,NO_MARKET_DATA,
KR6235251E80,,NO_MARKET_DATA,
KR6235431F33,,NO_MARKET_DATA,
KR6235492EA8,,NO_MARKET_DATA,
KR6235493EA6,,NO_MARKET_DATA,
KR6395401F23,,NO_MARKET_DATA,
KR6456861E50,,NO_MARKET_DATA,
KR6493782F66,,NO_MARKET_DATA,
KR645687XD45,,NO_MARKET_DATA,
KR645687ZD43,,NO_MARKET_DATA,
KR6456941F95,,NO_MARKET_DATA,
KR6456961G40,,NO_MARKET_DATA,
KR6456961G57,,NO_MARKET_DATA,
KR6456981G46,,NO_MARKET_DATA,
KR6456982EA0,,NO_MARKET_DATA,
KR6456983EA8,,NO_MARKET_DATA,
KR6298052FA1,,NO_MARKET_DATA,
KR6381721B46,,NO_MARKET_DATA,
KR6381801F52,,NO_MARKET_DATA,
KR6381891F95,,NO_MARKET_DATA,
KR6382151F72,,NO_MARKET_DATA,
KR6382151G22,,NO_MARKET_DATA,
KR6382641B41,,NO_MARKET_DATA,
KR6382821B43,,NO_MARKET_DATA,
KR6382821B76,,NO_MARKET_DATA,
KR6382901FA6,,NO_MARKET_DATA,
KR6382901G17,,NO_MARKET_DATA,
KR6461531F67,,NO_MARKET_DATA,
KR6461541D67,,NO_MARKET_DATA,
KR6461541F65,,NO_MARKET_DATA,
KR6461551D64,,NO_MARKET_DATA,
KR6461551E63,,NO_MARKET_DATA,
KR646172YD69,,NO_MARKET_DATA,
KR6461821D68,,NO_MARKET_DATA,
KR6034734B20,,NO_MARKET_DATA,
KR6034734D51,,NO_MARKET_DATA,
KR6034734D93,,NO_MARKET_DATA,
KR6034734E84,,NO_MARKET_DATA,
KR357403GG71,,NO_MARKET_DATA,
KR357501GF99,,NO_MARKET_DATA,
KR357501GG56,,NO_MARKET_DATA,
KR357502GAA9,,NO_MARKET_DATA,
KR6002381G28,,NO_MARKET_DATA,
KR6002381G77,,NO_MARKET_DATA,
KR6002382BA8,,NO_MARKET_DATA,
KR6002382C47,,NO_MARKET_DATA,
KR6002382D53,,NO_MARKET_DATA,
KR6002382E11,,NO_MARKET_DATA,
KR60153T9G19,,NO_MARKET_DATA,
KR60153TAG15,,NO_MARKET_DATA,
KR60153TBG14,,NO_MARKET_DATA,
KR60153TCG13,,NO_MARKET_DATA,
KR60153TDG12,,NO_MARKET_DATA,
KR310509GEA2,,NO_MARKET_DATA,
KR310509GEB0,,NO_MARKET_DATA,
KR310509GEC8,,NO_MARKET_DATA,
KR310509GF41,,NO_MARKET_DATA,
KR310509GF58,,NO_MARKET_DATA,
KR60169JDG32,,NO_MARKET_DATA,
KR60169JEG31,,NO_MARKET_DATA,
KR60169JFG30,,NO_MARKET_DATA,
KR350101GG22,,NO_MARKET_DATA,
KR350101GG30,,NO_MARKET_DATA,
KR350101GG48,,NO_MARKET_DATA,
KR350101GG55,,NO_MARKET_DATA,
KR350101GG71,,NO_MARKET_DATA,
KR350101GG89,,NO_MARKET_DATA,
KR3501027253,,NO_MARKET_DATA,
KR6331592EA8,,NO_MARKET_DATA,
KR6331592F19,,NO_MARKET_DATA,
KR6331593E27,2.2540907633866616,CALCULATED,중간
KR6331921G44,,NO_MARKET_DATA,
KR6332171EC6,,NO_MARKET_DATA,
KR6332172EC4,,NO_MARKET_DATA,
KR6405971EA5,,NO_MARKET_DATA,
KR6405981EA4,,NO_MARKET_DATA,
KR6405991EA3,,NO_MARKET_DATA,
KR6405991F91,,NO_MARKET_DATA,
KR6406081EA2,,NO_MARKET_DATA,
KR6235494EA4,,NO_MARKET_DATA,
KR6235495EA1,,NO_MARKET_DATA,
KR6235521F91,,NO_MARKET_DATA,
KR6235561EB8,,NO_MARKET_DATA,
KR6235701EA2,,NO_MARKET_DATA,
KR6347701EB5,,NO_MARKET_DATA,
KR6347701F39,,NO_MARKET_DATA,
KR6347701G12,,NO_MARKET_DATA,
KR6347701G46,,NO_MARKET_DATA,
KR6347851G44,,NO_MARKET_DATA,
KR6347861BB3,,NO_MARKET_DATA,
KR6456984EA6,,NO_MARKET_DATA,
KR6456985EA3,,NO_MARKET_DATA,
KR6493782EA9,,NO_MARKET_DATA,
KR6493783EA7,,NO_MARKET_DATA,
KR6493783F65,,NO_MARKET_DATA,
KR6493784EA5,,NO_MARKET_DATA,
KR6493784F64,,NO_MARKET_DATA,
KR6493785EA2,,NO_MARKET_DATA,
KR6493785F63,,NO_MARKET_DATA,
KR6493791E90,,NO_MARKET_DATA,
KR6493801E98,,NO_MARKET_DATA,
KR6382921DA9,,NO_MARKET_DATA,
KR6447331FA9,,NO_MARKET_DATA,
KR6447371FA5,,NO_MARKET_DATA,
KR6447381FA4,,NO_MARKET_DATA,
KR6447491FA1,,NO_MARKET_DATA,
KR6447551F95,,NO_MARKET_DATA,
KR6447651FA0,,NO_MARKET_DATA,
KR6448031FA4,,NO_MARKET_DATA,
KR6448161G11,,NO_MARKET_DATA,
KR6448371CB9,,NO_MARKET_DATA,
KR6448621F99,,NO_MARKET_DATA,
KR6034811D81,,NO_MARKET_DATA,
KR6034811FC5,,NO_MARKET_DATA,
KR6034831E86,0.0475486366419039,CALCULATED,저민감
KR6034831F44,,NO_MARKET_DATA,
KR6034831F69,,NO_MARKET_DATA,
KR6034831F77,,NO_MARKET_DATA,
KR6034831G19,,NO_MARKET_DATA,
KR6065907F62,,NO_MARKET_DATA,
KR6065907F70,,NO_MARKET_DATA,
KR6065907F88,,NO_MARKET_DATA,
KR6065907FA7,,NO_MARKET_DATA,
KR60073G1F64,,NO_MARKET_DATA,
KR60073G1FB2,,NO_MARKET_DATA,
KR60073N1F60,,NO_MARKET_DATA,
KR60073R1F95,,NO_MARKET_DATA,
KR60073R1FC7,,NO_MARKET_DATA,
KR60073S1FA0,,NO_MARKET_DATA,
KR60073S2FA8,,NO_MARKET_DATA,
KR60144CJFC6,,NO_MARKET_DATA,
KR310505GEC6,,NO_MARKET_DATA,
KR354404JD69,,NO_MARKET_DATA,
KR354404JD93,,NO_MARKET_DATA,
KR310509GF90,,NO_MARKET_DATA,
KR310509GFA9,,NO_MARKET_DATA,
KR310509GFB7,,NO_MARKET_DATA,
KR310509GG16,,NO_MARKET_DATA,
KR352301G987,,NO_MARKET_DATA,
KR352301GA89,,NO_MARKET_DATA,
KR352301GC53,,NO_MARKET_DATA,
KR352301GE36,,NO_MARKET_DATA,
KR352301GE69,,NO_MARKET_DATA,
KR352301GE85,,NO_MARKET_DATA,
KR352301GEA3,,NO_MARKET_DATA,
KR3501027287,,NO_MARKET_DATA,
KR350102G379,,NO_MARKET_DATA,
KR350102G387,,NO_MARKET_DATA,
KR352505GG61,,NO_MARKET_DATA,
KR352506GFC0,,NO_MARKET_DATA,
KR352506GG60,,NO_MARKET_DATA,
KR352601GE82,,NO_MARKET_DATA,
KR352601GE90,,NO_MARKET_DATA,
KR352601GEA6,,NO_MARKET_DATA,
KR352601GF32,,NO_MARKET_DATA,
KR6406101EA8,,NO_MARKET_DATA,
KR6406111EA7,,NO_MARKET_DATA,
KR6406121EA6,,NO_MARKET_DATA,
KR6406141EA4,,NO_MARKET_DATA,
KR6406171EA1,,NO_MARKET_DATA,
KR6406181EA0,,NO_MARKET_DATA,
KR6467181D93,,NO_MARKET_DATA,
KR6467191D91,,NO_MARKET_DATA,
KR6467211D97,,NO_MARKET_DATA,
KR6467221D95,,NO_MARKET_DATA,
KR6467231D93,,NO_MARKET_DATA,
KR6347861F43,,NO_MARKET_DATA,
KR6347861G59,,NO_MARKET_DATA,
KR6347891FC9,,NO_MARKET_DATA,
KR6347991B32,,NO_MARKET_DATA,
KR6347992B31,,NO_MARKET_DATA,
KR6421093D14,,NO_MARKET_DATA,
KR6421093F12,,NO_MARKET_DATA,
KR6421094F11,,NO_MARKET_DATA,
KR6421401C38,,NO_MARKET_DATA,
KR6421401CC3,,NO_MARKET_DATA,
KR6421402C37,,NO_MARKET_DATA,
KR6493821F77,,NO_MARKET_DATA,
KR6310101F25,,NO_MARKET_DATA,
KR6310101F41,0.1558298248512386,CALCULATED,저민감
KR6310101F58,,NO_MARKET_DATA,
KR6310101F66,,NO_MARKET_DATA,
KR6310101F90,,NO_MARKET_DATA,
KR6310101FA0,,NO_MARKET_DATA,
KR6310101FB8,,NO_MARKET_DATA,
KR6310101FC6,,NO_MARKET_DATA,
KR6310101G16,,NO_MARKET_DATA,
KR6448651F76,,NO_MARKET_DATA,
KR648985TE84,,NO_MARKET_DATA,
KR648985VE80,,NO_MARKET_DATA,
KR648985WE89,,NO_MARKET_DATA,
KR648985XE88,,NO_MARKET_DATA,
KR648985YE87,,NO_MARKET_DATA,
KR648985ZE86,,NO_MARKET_DATA,
KR6490051E83,,NO_MARKET_DATA,
KR6490101E91,,NO_MARKET_DATA,
KR6490141FB6,,NO_MARKET_DATA,
KR6065907FB5,,NO_MARKET_DATA,
KR6065907FC3,,NO_MARKET_DATA,
KR6065907G20,,NO_MARKET_DATA,
KR6065907G38,,NO_MARKET_DATA,
KR6065907G61,,NO_MARKET_DATA,
KR6065907G79,,NO_MARKET_DATA,
KR6065908792,,NO_MARKET_DATA,
KR6095921G86,,NO_MARKET_DATA,
KR6095922995,,NO_MARKET_DATA,
KR60959229C6,,NO_MARKET_DATA,
KR6095922D21,,NO_MARKET_DATA,
KR6007461G79,,NO_MARKET_DATA,
KR6007462G52,,NO_MARKET_DATA,
KR60074B1F63,,NO_MARKET_DATA,
KR60074D1F77,,NO_MARKET_DATA,
KR60074E1F67,,NO_MARKET_DATA,
KR60144CRFC9,,NO_MARKET_DATA,
KR60144CSFC7,,NO_MARKET_DATA,
KR60144CTFC5,,NO_MARKET_DATA,
KR60144CVFC1,,NO_MARKET_DATA,
KR60144S1G26,,NO_MARKET_DATA,
KR60145A1G21,,NO_MARKET_DATA,
KR352301GF27,,NO_MARKET_DATA,
KR352301GF35,,NO_MARKET_DATA,
KR352301GF43,,NO_MARKET_DATA,
KR354406G7B0,,NO_MARKET_DATA,
KR354406G7C8,,NO_MARKET_DATA,
KR354406G826,,NO_MARKET_DATA,
KR354406G834,,NO_MARKET_DATA,
KR354406G842,,NO_MARKET_DATA,
KR354406G859,,NO_MARKET_DATA,
KR354406G867,,NO_MARKET_DATA,
KR3527017031,,NO_MARKET_DATA,
KR3527017197,,NO_MARKET_DATA,
KR3527017239,,NO_MARKET_DATA,
KR354407GAC0,,NO_MARKET_DATA,
KR354407GB12,,NO_MARKET_DATA,
KR354407GB20,,NO_MARKET_DATA,
KR354407GB38,,NO_MARKET_DATA,
KR354407GB46,,NO_MARKET_DATA,
KR354407GB61,,NO_MARKET_DATA,
KR354407GB79,,NO_MARKET_DATA,
KR6467241D91,,NO_MARKET_DATA,
KR6467261D96,,NO_MARKET_DATA,
KR649759TEB6,,NO_MARKET_DATA,
KR6467271D94,,NO_MARKET_DATA,
KR6467281D92,,NO_MARKET_DATA,
KR6467291D90,,NO_MARKET_DATA,
KR6467301D98,,NO_MARKET_DATA,
KR649759MEB1,,NO_MARKET_DATA,
KR649759NEB9,,NO_MARKET_DATA,
KR649759PEB4,,NO_MARKET_DATA,
KR6421402CC1,,NO_MARKET_DATA,
KR6421403C36,,NO_MARKET_DATA,
KR6421411C51,,NO_MARKET_DATA,
KR6474171G56,,NO_MARKET_DATA,
KR6421411EC8,,NO_MARKET_DATA,
KR6421412C50,,NO_MARKET_DATA,
KR647363HDC4,,NO_MARKET_DATA,
KR647363JDC0,,NO_MARKET_DATA,
KR647363KDC8,,NO_MARKET_DATA,
KR6473811F89,,NO_MARKET_DATA,
KR6473921G51,,NO_MARKET_DATA,
KR6310101G24,,NO_MARKET_DATA,
KR6395401F56,,NO_MARKET_DATA,
KR6395402EA3,,NO_MARKET_DATA,
KR6395402F22,,NO_MARKET_DATA,
KR6395402F55,,NO_MARKET_DATA,
KR6395403E22,,NO_MARKET_DATA,
KR6395601D64,,NO_MARKET_DATA,
KR6395951G67,,NO_MARKET_DATA,
KR6396271DA3,,NO_MARKET_DATA,
KR6396271G76,,NO_MARKET_DATA,
KR6490151G15,,NO_MARKET_DATA,
KR6290661G61,,NO_MARKET_DATA,
KR6290662D48,,NO_MARKET_DATA,
KR6290662G52,,NO_MARKET_DATA,
KR6290663D47,,NO_MARKET_DATA,
KR6290691DC5,,NO_MARKET_DATA,
KR6290691F33,,NO_MARKET_DATA,
KR6290691G32,,NO_MARKET_DATA,
KR6290691G57,,NO_MARKET_DATA,
KR6290691G65,,NO_MARKET_DATA,
KR6290692F57,,NO_MARKET_DATA,
KR6095922DA5,,NO_MARKET_DATA,
KR6095922E20,,NO_MARKET_DATA,
KR6095922E38,,NO_MARKET_DATA,
KR6095922E61,,NO_MARKET_DATA,
KR6095922E87,,NO_MARKET_DATA,
KR6095922E95,,NO_MARKET_DATA,
KR61380944A1,,NO_MARKET_DATA,
KR6138094992,,NO_MARKET_DATA,
KR6138094B49,,NO_MARKET_DATA,
KR6138101E13,,NO_MARKET_DATA,
KR60144CLFC2,,NO_MARKET_DATA,
KR60144CMFC0,,NO_MARKET_DATA,
KR60144CNFC8,,NO_MARKET_DATA,
KR60144CPFC3,,NO_MARKET_DATA,
KR60144CQFC1,,NO_MARKET_DATA,
KR310505GD21,,NO_MARKET_DATA,
KR310505GD88,,NO_MARKET_DATA,
KR310505GE46,,NO_MARKET_DATA,
KR310505GEB8,,NO_MARKET_DATA,
KR310505GF11,,NO_MARKET_DATA,
KR354406G875,,NO_MARKET_DATA,
KR354406G8A0,,NO_MARKET_DATA,
KR354406G8C6,,NO_MARKET_DATA,
KR354426GDB6,,NO_MARKET_DATA,
KR354426GG14,,NO_MARKET_DATA,
KR354426GG48,,NO_MARKET_DATA,
KR354426GG55,,NO_MARKET_DATA,
KR354427GA43,,NO_MARKET_DATA,
KR354427GB42,,NO_MARKET_DATA,
KR380602GG15,,NO_MARKET_DATA,
KR354407GB87,,NO_MARKET_DATA,
KR354407GB95,,NO_MARKET_DATA,
KR354407GBA2,,NO_MARKET_DATA,
KR354602GE38,,NO_MARKET_DATA,
KR354602GE46,,NO_MARKET_DATA,
KR354602GE53,,NO_MARKET_DATA,
KR354602GE61,,NO_MARKET_DATA,
KR354602GE79,,NO_MARKET_DATA,
KR380804GG78,,NO_MARKET_DATA,
KR354602GE95,,NO_MARKET_DATA,
KR354602GEB0,,NO_MARKET_DATA,
KR649759QEB2,,NO_MARKET_DATA,
KR649759REB0,,NO_MARKET_DATA,
KR649759SEB8,,NO_MARKET_DATA,
KR6497601EB5,,NO_MARKET_DATA,
KR6497611EB4,,NO_MARKET_DATA,
KR6497621EB3,,NO_MARKET_DATA,
KR6221651G50,,NO_MARKET_DATA,
KR6221711G58,,NO_MARKET_DATA,
KR6221731F63,,NO_MARKET_DATA,
KR6222421D68,,NO_MARKET_DATA,
KR6222421DC0,,NO_MARKET_DATA,
KR6473951DC2,,NO_MARKET_DATA,
KR6473981G82,,NO_MARKET_DATA,
KR6474031DC2,,NO_MARKET_DATA,
KR6474091DC6,,NO_MARKET_DATA,
KR6474172G55,,NO_MARKET_DATA,
KRC0353P27C4,,NO_MARKET_DATA,
KRC0353P2969,,NO_MARKET_DATA,
KRC0355P2694,0.0825263256982372,CALCULATED,저민감
KRC0355P2736,,NO_MARKET_DATA,
KRC0355P2793,,NO_MARKET_DATA,
KRC0355P2934,,NO_MARKET_DATA,
KR6396371B96,,NO_MARKET_DATA,
KR6457011G48,,NO_MARKET_DATA,
KR6493863EA7,,NO_MARKET_DATA,
KR6312951F30,,NO_MARKET_DATA,
KR6457021G46,,NO_MARKET_DATA,
KR6457031G44,,NO_MARKET_DATA,
KR6457081F36,,NO_MARKET_DATA,
KR6457081G43,,NO_MARKET_DATA,
KR6457091G41,,NO_MARKET_DATA,
KR6457101G49,,NO_MARKET_DATA,
KR6457161G46,,NO_MARKET_DATA,
KR6290693FB8,,NO_MARKET_DATA,
KR6382921E49,,NO_MARKET_DATA,
KR6382921F97,,NO_MARKET_DATA,
KR6382922DA7,,NO_MARKET_DATA,
KR6382922E30,,NO_MARKET_DATA,
KR6382931B40,,NO_MARKET_DATA,
KR6383031F68,,NO_MARKET_DATA,
KR6383141F57,,NO_MARKET_DATA,
KR6383142F56,,NO_MARKET_DATA,
KR6383751F41,,NO_MARKET_DATA,
KR6383801FB5,,NO_MARKET_DATA,
KR6138101E70,,NO_MARKET_DATA,
KR6138101F20,,NO_MARKET_DATA,
KR6138101G37,,NO_MARKET_DATA,
KR6138102AB7,,NO_MARKET_DATA,
KR6138102C48,,NO_MARKET_DATA,
KR6138102E12,,NO_MARKET_DATA,
KR6214344FC9,,NO_MARKET_DATA,
KR616937DFB8,,NO_MARKET_DATA,
KR616937DG37,,NO_MARKET_DATA,
KR616937EFB6,,NO_MARKET_DATA,
KR310510GEA0,,NO_MARKET_DATA,
KR310510GEB8,,NO_MARKET_DATA,
KR310510GF55,,NO_MARKET_DATA,
KR351606GE97,,NO_MARKET_DATA,
KR351606GF39,,NO_MARKET_DATA,
KR351606GF88,,NO_MARKET_DATA,
KR351606GFB1,,NO_MARKET_DATA,
KR351606GG46,,NO_MARKET_DATA,
KR351606GG61,,NO_MARKET_DATA,
KR351607GC31,,NO_MARKET_DATA,
KR60028E1F55,,NO_MARKET_DATA,
KR354427GC41,,NO_MARKET_DATA,
KR354427GD65,,NO_MARKET_DATA,
KR354427GD81,,NO_MARKET_DATA,
KR354427GD99,,NO_MARKET_DATA,
KR380601GG73,,NO_MARKET_DATA,
KR380602GEA0,,NO_MARKET_DATA,
KR380602GEB8,,NO_MARKET_DATA,
KR380602GF81,,NO_MARKET_DATA,
KR380602GF99,,NO_MARKET_DATA,
KR380602GFA7,,NO_MARKET_DATA,
KR354602GEC8,,NO_MARKET_DATA,
KR354602GF94,,NO_MARKET_DATA,
KR354602GFA9,,NO_MARKET_DATA,
KR354602GFB7,,NO_MARKET_DATA,
KR380804GG29,,NO_MARKET_DATA,
KR380804GG37,,NO_MARKET_DATA,
KR380804GG45,,NO_MARKET_DATA,
KR380804GG52,,NO_MARKET_DATA,
KR380804GG60,,NO_MARKET_DATA,
KR380805AG24,,NO_MARKET_DATA,
KR380805AG73,,NO_MARKET_DATA,
KR6222421F66,,NO_MARKET_DATA,
KR6222481576,,NO_MARKET_DATA,
KR6222801E34,,NO_MARKET_DATA,
KR6222801F25,,NO_MARKET_DATA,
KR6222801F66,,NO_MARKET_DATA,
KR6222801G24,,NO_MARKET_DATA,
KR6222801G40,,NO_MARKET_DATA,
KR6332291E87,,NO_MARKET_DATA,
KR6332381D63,,NO_MARKET_DATA,
KR6332381E13,,NO_MARKET_DATA,
KR6332381EA5,,NO_MARKET_DATA,
KRC035AP26C3,0.3241443588592632,CALCULATED,저민감
KRC035AP2760,,NO_MARKET_DATA,
KRC035AP27C1,,NO_MARKET_DATA,
KRC035AP29C7,,NO_MARKET_DATA,
KR6246681F52,,NO_MARKET_DATA,
KR6246691F35,,NO_MARKET_DATA,
KR6246711D82,,NO_MARKET_DATA,
KR6246711E81,,NO_MARKET_DATA,
KR6246721F39,,NO_MARKET_DATA,
KR6246961F12,,NO_MARKET_DATA,
KR6247541D78,,NO_MARKET_DATA,
KR6457181G42,,NO_MARKET_DATA,
KR6457201G48,,NO_MARKET_DATA,
KR6457201G63,,NO_MARKET_DATA,
KR6493862EA9,,NO_MARKET_DATA,
KR6493864EA5,,NO_MARKET_DATA,
KR6493865EA2,,NO_MARKET_DATA,
KR649393BEA4,,NO_MARKET_DATA,
KR649393CEA2,,NO_MARKET_DATA,
KR649393DEA0,,NO_MARKET_DATA,
KR649393EEA8,,NO_MARKET_DATA,
KR6383802FB3,,NO_MARKET_DATA,
KR6448711F74,,NO_MARKET_DATA,
KR6448721FA0,,NO_MARKET_DATA,
KR6448731G38,,NO_MARKET_DATA,
KR6448732G37,,NO_MARKET_DATA,
KR6448741CB3,,NO_MARKET_DATA,
KR6448761CB1,,NO_MARKET_DATA,
KR6448791F44,,NO_MARKET_DATA,
KR6448801G33,,NO_MARKET_DATA,
KR6448821F97,,NO_MARKET_DATA,
KR616937FFB3,,NO_MARKET_DATA,
KR6169541F56,,NO_MARKET_DATA,
KR6169541FB7,,NO_MARKET_DATA,
KR6169781D99,,NO_MARKET_DATA,
KR6169781EB2,,NO_MARKET_DATA,
KR6169911E59,,NO_MARKET_DATA,
KR6169911F90,,NO_MARKET_DATA,
KR6169911FA4,,NO_MARKET_DATA,
KR6214344G33,,NO_MARKET_DATA,
KR6214344G58,,NO_MARKET_DATA,
KR6214344G66,,NO_MARKET_DATA,
KR351606GC40,,NO_MARKET_DATA,
KR351606GC73,,NO_MARKET_DATA,
KR351606GE22,,NO_MARKET_DATA,
KR351606GE30,,NO_MARKET_DATA,
KR351606GE63,,NO_MARKET_DATA,
KR354405G992,,NO_MARKET_DATA,
KR354405G9A9,,NO_MARKET_DATA,
KR354405G9B7,,NO_MARKET_DATA,
KR354423GD44,,NO_MARKET_DATA,
KR354405G9C5,,NO_MARKET_DATA,
KR380602GFB5,,NO_MARKET_DATA,
KR380602GG49,,NO_MARKET_DATA,
KR380602GG56,,NO_MARKET_DATA,
KR380602GG64,,NO_MARKET_DATA,
KR60027G1F60,,NO_MARKET_DATA,
KR60027J1F31,,NO_MARKET_DATA,
KR60027K1F39,,NO_MARKET_DATA,
KR60027V1F85,,NO_MARKET_DATA,
KR6002862219,,NO_MARKET_DATA,
KR6002867W39,,NO_MARKET_DATA,
KR6002881E66,,NO_MARKET_DATA,
KR380805GC30,,NO_MARKET_DATA,
KR380805GCA3,,NO_MARKET_DATA,
KR6003476K67,,NO_MARKET_DATA,
KR6003491EA0,,NO_MARKET_DATA,
KR6003491F16,,NO_MARKET_DATA,
KR6003491F57,,NO_MARKET_DATA,
KR6003491F99,,NO_MARKET_DATA,
KR6003491G31,,NO_MARKET_DATA,
KR6003491G49,,NO_MARKET_DATA,
KR6003491G64,,NO_MARKET_DATA,
KR6003492DB8,,NO_MARKET_DATA,
KR6332381G11,,NO_MARKET_DATA,
KR6332381G60,,NO_MARKET_DATA,
KR6332382E53,,NO_MARKET_DATA,
KR6332382EA3,,NO_MARKET_DATA,
KR6332461F98,,NO_MARKET_DATA,
KR6332571CA5,,NO_MARKET_DATA,
KR6332571EC7,,NO_MARKET_DATA,
KR6406211EA5,,NO_MARKET_DATA,
KR6406221EA4,,NO_MARKET_DATA,
KR6406231EA3,,NO_MARKET_DATA,
KR6406231F32,,NO_MARKET_DATA,
KR6247541EA8,,NO_MARKET_DATA,
KR6247541G59,,NO_MARKET_DATA,
KR6247541G67,,NO_MARKET_DATA,
KR6247542EA6,,NO_MARKET_DATA,
KR6348003A29,,NO_MARKET_DATA,
KR6348004A28,,NO_MARKET_DATA,
KR6348081F29,,NO_MARKET_DATA,
KR6348341D76,,NO_MARKET_DATA,
KR6348341EC7,,NO_MARKET_DATA,
KR6348371BB2,,NO_MARKET_DATA,
KR6348371D53,,NO_MARKET_DATA,
KR649393FEA5,,NO_MARKET_DATA,
KR649393GEA3,,NO_MARKET_DATA,
KR6312321FB0,,NO_MARKET_DATA,
KR6312941FB5,,NO_MARKET_DATA,
KR6313951G37,,NO_MARKET_DATA,
KR6313951G60,,NO_MARKET_DATA,
KR6314131D49,,NO_MARKET_DATA,
KR6314131E71,,NO_MARKET_DATA,
KR6314131G38,,NO_MARKET_DATA,
KR6314151DB4,,NO_MARKET_DATA,
KR6448831CB2,,NO_MARKET_DATA,
KR6490191E92,,NO_MARKET_DATA,
KR6490212E89,,NO_MARKET_DATA,
KR6490371FB9,,NO_MARKET_DATA,
KR6490381FA0,,NO_MARKET_DATA,
KR6490391E90,,NO_MARKET_DATA,
KR6490391EC8,,NO_MARKET_DATA,
KR6490411E88,,NO_MARKET_DATA,
KR6490421E86,,NO_MARKET_DATA,
KR6490451FC7,,NO_MARKET_DATA,
KR6490452FC5,,NO_MARKET_DATA,
KR6214345DC1,,NO_MARKET_DATA,
KR6214345E42,,NO_MARKET_DATA,
KR6214345EB1,,NO_MARKET_DATA,
KR6214345F66,,NO_MARKET_DATA,
KR6214345FC6,,NO_MARKET_DATA,
KR6214345G32,,NO_MARKET_DATA,
KR6214345G57,,NO_MARKET_DATA,
KR6021961FA7,,NO_MARKET_DATA,
KR6021961FB5,,NO_MARKET_DATA,
KR6021961FC3,,NO_MARKET_DATA,
KR6021961G18,,NO_MARKET_DATA,
KR354405GB63,,NO_MARKET_DATA,
KR354405GB89,,NO_MARKET_DATA,
KR354405GB97,,NO_MARKET_DATA,
KR354405GBC2,,NO_MARKET_DATA,
KR354423GDC1,,NO_MARKET_DATA,
KR354423GE68,,NO_MARKET_DATA,
KR354423GEA3,,NO_MARKET_DATA,
KR354423GF91,,NO_MARKET_DATA,
KR354423GG17,,NO_MARKET_DATA,
KR354423GG41,,NO_MARKET_DATA,
KR6002881F57,,NO_MARKET_DATA,
KR60028H2F65,,NO_MARKET_DATA,
KR60028S1F71,,NO_MARKET_DATA,
KR6007961FC1,,NO_MARKET_DATA,
KR6007961G17,,NO_MARKET_DATA,
KR6007961G25,,NO_MARKET_DATA,
KR6007962G24,,NO_MARKET_DATA,
KR6007962G40,,NO_MARKET_DATA,
KR6007981DB6,,NO_MARKET_DATA,
KR6007981E56,,NO_MARKET_DATA,
KR6007981F55,,NO_MARKET_DATA,
KR6003492E24,0.518484391974973,CALCULATED,중간
KR6003492E65,0.8266614770986233,CALCULATED,중간
KR6008276FC3,,NO_MARKET_DATA,
KR6008276G15,,NO_MARKET_DATA,
KR6008276G23,,NO_MARKET_DATA,
KR6008276G31,,NO_MARKET_DATA,
KR6008276G49,,NO_MARKET_DATA,
KR6008276G56,,NO_MARKET_DATA,
KR6008276G72,,NO_MARKET_DATA,
KR6008277B84,,NO_MARKET_DATA,
KR6008277D66,,NO_MARKET_DATA,
KR6406271EA9,,NO_MARKET_DATA,
KR6406281EA8,,NO_MARKET_DATA,
KR6406301EA4,,NO_MARKET_DATA,
KR6406391EA5,,NO_MARKET_DATA,
KR6406401EA2,,NO_MARKET_DATA,
KR6406411EA1,,NO_MARKET_DATA,
KR6406431EA9,,NO_MARKET_DATA,
KR6467311D96,,NO_MARKET_DATA,
KR6467311E46,,NO_MARKET_DATA,
KR6467311E53,,NO_MARKET_DATA,
KR6467331D92,,NO_MARKET_DATA,
KR6348371D61,,NO_MARKET_DATA,
KR6348371D79,,NO_MARKET_DATA,
KR6348371EB6,,EXCLUDED_OPTION,
KR6348951F26,,NO_MARKET_DATA,
KR6421413C59,,NO_MARKET_DATA,
KR6421421C67,,NO_MARKET_DATA,
KR6421421DC9,,NO_MARKET_DATA,
KR6421421E65,,NO_MARKET_DATA,
KR6421421E81,,NO_MARKET_DATA,
KR6421421FC4,,NO_MARKET_DATA,
KR6421422C66,,NO_MARKET_DATA,
KR63145618C9,,NO_MARKET_DATA,
KR6314711F86,,NO_MARKET_DATA,
KR6396371BB3,,NO_MARKET_DATA,
KR6396371C38,,NO_MARKET_DATA,
KR6396371C46,,NO_MARKET_DATA,
KR6396371C61,,NO_MARKET_DATA,
KR6396371C95,,NO_MARKET_DATA,
KR6396372B95,,NO_MARKET_DATA,
KR6396373B94,,NO_MARKET_DATA,
KR6396941F51,,NO_MARKET_DATA,
KR6396942F68,,NO_MARKET_DATA,
KR6490453FC3,,NO_MARKET_DATA,
KR6298691FB4,,NO_MARKET_DATA,
KR6298721F55,,NO_MARKET_DATA,
KR6298731G37,,NO_MARKET_DATA,
KR6298831D88,,NO_MARKET_DATA,
KR6298881F51,,NO_MARKET_DATA,
KR6298881F93,,NO_MARKET_DATA,
KR6298881G35,,NO_MARKET_DATA,
KR6298901F57,,NO_MARKET_DATA,
KR6298921F53,,NO_MARKET_DATA,
KR6298961F54,,NO_MARKET_DATA,
KR6021961G26,,NO_MARKET_DATA,
KR6021961G34,,NO_MARKET_DATA,
KR6021961G42,,NO_MARKET_DATA,
KR6021961G59,,NO_MARKET_DATA,
KR6021961G67,,NO_MARKET_DATA,
KR6021961G75,,NO_MARKET_DATA,
KR6021962E68,,NO_MARKET_DATA,
KR6029885G63,,NO_MARKET_DATA,
KR6029885G89,,NO_MARKET_DATA,
KR6029886696,,NO_MARKET_DATA,
KR6029886753,,NO_MARKET_DATA,
KR354423GD69,,NO_MARKET_DATA,
KR354423GD77,,NO_MARKET_DATA,
KR354423GD85,,NO_MARKET_DATA,
KR354423GD93,,NO_MARKET_DATA,
KR354423GDB3,,NO_MARKET_DATA,
KR357401GFA3,,NO_MARKET_DATA,
KR357401GFC9,,NO_MARKET_DATA,
KR357401GG73,,NO_MARKET_DATA,
KR357402GB93,,NO_MARKET_DATA,
KR357402GF73,,NO_MARKET_DATA,
KR357402GG72,,NO_MARKET_DATA,
KR6007981F97,,NO_MARKET_DATA,
KR60079A1G48,,NO_MARKET_DATA,
KR60079C1F60,,NO_MARKET_DATA,
KR60153TEG11,,NO_MARKET_DATA,
KR60153TFG10,,NO_MARKET_DATA,
KR60153TGG19,,NO_MARKET_DATA,
KR60153THG18,,NO_MARKET_DATA,
KR60153TJG16,,NO_MARKET_DATA,
KR60153TKG13,,NO_MARKET_DATA,
KR60153TLG12,,NO_MARKET_DATA,
KR6008277D82,,NO_MARKET_DATA,
KR6008277D90,,NO_MARKET_DATA,
KR60169JGG39,,NO_MARKET_DATA,
KR60169JHG38,,NO_MARKET_DATA,
KR60169JJG36,,NO_MARKET_DATA,
KR60169JKG33,,NO_MARKET_DATA,
KR60169JLG32,,NO_MARKET_DATA,
KR60169JMG31,,NO_MARKET_DATA,
KR60169JNG30,,NO_MARKET_DATA,
KR60169JPG38,,NO_MARKET_DATA,
KR6467341D90,,NO_MARKET_DATA,
KR6467351D97,,NO_MARKET_DATA,
KR6467361D95,,NO_MARKET_DATA,
KR6467371D93,,NO_MARKET_DATA,
KR6467391D99,,NO_MARKET_DATA,
KR6467401D97,,NO_MARKET_DATA,
KR6467411D95,,NO_MARKET_DATA,
KR6497641EB1,,NO_MARKET_DATA,
KR6497651EB0,,NO_MARKET_DATA,
KR6497671FB5,,NO_MARKET_DATA,
KR6497691G58,,NO_MARKET_DATA,
KR6421661C33,,NO_MARKET_DATA,
KR6421662C32,,NO_MARKET_DATA,
KR6421671G52,,NO_MARKET_DATA,
KR6421801C26,,NO_MARKET_DATA,
KR6474291E38,,NO_MARKET_DATA,
KR6474292E37,,NO_MARKET_DATA,
KR6474301E28,,NO_MARKET_DATA,
KR6474491DC8,,NO_MARKET_DATA,
KR6474611D40,,NO_MARKET_DATA,
KR6474661DC6,,NO_MARKET_DATA,
KR6474931E18,,NO_MARKET_DATA,
KR6397001B92,,NO_MARKET_DATA,
KR6397031D45,,NO_MARKET_DATA,
KR6457202EA2,,NO_MARKET_DATA,
KR6457203EA0,,NO_MARKET_DATA,
KR6457204EA8,,NO_MARKET_DATA,
KR6457205EA5,,NO_MARKET_DATA,
KR6457231G42,,NO_MARKET_DATA,
KR6457241G40,,NO_MARKET_DATA,
KR6457331G41,,NO_MARKET_DATA,
KR6457341G49,,NO_MARKET_DATA,
KR6457351F62,,NO_MARKET_DATA,
KR6298971F52,,NO_MARKET_DATA,
KR6448901G73,,NO_MARKET_DATA,
KR6490551FC4,,NO_MARKET_DATA,
KR6383911F22,,NO_MARKET_DATA,
KR6383911G21,,NO_MARKET_DATA,
KR6383912F21,,NO_MARKET_DATA,
KR6383931E29,,NO_MARKET_DATA,
KR6383931G27,,NO_MARKET_DATA,
KR6383932G26,,NO_MARKET_DATA,
KR6384252E44,,NO_MARKET_DATA,
KR6384341C98,,NO_MARKET_DATA,
KR6029886C25,,NO_MARKET_DATA,
KR6029886C41,,NO_MARKET_DATA,
KR6029886C90,,NO_MARKET_DATA,
KR6029886D16,,NO_MARKET_DATA,
KR6029886D32,,NO_MARKET_DATA,
KR6029886D40,,NO_MARKET_DATA,
KR6034831G43,,NO_MARKET_DATA,
KR6034831G50,,NO_MARKET_DATA,
KR6034832E28,0.5007960661030632,CALCULATED,중간
KR6034832E85,,NO_MARKET_DATA,
KR6034832F43,,NO_MARKET_DATA,
KR357701GE49,,NO_MARKET_DATA,
KR357701GF71,,NO_MARKET_DATA,
KR357701GF97,,NO_MARKET_DATA,
KR6002383E10,,NO_MARKET_DATA,
KR6002391EC9,,NO_MARKET_DATA,
KR6002391F35,,NO_MARKET_DATA,
KR6002391G59,,NO_MARKET_DATA,
KR6002391G67,,NO_MARKET_DATA,
KR6002392EA1,,NO_MARKET_DATA,
KR6002392G58,,NO_MARKET_DATA,
KR60023C1F35,,NO_MARKET_DATA,
KR60153TMG11,,NO_MARKET_DATA,
KR60153TNG10,,NO_MARKET_DATA,
KR60153TPG18,,NO_MARKET_DATA,
KR310515GG59,,NO_MARKET_DATA,
KR310515GG67,,NO_MARKET_DATA,
KR310516GCA1,,NO_MARKET_DATA,
KR310516GF59,,NO_MARKET_DATA,
KR310516GF75,,NO_MARKET_DATA,
KR310516GG17,,NO_MARKET_DATA,
KR310516GG33,,NO_MARKET_DATA,
KR60169JQG37,,NO_MARKET_DATA,
KR60169JRG36,,NO_MARKET_DATA,
KR350103GG61,,NO_MARKET_DATA,
KR350103GG79,,NO_MARKET_DATA,
KR3501047277,,NO_MARKET_DATA,
KR350104G367,,NO_MARKET_DATA,
KR350104G748,,NO_MARKET_DATA,
KR350104G8A3,,NO_MARKET_DATA,
KR350104GA17,,NO_MARKET_DATA,
KR350104GA25,0.5250309484824176,CALCULATED,중간
KR6497721FB8,,NO_MARKET_DATA,
KR6497751FB5,,NO_MARKET_DATA,
KR6497771F86,,NO_MARKET_DATA,
KR6218341EA8,,NO_MARKET_DATA,
KR6497811EB0,,NO_MARKET_DATA,
KR6497871F77,,NO_MARKET_DATA,
KR6497911F79,,NO_MARKET_DATA,
KR6497931F42,,NO_MARKET_DATA,
KR6217881F44,,NO_MARKET_DATA,
KR6217951BB9,,NO_MARKET_DATA,
KR6217951E24,,NO_MARKET_DATA,
KR647494TE15,,NO_MARKET_DATA,
KR6474951F79,,NO_MARKET_DATA,
KR6474961E29,,NO_MARKET_DATA,
KR6239711635,,NO_MARKET_DATA,
KR6474972F58,,NO_MARKET_DATA,
KRC035AP3065,,NO_MARKET_DATA,
KRC035AP30C5,,NO_MARKET_DATA,
KRC035AP31C3,,NO_MARKET_DATA,
KRC035AP3263,,NO_MARKET_DATA,
KRC035AP33C9,,NO_MARKET_DATA,
KRC035FP2732,0.5614854622309553,CALCULATED,중간
KR6457361G44,,NO_MARKET_DATA,
KR6457391D41,,NO_MARKET_DATA,
KR649393HEA1,,NO_MARKET_DATA,
KR649393JEA7,,NO_MARKET_DATA,
KR649393KEA5,,NO_MARKET_DATA,
KR6493941EB9,,NO_MARKET_DATA,
KR6493961EC5,,NO_MARKET_DATA,
KR6493981F57,,NO_MARKET_DATA,
KR6494021F57,,NO_MARKET_DATA,
KR6494021F99,,NO_MARKET_DATA,
KR6494111EB8,,NO_MARKET_DATA,
KR6384341FB1,,NO_MARKET_DATA,
KR6384471G21,,NO_MARKET_DATA,
KR6384491G43,,NO_MARKET_DATA,
KR6449021CB9,,NO_MARKET_DATA,
KR6449031CB8,,NO_MARKET_DATA,
KR644905KCC1,,NO_MARKET_DATA,
KR6449081G32,,NO_MARKET_DATA,
KR6449082G31,,NO_MARKET_DATA,
KR6449361CC7,,NO_MARKET_DATA,
KR6449511G32,,NO_MARKET_DATA,
KR6449611F99,,NO_MARKET_DATA,
KR6034832G42,,NO_MARKET_DATA,
KR6034832G59,,NO_MARKET_DATA,
KR6034833G41,,NO_MARKET_DATA,
KR6035281EB5,,NO_MARKET_DATA,
KR6035421E14,,NO_MARKET_DATA,
KR6035422E13,,NO_MARKET_DATA,
KR6095922EA3,,NO_MARKET_DATA,
KR6138102G36,,NO_MARKET_DATA,
KR60659088A3,,NO_MARKET_DATA,
KR6065908B73,,NO_MARKET_DATA,
KR6002382EA2,,NO_MARKET_DATA,
KR6002382F36,,NO_MARKET_DATA,
KR6002382G27,,NO_MARKET_DATA,
KR6002382G76,,NO_MARKET_DATA,
KR60073W1FB2,,NO_MARKET_DATA,
KR60073W1FC0,,NO_MARKET_DATA,
KR60073W2FB0,,NO_MARKET_DATA,
KR60073W2FC8,,NO_MARKET_DATA,
KR60073Z1F64,,NO_MARKET_DATA,
KR60145A1FC0,,NO_MARKET_DATA,
KR6007461G53,,NO_MARKET_DATA,
KR352302G480,,NO_MARKET_DATA,
KR354406GA48,,NO_MARKET_DATA,
KR310516GG58,,NO_MARKET_DATA,
KR310516GG66,,NO_MARKET_DATA,
KR310517GBA1,,NO_MARKET_DATA,
KR310517GEA5,,NO_MARKET_DATA,
KR352301GF68,,NO_MARKET_DATA,
KR352301GFA0,,NO_MARKET_DATA,
KR352301GG26,,NO_MARKET_DATA,
KR352301GG59,,NO_MARKET_DATA,
KR352301GG67,,NO_MARKET_DATA,
KR350104GA41,,NO_MARKET_DATA,
KR350104GB81,,NO_MARKET_DATA,
KR350104GB99,,NO_MARKET_DATA,
KR3527017262,,NO_MARKET_DATA,
KR3527017288,,NO_MARKET_DATA,
KR3527017346,,NO_MARKET_DATA,
KR352701G475,,NO_MARKET_DATA,
KR352701G4B3,,NO_MARKET_DATA,
KR352701G582,,NO_MARKET_DATA,
KR352701G590,,NO_MARKET_DATA,
KR6218221FB7,,NO_MARKET_DATA,
KR6218221G40,,NO_MARKET_DATA,
KR6218251G43,,NO_MARKET_DATA,
KR6218291DA7,,NO_MARKET_DATA,
KR6218341F46,,NO_MARKET_DATA,
KR6218341G45,,NO_MARKET_DATA,
KR6218351D94,,NO_MARKET_DATA,
KR6332571G52,,NO_MARKET_DATA,
KR6332572G51,,NO_MARKET_DATA,
KR6332573G50,,NO_MARKET_DATA,
KR6332574G59,,NO_MARKET_DATA,
KRC035FP2831,,NO_MARKET_DATA,
KRC035FP29C6,,NO_MARKET_DATA,
KRC035FP30C4,,NO_MARKET_DATA,
KRC035FP31C2,,NO_MARKET_DATA,
KR6239712633,,NO_MARKET_DATA,
KR6239731F99,,NO_MARKET_DATA,
KR6239891C56,,NO_MARKET_DATA,
KR6240411639,,NO_MARKET_DATA,
KR6240591E63,,NO_MARKET_DATA,
KR6240671F32,,NO_MARKET_DATA,
KR6240711D69,,NO_MARKET_DATA,
KR6494132F61,,NO_MARKET_DATA,
KR6494133F60,,NO_MARKET_DATA,
KR6310102FA8,,NO_MARKET_DATA,
KR6310102FB6,,NO_MARKET_DATA,
KR6397042B85,,NO_MARKET_DATA,
KR6310102FC4,1.198175641215267,CALCULATED,중간
KR6310102G15,,NO_MARKET_DATA,
KR6310102G23,,NO_MARKET_DATA,
KR6310102G31,,NO_MARKET_DATA,
KR6310102G49,,NO_MARKET_DATA,
KR6310102G56,,NO_MARKET_DATA,
KR6449611FB0,,NO_MARKET_DATA,
KR6449611G56,,NO_MARKET_DATA,
KR6490531E91,,NO_MARKET_DATA,
KR6490551G29,,NO_MARKET_DATA,
KR6490621G41,,NO_MARKET_DATA,
KR6490801E94,,NO_MARKET_DATA,
KR6490881EA2,,NO_MARKET_DATA,
KR6490901F19,,NO_MARKET_DATA,
KR649097QE80,,NO_MARKET_DATA,
KR649097RE89,,NO_MARKET_DATA,
KR649097SE88,,NO_MARKET_DATA,
KR6065908C56,,NO_MARKET_DATA,
KR6065908C72,,NO_MARKET_DATA,
KR6065908C80,,NO_MARKET_DATA,
KR6065908D48,,NO_MARKET_DATA,
KR6065908D71,,NO_MARKET_DATA,
KR6065908D89,,NO_MARKET_DATA,
KR6065908D97,,NO_MARKET_DATA,
KR6065908DA0,,NO_MARKET_DATA,
KR6065908DC6,,NO_MARKET_DATA,
KR6095922EB1,,NO_MARKET_DATA,
KR6095922EC9,,NO_MARKET_DATA,
KR310506GF44,,NO_MARKET_DATA,
KR60074L3F60,,NO_MARKET_DATA,
KR60074L4F69,,NO_MARKET_DATA,
KR60074L5F68,,NO_MARKET_DATA,
KR60074N1F68,,NO_MARKET_DATA,
KR60074T1F73,,NO_MARKET_DATA,
KR60145Z2FC9,,NO_MARKET_DATA,
KR6014681F13,,NO_MARKET_DATA,
KR6014682G37,,NO_MARKET_DATA,
KR60146C1FC7,,NO_MARKET_DATA,
KR352301GG75,,NO_MARKET_DATA,
KR352302G365,,NO_MARKET_DATA,
KR352302G696,,NO_MARKET_DATA,
KR352302G829,,NO_MARKET_DATA,
KR354406G941,,NO_MARKET_DATA,
KR354406G966,,NO_MARKET_DATA,
KR354406G9A8,,NO_MARKET_DATA,
KR354406G9B6,,NO_MARKET_DATA,
KR354406G9C4,,NO_MARKET_DATA,
KR354406GA14,,NO_MARKET_DATA,
KR352701G5B0,,NO_MARKET_DATA,
KR352701G5C8,,NO_MARKET_DATA,
KR352701G632,,NO_MARKET_DATA,
KR354407GBB0,,NO_MARKET_DATA,
KR354407GBC8,,NO_MARKET_DATA,
KR354407GC11,,NO_MARKET_DATA,
KR354407GC29,,NO_MARKET_DATA,
KR354407GC45,,NO_MARKET_DATA,
KR354407GC52,,NO_MARKET_DATA,
KR354407GC60,,NO_MARKET_DATA,
KR6332575G58,,NO_MARKET_DATA,
KR6332576G57,,NO_MARKET_DATA,
KR6332921FB3,,NO_MARKET_DATA,
KR6332921G67,,NO_MARKET_DATA,
KR6332922EA6,,NO_MARKET_DATA,
KR6332922F67,,NO_MARKET_DATA,
KR6332923EA4,,NO_MARKET_DATA,
KR6406441EA8,,NO_MARKET_DATA,
KR6406451EA7,,NO_MARKET_DATA,
KR6406461EA6,,NO_MARKET_DATA,
KR6406481EA4,,NO_MARKET_DATA,
KR6240731G54,,NO_MARKET_DATA,
KR6240871F30,,NO_MARKET_DATA,
KR6240901F34,,NO_MARKET_DATA,
KR6348951F75,,NO_MARKET_DATA,
KR6348951F91,,NO_MARKET_DATA,
KR6348951G25,,NO_MARKET_DATA,
KR6348952EA5,,NO_MARKET_DATA,
KR6349741A32,,NO_MARKET_DATA,
KR6350612A36,,NO_MARKET_DATA,
KR6350613A35,,NO_MARKET_DATA,
KR6310102G72,,NO_MARKET_DATA,
KR6310103E99,,NO_MARKET_DATA,
KR6397041B86,,NO_MARKET_DATA,
KR6397041C28,,NO_MARKET_DATA,
KR6397041DB7,,NO_MARKET_DATA,
KR6397042C27,,NO_MARKET_DATA,
KR6397042DB5,,NO_MARKET_DATA,
KR6397043B84,,NO_MARKET_DATA,
KR6397043C26,,NO_MARKET_DATA,
KR6397044B83,,NO_MARKET_DATA,
KR6397044C25,,NO_MARKET_DATA,
KR649097TE87,,NO_MARKET_DATA,
KR6293941F92,,NO_MARKET_DATA,
KR6293941G75,,NO_MARKET_DATA,
KR6293981E37,,NO_MARKET_DATA,
KR6294091D25,,NO_MARKET_DATA,
KR6294091E24,,NO_MARKET_DATA,
KR6294091E65,,NO_MARKET_DATA,
KR6294631BC1,,NO_MARKET_DATA,
KR6294871A24,,NO_MARKET_DATA,
KR6294871F60,0.8218627581085668,CALCULATED,중간
KR6294872F69,,NO_MARKET_DATA,
KR6095922F11,,NO_MARKET_DATA,
KR6095922F29,,NO_MARKET_DATA,
KR6095922F37,,NO_MARKET_DATA,
KR6095922F45,,NO_MARKET_DATA,
KR6095922F52,,NO_MARKET_DATA,
KR6095922F60,,NO_MARKET_DATA,
KR6095922F78,,NO_MARKET_DATA,
KR6138102F29,,NO_MARKET_DATA,
KR61381038A1,,NO_MARKET_DATA,
KR6138103B48,,NO_MARKET_DATA,
KR60145A2FC8,,NO_MARKET_DATA,
KR60145Y1FC2,,NO_MARKET_DATA,
KR60145Z1FC1,,NO_MARKET_DATA,
KR310509GG32,,NO_MARKET_DATA,
KR310509GG40,,NO_MARKET_DATA,
KR310509GG57,,NO_MARKET_DATA,
KR310509GG65,,NO_MARKET_DATA,
KR310510AG43,,NO_MARKET_DATA,
KR310510GCC0,,NO_MARKET_DATA,
KR310510GD65,,NO_MARKET_DATA,
KR310510GD81,,NO_MARKET_DATA,
KR354406GA22,,NO_MARKET_DATA,
KR354406GA30,,NO_MARKET_DATA,
KR354406GA55,,NO_MARKET_DATA,
KR354427GDA6,,NO_MARKET_DATA,
KR354427GDB4,,NO_MARKET_DATA,
KR354427GG13,,NO_MARKET_DATA,
KR354427GG47,,NO_MARKET_DATA,
KR354427GG54,,NO_MARKET_DATA,
KR3544287260,,NO_MARKET_DATA,
KR354428GA42,,NO_MARKET_DATA,
KR354407GC78,,NO_MARKET_DATA,
KR354407GC86,,NO_MARKET_DATA,
KR354407GC94,,NO_MARKET_DATA,
KR354602GG77,,NO_MARKET_DATA,
KR354603G430,,NO_MARKET_DATA,
KR354603G448,,NO_MARKET_DATA,
KR354603G687,,NO_MARKET_DATA,
KR354603G6B3,,NO_MARKET_DATA,
KR380805GF94,,NO_MARKET_DATA,
KR354603G737,,NO_MARKET_DATA,
KR6406491EA3,,NO_MARKET_DATA,
KR6406501E51,,NO_MARKET_DATA,
KR6406501EA9,,NO_MARKET_DATA,
KR6406511EA8,,NO_MARKET_DATA,
KR6406521EA7,,NO_MARKET_DATA,
KR6406541EA5,,NO_MARKET_DATA,
KR6406541F60,,NO_MARKET_DATA,
KR6467431E41,,NO_MARKET_DATA,
KR6467441D99,,NO_MARKET_DATA,
KR6467441F30,,NO_MARKET_DATA,
KR6467461D94,,NO_MARKET_DATA,
KR6350614A34,,NO_MARKET_DATA,
KR6350751F57,,NO_MARKET_DATA,
KR6350751F65,,NO_MARKET_DATA,
KR6422041C24,,NO_MARKET_DATA,
KR6422201EA6,,NO_MARKET_DATA,
KR6422201EC2,,NO_MARKET_DATA,
KR6422201FA3,,NO_MARKET_DATA,
KR6422202F91,,NO_MARKET_DATA,
KR6422202FA1,,NO_MARKET_DATA,
KR6422451F24,,NO_MARKET_DATA,
KR6422721C54,,NO_MARKET_DATA,
KR6397521FA5,,NO_MARKET_DATA,
KR6457401G46,,NO_MARKET_DATA,
KR6457431G40,,NO_MARKET_DATA,
KR6457441FB1,,NO_MARKET_DATA,
KR6457451G45,,NO_MARKET_DATA,
KR6457631D41,,NO_MARKET_DATA,
KR6457651G43,,NO_MARKET_DATA,
KR6457661G41,,NO_MARKET_DATA,
KR6457681FC0,,NO_MARKET_DATA,
KR6457721G49,,NO_MARKET_DATA,
KR6457901D51,,NO_MARKET_DATA,
KR6294951G62,,NO_MARKET_DATA,
KR6384521G47,,NO_MARKET_DATA,
KR6384541G43,,NO_MARKET_DATA,
KR6384621G46,,NO_MARKET_DATA,
KR6384641F43,,NO_MARKET_DATA,
KR6384641F92,,NO_MARKET_DATA,
KR6384641G42,,NO_MARKET_DATA,
KR6384661F48,,NO_MARKET_DATA,
KR6384661G47,,NO_MARKET_DATA,
KR6384681F93,,NO_MARKET_DATA,
KR6384681G68,,NO_MARKET_DATA,
KR6138103D12,,NO_MARKET_DATA,
KR6138104965,,NO_MARKET_DATA,
KR6138251C13,,NO_MARKET_DATA,
KR6138262F66,,NO_MARKET_DATA,
KR6138611CB3,,NO_MARKET_DATA,
KR6138931D85,,NO_MARKET_DATA,
KR6138931D93,,EXCLUDED_PERPETUAL,
KR6169911FB2,,NO_MARKET_DATA,
KR6169911G24,,NO_MARKET_DATA,
KR6316141F16,,NO_MARKET_DATA,
KR6316141F32,,NO_MARKET_DATA,
KR310506GD95,,NO_MARKET_DATA,
KR310506GE94,,NO_MARKET_DATA,
KR351603GF81,,NO_MARKET_DATA,
KR351603GF99,,NO_MARKET_DATA,
KR351603GFB8,,NO_MARKET_DATA,
KR354404GA73,,NO_MARKET_DATA,
KR354404GA81,,NO_MARKET_DATA,
KR354404GA99,,NO_MARKET_DATA,
KR354404GAB9,,NO_MARKET_DATA,
KR354404GB56,,NO_MARKET_DATA,
KR354428GC40,,NO_MARKET_DATA,
KR354428GD64,,NO_MARKET_DATA,
KR354428GD98,,NO_MARKET_DATA,
KR380602GG72,,NO_MARKET_DATA,
KR380603GEC4,,NO_MARKET_DATA,
KR380603GF98,,NO_MARKET_DATA,
KR380603GFA5,,NO_MARKET_DATA,
KR380603GFB3,,NO_MARKET_DATA,
KR380603GG14,,NO_MARKET_DATA,
KR380603GG48,,NO_MARKET_DATA,
KR380603GG55,,NO_MARKET_DATA,
KR354603G778,,NO_MARKET_DATA,
KR354603G794,,NO_MARKET_DATA,
KR354603G943,,NO_MARKET_DATA,
KR354603GB48,,NO_MARKET_DATA,
KR380805GE95,,NO_MARKET_DATA,
KR380805GEA9,,NO_MARKET_DATA,
KR380805GF37,,NO_MARKET_DATA,
KR380805GF52,,NO_MARKET_DATA,
KR380805GF78,,NO_MARKET_DATA,
KR380805GF86,,NO_MARKET_DATA,
KR380805GFA6,,NO_MARKET_DATA,
KR6467471D92,,NO_MARKET_DATA,
KR6467481D90,,NO_MARKET_DATA,
KR6467491D98,,NO_MARKET_DATA,
KR6467501D96,,NO_MARKET_DATA,
KR6467531D90,,NO_MARKET_DATA,
KR6467551D95,,NO_MARKET_DATA,
KR6467561D93,,NO_MARKET_DATA,
KR6497941F57,,NO_MARKET_DATA,
KR6498041EC1,,NO_MARKET_DATA,
KR6498071EC8,,NO_MARKET_DATA,
KR6422722C53,,NO_MARKET_DATA,
KR642274VC36,,NO_MARKET_DATA,
KR6475151G32,,NO_MARKET_DATA,
KR6247812FB8,,NO_MARKET_DATA,
KR642290KC47,,NO_MARKET_DATA,
KR6474981FB5,,NO_MARKET_DATA,
KR6474982FB3,,NO_MARKET_DATA,
KR6475001FC9,,NO_MARKET_DATA,
KR6475002FC7,,NO_MARKET_DATA,
KR6475041DB2,,NO_MARKET_DATA,
KR6475042DB0,,NO_MARKET_DATA,
KR6457901D69,,NO_MARKET_DATA,
KR6494134F69,,NO_MARKET_DATA,
KR6494135F68,,NO_MARKET_DATA,
KR6494141G51,,NO_MARKET_DATA,
KR6494141G69,,NO_MARKET_DATA,
KR6494142EA5,,NO_MARKET_DATA,
KR6494143EA3,,NO_MARKET_DATA,
KR6494144EA1,,NO_MARKET_DATA,
KR6494145EA8,,NO_MARKET_DATA,
KR6494191EB0,,NO_MARKET_DATA,
KR6494321EA5,,NO_MARKET_DATA,
KR6384711G47,,NO_MARKET_DATA,
KR6449611G64,,NO_MARKET_DATA,
KR6485922EC7,,NO_MARKET_DATA,
KR6485941E61,,NO_MARKET_DATA,
KR6485991E60,,NO_MARKET_DATA,
KR6486021E62,,NO_MARKET_DATA,
KR6486041E68,,NO_MARKET_DATA,
KR6486041G66,,NO_MARKET_DATA,
KR6486042EA7,,NO_MARKET_DATA,
KR6486043EA5,,NO_MARKET_DATA,
KR6286121EB9,,NO_MARKET_DATA,
KR6316141F57,,NO_MARKET_DATA,
KR6316141F65,,NO_MARKET_DATA,
KR6316141F73,,NO_MARKET_DATA,
KR6316141F81,,NO_MARKET_DATA,
KR6316141F99,,NO_MARKET_DATA,
KR6397721C25,,NO_MARKET_DATA,
KR6397721C41,,NO_MARKET_DATA,
KR6458321D51,,NO_MARKET_DATA,
KR649447TEA0,,NO_MARKET_DATA,
KR6397721CC4,,NO_MARKET_DATA,
KR351607GCB6,,NO_MARKET_DATA,
KR351607GE39,,NO_MARKET_DATA,
KR351607GE62,,NO_MARKET_DATA,
KR354405GAA8,,NO_MARKET_DATA,
KR354405GAC4,,NO_MARKET_DATA,
KR354405GB14,,NO_MARKET_DATA,
KR354405GB22,,NO_MARKET_DATA,
KR354405GB30,,NO_MARKET_DATA,
KR354423GG58,,NO_MARKET_DATA,
KR354405GB48,,NO_MARKET_DATA,
KR380603GG63,,NO_MARKET_DATA,
KR380604GEC2,,NO_MARKET_DATA,
KR380604GF71,,NO_MARKET_DATA,
KR60028S2F70,,NO_MARKET_DATA,
KR60028T1FA5,,NO_MARKET_DATA,
KR60028Y1F46,,NO_MARKET_DATA,
KR60028Y1F95,,NO_MARKET_DATA,
KR6002901E39,,NO_MARKET_DATA,
KR6002991G61,,NO_MARKET_DATA,
KR60029G1F66,,NO_MARKET_DATA,
KR60029G1F74,,NO_MARKET_DATA,
KR380805GFB4,,NO_MARKET_DATA,
KR380805GFC2,,NO_MARKET_DATA,
KR380805GG10,,NO_MARKET_DATA,
KR6003492EA8,2.8709125017437307,CALCULATED,고민감
KR6003492F15,,NO_MARKET_DATA,
KR6003492F56,,NO_MARKET_DATA,
KR6003492F98,,NO_MARKET_DATA,
KR6003492G30,,NO_MARKET_DATA,
KR6003492G48,,NO_MARKET_DATA,
KR6003492G63,2.536122171379225,CALCULATED,고민감
KR6003493E23,2.292677039757549,CALCULATED,중간
KR6498081EC7,,NO_MARKET_DATA,
KR6498101F51,,NO_MARKET_DATA,
KR6498121FA2,,NO_MARKET_DATA,
KR6223951G61,,NO_MARKET_DATA,
KR6333492A37,,NO_MARKET_DATA,
KR6498241F86,,NO_MARKET_DATA,
KR6498251G17,,NO_MARKET_DATA,
KR6498391EB2,,NO_MARKET_DATA,
KR6498541F67,,NO_MARKET_DATA,
KR6223421G63,,NO_MARKET_DATA,
KR6223481G60,,NO_MARKET_DATA,
KR6475151E83,,NO_MARKET_DATA,
KR6475151F41,,NO_MARKET_DATA,
KR6475151G16,,NO_MARKET_DATA,
KR6475151G24,,NO_MARKET_DATA,
KRC035FP33C8,,NO_MARKET_DATA,
KRC035FP3599,,NO_MARKET_DATA,
KRC035FP3698,,NO_MARKET_DATA,
KRC035FP3797,,NO_MARKET_DATA,
KRC035FP3896,,NO_MARKET_DATA,
KRC035FP3995,,NO_MARKET_DATA,
KRC035FP4092,,NO_MARKET_DATA,
KR649447NEA3,,NO_MARKET_DATA,
KR6316141DB3,,NO_MARKET_DATA,
KR6316141E25,,EXCLUDED_PERPETUAL,
KR6316141E66,,NO_MARKET_DATA,
KR6316141EA3,,NO_MARKET_DATA,
KR6362251D91,,NO_MARKET_DATA,
KR6439191C91,,NO_MARKET_DATA,
KR6439192C90,,NO_MARKET_DATA,
KR6439251C72,,NO_MARKET_DATA,
KR6439261C96,,NO_MARKET_DATA,
KR6439263C86,,NO_MARKET_DATA,
KR6286141F60,,NO_MARKET_DATA,
KR6286141G69,,NO_MARKET_DATA,
KR6286211EB8,,NO_MARKET_DATA,
KR6286431EB2,,NO_MARKET_DATA,
KR6286551FB4,,NO_MARKET_DATA,
KR6286751B99,,NO_MARKET_DATA,
KR6286751F46,,NO_MARKET_DATA,
KR6286751G37,,NO_MARKET_DATA,
KR62868817B6,,NO_MARKET_DATA,
KR62869217B8,,NO_MARKET_DATA,
KR6371371F95,,NO_MARKET_DATA,
KR6397721EC0,,NO_MARKET_DATA,
KR6397722C24,,NO_MARKET_DATA,
KR6397722C40,,NO_MARKET_DATA,
KR6397722CC2,,NO_MARKET_DATA,
KR6397723C49,,NO_MARKET_DATA,
KR6397723CC0,,NO_MARKET_DATA,
KR6397724C48,,NO_MARKET_DATA,
KR6457941D46,,NO_MARKET_DATA,
KR6458151F54,,NO_MARKET_DATA,
KR6458191F72,,NO_MARKET_DATA,
KR6458371DA6,,NO_MARKET_DATA,
KR354421GC62,,NO_MARKET_DATA,
KR354421GD12,,NO_MARKET_DATA,
KR354421GD46,,NO_MARKET_DATA,
KR354421GD53,,NO_MARKET_DATA,
KR354421GD61,,NO_MARKET_DATA,
KR356901GF22,,NO_MARKET_DATA,
KR356901GFB1,,NO_MARKET_DATA,
KR356901GG39,,NO_MARKET_DATA,
KR356901GG54,,NO_MARKET_DATA,
KR357001DFC4,,NO_MARKET_DATA,
KR60029L9F35,,NO_MARKET_DATA,
KR60080C1F68,,NO_MARKET_DATA,
KR60029LCF30,,NO_MARKET_DATA,
KR60029LDF39,,NO_MARKET_DATA,
KR60079C1F78,,NO_MARKET_DATA,
KR60079C1G77,,NO_MARKET_DATA,
KR60079C2F69,,NO_MARKET_DATA,
KR60079K1F97,,NO_MARKET_DATA,
KR60079N1G17,,NO_MARKET_DATA,
KR60079P1G12,,NO_MARKET_DATA,
KR6003493E64,,NO_MARKET_DATA,
KR6003493F55,,NO_MARKET_DATA,
KR6003493F97,5.242281938073742,CALCULATED,고민감
KR6008277DA0,,NO_MARKET_DATA,
KR6008277DB8,,NO_MARKET_DATA,
KR6008277E40,,NO_MARKET_DATA,
KR6008277E57,,NO_MARKET_DATA,
KR6008277E73,,NO_MARKET_DATA,
KR6008277E81,,NO_MARKET_DATA,
KR6008277EA8,,NO_MARKET_DATA,
KR6008277EB6,,NO_MARKET_DATA,
KR6223621G46,,NO_MARKET_DATA,
KR6223671G60,,NO_MARKET_DATA,
KR6223731EA3,,NO_MARKET_DATA,
KR6223761G61,,NO_MARKET_DATA,
KR6223931G66,,NO_MARKET_DATA,
KR6224001FB5,,NO_MARKET_DATA,
KR6224011G67,,NO_MARKET_DATA,
KR6224061D93,,NO_MARKET_DATA,
KR6332923F66,,NO_MARKET_DATA,
KR6332924EA2,,NO_MARKET_DATA,
KR6332924F65,,NO_MARKET_DATA,
KRC035FP4191,,NO_MARKET_DATA,
KRC035FP4290,,NO_MARKET_DATA,
KRC035FP4399,,NO_MARKET_DATA,
KR6247811G60,,NO_MARKET_DATA,
KR6415371F74,,NO_MARKET_DATA,
KR6415581BC2,,NO_MARKET_DATA,
KR6415641FB7,,NO_MARKET_DATA,
KR6415721F55,,NO_MARKET_DATA,
KR6415722F54,,NO_MARKET_DATA,
KR6415723F53,,NO_MARKET_DATA,
KR6415724F52,,NO_MARKET_DATA,
KR6439331G31,,NO_MARKET_DATA,
KR6439411C79,,NO_MARKET_DATA,
KR6439481F71,,NO_MARKET_DATA,
KR6439481FA2,,NO_MARKET_DATA,
KR6484911E60,,NO_MARKET_DATA,
KR6484921E68,,NO_MARKET_DATA,
KR6484941E64,,NO_MARKET_DATA,
KR6484951E61,,NO_MARKET_DATA,
KR6484961E69,,NO_MARKET_DATA,
KR6484971E67,,NO_MARKET_DATA,
KR6484981G89,,NO_MARKET_DATA,
KR6371371FB3,,NO_MARKET_DATA,
KR6371391FB1,,NO_MARKET_DATA,
KR6371401FB8,,NO_MARKET_DATA,
KR6371401G64,,NO_MARKET_DATA,
KR6371431FB5,,NO_MARKET_DATA,
KR6371501FB5,,NO_MARKET_DATA,
KR6371521FB3,,NO_MARKET_DATA,
KR6371531FB2,,NO_MARKET_DATA,
KR6371581F34,,NO_MARKET_DATA,
KR6371591FB6,,NO_MARKET_DATA,
KR6444015EA4,,NO_MARKET_DATA,
KR6458372DA4,,NO_MARKET_DATA,
KR6458481F30,,NO_MARKET_DATA,
KR645858TD51,,NO_MARKET_DATA,
KR6458611D50,,NO_MARKET_DATA,
KR6458691D53,,NO_MARKET_DATA,
KR6458702F58,,NO_MARKET_DATA,
KR649447PEA8,,NO_MARKET_DATA,
KR649447QEA6,,NO_MARKET_DATA,
KR649447REA4,,NO_MARKET_DATA,
KR649447SEA2,,NO_MARKET_DATA,
KR3544247272,,NO_MARKET_DATA,
KR35442472A3,,NO_MARKET_DATA,
KR3544247314,,NO_MARKET_DATA,
KR357502GF98,,NO_MARKET_DATA,
KR357502GG55,,NO_MARKET_DATA,
KR357601GF80,,NO_MARKET_DATA,
KR357601GFA8,,NO_MARKET_DATA,
KR357601GG22,,NO_MARKET_DATA,
KR357601GG63,,NO_MARKET_DATA,
KR357602GG21,,NO_MARKET_DATA,
KR60079R1FB3,,NO_MARKET_DATA,
KR60079V1FB7,,NO_MARKET_DATA,
KR60079W1F76,,NO_MARKET_DATA,
KR60080C2F67,,NO_MARKET_DATA,
KR60153TQG17,,NO_MARKET_DATA,
KR60153TRG16,,NO_MARKET_DATA,
KR60153TSG15,,NO_MARKET_DATA,
KR60153TTG14,,NO_MARKET_DATA,
KR60154B1G21,,NO_MARKET_DATA,
KR60154B2G20,,NO_MARKET_DATA,
KR6008277F49,,NO_MARKET_DATA,
KR6008277F64,,NO_MARKET_DATA,
KR6008277F80,,NO_MARKET_DATA,
KR60169JVG30,,NO_MARKET_DATA,
KR60169R2G32,,NO_MARKET_DATA,
KR6017002F59,,NO_MARKET_DATA,
KR60170B4G32,,NO_MARKET_DATA,
KR60170B5G31,,NO_MARKET_DATA,
KR60170B6G30,,NO_MARKET_DATA,
KR60170B7G39,,NO_MARKET_DATA,
KR6332925EA9,,NO_MARKET_DATA,
KR6332925F64,,NO_MARKET_DATA,
KR6333001F93,,NO_MARKET_DATA,
KR6333281E20,,NO_MARKET_DATA,
KR6333491A38,,NO_MARKET_DATA,
KR350104GC31,,NO_MARKET_DATA,
KR350104GC98,,NO_MARKET_DATA,
KR350104GE62,,NO_MARKET_DATA,
KR350104GE70,,NO_MARKET_DATA,
KR350104GE88,,NO_MARKET_DATA,
KR350104GE96,,NO_MARKET_DATA,
KR6415725F51,,NO_MARKET_DATA,
KR6415726F50,,NO_MARKET_DATA,
KR6415727F59,,NO_MARKET_DATA,
KR6415728F58,,NO_MARKET_DATA,
KR6470681DB0,,NO_MARKET_DATA,
KR6470692DA9,,NO_MARKET_DATA,
KR6470701DB6,,NO_MARKET_DATA,
KR6470721DB4,,NO_MARKET_DATA,
KR6470731DB3,,NO_MARKET_DATA,
KR6470731EB1,,NO_MARKET_DATA,
KR6470741DB2,,NO_MARKET_DATA,
KR6484991E63,,NO_MARKET_DATA,
KR6485001E68,,NO_MARKET_DATA,
KR6485011E66,,NO_MARKET_DATA,
KR6485011F65,,NO_MARKET_DATA,
KR6271831G74,,NO_MARKET_DATA,
KR6271871G59,,NO_MARKET_DATA,
KR6271931F90,,NO_MARKET_DATA,
KR6271931G57,,NO_MARKET_DATA,
KR6271971G58,,NO_MARKET_DATA,
KR6271971G66,,NO_MARKET_DATA,
KR6272111G16,,NO_MARKET_DATA,
KR6444016EA2,,NO_MARKET_DATA,
KR6444021F94,,NO_MARKET_DATA,
KR6444031F92,,NO_MARKET_DATA,
KR6444032EA9,,NO_MARKET_DATA,
KR6444033EA7,,NO_MARKET_DATA,
KR6444034EA5,,NO_MARKET_DATA,
KR6444035EA2,,NO_MARKET_DATA,
KR6444051F97,,NO_MARKET_DATA,
KR6444091F99,,NO_MARKET_DATA,
KR6444111FB6,,NO_MARKET_DATA,
KR6486044EA3,,NO_MARKET_DATA,
KR6494555EA8,,NO_MARKET_DATA,
KR6494556EA6,,NO_MARKET_DATA,
KR6494557EA4,,NO_MARKET_DATA,
KR6494558EA2,,NO_MARKET_DATA,
KR6494591EB1,,NO_MARKET_DATA,
KR6310103G22,,NO_MARKET_DATA,
KR6310103G30,,NO_MARKET_DATA,
KR6310103G48,,NO_MARKET_DATA,
KR6310103G71,,NO_MARKET_DATA,
KR6310104F14,,NO_MARKET_DATA,
KR60018X1F49,,NO_MARKET_DATA,
KR6007072EB2,,NO_MARKET_DATA,
KR60019A1F29,,NO_MARKET_DATA,
KR60019A1F37,,NO_MARKET_DATA,
KR60019A1F45,,NO_MARKET_DATA,
KR60019A2F36,,NO_MARKET_DATA,
KR60019D1F31,,NO_MARKET_DATA,
KR60069Z5F68,,NO_MARKET_DATA,
KR6007041E62,,NO_MARKET_DATA,
KR6007041F53,,NO_MARKET_DATA,
KR6007071EB4,,NO_MARKET_DATA,
KR60154C1G11,,NO_MARKET_DATA,
KR60154E1G25,,NO_MARKET_DATA,
KR60154E1G33,,NO_MARKET_DATA,
KR310506GF51,,NO_MARKET_DATA,
KR310506GF69,,NO_MARKET_DATA,
KR351607GF38,,NO_MARKET_DATA,
KR351607GF87,,NO_MARKET_DATA,
KR351607GFB9,,NO_MARKET_DATA,
KR351608GFB7,,NO_MARKET_DATA,
KR351609GE94,,NO_MARKET_DATA,
KR310518GG31,,NO_MARKET_DATA,
KR352502GC68,,NO_MARKET_DATA,
KR352502GC76,,NO_MARKET_DATA,
KR352502GCA0,,NO_MARKET_DATA,
KR352502GD67,,NO_MARKET_DATA,
KR352502GDB6,,NO_MARKET_DATA,
KR352502GDC4,,NO_MARKET_DATA,
KR352502GE25,,NO_MARKET_DATA,
KR352502GE33,,NO_MARKET_DATA,
KR352502GE58,,NO_MARKET_DATA,
KR352702G846,,NO_MARKET_DATA,
KR352702G861,,NO_MARKET_DATA,
KR352702G994,,NO_MARKET_DATA,
KR352702G9A3,,NO_MARKET_DATA,
KR352702GA27,,NO_MARKET_DATA,
KR352702GA43,,NO_MARKET_DATA,
KR352702GA50,,NO_MARKET_DATA,
KR352702GA68,,NO_MARKET_DATA,
KR352702GB34,,NO_MARKET_DATA,
KR352702GBB6,,NO_MARKET_DATA,
KR6470751DB1,,NO_MARKET_DATA,
KR6470761DB0,,NO_MARKET_DATA,
KR6470762F68,,NO_MARKET_DATA,
KR6470763F67,,NO_MARKET_DATA,
KRC0350C3593,,NO_MARKET_DATA,
KRC0350C35C1,,NO_MARKET_DATA,
KRC0350C3635,,NO_MARKET_DATA,
KRC0350C3668,,NO_MARKET_DATA,
KRC0350C3692,,NO_MARKET_DATA,
KRC0350C36C9,,NO_MARKET_DATA,
KRC0350C3734,,NO_MARKET_DATA,
KR6272191E94,,NO_MARKET_DATA,
KR6272191G50,,NO_MARKET_DATA,
KR6272211F40,,NO_MARKET_DATA,
KR6272211FA3,,NO_MARKET_DATA,
KR6362481F83,,NO_MARKET_DATA,
KR6362501F89,,NO_MARKET_DATA,
KR6362551F88,,NO_MARKET_DATA,
KR6362581F82,,NO_MARKET_DATA,
KR6362591F80,,NO_MARKET_DATA,
KR6362701F87,,NO_MARKET_DATA,
KR6362882B25,,NO_MARKET_DATA,
KR6486045EA0,,NO_MARKET_DATA,
KR6280362F24,,NO_MARKET_DATA,
KR6486081E69,,NO_MARKET_DATA,
KR648612RE61,,NO_MARKET_DATA,
KR648612SE60,,NO_MARKET_DATA,
KR648612TE69,,NO_MARKET_DATA,
KR648612VE65,,NO_MARKET_DATA,
KR648612WE64,,NO_MARKET_DATA,
KR648612XE63,,NO_MARKET_DATA,
KR648612YE62,,NO_MARKET_DATA,
KR6310104F22,,NO_MARKET_DATA,
KR6310104F30,,NO_MARKET_DATA,
KR6310104F55,,NO_MARKET_DATA,
KR6310104F63,,NO_MARKET_DATA,
KR6310104FA4,,NO_MARKET_DATA,
KR6397881B89,,NO_MARKET_DATA,
KR6398201E87,,NO_MARKET_DATA,
KR6398211E85,,NO_MARKET_DATA,
KR6398211G42,,NO_MARKET_DATA,
KR6398221FB9,,NO_MARKET_DATA,
KR6398301BA0,,NO_MARKET_DATA,
KR60023DHF31,,NO_MARKET_DATA,
KR60023DJF39,,NO_MARKET_DATA,
KR60023DKF36,,NO_MARKET_DATA,
KR60074F1F64,,NO_MARKET_DATA,
KR60074F1F80,,NO_MARKET_DATA,
KR60074G1F62,,NO_MARKET_DATA,
KR60074G2F61,,NO_MARKET_DATA,
KR60074L1FB4,,NO_MARKET_DATA,
KR60074L2F61,,NO_MARKET_DATA,
KR6014791F93,,NO_MARKET_DATA,
KR351609GFB5,,NO_MARKET_DATA,
KR351610GE91,,NO_MARKET_DATA,
KR351610GFB3,,NO_MARKET_DATA,
KR351901GC34,,NO_MARKET_DATA,
KR351901GD33,,NO_MARKET_DATA,
KR354405GC13,,NO_MARKET_DATA,
KR354405GC21,,NO_MARKET_DATA,
KR354405GC39,,NO_MARKET_DATA,
KR354405GC47,,NO_MARKET_DATA,
KR354405GC54,,NO_MARKET_DATA,
KR352502GE66,,NO_MARKET_DATA,
KR354407G4C4,,NO_MARKET_DATA,
KR354407G519,,NO_MARKET_DATA,
KR354407G527,,NO_MARKET_DATA,
KR354407G535,,NO_MARKET_DATA,
KR354407G543,,NO_MARKET_DATA,
KR354407G550,,NO_MARKET_DATA,
KR354407G568,,NO_MARKET_DATA,
KR354407G576,,NO_MARKET_DATA,
KR354407G584,,NO_MARKET_DATA,
KR354408G590,,NO_MARKET_DATA,
KR354408G5A4,,NO_MARKET_DATA,
KR354408G5B2,,NO_MARKET_DATA,
KR354408G5C0,,NO_MARKET_DATA,
KR354408G616,,NO_MARKET_DATA,
KR354408G624,,NO_MARKET_DATA,
KR354408G632,,NO_MARKET_DATA,
KR354408G640,,NO_MARKET_DATA,
KR354408G657,,NO_MARKET_DATA,
KR354408G665,,NO_MARKET_DATA,
KRC0350C3767,,NO_MARKET_DATA,
KRC0350C3791,,NO_MARKET_DATA,
KRC0350C37C7,,NO_MARKET_DATA,
KR62337325B3,,NO_MARKET_DATA,
KR6233751EB7,,NO_MARKET_DATA,
KR6233821EB8,,NO_MARKET_DATA,
KR6233821F51,,NO_MARKET_DATA,
KR6233831EB7,,NO_MARKET_DATA,
KR6233871EB3,,NO_MARKET_DATA,
KR6233871G59,,NO_MARKET_DATA,
KR6233901EB8,,NO_MARKET_DATA,
KR6363171D88,,NO_MARKET_DATA,
KR6363281D10,,NO_MARKET_DATA,
KR6363531FC0,,NO_MARKET_DATA,
KR6363541FA3,,NO_MARKET_DATA,
KR6485031E62,,NO_MARKET_DATA,
KR6439481G39,,NO_MARKET_DATA,
KR6439482FA0,,NO_MARKET_DATA,
KR6439482G38,,NO_MARKET_DATA,
KR6439581E71,,NO_MARKET_DATA,
KR6439581G79,,NO_MARKET_DATA,
KR6439691F77,,NO_MARKET_DATA,
KR6280361G16,,NO_MARKET_DATA,
KR6280362C27,,NO_MARKET_DATA,
KR6280362F73,,NO_MARKET_DATA,
KR6280362G15,,NO_MARKET_DATA,
KR6280363D17,,NO_MARKET_DATA,
KR6280621D64,,NO_MARKET_DATA,
KR6280621EA6,,NO_MARKET_DATA,
KR6280631F86,,NO_MARKET_DATA,
KR6280631FB0,,NO_MARKET_DATA,
KR6281554B57,,NO_MARKET_DATA,
KR6371621FB1,,NO_MARKET_DATA,
KR6398302BA8,,NO_MARKET_DATA,
KR6398311E84,,NO_MARKET_DATA,
KR6398321E82,,NO_MARKET_DATA,
KR6398371E81,,NO_MARKET_DATA,
KR6398381E89,,NO_MARKET_DATA,
KR6458711F73,,NO_MARKET_DATA,
KR6458711FB6,,NO_MARKET_DATA,
KR6458712F72,,NO_MARKET_DATA,
KR6458831E95,,NO_MARKET_DATA,
KR6458831G51,,NO_MARKET_DATA,
KR6458861F63,,NO_MARKET_DATA,
KR60143NJFC5,,NO_MARKET_DATA,
KR60143NKFC3,,NO_MARKET_DATA,
KR60143NLFC1,,NO_MARKET_DATA,
KR60143NMFC9,,NO_MARKET_DATA,
KR310506GF85,,NO_MARKET_DATA,
KR310506GF93,,NO_MARKET_DATA,
KR310506GFA5,,NO_MARKET_DATA,
KR310506GFB3,,NO_MARKET_DATA,
KR310506GG19,,NO_MARKET_DATA,
KR310506GG35,,NO_MARKET_DATA,
KR354405GC62,,NO_MARKET_DATA,
KR354405GC70,,NO_MARKET_DATA,
KR354405GC88,,NO_MARKET_DATA,
KR354405GCC0,,NO_MARKET_DATA,
KR354405GD12,,NO_MARKET_DATA,
KR3544247348,,NO_MARKET_DATA,
KR354424G381,,NO_MARKET_DATA,
KR354424G415,,NO_MARKET_DATA,
KR354424G563,,NO_MARKET_DATA,
KR354424G6C8,,NO_MARKET_DATA,
KR354407G592,,NO_MARKET_DATA,
KR354601GB81,,NO_MARKET_DATA,
KR354601GB99,,NO_MARKET_DATA,
KR354601GBA0,,NO_MARKET_DATA,
KR354601GBB8,,NO_MARKET_DATA,
KR354601GC31,,NO_MARKET_DATA,
KR354601GC49,,NO_MARKET_DATA,
KR354601GC56,,NO_MARKET_DATA,
KR354601GC64,,NO_MARKET_DATA,
KR354601GC72,,NO_MARKET_DATA,
KR380802GF71,,NO_MARKET_DATA,
KR354801GG19,,NO_MARKET_DATA,
KR354801GG27,,NO_MARKET_DATA,
KR354801GG50,,NO_MARKET_DATA,
KR354802DE54,,NO_MARKET_DATA,
KR354802DE62,,NO_MARKET_DATA,
KR354802DE70,,NO_MARKET_DATA,
KR354802DF12,,NO_MARKET_DATA,
KR354802DG11,,NO_MARKET_DATA,
KR354802DG29,,NO_MARKET_DATA,
KR354802DG37,,NO_MARKET_DATA,
KR6233941EB4,,NO_MARKET_DATA,
KR6233941F64,,NO_MARKET_DATA,
KR6233981EB0,,NO_MARKET_DATA,
KR6339751F92,,NO_MARKET_DATA,
KR6339751G34,,NO_MARKET_DATA,
KR6339871EA8,,NO_MARKET_DATA,
KR6339872F62,,NO_MARKET_DATA,
KR6339873F61,,NO_MARKET_DATA,
KR6339874F60,,NO_MARKET_DATA,
KR6339875F69,,NO_MARKET_DATA,
KR6339971EA6,,NO_MARKET_DATA,
KR6439731C72,,NO_MARKET_DATA,
KR6439741G84,,NO_MARKET_DATA,
KR6439881G43,,NO_MARKET_DATA,
KR6439882G42,,NO_MARKET_DATA,
KR6439961C99,,NO_MARKET_DATA,
KR6485041E60,,NO_MARKET_DATA,
KR6485061E65,,NO_MARKET_DATA,
KR648507RE69,,NO_MARKET_DATA,
KR648507SE68,,NO_MARKET_DATA,
KR648507TE67,,NO_MARKET_DATA,
KR6371681FB5,,NO_MARKET_DATA,
KR6371691FB4,,NO_MARKET_DATA,
KR6371701F96,,NO_MARKET_DATA,
KR6371801EB2,,NO_MARKET_DATA,
KR6371951E60,,NO_MARKET_DATA,
KR6371951F51,,NO_MARKET_DATA,
KR6371951G76,,NO_MARKET_DATA,
KR6372171F46,,NO_MARKET_DATA,
KR6372321F29,,NO_MARKET_DATA,
KR6372321F94,,NO_MARKET_DATA,
KR6372321G44,,NO_MARKET_DATA,
KR6444141F99,,NO_MARKET_DATA,
KR6458861FA1,,NO_MARKET_DATA,
KR6458861FB9,,NO_MARKET_DATA,
KR6458911EA7,,NO_MARKET_DATA,
KR6458971F60,,NO_MARKET_DATA,
KR6459021G59,,NO_MARKET_DATA,
KR6494641F40,,NO_MARKET_DATA,
KR6494651F47,,NO_MARKET_DATA,
KR6494771G17,,NO_MARKET_DATA,
KR6494781G15,,NO_MARKET_DATA,
KR6494801FB1,,NO_MARKET_DATA,
KR6316143G47,,NO_MARKET_DATA,
KR60146C2FC5,,NO_MARKET_DATA,
KR60146Y1FC1,,NO_MARKET_DATA,
KR6014791FA7,,NO_MARKET_DATA,
KR6014792EB6,,NO_MARKET_DATA,
KR6014792F50,,NO_MARKET_DATA,
KR310506AG31,,NO_MARKET_DATA,
KR310506AG49,,NO_MARKET_DATA,
KR310506AG56,,NO_MARKET_DATA,
KR310506AG64,,NO_MARKET_DATA,
KR310506AG72,,NO_MARKET_DATA,
KR310506GC96,,NO_MARKET_DATA,
KR354424G738,,NO_MARKET_DATA,
KR354424G8C4,,NO_MARKET_DATA,
KR354424G9C2,,NO_MARKET_DATA,
KR357901DG48,,NO_MARKET_DATA,
KR354424GA12,,NO_MARKET_DATA,
KR354424GA20,,NO_MARKET_DATA,
KR357701GG47,,NO_MARKET_DATA,
KR357701GG62,,NO_MARKET_DATA,
KR357901DE24,,NO_MARKET_DATA,
KR357901DEB0,,NO_MARKET_DATA,
KR354601GC80,,NO_MARKET_DATA,
KR354601GC98,,NO_MARKET_DATA,
KR380802G634,,NO_MARKET_DATA,
KR380802G733,,NO_MARKET_DATA,
KR380802G881,,NO_MARKET_DATA,
KR380802GEB4,,NO_MARKET_DATA,
KR380802GEC2,,NO_MARKET_DATA,
KR380802GF22,,NO_MARKET_DATA,
KR380802GF30,,NO_MARKET_DATA,
KR380802GF48,,NO_MARKET_DATA,
KR380820GG45,,NO_MARKET_DATA,
KR381001G376,,NO_MARKET_DATA,
KR381001G855,,NO_MARKET_DATA,
KR381001G9A0,,EXCLUDED_EQUITY_LINKED,
KR381001GA32,,NO_MARKET_DATA,
KR381001GD70,,EXCLUDED_PERPETUAL,
KR381001GDB4,,NO_MARKET_DATA,
KR381001GE46,,NO_MARKET_DATA,
KR381001GE61,,NO_MARKET_DATA,
KR381001GE95,,NO_MARKET_DATA,
KR381001GEA4,,NO_MARKET_DATA,
KR6340101EB5,,NO_MARKET_DATA,
KR6340401F94,,NO_MARKET_DATA,
KR6340401FA8,,NO_MARKET_DATA,
KR6415961F70,,NO_MARKET_DATA,
KR6415971FA0,,NO_MARKET_DATA,
KR6415991F90,,NO_MARKET_DATA,
KR6416181FB3,,NO_MARKET_DATA,
KR6416284C14,,NO_MARKET_DATA,
KR6416421G22,,NO_MARKET_DATA,
KR6416422C41,,NO_MARKET_DATA,
KR6416422G21,,NO_MARKET_DATA,
KR648507VE63,,NO_MARKET_DATA,
KR6485081E61,,NO_MARKET_DATA,
KR6485091E69,,NO_MARKET_DATA,
KR6485101E67,,NO_MARKET_DATA,
KR6280121EB5,,NO_MARKET_DATA,
KR6280131E90,,NO_MARKET_DATA,
KR6280171E91,,NO_MARKET_DATA,
KR6280271E90,,NO_MARKET_DATA,
KR6280291E96,,NO_MARKET_DATA,
KR6280301E94,,NO_MARKET_DATA,
KR6280311E92,,NO_MARKET_DATA,
KR6444151F96,,NO_MARKET_DATA,
KR6444161F94,,NO_MARKET_DATA,
KR6444171F92,,NO_MARKET_DATA,
KR6444172EA3,,NO_MARKET_DATA,
KR6444173EA1,,NO_MARKET_DATA,
KR6444174EA9,,NO_MARKET_DATA,
KR6444175EA6,,NO_MARKET_DATA,
KR6444181F90,,NO_MARKET_DATA,
KR6444191F98,,NO_MARKET_DATA,
KR6444221F92,,NO_MARKET_DATA,
KR6486181E76,,NO_MARKET_DATA,
KR6494802FB9,,NO_MARKET_DATA,
KR6494811G27,,NO_MARKET_DATA,
KR6494861F84,,NO_MARKET_DATA,
KR6494941F96,,NO_MARKET_DATA,
KR6494941FC3,,NO_MARKET_DATA,
KR6495029EA3,,NO_MARKET_DATA,
KR6316142G48,,NO_MARKET_DATA,
KR6316142G55,,NO_MARKET_DATA,
KR6316142G71,,NO_MARKET_DATA,
KR6316143EC5,,NO_MARKET_DATA,
KR6316143F22,,NO_MARKET_DATA,
KR351604GA93,,NO_MARKET_DATA,
KR351604GB68,,NO_MARKET_DATA,
KR354404GE20,,NO_MARKET_DATA,
KR351604GB92,,NO_MARKET_DATA,
KR351604GBA7,,NO_MARKET_DATA,
KR351604GBB5,,NO_MARKET_DATA,
KR354404GCC3,,NO_MARKET_DATA,
KR354404GD21,,NO_MARKET_DATA,
KR354404GD39,,NO_MARKET_DATA,
KR354404GD47,,NO_MARKET_DATA,
KR357901DF31,,NO_MARKET_DATA,
KR357901DFC5,,NO_MARKET_DATA,
KR357901DG14,,NO_MARKET_DATA,
KR357901DG22,,NO_MARKET_DATA,
KR357901DG63,,NO_MARKET_DATA,
KR60023DLF35,,NO_MARKET_DATA,
KR60023DMF34,,NO_MARKET_DATA,
KR60023DNF33,,NO_MARKET_DATA,
KR60023DPF31,,NO_MARKET_DATA,
KR60023DQF30,,NO_MARKET_DATA,
KR380802GF63,,NO_MARKET_DATA,
KR6003343F24,0.4975178752777741,CALCULATED,저민감
KR6003343F73,,NO_MARKET_DATA,
KR6003343G23,,NO_MARKET_DATA,
KR6003343G72,1.7912984326062582,CALCULATED,중간
KR6003344F72,,NO_MARKET_DATA,
KR6003344G22,,NO_MARKET_DATA,
KR6003351FA3,,NO_MARKET_DATA,
KR6003381C61,,NO_MARKET_DATA,
KR6003381EA3,,NO_MARKET_DATA,
KR6003381EC9,,NO_MARKET_DATA,
KR60037P1F37,,NO_MARKET_DATA,
KR60037T1F39,,NO_MARKET_DATA,
KR60037W2F57,,NO_MARKET_DATA,
KR6003851F44,,NO_MARKET_DATA,
KR6003852F43,,NO_MARKET_DATA,
KR60038B1F35,,NO_MARKET_DATA,
KR60038B2F34,,NO_MARKET_DATA,
KR60038B3F33,,NO_MARKET_DATA,
KR60038B4F32,,NO_MARKET_DATA,
KR60038F1F36,,NO_MARKET_DATA,
KR6008561E94,,NO_MARKET_DATA,
KR6416423C40,,NO_MARKET_DATA,
KR6416651FA7,,NO_MARKET_DATA,
KR6416651FB5,,NO_MARKET_DATA,
KR6470764F66,,NO_MARKET_DATA,
KR6470765F65,,NO_MARKET_DATA,
KR6470771DB9,,NO_MARKET_DATA,
KR6470781DB8,,NO_MARKET_DATA,
KR6470791DB7,,NO_MARKET_DATA,
KR6470801DB4,,NO_MARKET_DATA,
KR6470811DB3,,NO_MARKET_DATA,
KR6470821DB2,,NO_MARKET_DATA,
KR6280341F95,,NO_MARKET_DATA,
KR6280361E26,,NO_MARKET_DATA,
KR6280361F25,,NO_MARKET_DATA,
KR6280361F74,,NO_MARKET_DATA,
KR6364071F51,,NO_MARKET_DATA,
KR6364361FB3,,NO_MARKET_DATA,
KR6364921G60,,NO_MARKET_DATA,
KR6365011F93,,NO_MARKET_DATA,
KR6365071F90,,NO_MARKET_DATA,
KR6365091F96,,NO_MARKET_DATA,
KR6365091G53,,NO_MARKET_DATA,
KR6486181E84,,NO_MARKET_DATA,
KR6486181F59,,NO_MARKET_DATA,
KR6486181F67,,NO_MARKET_DATA,
KR6486221F85,,NO_MARKET_DATA,
KR6486251E89,,NO_MARKET_DATA,
KR6486321EB3,,NO_MARKET_DATA,
KR6486401E62,,NO_MARKET_DATA,
KR6486411G76,,NO_MARKET_DATA,
KR6486631E64,,NO_MARKET_DATA,
KR6486696E66,,NO_MARKET_DATA,
KR6288981E11,,NO_MARKET_DATA,
KR6316143G54,,NO_MARKET_DATA,
KR6316144D98,,NO_MARKET_DATA,
KR6316144EC3,,NO_MARKET_DATA,
KR6316144G53,,NO_MARKET_DATA,
KR6316391E89,,NO_MARKET_DATA,
KR6398411E83,,NO_MARKET_DATA,
KR6398421E81,,NO_MARKET_DATA,
KR6398431E89,,NO_MARKET_DATA,
KR6398461E82,,NO_MARKET_DATA,
KR6398471E80,,NO_MARKET_DATA,
KR6398541EA5,,NO_MARKET_DATA,
KR354404GB98,,EXCLUDED_OPTION,
KR354421GD38,,NO_MARKET_DATA,
KR354404GBC5,,NO_MARKET_DATA,
KR354404GC30,,NO_MARKET_DATA,
KR354404GC55,,NO_MARKET_DATA,
KR354404GC71,,NO_MARKET_DATA,
KR354421G9C5,,NO_MARKET_DATA,
KR354421GA15,,NO_MARKET_DATA,
KR354421GA23,,NO_MARKET_DATA,
KR354421GB55,,NO_MARKET_DATA,
KR60023DRF39,,NO_MARKET_DATA,
KR60023DSF38,,NO_MARKET_DATA,
KR60023DTF37,,NO_MARKET_DATA,
KR60023DVF33,,NO_MARKET_DATA,
KR60023DWF32,,NO_MARKET_DATA,
KR60074X2F66,,NO_MARKET_DATA,
KR60074X3F65,,NO_MARKET_DATA,
KR60074X4F64,,NO_MARKET_DATA,
KR60074X5F63,,NO_MARKET_DATA,
KR6007531F50,,NO_MARKET_DATA,
KR6003381F43,,NO_MARKET_DATA,
KR6008274B87,,NO_MARKET_DATA,
KR6008274D36,,NO_MARKET_DATA,
KR6008274D85,,NO_MARKET_DATA,
KR6008274E19,,NO_MARKET_DATA,
KR6008274E27,,NO_MARKET_DATA,
KR6008274E43,,NO_MARKET_DATA,
KR6008274E92,,NO_MARKET_DATA,
KR6008274EA5,,NO_MARKET_DATA,
KR6008274EB3,,NO_MARKET_DATA,
KR6008274EC1,,NO_MARKET_DATA,
KR6008561EA5,,NO_MARKET_DATA,
KR6008561EB3,,NO_MARKET_DATA,
KR6008561EC1,,NO_MARKET_DATA,
KR6017672D43,,NO_MARKET_DATA,
KR350106G9B7,,NO_MARKET_DATA,
KR6008561F10,,NO_MARKET_DATA,
KR6008561F28,,NO_MARKET_DATA,
KR6008561F69,,NO_MARKET_DATA,
KR6008561F85,,NO_MARKET_DATA,
KR6008561F93,,NO_MARKET_DATA,
KR6008561FA2,,NO_MARKET_DATA,
KR6470821FB7,,NO_MARKET_DATA,
KR6470831DB1,,NO_MARKET_DATA,
KR6470851DB9,,NO_MARKET_DATA,
KRC0350C3833,,NO_MARKET_DATA,
KRC0350C3866,,NO_MARKET_DATA,
KRC0350C3890,,NO_MARKET_DATA,
KRC0350C38C5,,NO_MARKET_DATA,
KRC0350C3932,,NO_MARKET_DATA,
KRC0350C3965,,NO_MARKET_DATA,
KRC0350C3999,,NO_MARKET_DATA,
KRC0350C39C3,,NO_MARKET_DATA,
KR6365131D90,,NO_MARKET_DATA,
KR6365161F91,,NO_MARKET_DATA,
KR6365171F99,,NO_MARKET_DATA,
KR6365271D66,,NO_MARKET_DATA,
KR6439991F58,,NO_MARKET_DATA,
KR6440111F51,,NO_MARKET_DATA,
KR6440201C89,,NO_MARKET_DATA,
KR6440321EA0,,NO_MARKET_DATA,
KR6440321G64,,NO_MARKET_DATA,
KR644058KC86,,NO_MARKET_DATA,
KR6440621G87,,NO_MARKET_DATA,
KR6288981E94,,NO_MARKET_DATA,
KR6288981F77,,NO_MARKET_DATA,
KR6288981FC9,,NO_MARKET_DATA,
KR6288981G35,,NO_MARKET_DATA,
KR6288981G68,,NO_MARKET_DATA,
KR6288982F76,,NO_MARKET_DATA,
KR6289011F46,,NO_MARKET_DATA,
KR6289081DA6,,NO_MARKET_DATA,
KR6289081F41,,NO_MARKET_DATA,
KR6289931FA7,,NO_MARKET_DATA,
KR6372801D79,,NO_MARKET_DATA,
KR6398541F93,,NO_MARKET_DATA,
KR6398551E83,,NO_MARKET_DATA,
KR6398561E81,,NO_MARKET_DATA,
KR6398631E87,,NO_MARKET_DATA,
KR6398641E85,,NO_MARKET_DATA,
KR6459071G58,,NO_MARKET_DATA,
KR6459081G56,,NO_MARKET_DATA,
KR6459091G54,,NO_MARKET_DATA,
KR6459101F87,,NO_MARKET_DATA,
KR6459161F27,,NO_MARKET_DATA,
KR6459161FB3,,NO_MARKET_DATA,
KR354421GE60,,NO_MARKET_DATA,
KR354421GE78,,NO_MARKET_DATA,
KR354421GE86,,NO_MARKET_DATA,
KR354421GEA7,,NO_MARKET_DATA,
KR354421GF93,,NO_MARKET_DATA,
KR357002DFC2,,NO_MARKET_DATA,
KR357004DFC8,,NO_MARKET_DATA,
KR357004DG28,,NO_MARKET_DATA,
KR357005DFC5,,NO_MARKET_DATA,
KR60019P1F35,,NO_MARKET_DATA,
KR6007591F81,,NO_MARKET_DATA,
KR60075X1G55,,NO_MARKET_DATA,
KR60075Z1FJ0,,NO_MARKET_DATA,
KR60147L1G16,,NO_MARKET_DATA,
KR310511GG46,,NO_MARKET_DATA,
KR60075Z2FJ8,,NO_MARKET_DATA,
KR60075Z3FJ6,,NO_MARKET_DATA,
KR6014792F68,,NO_MARKET_DATA,
KR6014792G18,,NO_MARKET_DATA,
KR6014792G34,,NO_MARKET_DATA,
KR6008274F18,,NO_MARKET_DATA,
KR6016361G71,,NO_MARKET_DATA,
KR6016362BA4,,NO_MARKET_DATA,
KR6016362C25,,NO_MARKET_DATA,
KR6016362E15,,NO_MARKET_DATA,
KR6016362E98,,NO_MARKET_DATA,
KR6016362F14,,NO_MARKET_DATA,
KR6016362F71,,NO_MARKET_DATA,
KR6016362G21,,NO_MARKET_DATA,
KR6016362G70,,NO_MARKET_DATA,
KR6016363A91,,NO_MARKET_DATA,
KR6008561FC8,,NO_MARKET_DATA,
KR6017672BA5,,NO_MARKET_DATA,
KR6017672C44,,NO_MARKET_DATA,
KR6017672C85,,NO_MARKET_DATA,
KR6017672D27,,NO_MARKET_DATA,
KR6017672DA1,,NO_MARKET_DATA,
KR6017672E26,,NO_MARKET_DATA,
KR6017672EC5,,NO_MARKET_DATA,
KR6017672F25,,NO_MARKET_DATA,
KR6017672F90,,NO_MARKET_DATA,
KR6017673288,,NO_MARKET_DATA,
KRC0350C4039,,NO_MARKET_DATA,
KRC0350C4062,,NO_MARKET_DATA,
KR6227881G26,,NO_MARKET_DATA,
KR6227951F71,,NO_MARKET_DATA,
KR6228161E92,,NO_MARKET_DATA,
KR6228161F42,,NO_MARKET_DATA,
KR6228281E97,,NO_MARKET_DATA,
KR6228291E95,,NO_MARKET_DATA,
KR6228291EA3,,NO_MARKET_DATA,
KR6228311E91,,NO_MARKET_DATA,
KR6228331E97,,NO_MARKET_DATA,
KR6440661C90,,NO_MARKET_DATA,
KR6440662C99,,NO_MARKET_DATA,
KR6440663C98,,NO_MARKET_DATA,
KR6440701C84,,NO_MARKET_DATA,
KR6485121E63,,NO_MARKET_DATA,
KR6485131E61,,NO_MARKET_DATA,
KR6485141E69,,NO_MARKET_DATA,
KR6485151E66,,NO_MARKET_DATA,
KR6485161E64,,NO_MARKET_DATA,
KR6485171E62,,NO_MARKET_DATA,
KR6485191E68,,NO_MARKET_DATA,
KR6372801F10,,NO_MARKET_DATA,
KR6444321F91,,NO_MARKET_DATA,
KR6487491FC8,,NO_MARKET_DATA,
KR6373202D72,,NO_MARKET_DATA,
KR6373221F28,,NO_MARKET_DATA,
KR6373221G35,,NO_MARKET_DATA,
KR6444241F98,,NO_MARKET_DATA,
KR6444251F95,,NO_MARKET_DATA,
KR6444271F91,,NO_MARKET_DATA,
KR6444271FA0,,NO_MARKET_DATA,
KR6444281F99,,NO_MARKET_DATA,
KR6459201G51,,NO_MARKET_DATA,
KR6459261G58,,NO_MARKET_DATA,
KR649502HEA7,,NO_MARKET_DATA,
KR649502JEA3,,NO_MARKET_DATA,
KR649502KEA1,,NO_MARKET_DATA,
KR649502LEA9,,NO_MARKET_DATA,
KR649502MEA7,,NO_MARKET_DATA,
KR649502NEA5,,NO_MARKET_DATA,
KR649502PEA0,,NO_MARKET_DATA,
KR6310105G12,,NO_MARKET_DATA,
KR357001DG13,,NO_MARKET_DATA,
KR357001DG21,,NO_MARKET_DATA,
KR357001DG47,,NO_MARKET_DATA,
KR357001GF94,,NO_MARKET_DATA,
KR357001GG44,,NO_MARKET_DATA,
KR60017Z1F20,,NO_MARKET_DATA,
KR6001811F21,,NO_MARKET_DATA,
KR60018P1F94,,NO_MARKET_DATA,
KR60018P2F93,,NO_MARKET_DATA,
KR60018W2F57,,NO_MARKET_DATA,
KR6014792G42,,NO_MARKET_DATA,
KR6014793EB4,,NO_MARKET_DATA,
KR60147A1G27,,NO_MARKET_DATA,
KR60147H1G22,,NO_MARKET_DATA,
KR60147H1G30,,NO_MARKET_DATA,
KR60147H2G39,,NO_MARKET_DATA,
KR6014821BA1,,NO_MARKET_DATA,
KR310511AG42,,NO_MARKET_DATA,
KR310511GCA2,,NO_MARKET_DATA,
KR310511GEB6,,NO_MARKET_DATA,
KR310511GF54,,NO_MARKET_DATA,
KR6016363B25,,NO_MARKET_DATA,
KR350102GE80,,NO_MARKET_DATA,
KR350102GE98,,NO_MARKET_DATA,
KR350102GEA7,,NO_MARKET_DATA,
KR350102GEB5,,NO_MARKET_DATA,
KR350102GEC3,,NO_MARKET_DATA,
KR350102GF14,,NO_MARKET_DATA,
KR350102GF22,,NO_MARKET_DATA,
KR350102GF30,,NO_MARKET_DATA,
KR350102GF48,,NO_MARKET_DATA,
KR352502GF32,,NO_MARKET_DATA,
KR3501067267,,NO_MARKET_DATA,
KR3501067341,,NO_MARKET_DATA,
KR350106G388,,NO_MARKET_DATA,
KR350106G446,,NO_MARKET_DATA,
KR350106G891,,NO_MARKET_DATA,
KR350106G9C5,,NO_MARKET_DATA,
KR350106GA49,,NO_MARKET_DATA,
KR350106GB89,,NO_MARKET_DATA,
KR350106GB97,,NO_MARKET_DATA,
KR350106GBA4,,NO_MARKET_DATA,
KR352702GC41,,NO_MARKET_DATA,
KR6228421E98,,NO_MARKET_DATA,
KR6228441E94,,NO_MARKET_DATA,
KR6340401FC4,,NO_MARKET_DATA,
KR6340401G10,,NO_MARKET_DATA,
KR6340402F93,,NO_MARKET_DATA,
KR63405219B3,,NO_MARKET_DATA,
KR6340811E40,,NO_MARKET_DATA,
KR6340811F98,,NO_MARKET_DATA,
KR6340812FA6,,NO_MARKET_DATA,
KR6340931E52,,NO_MARKET_DATA,
KR6341561A36,,NO_MARKET_DATA,
KR6485201E66,,NO_MARKET_DATA,
KR6485211E64,,NO_MARKET_DATA,
KR6485221E62,,NO_MARKET_DATA,
KR6485231E60,,NO_MARKET_DATA,
KR6272551E98,,NO_MARKET_DATA,
KR6365421F97,,NO_MARKET_DATA,
KR6273291G57,,NO_MARKET_DATA,
KR6273291G65,,NO_MARKET_DATA,
KR6273371G68,,NO_MARKET_DATA,
KR6273381G66,,NO_MARKET_DATA,
KR6365281F96,,NO_MARKET_DATA,
KR6444291F97,,NO_MARKET_DATA,
KR6444302D62,,NO_MARKET_DATA,
KR6444311F93,,NO_MARKET_DATA,
KR6444351F94,,NO_MARKET_DATA,
KR6444361F92,,NO_MARKET_DATA,
KR6486711E75,,NO_MARKET_DATA,
KR6486951FA6,,NO_MARKET_DATA,
KR6487141E65,,NO_MARKET_DATA,
KR6487301EA6,,NO_MARKET_DATA,
KR6487361E68,,NO_MARKET_DATA,
KR6487391F12,,NO_MARKET_DATA,
KR6310105G20,,NO_MARKET_DATA,
KR6310106F20,,NO_MARKET_DATA,
KR6310106F38,,NO_MARKET_DATA,
KR6310106F53,,NO_MARKET_DATA,
KR6310106F61,0.5893544953279567,CALCULATED,중간
KR6310106G29,,NO_MARKET_DATA,
KR6310107F11,,NO_MARKET_DATA,
KR6310107F37,,NO_MARKET_DATA,
KR6310107F60,0.8187882048241382,CALCULATED,중간
KR6398651E82,,NO_MARKET_DATA,
KR6459275EA6,,NO_MARKET_DATA,
KR60070A5F69,,NO_MARKET_DATA,
KR60070K1F70,,NO_MARKET_DATA,
KR60070K1G46,,NO_MARKET_DATA,
KR60070M1F76,,NO_MARKET_DATA,
KR60070S1F65,,NO_MARKET_DATA,
KR60070S2F64,,NO_MARKET_DATA,
KR60070Z1F86,,NO_MARKET_DATA,
KR6007161EA5,,NO_MARKET_DATA,
KR6007162F49,,NO_MARKET_DATA,
KR60071H1F66,,NO_MARKET_DATA,
KR60143NNFC7,,NO_MARKET_DATA,
KR310511GF70,,NO_MARKET_DATA,
KR310511GF88,,NO_MARKET_DATA,
KR310511GFA5,,NO_MARKET_DATA,
KR310511GFB3,,NO_MARKET_DATA,
KR310511GG12,,NO_MARKET_DATA,
KR310511GG38,,NO_MARKET_DATA,
KR351901GF23,,NO_MARKET_DATA,
KR351901GFA8,,NO_MARKET_DATA,
KR351901GG63,,NO_MARKET_DATA,
KR351902G835,,NO_MARKET_DATA,
KR352201G7B1,,NO_MARKET_DATA,
KR352502GF57,,NO_MARKET_DATA,
KR350102GF55,,NO_MARKET_DATA,
KR350102GF63,,NO_MARKET_DATA,
KR352502GE74,,NO_MARKET_DATA,
KR352502GE82,,NO_MARKET_DATA,
KR352502GE90,,NO_MARKET_DATA,
KR352502GEA6,,NO_MARKET_DATA,
KR352502GEB4,,NO_MARKET_DATA,
KR352502GEC2,,NO_MARKET_DATA,
KR352502GF16,,NO_MARKET_DATA,
KR352702GC66,,NO_MARKET_DATA,
KR352702GC74,,NO_MARKET_DATA,
KR352702GCA6,,NO_MARKET_DATA,
KR352702GD81,,NO_MARKET_DATA,
KR352702GE31,,NO_MARKET_DATA,
KR352702GE56,,NO_MARKET_DATA,
KR352702GE72,,NO_MARKET_DATA,
KR352702GE98,,NO_MARKET_DATA,
KR352702GEA2,,NO_MARKET_DATA,
KR352702GEB0,,NO_MARKET_DATA,
KR354408G673,,NO_MARKET_DATA,
KR6341562A35,,NO_MARKET_DATA,
KR6342331FB3,,NO_MARKET_DATA,
KR6416891FA9,,NO_MARKET_DATA,
KR6416991D82,,NO_MARKET_DATA,
KR6417271C25,,NO_MARKET_DATA,
KR6417501E33,,NO_MARKET_DATA,
KR6417841D58,,NO_MARKET_DATA,
KR6470861DB8,,NO_MARKET_DATA,
KR6470861EB6,,NO_MARKET_DATA,
KR6470891DB5,,NO_MARKET_DATA,
KR6470901DB2,,NO_MARKET_DATA,
KR6365301F92,,NO_MARKET_DATA,
KR6365301G42,,NO_MARKET_DATA,
KR6365341FA6,,NO_MARKET_DATA,
KR6365341FC2,,NO_MARKET_DATA,
KR6365371F97,,NO_MARKET_DATA,
KR6365371G62,,NO_MARKET_DATA,
KR6365481F94,,NO_MARKET_DATA,
KR6365481G36,,NO_MARKET_DATA,
KR6365611F97,,NO_MARKET_DATA,
KR6440791C85,,NO_MARKET_DATA,
KR6440821C89,,NO_MARKET_DATA,
KR6487392F11,,NO_MARKET_DATA,
KR6487421E74,,NO_MARKET_DATA,
KR6487481F70,,NO_MARKET_DATA,
KR6487492FC6,,NO_MARKET_DATA,
KR6282251F65,,NO_MARKET_DATA,
KR6282281EA7,,NO_MARKET_DATA,
KR6282311EA2,,NO_MARKET_DATA,
KR6282361EA7,,NO_MARKET_DATA,
KR6282411EA0,,NO_MARKET_DATA,
KR6282441FA4,,NO_MARKET_DATA,
KR6282471G43,,NO_MARKET_DATA,
KR6398691E84,,NO_MARKET_DATA,
KR6398711E80,,NO_MARKET_DATA,
KR6398711F55,,NO_MARKET_DATA,
KR6398721E88,,NO_MARKET_DATA,
KR6398731D95,,NO_MARKET_DATA,
KR6398751E81,,NO_MARKET_DATA,
KR6398771E87,,NO_MARKET_DATA,
KR6398791E83,,NO_MARKET_DATA,
KR6398801G30,,NO_MARKET_DATA,
KR6398811E89,,NO_MARKET_DATA,
KR6459274EA9,,NO_MARKET_DATA,
KR6007071F56,,NO_MARKET_DATA,
KR6007072C58,,NO_MARKET_DATA,
KR6007072F55,,NO_MARKET_DATA,
KR60070A2F62,,NO_MARKET_DATA,
KR60070A3F61,,NO_MARKET_DATA,
KR60143NDFC8,,NO_MARKET_DATA,
KR60143NEFC6,,NO_MARKET_DATA,
KR60143NFFC3,,NO_MARKET_DATA,
KR60143NGFC1,,NO_MARKET_DATA,
KR60143NHFC9,,NO_MARKET_DATA,
KR352201GA49,,NO_MARKET_DATA,
KR352201GA64,,NO_MARKET_DATA,
KR352201GA72,,NO_MARKET_DATA,
KR352201GA80,,NO_MARKET_DATA,
KR352201GAA3,,NO_MARKET_DATA,
KR354405GD46,,NO_MARKET_DATA,
KR354405GD53,,NO_MARKET_DATA,
KR354405GD61,,NO_MARKET_DATA,
KR354405GD79,,NO_MARKET_DATA,
KR354405GD87,,NO_MARKET_DATA,
KR352502GF24,,NO_MARKET_DATA,
KR354407G5A5,,NO_MARKET_DATA,
KR354407G5B3,,NO_MARKET_DATA,
KR354407G5C1,,NO_MARKET_DATA,
KR354407G618,,NO_MARKET_DATA,
KR354407G626,,NO_MARKET_DATA,
KR354407G634,,NO_MARKET_DATA,
KR354407G642,,NO_MARKET_DATA,
KR354407G659,,NO_MARKET_DATA,
KR354407G667,,NO_MARKET_DATA,
KR354408G681,,NO_MARKET_DATA,
KR354408G699,,NO_MARKET_DATA,
KR354408G6A2,,NO_MARKET_DATA,
KR354408G6B0,,NO_MARKET_DATA,
KR354408G6C8,,NO_MARKET_DATA,
KR354408G715,,NO_MARKET_DATA,
KR354408G723,,NO_MARKET_DATA,
KR6462481D67,,NO_MARKET_DATA,
KR6462481D75,,NO_MARKET_DATA,
KR6462482D66,,NO_MARKET_DATA,
KR6470911DB1,,NO_MARKET_DATA,
KR6470921DB0,,NO_MARKET_DATA,
KR6470931DB9,,NO_MARKET_DATA,
KR6470931E65,,NO_MARKET_DATA,
KR6470941DB8,,NO_MARKET_DATA,
KR6470951DB7,,NO_MARKET_DATA,
KR6470951F69,,NO_MARKET_DATA,
KRC0350C4096,,NO_MARKET_DATA,
KRC0350C40C1,,NO_MARKET_DATA,
KRC0350C4138,,NO_MARKET_DATA,
KRC0350C4161,,NO_MARKET_DATA,
KR644095XC86,,NO_MARKET_DATA,
KR6440961E79,,NO_MARKET_DATA,
KR6440962E78,,NO_MARKET_DATA,
KR6441061F91,,NO_MARKET_DATA,
KR6441271F14,,NO_MARKET_DATA,
KR6441271G54,,NO_MARKET_DATA,
KR6441281F61,,NO_MARKET_DATA,
KR6441341G35,,NO_MARKET_DATA,
KR6441342G34,,NO_MARKET_DATA,
KR6485241E68,,NO_MARKET_DATA,
KR6485251E65,,NO_MARKET_DATA,
KR6282641EA2,,NO_MARKET_DATA,
KR6282701EA4,,NO_MARKET_DATA,
KR6282721G41,,NO_MARKET_DATA,
KR6282821D92,,NO_MARKET_DATA,
KR6373222E28,,NO_MARKET_DATA,
KR6373222F27,,NO_MARKET_DATA,
KR6373222G34,,NO_MARKET_DATA,
KR6373223D69,,NO_MARKET_DATA,
KR6373223E27,,NO_MARKET_DATA,
KR6373223F26,,NO_MARKET_DATA,
KR645928KD64,,NO_MARKET_DATA,
KR6459471F30,,NO_MARKET_DATA,
KR6459471G54,,NO_MARKET_DATA,
KR6459491D87,,NO_MARKET_DATA,
KR6459511G15,,NO_MARKET_DATA,
KR6459541G50,,NO_MARKET_DATA,
KR6459631E61,,NO_MARKET_DATA,
KR6459641D52,,NO_MARKET_DATA,
KR6459642D51,,NO_MARKET_DATA,
KR649502QEA8,,NO_MARKET_DATA,
KR649502REA6,,NO_MARKET_DATA,
KR310504AFA3,,NO_MARKET_DATA,
KR310504AFB1,,NO_MARKET_DATA,
KR310504AG17,,NO_MARKET_DATA,
KR310504AG25,,NO_MARKET_DATA,
KR310504AG33,,NO_MARKET_DATA,
KR357002DG12,,NO_MARKET_DATA,
KR357002DG20,,NO_MARKET_DATA,
KR357002DG46,,NO_MARKET_DATA,
KR357003DFC0,,NO_MARKET_DATA,
KR357003DG11,,NO_MARKET_DATA,
KR354405GD95,,NO_MARKET_DATA,
KR354405GDB0,,NO_MARKET_DATA,
KR354405GE29,,NO_MARKET_DATA,
KR354405GE37,,NO_MARKET_DATA,
KR354405GE52,,NO_MARKET_DATA,
KR354424GA53,,NO_MARKET_DATA,
KR354424GA61,,NO_MARKET_DATA,
KR354424GA79,,NO_MARKET_DATA,
KR354424GB45,,NO_MARKET_DATA,
KR357901DG71,,NO_MARKET_DATA,
KR354407G675,,NO_MARKET_DATA,
KR354601GCA8,,NO_MARKET_DATA,
KR354601GD30,,NO_MARKET_DATA,
KR354601GDC2,,NO_MARKET_DATA,
KR354601GE39,,NO_MARKET_DATA,
KR354601GE47,,NO_MARKET_DATA,
KR380802GF89,,NO_MARKET_DATA,
KR380802GFB1,,NO_MARKET_DATA,
KR380802GFC9,,NO_MARKET_DATA,
KR380802GG13,,NO_MARKET_DATA,
KR380802GG21,,NO_MARKET_DATA,
KR6462501F20,,NO_MARKET_DATA,
KR6462501FC3,,NO_MARKET_DATA,
KR6462511FB4,,NO_MARKET_DATA,
KR6462881D63,,NO_MARKET_DATA,
KR6496351EB8,,NO_MARKET_DATA,
KR6496351FB5,,NO_MARKET_DATA,
KR6496361EB7,,NO_MARKET_DATA,
KR6496371EB6,,NO_MARKET_DATA,
KR6496381EB5,,NO_MARKET_DATA,
KR6496391EB4,,NO_MARKET_DATA,
KR6496401EB1,,NO_MARKET_DATA,
KRC0350C4195,,NO_MARKET_DATA,
KRC0350C41C9,,NO_MARKET_DATA,
KRC0350C4237,,NO_MARKET_DATA,
KRC0350C4260,,NO_MARKET_DATA,
KRC0350C4294,,NO_MARKET_DATA,
KRC0350C42C7,,NO_MARKET_DATA,
KR6235701F93,,NO_MARKET_DATA,
KR6235721E90,,NO_MARKET_DATA,
KR6235801EB8,,NO_MARKET_DATA,
KR6235841EB4,,NO_MARKET_DATA,
KR6236031G34,,NO_MARKET_DATA,
KR6485261E63,,NO_MARKET_DATA,
KR6485271E61,,NO_MARKET_DATA,
KR6485281E69,,NO_MARKET_DATA,
KR6485291E67,,NO_MARKET_DATA,
KR6485291G57,,NO_MARKET_DATA,
KR6485301E65,,NO_MARKET_DATA,
KR6485311E63,,NO_MARKET_DATA,
KR6485321E61,,NO_MARKET_DATA,
KR6485331E69,,NO_MARKET_DATA,
KR6281571F94,,NO_MARKET_DATA,
KR6281741G56,,NO_MARKET_DATA,
KR6373223G33,,NO_MARKET_DATA,
KR6373224E26,,NO_MARKET_DATA,
KR6373224F25,,NO_MARKET_DATA,
KR6373224G32,,NO_MARKET_DATA,
KR6372801G27,,NO_MARKET_DATA,
KR6372802G26,,NO_MARKET_DATA,
KR6373081DC9,,NO_MARKET_DATA,
KR6373081FC4,,NO_MARKET_DATA,
KR6373201D73,,NO_MARKET_DATA,
KR6373201F48,,NO_MARKET_DATA,
KR6444401F94,,NO_MARKET_DATA,
KR6459271F99,,NO_MARKET_DATA,
KR6459272EA3,,NO_MARKET_DATA,
KR6459273EA1,,NO_MARKET_DATA,
KR649502EEA4,,NO_MARKET_DATA,
KR649502FEA1,,NO_MARKET_DATA,
KR649502GEA9,,NO_MARKET_DATA,
KR6495081F36,,NO_MARKET_DATA,
KR6495121EA8,,NO_MARKET_DATA,
KR6495131EA7,,NO_MARKET_DATA,
KR6495141EA6,,NO_MARKET_DATA,
KR6495161EB2,,NO_MARKET_DATA,
KR310506GG43,,NO_MARKET_DATA,
KR310506GG50,,NO_MARKET_DATA,
KR310506GG68,,NO_MARKET_DATA,
KR310506GG76,,NO_MARKET_DATA,
KR310507AFB4,,NO_MARKET_DATA,
KR351603GG31,,NO_MARKET_DATA,
KR351603GG49,,NO_MARKET_DATA,
KR351603GG64,,NO_MARKET_DATA,
KR351603GG72,,NO_MARKET_DATA,
KR351604G6B8,,NO_MARKET_DATA,
KR357901GE88,,NO_MARKET_DATA,
KR357901GF12,,NO_MARKET_DATA,
KR357901GF38,,NO_MARKET_DATA,
KR357901GFA2,,NO_MARKET_DATA,
KR357901GG11,,NO_MARKET_DATA,
KR357901GG45,,NO_MARKET_DATA,
KR357902DG47,,NO_MARKET_DATA,
KR358001GEB1,,NO_MARKET_DATA,
KR358001GFA0,,NO_MARKET_DATA,
KR60023DXF31,,NO_MARKET_DATA,
KR380802GG39,,NO_MARKET_DATA,
KR380802GG47,,NO_MARKET_DATA,
KR380802GG54,,NO_MARKET_DATA,
KR380802GG62,,NO_MARKET_DATA,
KR380802GG70,,NO_MARKET_DATA,
KR380802GG88,,NO_MARKET_DATA,
KR6003381F92,,NO_MARKET_DATA,
KR6003382F42,,NO_MARKET_DATA,
KR60033A1F38,,NO_MARKET_DATA,
KR60033B1F36,,NO_MARKET_DATA,
KR60033C1F34,,NO_MARKET_DATA,
KR6496411EB0,,NO_MARKET_DATA,
KR6496421F33,,NO_MARKET_DATA,
KR6496441EB7,,NO_MARKET_DATA,
KR6496451EB6,,NO_MARKET_DATA,
KR6318041G46,,NO_MARKET_DATA,
KR6318061G74,,NO_MARKET_DATA,
KR6318161F90,,NO_MARKET_DATA,
KR6318161FC2,,NO_MARKET_DATA,
KR6319701EB9,,NO_MARKET_DATA,
KR6320001FC6,,NO_MARKET_DATA,
KR6320001G24,,NO_MARKET_DATA,
KR6236581619,,NO_MARKET_DATA,
KR6237661659,,NO_MARKET_DATA,
KR6237691D85,,NO_MARKET_DATA,
KR6237881G17,,NO_MARKET_DATA,
KR6238091G37,,NO_MARKET_DATA,
KR6238131629,,NO_MARKET_DATA,
KR6342421F47,,NO_MARKET_DATA,
KR6342731FA6,,NO_MARKET_DATA,
KR6342831EB5,,NO_MARKET_DATA,
KR6342861EB2,,NO_MARKET_DATA,
KR6342881F99,,NO_MARKET_DATA,
KR6282101EA7,,NO_MARKET_DATA,
KR6282141EA3,,NO_MARKET_DATA,
KR6282191EA8,,NO_MARKET_DATA,
KR6282221EA3,,NO_MARKET_DATA,
KR6282232EA0,,NO_MARKET_DATA,
KR6282233EA8,,NO_MARKET_DATA,
KR6272552E97,,NO_MARKET_DATA,
KR6273052B36,,NO_MARKET_DATA,
KR6273061E24,,NO_MARKET_DATA,
KR6273062E23,,NO_MARKET_DATA,
KR6273291F58,,NO_MARKET_DATA,
KR6444451F93,,NO_MARKET_DATA,
KR6444471F99,,NO_MARKET_DATA,
KR6444481F97,,NO_MARKET_DATA,
KR6444501D95,,NO_MARKET_DATA,
KR6444501F93,,NO_MARKET_DATA,
KR6444511F91,,NO_MARKET_DATA,
KR6444511FA9,,NO_MARKET_DATA,
KR6444521F99,,NO_MARKET_DATA,
KR6487501EA1,,NO_MARKET_DATA,
KR6487641E78,,NO_MARKET_DATA,
KR6487661G22,,NO_MARKET_DATA,
KR6495171EA3,,NO_MARKET_DATA,
KR6495181EA2,,NO_MARKET_DATA,
KR6495221EA6,,NO_MARKET_DATA,
KR6495241EA4,,NO_MARKET_DATA,
KR6317773E28,,NO_MARKET_DATA,
KR6317814939,,NO_MARKET_DATA,
KR6317831FB3,,NO_MARKET_DATA,
KR6317861D97,,NO_MARKET_DATA,
KR6317871D95,,NO_MARKET_DATA,
KR6317871F51,,NO_MARKET_DATA,
KR6317972B95,,NO_MARKET_DATA,
KR351604GD41,,NO_MARKET_DATA,
KR351604GD58,,NO_MARKET_DATA,
KR351604GD66,,NO_MARKET_DATA,
KR351604GE24,,NO_MARKET_DATA,
KR351604GE32,,NO_MARKET_DATA,
KR354404GF60,,NO_MARKET_DATA,
KR351604GE40,,NO_MARKET_DATA,
KR354404GE61,,NO_MARKET_DATA,
KR354404GE79,,NO_MARKET_DATA,
KR354404GE87,,NO_MARKET_DATA,
KR60023DYF30,,NO_MARKET_DATA,
KR60023DZF39,,NO_MARKET_DATA,
KR60023G1FB3,,NO_MARKET_DATA,
KR60023G2FB1,,NO_MARKET_DATA,
KR60023J1F22,,NO_MARKET_DATA,
KR60023N1F40,,NO_MARKET_DATA,
KR60023S1F31,,NO_MARKET_DATA,
KR6002462G53,,NO_MARKET_DATA,
KR6002463G52,,NO_MARKET_DATA,
KR60024A1F86,,NO_MARKET_DATA,
KR60033G1F35,,NO_MARKET_DATA,
KR60033L1F35,,NO_MARKET_DATA,
KR60033M2F32,,NO_MARKET_DATA,
KR60033R1F32,,NO_MARKET_DATA,
KR60033W1F57,,NO_MARKET_DATA,
KR60033Z1F43,,NO_MARKET_DATA,
KR6008274F34,,NO_MARKET_DATA,
KR6008274F42,,NO_MARKET_DATA,
KR6008274F59,,NO_MARKET_DATA,
KR6008274F67,,NO_MARKET_DATA,
KR6008274F75,,NO_MARKET_DATA,
KR6320002FC4,,NO_MARKET_DATA,
KR6320681G39,,NO_MARKET_DATA,
KR6320751F92,,NO_MARKET_DATA,
KR6320751G34,,NO_MARKET_DATA,
KR6402442BC2,,NO_MARKET_DATA,
KR6463062D70,,NO_MARKET_DATA,
KR6402442C13,,NO_MARKET_DATA,
KR6402442C62,,NO_MARKET_DATA,
KR6402442C88,,NO_MARKET_DATA,
KR6402442D61,,NO_MARKET_DATA,
KR6402442G35,,NO_MARKET_DATA,
KR6342891EB9,,NO_MARKET_DATA,
KR6343091D20,,NO_MARKET_DATA,
KR6343151EB7,,NO_MARKET_DATA,
KR6343271G37,,NO_MARKET_DATA,
KR6417011FB1,,NO_MARKET_DATA,
KR6417111C29,,NO_MARKET_DATA,
KR6417111CC4,,NO_MARKET_DATA,
KR6417112C28,,NO_MARKET_DATA,
KR6417181E63,,NO_MARKET_DATA,
KR6417181FB2,,NO_MARKET_DATA,
KR6343281D95,,NO_MARKET_DATA,
KR6273291FB2,,NO_MARKET_DATA,
KR6282234EA6,,NO_MARKET_DATA,
KR6282235EA3,,NO_MARKET_DATA,
KR6282241EA1,,NO_MARKET_DATA,
KR6365611G62,,NO_MARKET_DATA,
KR6365621F95,,NO_MARKET_DATA,
KR6365631F93,,NO_MARKET_DATA,
KR6365641F91,,NO_MARKET_DATA,
KR6365651G63,,NO_MARKET_DATA,
KR6365671F94,,NO_MARKET_DATA,
KR6365681F92,,NO_MARKET_DATA,
KR6487721E63,,NO_MARKET_DATA,
KR6487831E78,,NO_MARKET_DATA,
KR6487871E79,,NO_MARKET_DATA,
KR6487991F57,,NO_MARKET_DATA,
KR6487991F73,,NO_MARKET_DATA,
KR6487992F56,,NO_MARKET_DATA,
KR648804RE77,,NO_MARKET_DATA,
KR648804SE76,,NO_MARKET_DATA,
KR6290291G51,,NO_MARKET_DATA,
KR6290291G69,,NO_MARKET_DATA,
KR6290292FC7,,NO_MARKET_DATA,
KR6317981E26,,NO_MARKET_DATA,
KR6318021815,,NO_MARKET_DATA,
KR6318021849,,NO_MARKET_DATA,
KR6318022813,,NO_MARKET_DATA,
KR6398821E87,,NO_MARKET_DATA,
KR6398821E95,,NO_MARKET_DATA,
KR6398901E80,,NO_MARKET_DATA,
KR6398911E88,,NO_MARKET_DATA,
KR6398921E86,,NO_MARKET_DATA,
KR6398931E84,,NO_MARKET_DATA,
KR6398941E82,,NO_MARKET_DATA,
KR354404GD54,,NO_MARKET_DATA,
KR354404GD62,,NO_MARKET_DATA,
KR354404GD96,,NO_MARKET_DATA,
KR354404GE38,,NO_MARKET_DATA,
KR354404GE53,,NO_MARKET_DATA,
KR354421GD79,,NO_MARKET_DATA,
KR354421GD95,,NO_MARKET_DATA,
KR354421GDA9,,NO_MARKET_DATA,
KR354421GDC5,,NO_MARKET_DATA,
KR354421GE45,,NO_MARKET_DATA,
KR60075Z4FJ4,,NO_MARKET_DATA,
KR60075Z5FJ1,,NO_MARKET_DATA,
KR60075Z6FJ9,,NO_MARKET_DATA,
KR60075Z7FJ7,,NO_MARKET_DATA,
KR60075Z8FJ5,,NO_MARKET_DATA,
KR60075Z9FJ3,,NO_MARKET_DATA,
KR60075ZAFJ7,,NO_MARKET_DATA,
KR60075ZBFJ5,,NO_MARKET_DATA,
KR60075ZCFJ3,,NO_MARKET_DATA,
KR6014821E31,,NO_MARKET_DATA,
KR60163T1G24,,NO_MARKET_DATA,
KR6008274F83,,NO_MARKET_DATA,
KR6008274F91,,NO_MARKET_DATA,
KR6008274FB0,,NO_MARKET_DATA,
KR6008274FC8,,NO_MARKET_DATA,
KR6008274G17,,NO_MARKET_DATA,
KR6008274G25,,NO_MARKET_DATA,
KR6016363G79,,NO_MARKET_DATA,
KR60163B1G22,,NO_MARKET_DATA,
KR60163B2G21,,NO_MARKET_DATA,
KR60163J1G33,,NO_MARKET_DATA,
KR6402443B96,,NO_MARKET_DATA,
KR6402443BC0,,NO_MARKET_DATA,
KR6402443C87,,NO_MARKET_DATA,
KR6402443D60,,NO_MARKET_DATA,
KR6402444B95,,NO_MARKET_DATA,
KR6463061D71,,NO_MARKET_DATA,
KR354408G731,,NO_MARKET_DATA,
KR354408G749,,NO_MARKET_DATA,
KR6462296D62,,NO_MARKET_DATA,
KR6462297D61,,NO_MARKET_DATA,
KR6462301D81,,NO_MARKET_DATA,
KR63433719C6,,NO_MARKET_DATA,
KR6417861EB2,,NO_MARKET_DATA,
KR6417861FC7,,NO_MARKET_DATA,
KR6470971F65,,NO_MARKET_DATA,
KR6417902EA6,,NO_MARKET_DATA,
KR6417903EA4,,NO_MARKET_DATA,
KR6417904EA2,,NO_MARKET_DATA,
KR6417905EA9,,NO_MARKET_DATA,
KR6418111G56,,NO_MARKET_DATA,
KR6418111G64,,NO_MARKET_DATA,
KR6418211C18,,NO_MARKET_DATA,
KR6366111F33,,NO_MARKET_DATA,
KR6366521A99,,NO_MARKET_DATA,
KR6368031D61,,NO_MARKET_DATA,
KR6368031EA3,,NO_MARKET_DATA,
KR6441601D25,,NO_MARKET_DATA,
KR6485351E64,,NO_MARKET_DATA,
KR6441602D24,,NO_MARKET_DATA,
KR6441621D39,,NO_MARKET_DATA,
KR6441622D38,,NO_MARKET_DATA,
KR6441631D37,,NO_MARKET_DATA,
KR6441632D36,,NO_MARKET_DATA,
KR6290292G19,,NO_MARKET_DATA,
KR6290292G27,,NO_MARKET_DATA,
KR6290351826,,NO_MARKET_DATA,
KR6290511C34,,NO_MARKET_DATA,
KR6290512C33,,NO_MARKET_DATA,
KR6290513C32,,NO_MARKET_DATA,
KR6290561FC5,,NO_MARKET_DATA,
KR6290651F49,,NO_MARKET_DATA,
KR6373601AC0,,NO_MARKET_DATA,
KR6373901F33,,NO_MARKET_DATA,
KR6373902F32,,NO_MARKET_DATA,
KR6398951E89,,NO_MARKET_DATA,
KR6398981E83,,NO_MARKET_DATA,
KR6398991E81,,NO_MARKET_DATA,
KR6399001E87,,NO_MARKET_DATA,
KR6399011E85,,NO_MARKET_DATA,
KR6459711D57,,NO_MARKET_DATA,
KR6459802F55,,NO_MARKET_DATA,
KR6459971G59,,NO_MARKET_DATA,
KR6459981G57,,NO_MARKET_DATA,
KR6459991G55,,NO_MARKET_DATA,
KR6495311EA5,,NO_MARKET_DATA,
KR354422G6C0,,NO_MARKET_DATA,
KR354422G8C6,,NO_MARKET_DATA,
KR354422G9C4,,NO_MARKET_DATA,
KR354422GA14,,NO_MARKET_DATA,
KR354422GA22,,NO_MARKET_DATA,
KR354422GA63,,NO_MARKET_DATA,
KR357005DG27,,NO_MARKET_DATA,
KR357006DFC3,,NO_MARKET_DATA,
KR357007DFC1,,NO_MARKET_DATA,
KR357008DFC9,,NO_MARKET_DATA,
KR6014821F48,,NO_MARKET_DATA,
KR6014822E71,,NO_MARKET_DATA,
KR6014831E62,,NO_MARKET_DATA,
KR60148G1G14,,NO_MARKET_DATA,
KR60148G2G13,,NO_MARKET_DATA,
KR354424GC44,,NO_MARKET_DATA,
KR354424GC69,,NO_MARKET_DATA,
KR354424GD35,,NO_MARKET_DATA,
KR354424GD43,,NO_MARKET_DATA,
KR354424GD50,,NO_MARKET_DATA,
KR60163K1G23,,NO_MARKET_DATA,
KR354601GD48,,NO_MARKET_DATA,
KR354601GD55,,NO_MARKET_DATA,
KR354601GD63,,NO_MARKET_DATA,
KR354601GD71,,NO_MARKET_DATA,
KR354601GD97,,NO_MARKET_DATA,
KR354601GDA6,,NO_MARKET_DATA,
KR60164H1G27,,NO_MARKET_DATA,
KR60164R1G34,,NO_MARKET_DATA,
KR60164R2G33,,NO_MARKET_DATA,
KR60164S1G32,,NO_MARKET_DATA,
KR6462301DC3,,NO_MARKET_DATA,
KR6463201F70,,NO_MARKET_DATA,
KR6463202F79,,NO_MARKET_DATA,
KR6463351D88,,NO_MARKET_DATA,
KR6463352D87,,NO_MARKET_DATA,
KR6463361D94,,NO_MARKET_DATA,
KR6463362D93,,NO_MARKET_DATA,
KR646351TD77,,NO_MARKET_DATA,
KR6463521D83,,NO_MARKET_DATA,
KR6463531FC9,,NO_MARKET_DATA,
KR6496452EB4,,NO_MARKET_DATA,
KR6418251G56,,NO_MARKET_DATA,
KR6418395C24,,NO_MARKET_DATA,
KR6470961DB6,,NO_MARKET_DATA,
KR6470971DB5,,NO_MARKET_DATA,
KR6471001DB0,,NO_MARKET_DATA,
KR6471051DA7,,NO_MARKET_DATA,
KR6471071DB3,,NO_MARKET_DATA,
KR6471091DA3,,NO_MARKET_DATA,
KR6471111DB7,,NO_MARKET_DATA,
KR6471131DB5,,NO_MARKET_DATA,
KR6471141DB4,,NO_MARKET_DATA,
KR6441751C99,,NO_MARKET_DATA,
KR644191CC92,,NO_MARKET_DATA,
KR644191KC92,,NO_MARKET_DATA,
KR6441961C87,,NO_MARKET_DATA,
KR6442043C87,,NO_MARKET_DATA,
KR6485341E67,,NO_MARKET_DATA,
KR6485361E62,,NO_MARKET_DATA,
KR6485371E60,,NO_MARKET_DATA,
KR6485371G50,,NO_MARKET_DATA,
KR6485381E68,,NO_MARKET_DATA,
KR6485391E66,,NO_MARKET_DATA,
KR6374741F84,,NO_MARKET_DATA,
KR6374741F92,,NO_MARKET_DATA,
KR6375201B13,,NO_MARKET_DATA,
KR6375331DB8,,NO_MARKET_DATA,
KR6375502E73,,NO_MARKET_DATA,
KR6376211F98,,NO_MARKET_DATA,
KR6376271FA2,,NO_MARKET_DATA,
KR6376501F30,,NO_MARKET_DATA,
KR6444541F95,,NO_MARKET_DATA,
KR6444551F92,,NO_MARKET_DATA,
KR6444551G34,,NO_MARKET_DATA,
KR6312181E33,,NO_MARKET_DATA,
KR6460041G53,,NO_MARKET_DATA,
KR6460051G50,,NO_MARKET_DATA,
KR6460061G58,,NO_MARKET_DATA,
KR6460071EB4,,NO_MARKET_DATA,
KR6460081G54,,NO_MARKET_DATA,
KR6460082F62,,NO_MARKET_DATA,
KR6495251EA3,,NO_MARKET_DATA,
KR6495261EA2,,NO_MARKET_DATA,
KR6495281EA0,,NO_MARKET_DATA,
KR6495291EA9,,NO_MARKET_DATA,
KR60019V1F25,,NO_MARKET_DATA,
KR60019W1F49,,NO_MARKET_DATA,
KR6002021E83,,NO_MARKET_DATA,
KR6002021F33,,NO_MARKET_DATA,
KR6002021F58,,NO_MARKET_DATA,
KR6002021F82,,NO_MARKET_DATA,
KR6002021G40,,NO_MARKET_DATA,
KR6002022E82,,NO_MARKET_DATA,
KR6002022G31,,NO_MARKET_DATA,
KR6002023F64,,NO_MARKET_DATA,
KR60070A4F60,,NO_MARKET_DATA,
KR354424GD68,,NO_MARKET_DATA,
KR60148G3G12,,NO_MARKET_DATA,
KR60148H1G12,,NO_MARKET_DATA,
KR60148H2G11,,NO_MARKET_DATA,
KR60148H3G10,,NO_MARKET_DATA,
KR310507AG14,,NO_MARKET_DATA,
KR310507AG48,,NO_MARKET_DATA,
KR310507AG55,,NO_MARKET_DATA,
KR310507GEB4,,NO_MARKET_DATA,
KR310507GEC2,,NO_MARKET_DATA,
KR310507GF43,,NO_MARKET_DATA,
KR60164T1G30,,NO_MARKET_DATA,
KR310520GG37,,NO_MARKET_DATA,
KR310520GG52,,NO_MARKET_DATA,
KR310520GG60,,NO_MARKET_DATA,
KR310521GG36,,NO_MARKET_DATA,
KR310521GG51,,NO_MARKET_DATA,
KR310521GG69,,NO_MARKET_DATA,
KR310522GG35,,NO_MARKET_DATA,
KR310522GG50,,NO_MARKET_DATA,
KR310522GG68,,NO_MARKET_DATA,
KR310523GG59,,NO_MARKET_DATA,
KR6496453EB2,,NO_MARKET_DATA,
KR6496461F75,,NO_MARKET_DATA,
KR6496471EB4,,NO_MARKET_DATA,
KR6496481EB3,,NO_MARKET_DATA,
KR6496491EB2,,NO_MARKET_DATA,
KR6496501EB8,,NO_MARKET_DATA,
KR6496511EB7,,NO_MARKET_DATA,
KR6496521EB6,,NO_MARKET_DATA,
KR6496531EB5,,NO_MARKET_DATA,
KR6496541EB4,,NO_MARKET_DATA,
KR6326123EA9,,NO_MARKET_DATA,
KR6471161DB2,,NO_MARKET_DATA,
KRC0350C4336,,NO_MARKET_DATA,
KRC0350C4369,,NO_MARKET_DATA,
KRC0350C4393,,NO_MARKET_DATA,
KRC0350C43C5,,NO_MARKET_DATA,
KRC0350C4435,,NO_MARKET_DATA,
KRC0350C4468,,NO_MARKET_DATA,
KRC0350C4492,,NO_MARKET_DATA,
KRC0350C44C3,,NO_MARKET_DATA,
KRC0350C4534,,NO_MARKET_DATA,
KR6485401E64,,NO_MARKET_DATA,
KR6485411E62,,NO_MARKET_DATA,
KR6485421E60,,NO_MARKET_DATA,
KR6485431E68,,NO_MARKET_DATA,
KR6273791G60,,NO_MARKET_DATA,
KR6273801G68,,NO_MARKET_DATA,
KR6273901G59,,NO_MARKET_DATA,
KR6273981G60,,NO_MARKET_DATA,
KR6274091D27,,NO_MARKET_DATA,
KR6274091E42,,NO_MARKET_DATA,
KR6274461E10,,NO_MARKET_DATA,
KR6444561F90,,NO_MARKET_DATA,
KR6444591F94,,NO_MARKET_DATA,
KR6444601F92,,NO_MARKET_DATA,
KR6444611F90,,NO_MARKET_DATA,
KR6444631F96,,NO_MARKET_DATA,
KR6444711F99,,NO_MARKET_DATA,
KR6444741F93,,NO_MARKET_DATA,
KR6444761F98,,NO_MARKET_DATA,
KR648804TE75,,NO_MARKET_DATA,
KR6488061E77,,NO_MARKET_DATA,
KR6488101E87,,NO_MARKET_DATA,
KR6495301EA6,,NO_MARKET_DATA,
KR6495311F95,,NO_MARKET_DATA,
KR6495321EA4,,NO_MARKET_DATA,
KR6495361EA0,,NO_MARKET_DATA,
KR6495371F50,,NO_MARKET_DATA,
KR6495381EA8,,NO_MARKET_DATA,
KR6312011EA2,,NO_MARKET_DATA,
KR6312011FB7,,NO_MARKET_DATA,
KR6312031F83,,NO_MARKET_DATA,
KR6312031FB5,,NO_MARKET_DATA,
KR6312051G61,,NO_MARKET_DATA,
KR60020J8F39,,NO_MARKET_DATA,
KR60020J9F38,,NO_MARKET_DATA,
KR6002101G68,,NO_MARKET_DATA,
KR60021J1F26,,NO_MARKET_DATA,
KR60021K1FB9,,NO_MARKET_DATA,
KR60021V1F39,,NO_MARKET_DATA,
KR60071K1F78,,NO_MARKET_DATA,
KR60071K1FB8,,NO_MARKET_DATA,
KR60071K2F77,,NO_MARKET_DATA,
KR60071L1F76,,NO_MARKET_DATA,
KR310507GF50,,NO_MARKET_DATA,
KR310507GF68,,NO_MARKET_DATA,
KR310507GF84,,NO_MARKET_DATA,
KR310507GF92,,NO_MARKET_DATA,
KR310507GFA3,,NO_MARKET_DATA,
KR352201GB14,,NO_MARKET_DATA,
KR352201GB30,,NO_MARKET_DATA,
KR352201GB89,,NO_MARKET_DATA,
KR352201GB97,,NO_MARKET_DATA,
KR352201GBA1,,NO_MARKET_DATA,
KR352201GBC7,,NO_MARKET_DATA,
KR310523GG67,,NO_MARKET_DATA,
KR352502GF65,,NO_MARKET_DATA,
KR352502GF73,,NO_MARKET_DATA,
KR352502GF81,,NO_MARKET_DATA,
KR352502GF99,,NO_MARKET_DATA,
KR352502GFB1,,NO_MARKET_DATA,
KR352502GFC9,,NO_MARKET_DATA,
KR352502GG15,,NO_MARKET_DATA,
KR352502GG23,,NO_MARKET_DATA,
KR352502GG31,,NO_MARKET_DATA,
KR6326124EA7,,NO_MARKET_DATA,
KR6326125EA4,,NO_MARKET_DATA,
KR6326221D93,,NO_MARKET_DATA,
KR6326221G58,,NO_MARKET_DATA,
KR6326351G50,,NO_MARKET_DATA,
KR6326391E54,,NO_MARKET_DATA,
KR6326451G59,,NO_MARKET_DATA,
KR6326521G55,,NO_MARKET_DATA,
KR6326531F39,,NO_MARKET_DATA,
KR6326591G50,,NO_MARKET_DATA,
KR6402444C86,,NO_MARKET_DATA,
KRC0350C4591,,NO_MARKET_DATA,
KR6228931EA4,,NO_MARKET_DATA,
KR6229061E91,,NO_MARKET_DATA,
KR6229061FA6,,NO_MARKET_DATA,
KR6229081E97,,NO_MARKET_DATA,
KR6229641G80,,NO_MARKET_DATA,
KR62297015A0,,NO_MARKET_DATA,
KR62297115A8,,NO_MARKET_DATA,
KR6230391EA7,,NO_MARKET_DATA,
KR6230391F99,,NO_MARKET_DATA,
KR6230391G56,,NO_MARKET_DATA,
KR6274461F43,,NO_MARKET_DATA,
KR6274461F76,,NO_MARKET_DATA,
KR6274461FC8,,NO_MARKET_DATA,
KR6274461G75,,NO_MARKET_DATA,
KR6368181F75,,NO_MARKET_DATA,
KR6368241FA5,,NO_MARKET_DATA,
KR6368281AA2,,NO_MARKET_DATA,
KR6368282AA0,,NO_MARKET_DATA,
KR6368283AA8,,NO_MARKET_DATA,
KR6368333AA1,,NO_MARKET_DATA,
KR6368334AA9,,NO_MARKET_DATA,
KR6488101EC5,,NO_MARKET_DATA,
KR6488131E73,,NO_MARKET_DATA,
KR6488151E78,,NO_MARKET_DATA,
KR6488161E84,,NO_MARKET_DATA,
KR6285131F15,,NO_MARKET_DATA,
KR6488191F87,,NO_MARKET_DATA,
KR6488191F95,,NO_MARKET_DATA,
KR6488191FC3,,NO_MARKET_DATA,
KR6488192F94,,NO_MARKET_DATA,
KR6284241D58,,NO_MARKET_DATA,
KR6284751D50,,NO_MARKET_DATA,
KR6312151EB4,,NO_MARKET_DATA,
KR6312191D99,,NO_MARKET_DATA,
KR6312211FB3,,NO_MARKET_DATA,
KR6312251FB9,,NO_MARKET_DATA,
KR6312261FB8,,NO_MARKET_DATA,
KR6399081E80,,NO_MARKET_DATA,
KR6399091E88,,NO_MARKET_DATA,
KR6399101E86,,NO_MARKET_DATA,
KR6399151E85,,NO_MARKET_DATA,
KR6399161E83,,NO_MARKET_DATA,
KR6399291E86,,NO_MARKET_DATA,
KR60143NPFC2,,NO_MARKET_DATA,
KR60143NQFC0,,NO_MARKET_DATA,
KR60143NRFC8,,NO_MARKET_DATA,
KR60143NSFC6,,NO_MARKET_DATA,
KR60143NTFC4,,NO_MARKET_DATA,
KR60143NVFC0,,NO_MARKET_DATA,
KR60143NWFC8,,NO_MARKET_DATA,
KR60143NXFC6,,NO_MARKET_DATA,
KR310504AF91,,NO_MARKET_DATA,
KR352201GC54,,NO_MARKET_DATA,
KR352201GD95,,NO_MARKET_DATA,
KR352201GDC3,,NO_MARKET_DATA,
KR352201GEA5,,NO_MARKET_DATA,
KR354405GE60,,NO_MARKET_DATA,
KR354405GE78,,NO_MARKET_DATA,
KR354405GE86,,NO_MARKET_DATA,
KR354405GE94,,NO_MARKET_DATA,
KR354405GEC6,,NO_MARKET_DATA,
KR354405GF28,,NO_MARKET_DATA,
KR352502GG49,,NO_MARKET_DATA,
KR354407G683,,NO_MARKET_DATA,
KR354407G691,,NO_MARKET_DATA,
KR354407G6A3,,NO_MARKET_DATA,
KR354407G6B1,,NO_MARKET_DATA,
KR354407G6C9,,NO_MARKET_DATA,
KR354407G717,,NO_MARKET_DATA,
KR354407G725,,NO_MARKET_DATA,
KR354407G733,,NO_MARKET_DATA,
KR354407G741,,NO_MARKET_DATA,
KR6402444D69,,NO_MARKET_DATA,
KR6402445B94,,NO_MARKET_DATA,
KR6402445D68,,NO_MARKET_DATA,
KR6402446B93,,NO_MARKET_DATA,
KR6463732F94,,NO_MARKET_DATA,
KR6402491E60,,NO_MARKET_DATA,
KR6402491G68,,NO_MARKET_DATA,
KR6402492E69,,NO_MARKET_DATA,
KR6402492G67,,NO_MARKET_DATA,
KR6402511E90,,NO_MARKET_DATA,
KR6402791E91,,NO_MARKET_DATA,
KR6230701EA7,,NO_MARKET_DATA,
KR6343611E95,,NO_MARKET_DATA,
KR6343751EA6,,NO_MARKET_DATA,
KR6343751F11,,NO_MARKET_DATA,
KR6343751F78,,NO_MARKET_DATA,
KR6343751F94,,NO_MARKET_DATA,
KR6343751G69,,NO_MARKET_DATA,
KR6343752F51,,NO_MARKET_DATA,
KR6344821F15,,NO_MARKET_DATA,
KR6344821G22,,NO_MARKET_DATA,
KR6344822C17,,NO_MARKET_DATA,
KR6368335AA6,,NO_MARKET_DATA,
KR6368336AA4,,NO_MARKET_DATA,
KR6368337AA2,,NO_MARKET_DATA,
KR6442044C86,,NO_MARKET_DATA,
KR6442045C85,,NO_MARKET_DATA,
KR6442046C84,,NO_MARKET_DATA,
KR6442111F65,,NO_MARKET_DATA,
KR6442131C80,,NO_MARKET_DATA,
KR6442211C91,,NO_MARKET_DATA,
KR6442311C82,,NO_MARKET_DATA,
KR6285071D92,,NO_MARKET_DATA,
KR6285071F82,,NO_MARKET_DATA,
KR6285071G32,,NO_MARKET_DATA,
KR6285101D96,,NO_MARKET_DATA,
KR6285121EB0,,NO_MARKET_DATA,
KR6285131FA8,,NO_MARKET_DATA,
KR6285132E49,,NO_MARKET_DATA,
KR6285132F14,,NO_MARKET_DATA,
KR6376541B51,,NO_MARKET_DATA,
KR6376541DB1,,NO_MARKET_DATA,
KR6376542B50,,NO_MARKET_DATA,
KR6399431E87,,NO_MARKET_DATA,
KR6399461E80,,NO_MARKET_DATA,
KR6399721F44,,NO_MARKET_DATA,
KR6400761D84,,NO_MARKET_DATA,
KR6400841B98,,NO_MARKET_DATA,
KR6460082G53,,NO_MARKET_DATA,
KR6460083F61,,NO_MARKET_DATA,
KR6460084F60,,NO_MARKET_DATA,
KR6460085F69,,NO_MARKET_DATA,
KR6460121F40,,NO_MARKET_DATA,
KR6460121F81,,NO_MARKET_DATA,
KR60143Y8FC9,,NO_MARKET_DATA,
KR60143Y9FC7,,NO_MARKET_DATA,
KR60143YAFC1,,NO_MARKET_DATA,
KR60143YBFC9,,NO_MARKET_DATA,
KR60143YCFC7,,NO_MARKET_DATA,
KR60143YDFC5,,NO_MARKET_DATA,
KR310507GFB1,,NO_MARKET_DATA,
KR310507GG18,,NO_MARKET_DATA,
KR310507GG34,,NO_MARKET_DATA,
KR310507GG42,,NO_MARKET_DATA,
KR354405GF36,,NO_MARKET_DATA,
KR354405GF69,,NO_MARKET_DATA,
KR354405GF85,,NO_MARKET_DATA,
KR354405GF93,,NO_MARKET_DATA,
KR354424GD76,,NO_MARKET_DATA,
KR354424GD84,,NO_MARKET_DATA,
KR354424GD92,,NO_MARKET_DATA,
KR354424GDB1,,NO_MARKET_DATA,
KR354424GG16,,NO_MARKET_DATA,
KR354424GG40,,NO_MARKET_DATA,
KR354407G758,,NO_MARKET_DATA,
KR354601GE54,,NO_MARKET_DATA,
KR354601GE62,,NO_MARKET_DATA,
KR354601GE70,,NO_MARKET_DATA,
KR354601GE96,,NO_MARKET_DATA,
KR354601GEB2,,NO_MARKET_DATA,
KR354601GEC0,,NO_MARKET_DATA,
KR354601GF53,,NO_MARKET_DATA,
KR354601GF87,,NO_MARKET_DATA,
KR354601GF95,,NO_MARKET_DATA,
KR354601GFA1,,NO_MARKET_DATA,
KR6463551D78,,NO_MARKET_DATA,
KR6463601G75,,NO_MARKET_DATA,
KR6463651G41,,NO_MARKET_DATA,
KR6463652G40,,NO_MARKET_DATA,
KR6463731F95,,NO_MARKET_DATA,
KR6463741FA8,,NO_MARKET_DATA,
KR6463742FA6,,NO_MARKET_DATA,
KR6463771F96,,NO_MARKET_DATA,
KR6463861D81,,NO_MARKET_DATA,
KR6463861E72,,NO_MARKET_DATA,
KR6496551EB3,,NO_MARKET_DATA,
KR6344822E64,,NO_MARKET_DATA,
KR6418421F86,,NO_MARKET_DATA,
KR6418551E55,,NO_MARKET_DATA,
KR6418621C95,,NO_MARKET_DATA,
KR6418621CC1,,NO_MARKET_DATA,
KR6418621D45,,NO_MARKET_DATA,
KR6419031F94,,NO_MARKET_DATA,
KR6419051F99,,NO_MARKET_DATA,
KR6419081FC0,,NO_MARKET_DATA,
KR6419081G50,,NO_MARKET_DATA,
KR6419271C13,,NO_MARKET_DATA,
KR6442441F90,,NO_MARKET_DATA,
KR6442461D48,,NO_MARKET_DATA,
KR6442461D63,,NO_MARKET_DATA,
KR6442461D89,,NO_MARKET_DATA,
KR6485441E66,,NO_MARKET_DATA,
KR6282881D24,,NO_MARKET_DATA,
KR6485461E61,,NO_MARKET_DATA,
KR6485471E69,,NO_MARKET_DATA,
KR6485481E67,,NO_MARKET_DATA,
KR6485491E65,,NO_MARKET_DATA,
KR6485501E63,,NO_MARKET_DATA,
KR6376542DB9,,NO_MARKET_DATA,
KR6376901BA3,,NO_MARKET_DATA,
KR6376901BC9,,NO_MARKET_DATA,
KR6376901C47,,NO_MARKET_DATA,
KR6376901C54,,NO_MARKET_DATA,
KR6376901C70,,NO_MARKET_DATA,
KR6376901C96,,NO_MARKET_DATA,
KR6376901D79,,NO_MARKET_DATA,
KR6376901F77,,NO_MARKET_DATA,
KR6444781F94,,NO_MARKET_DATA,
KR6444821F96,,NO_MARKET_DATA,
KR6444831F94,,NO_MARKET_DATA,
KR6460131G54,,NO_MARKET_DATA,
KR6460141G52,,NO_MARKET_DATA,
KR6460161G57,,NO_MARKET_DATA,
KR6460171G55,,NO_MARKET_DATA,
KR6495401EA4,,NO_MARKET_DATA,
KR6495411EA3,,NO_MARKET_DATA,
KR6495431EA1,,NO_MARKET_DATA,
KR6495471EA7,,NO_MARKET_DATA,
KR6495501EA1,,NO_MARKET_DATA,
KR6495511EA0,,NO_MARKET_DATA,
KR6495521EA9,,NO_MARKET_DATA,
KR357003DG29,,NO_MARKET_DATA,
KR310504AG41,,NO_MARKET_DATA,
KR310504AG58,,NO_MARKET_DATA,
KR310504AG66,,NO_MARKET_DATA,
KR310504AG74,,NO_MARKET_DATA,
KR310504G599,,NO_MARKET_DATA,
KR351604GC26,,NO_MARKET_DATA,
KR351604GC59,,NO_MARKET_DATA,
KR351604GC91,,NO_MARKET_DATA,
KR351604GCB3,,NO_MARKET_DATA,
KR354424GG57,,NO_MARKET_DATA,
KR35442572B8,,NO_MARKET_DATA,
KR3544257313,,NO_MARKET_DATA,
KR3544257321,,NO_MARKET_DATA,
KR358002GFA8,,NO_MARKET_DATA,
KR358101GF42,,NO_MARKET_DATA,
KR358101GG17,,NO_MARKET_DATA,
KR358201GF66,,NO_MARKET_DATA,
KR358301DFA1,,NO_MARKET_DATA,
KR358301DFB9,,NO_MARKET_DATA,
KR354601GFB9,,NO_MARKET_DATA,
KR380803AFA4,,NO_MARKET_DATA,
KR380803AFC0,,NO_MARKET_DATA,
KR380803AG18,,NO_MARKET_DATA,
KR380803AG26,,NO_MARKET_DATA,
KR380803AG75,,NO_MARKET_DATA,
KR380803G590,,NO_MARKET_DATA,
KR380803G632,,NO_MARKET_DATA,
KR380803GA91,,NO_MARKET_DATA,
KR380803GDB4,,NO_MARKET_DATA,
KR6496561EB2,,NO_MARKET_DATA,
KR6496571EB1,,NO_MARKET_DATA,
KR6496581EB0,,NO_MARKET_DATA,
KR6496591EB9,,NO_MARKET_DATA,
KR6496601EB6,,NO_MARKET_DATA,
KR6496611EB5,,NO_MARKET_DATA,
KR6496651EB1,,NO_MARKET_DATA,
KR6496661EB0,,NO_MARKET_DATA,
KR6496681EB8,,NO_MARKET_DATA,
KR6496681G45,,NO_MARKET_DATA,
KR6214701G22,,NO_MARKET_DATA,
KR6419531D83,,NO_MARKET_DATA,
KR6471171DB1,,NO_MARKET_DATA,
KR6471181DB0,,NO_MARKET_DATA,
KR6471201DB6,,NO_MARKET_DATA,
KRC0350C4799,,NO_MARKET_DATA,
KR6471211DB5,,NO_MARKET_DATA,
KR6471281DB8,,NO_MARKET_DATA,
KR6471318DB8,,NO_MARKET_DATA,
KR647131BDB0,,NO_MARKET_DATA,
KR647131CDB8,,NO_MARKET_DATA,
KR6485511E61,,NO_MARKET_DATA,
KR6485521E69,,NO_MARKET_DATA,
KR6485531E67,,NO_MARKET_DATA,
KR6485531G57,,NO_MARKET_DATA,
KR6485551E62,,NO_MARKET_DATA,
KR6282881C74,,NO_MARKET_DATA,
KR6282951EA5,,NO_MARKET_DATA,
KR6282971EA3,,NO_MARKET_DATA,
KR6283041EA4,,NO_MARKET_DATA,
KR6283121EA4,,NO_MARKET_DATA,
KR6283181EA8,,NO_MARKET_DATA,
KR6444841F92,,NO_MARKET_DATA,
KR6444851F99,,NO_MARKET_DATA,
KR6444871F95,,NO_MARKET_DATA,
KR6444881F93,,NO_MARKET_DATA,
KR6444881FB4,,NO_MARKET_DATA,
KR6444921C98,,NO_MARKET_DATA,
KR6444961F96,,NO_MARKET_DATA,
KR6444971F94,,NO_MARKET_DATA,
KR6488331FB7,,NO_MARKET_DATA,
KR648836NE73,,NO_MARKET_DATA,
KR648836PE71,,NO_MARKET_DATA,
KR6495531EA8,,NO_MARKET_DATA,
KR6495541EA7,,NO_MARKET_DATA,
KR6495542EA5,,NO_MARKET_DATA,
KR6495591EA2,,NO_MARKET_DATA,
KR6320771E32,,NO_MARKET_DATA,
KR6321121G35,,NO_MARKET_DATA,
KR6321201F39,,NO_MARKET_DATA,
KR6321201F62,,NO_MARKET_DATA,
KR6321371E18,,NO_MARKET_DATA,
KR6321371G40,,NO_MARKET_DATA,
KR6321372E17,,NO_MARKET_DATA,
KR351604GF49,,NO_MARKET_DATA,
KR351604GF56,,NO_MARKET_DATA,
KR351604GF64,,NO_MARKET_DATA,
KR351604GF72,,NO_MARKET_DATA,
KR351604GF80,,NO_MARKET_DATA,
KR351604GFB6,,NO_MARKET_DATA,
KR351604GG48,,NO_MARKET_DATA,
KR354404GF78,,NO_MARKET_DATA,
KR354404GF86,,NO_MARKET_DATA,
KR354404GF94,,NO_MARKET_DATA,
KR358301DFC7,,NO_MARKET_DATA,
KR358301DG18,,NO_MARKET_DATA,
KR358301DG26,,NO_MARKET_DATA,
KR358301DG34,,NO_MARKET_DATA,
KR60024Z1F59,,NO_MARKET_DATA,
KR6002551C67,,NO_MARKET_DATA,
KR6002551F31,,EXCLUDED_OPTION,
KR60025D1F95,,NO_MARKET_DATA,
KR60025D1FA6,,NO_MARKET_DATA,
KR60025E1F36,,NO_MARKET_DATA,
KR60025E1F69,,NO_MARKET_DATA,
KR380803GF13,,NO_MARKET_DATA,
KR60033Z1F50,,NO_MARKET_DATA,
KR60033Z1F84,,NO_MARKET_DATA,
KR6003411E97,,NO_MARKET_DATA,
KR6003411F47,,NO_MARKET_DATA,
KR6003411F54,,NO_MARKET_DATA,
KR6003411G38,,NO_MARKET_DATA,
KR6003411G61,,NO_MARKET_DATA,
KR6003412B99,0.0954096238140358,CALCULATED,저민감
KR6003412E62,,NO_MARKET_DATA,
KR6214701G48,,NO_MARKET_DATA,
KR6215361DB9,,NO_MARKET_DATA,
KR6215361F54,,NO_MARKET_DATA,
KR6215381D52,,NO_MARKET_DATA,
KR6215381G34,,NO_MARKET_DATA,
KR6215571B96,,NO_MARKET_DATA,
KR6215571D37,,NO_MARKET_DATA,
KR6215591F31,,NO_MARKET_DATA,
KR62155929A3,,NO_MARKET_DATA,
KR6215592BB3,,NO_MARKET_DATA,
KR6326601G58,,NO_MARKET_DATA,
KR647131DDB6,,NO_MARKET_DATA,
KR647131EDB4,,NO_MARKET_DATA,
KRC0350C4633,,NO_MARKET_DATA,
KRC0350C4690,,NO_MARKET_DATA,
KRC0350C4732,,NO_MARKET_DATA,
KRC0350C4831,,NO_MARKET_DATA,
KRC0350C4898,,NO_MARKET_DATA,
KRC0350C4930,,NO_MARKET_DATA,
KRC0350C4997,,NO_MARKET_DATA,
KRC0350C5036,,NO_MARKET_DATA,
KR6283191E91,,NO_MARKET_DATA,
KR6283191G40,,NO_MARKET_DATA,
KR6283391EA3,,NO_MARKET_DATA,
KR6283971E63,,NO_MARKET_DATA,
KR6283971E71,,NO_MARKET_DATA,
KR6368338AA0,,NO_MARKET_DATA,
KR6368339AA8,,NO_MARKET_DATA,
KR636833AAA4,,NO_MARKET_DATA,
KR636833BAA2,,NO_MARKET_DATA,
KR6368351FA2,,NO_MARKET_DATA,
KR6368431FA2,,NO_MARKET_DATA,
KR648836QE70,,NO_MARKET_DATA,
KR648836RE79,,NO_MARKET_DATA,
KR648836SE78,,NO_MARKET_DATA,
KR6488371E80,,NO_MARKET_DATA,
KR6488391E86,,NO_MARKET_DATA,
KR648840DE87,,NO_MARKET_DATA,
KR648840EE86,,NO_MARKET_DATA,
KR6290721F45,,NO_MARKET_DATA,
KR6291382E51,,NO_MARKET_DATA,
KR6291961E68,,NO_MARKET_DATA,
KR6321551DA8,,NO_MARKET_DATA,
KR6321551F35,,NO_MARKET_DATA,
KR6321801D68,,NO_MARKET_DATA,
KR6321821EB1,,NO_MARKET_DATA,
KR6401061BC1,,NO_MARKET_DATA,
KR6401062BC9,,NO_MARKET_DATA,
KR6401063BC7,,NO_MARKET_DATA,
KR6401081BC9,,NO_MARKET_DATA,
KR6401082BC7,,NO_MARKET_DATA,
KR6401121FB6,,NO_MARKET_DATA,
KR6401131F91,,NO_MARKET_DATA,
KR354404GEA3,,NO_MARKET_DATA,
KR354404GEB1,,NO_MARKET_DATA,
KR354404GF11,,NO_MARKET_DATA,
KR354404GF37,,NO_MARKET_DATA,
KR354404GF45,,NO_MARKET_DATA,
KR354404GF52,,NO_MARKET_DATA,
KR354421GG19,,NO_MARKET_DATA,
KR354421GG43,,NO_MARKET_DATA,
KR354421GG50,,NO_MARKET_DATA,
KR354421GG76,,NO_MARKET_DATA,
KR60025F1F58,,NO_MARKET_DATA,
KR60025F1F90,,NO_MARKET_DATA,
KR60025L1FC2,,NO_MARKET_DATA,
KR60025L1G14,,NO_MARKET_DATA,
KR60149H1G36,,NO_MARKET_DATA,
KR60075ZDFJ1,,NO_MARKET_DATA,
KR60075ZEFJ9,,NO_MARKET_DATA,
KR60075ZFFJ6,,NO_MARKET_DATA,
KR60075ZGFJ4,,NO_MARKET_DATA,
KR60075ZHFJ2,,NO_MARKET_DATA,
KR6008275F33,,NO_MARKET_DATA,
KR350102GG70,,NO_MARKET_DATA,
KR6003412F38,,NO_MARKET_DATA,
KR6008274G33,,NO_MARKET_DATA,
KR6008274G41,,NO_MARKET_DATA,
KR6008274G58,,NO_MARKET_DATA,
KR6008274G74,,NO_MARKET_DATA,
KR6008275E34,,NO_MARKET_DATA,
KR6008275E83,,NO_MARKET_DATA,
KR6008275E91,,NO_MARKET_DATA,
KR6008275EB0,,NO_MARKET_DATA,
KR6326671G53,,NO_MARKET_DATA,
KR6326681EB4,,NO_MARKET_DATA,
KR6326681G51,,NO_MARKET_DATA,
KR6326761EB4,,NO_MARKET_DATA,
KR6326761F97,,NO_MARKET_DATA,
KR6326761G54,,NO_MARKET_DATA,
KR6326821E54,,NO_MARKET_DATA,
KR6327121FB7,,NO_MARKET_DATA,
KR6327121G32,,NO_MARKET_DATA,
KR6327151G50,,NO_MARKET_DATA,
KR6402851E98,,NO_MARKET_DATA,
KRC0350C5093,,NO_MARKET_DATA,
KR6240901G33,,NO_MARKET_DATA,
KR6240921F30,,NO_MARKET_DATA,
KR6240921G54,,NO_MARKET_DATA,
KR6241091F32,,NO_MARKET_DATA,
KR6241111E96,,NO_MARKET_DATA,
KR6241591E95,,NO_MARKET_DATA,
KR6241592E94,,NO_MARKET_DATA,
KR6241593E93,,NO_MARKET_DATA,
KR6241594E92,,NO_MARKET_DATA,
KR6241691D87,,NO_MARKET_DATA,
KR6368441AB0,,NO_MARKET_DATA,
KR6368451EA3,,NO_MARKET_DATA,
KR6368491F47,,NO_MARKET_DATA,
KR6368531FA9,,NO_MARKET_DATA,
KR6442461E70,,NO_MARKET_DATA,
KR6442461FB7,,NO_MARKET_DATA,
KR6442462D88,,NO_MARKET_DATA,
KR6442462FB5,,NO_MARKET_DATA,
KR6442463FB3,,NO_MARKET_DATA,
KR6442464FB1,,NO_MARKET_DATA,
KR6442465FB8,,NO_MARKET_DATA,
KR6291961G66,,NO_MARKET_DATA,
KR6291963FC2,,NO_MARKET_DATA,
KR6292511EB3,,NO_MARKET_DATA,
KR6292511G36,,NO_MARKET_DATA,
KR6292511G69,,NO_MARKET_DATA,
KR6293491E89,,NO_MARKET_DATA,
KR6293491G61,,NO_MARKET_DATA,
KR6293781D89,,NO_MARKET_DATA,
KR6376902BC7,,NO_MARKET_DATA,
KR6376911DA8,,NO_MARKET_DATA,
KR6376961G24,,NO_MARKET_DATA,
KR6401261F69,,NO_MARKET_DATA,
KR6401261F77,,NO_MARKET_DATA,
KR6401262F68,,NO_MARKET_DATA,
KR6401281F81,,NO_MARKET_DATA,
KR6460201G59,,NO_MARKET_DATA,
KR6460221G55,,NO_MARKET_DATA,
KR6460231G53,,NO_MARKET_DATA,
KR6460241G51,,NO_MARKET_DATA,
KR6460251G58,,NO_MARKET_DATA,
KR6460261G56,,NO_MARKET_DATA,
KR6460321G54,,NO_MARKET_DATA,
KR354422GC61,,NO_MARKET_DATA,
KR354422GD37,,NO_MARKET_DATA,
KR354422GD45,,NO_MARKET_DATA,
KR354422GD52,,NO_MARKET_DATA,
KR354422GD60,,NO_MARKET_DATA,
KR354422GD78,,NO_MARKET_DATA,
KR354422GD86,,NO_MARKET_DATA,
KR354422GD94,,NO_MARKET_DATA,
KR357201GF35,,NO_MARKET_DATA,
KR357201GF50,,NO_MARKET_DATA,
KR60075ZJFJ8,,NO_MARKET_DATA,
KR60075ZKF60,,NO_MARKET_DATA,
KR60075ZRF63,,NO_MARKET_DATA,
KR60075ZSF62,,NO_MARKET_DATA,
KR60149G1G20,,NO_MARKET_DATA,
KR60149H1G77,,NO_MARKET_DATA,
KR60149H2G35,,NO_MARKET_DATA,
KR60149M1G10,,NO_MARKET_DATA,
KR60149V1FC1,,NO_MARKET_DATA,
KR60150H1G18,,NO_MARKET_DATA,
KR6008275EC8,,NO_MARKET_DATA,
KR6008275F17,,NO_MARKET_DATA,
KR60164T2G39,,NO_MARKET_DATA,
KR60165W1G23,,NO_MARKET_DATA,
KR60165X1G21,,NO_MARKET_DATA,
KR6016611F39,,NO_MARKET_DATA,
KR6016611G61,,NO_MARKET_DATA,
KR6016612F38,,NO_MARKET_DATA,
KR60166D1G39,,NO_MARKET_DATA,
KR60166D2G38,,NO_MARKET_DATA,
KR60166E1G45,,NO_MARKET_DATA,
KR6402851EA2,,NO_MARKET_DATA,
KR6403091C23,,NO_MARKET_DATA,
KR6403491G41,,NO_MARKET_DATA,
KR6403551DA9,,NO_MARKET_DATA,
KR6403551DB7,,NO_MARKET_DATA,
KR6403971F41,,NO_MARKET_DATA,
KR6404291F34,,NO_MARKET_DATA,
KR6404711E60,,NO_MARKET_DATA,
KR6404711F36,,NO_MARKET_DATA,
KR6404711F51,,NO_MARKET_DATA,
KR6463861FC0,,NO_MARKET_DATA,
KR6241692D86,,NO_MARKET_DATA,
KR6344822F14,,NO_MARKET_DATA,
KR6344841G69,,NO_MARKET_DATA,
KR6344871DA3,,NO_MARKET_DATA,
KR6344871EB9,,NO_MARKET_DATA,
KR6344871F97,,NO_MARKET_DATA,
KR6344891G43,,NO_MARKET_DATA,
KR6344921EB2,,NO_MARKET_DATA,
KR6344941EB0,,NO_MARKET_DATA,
KR6344951DB1,,NO_MARKET_DATA,
KR6344952F65,,NO_MARKET_DATA,
KR6442471G68,,NO_MARKET_DATA,
KR6442541F65,,NO_MARKET_DATA,
KR6442541F99,,NO_MARKET_DATA,
KR6442541G64,,NO_MARKET_DATA,
KR6485569E62,,NO_MARKET_DATA,
KR648556AE68,,NO_MARKET_DATA,
KR6485571E68,,NO_MARKET_DATA,
KR6485581E66,,NO_MARKET_DATA,
KR6485591E64,,NO_MARKET_DATA,
KR6485601F20,,NO_MARKET_DATA,
KR6485611EA0,,NO_MARKET_DATA,
KR6377031F29,,NO_MARKET_DATA,
KR6377031F37,,NO_MARKET_DATA,
KR6377031F60,,NO_MARKET_DATA,
KR6377031F78,,NO_MARKET_DATA,
KR6377031G69,,NO_MARKET_DATA,
KR6377191G57,,NO_MARKET_DATA,
KR6377451F46,,NO_MARKET_DATA,
KR6377481D34,,NO_MARKET_DATA,
KR6445071F90,,NO_MARKET_DATA,
KR6445071FA3,,NO_MARKET_DATA,
KR6445244D60,,NO_MARKET_DATA,
KR6460341FB8,,NO_MARKET_DATA,
KR6460341G50,,NO_MARKET_DATA,
KR6460351G57,,NO_MARKET_DATA,
KR6460361G55,,NO_MARKET_DATA,
KR6495641EA5,,NO_MARKET_DATA,
KR6495651EA4,,NO_MARKET_DATA,
KR649586BEA3,,NO_MARKET_DATA,
KR649586CEA1,,NO_MARKET_DATA,
KR6315291916,,NO_MARKET_DATA,
KR6316141961,,NO_MARKET_DATA,
KR6316141995,,EXCLUDED_EQUITY_LINKED,
KR357009DFC7,,NO_MARKET_DATA,
KR357010DFC5,,NO_MARKET_DATA,
KR357011DFC3,,NO_MARKET_DATA,
KR357012DFC1,,NO_MARKET_DATA,
KR357013DFC9,,NO_MARKET_DATA,
KR60021W1FB5,,NO_MARKET_DATA,
KR357101GA49,,NO_MARKET_DATA,
KR60020B1F25,,NO_MARKET_DATA,
KR60020J5F32,,NO_MARKET_DATA,
KR60020J7F30,,NO_MARKET_DATA,
KR60150S1G23,,NO_MARKET_DATA,
KR60151M1FC7,,NO_MARKET_DATA,
KR60151X1G13,,NO_MARKET_DATA,
KR310512GFB1,,NO_MARKET_DATA,
KR310512GG11,,NO_MARKET_DATA,
KR310512GG37,,NO_MARKET_DATA,
KR310512GG45,,NO_MARKET_DATA,
KR310512GG52,,NO_MARKET_DATA,
KR310512GG60,,NO_MARKET_DATA,
KR310513AG16,,NO_MARKET_DATA,
KR310513AG40,,NO_MARKET_DATA,
KR60166F1G42,,NO_MARKET_DATA,
KR60166F1G67,,NO_MARKET_DATA,
KR350102GG88,,NO_MARKET_DATA,
KR3501037237,,NO_MARKET_DATA,
KR3501037286,,NO_MARKET_DATA,
KR3501037344,,NO_MARKET_DATA,
KR350103G351,,NO_MARKET_DATA,
KR350103G385,,NO_MARKET_DATA,
KR350103G3B3,,NO_MARKET_DATA,
KR350103G898,,NO_MARKET_DATA,
KR6463862FC8,,NO_MARKET_DATA,
KR6463863D89,,NO_MARKET_DATA,
KR6463941FB2,,NO_MARKET_DATA,
KR6464081F81,,NO_MARKET_DATA,
KR6496731EB1,,NO_MARKET_DATA,
KR6464111D79,,NO_MARKET_DATA,
KR646429KD82,,NO_MARKET_DATA,
KR6464441D70,,NO_MARKET_DATA,
KR6464451F91,,NO_MARKET_DATA,
KR6464511D75,,NO_MARKET_DATA,
KR6464511G15,,NO_MARKET_DATA,
KR6344953F64,,NO_MARKET_DATA,
KR6419541G39,,NO_MARKET_DATA,
KR641966KC26,,NO_MARKET_DATA,
KR6419791F29,,NO_MARKET_DATA,
KR647131JDB3,,NO_MARKET_DATA,
KR6471341DB0,,NO_MARKET_DATA,
KR6419791F78,,NO_MARKET_DATA,
KR6419792C21,,NO_MARKET_DATA,
KR6419792C70,,NO_MARKET_DATA,
KR6419792F28,,NO_MARKET_DATA,
KR6485631E66,,NO_MARKET_DATA,
KR6485632EA6,,NO_MARKET_DATA,
KR6485633EA4,,NO_MARKET_DATA,
KR6485634EA2,,NO_MARKET_DATA,
KR6277411G46,,NO_MARKET_DATA,
KR6277412F61,,NO_MARKET_DATA,
KR6277413F60,,NO_MARKET_DATA,
KR6277414F69,,NO_MARKET_DATA,
KR6277415F68,,NO_MARKET_DATA,
KR6277572BA2,,NO_MARKET_DATA,
KR6368601F10,,NO_MARKET_DATA,
KR6445245D69,,NO_MARKET_DATA,
KR6445246D68,,NO_MARKET_DATA,
KR648840FE85,,NO_MARKET_DATA,
KR648840GE84,,NO_MARKET_DATA,
KR648840HE83,,NO_MARKET_DATA,
KR6285651EB6,,NO_MARKET_DATA,
KR6377592B57,,NO_MARKET_DATA,
KR648840JE81,,NO_MARKET_DATA,
KR648840KE88,,NO_MARKET_DATA,
KR6488431E88,,NO_MARKET_DATA,
KR63161419C1,,NO_MARKET_DATA,
KR6401451G50,,NO_MARKET_DATA,
KR6316141BA9,,NO_MARKET_DATA,
KR6316141C27,,EXCLUDED_PERPETUAL,
KR6316141C76,,NO_MARKET_DATA,
KR6316141CA7,,NO_MARKET_DATA,
KR6316141D26,,EXCLUDED_PERPETUAL,
KR6316141D91,,NO_MARKET_DATA,
KR6401281F99,,NO_MARKET_DATA,
KR6401401FA4,,NO_MARKET_DATA,
KR6401401FB2,,NO_MARKET_DATA,
KR60022W1G18,,NO_MARKET_DATA,
KR60071PJF69,,NO_MARKET_DATA,
KR60071PKF66,,NO_MARKET_DATA,
KR60071PLF65,,NO_MARKET_DATA,
KR60071PMF64,,NO_MARKET_DATA,
KR60071PNF63,,NO_MARKET_DATA,
KR60071PPF61,,NO_MARKET_DATA,
KR60071PQF60,,NO_MARKET_DATA,
KR60071PRF69,,NO_MARKET_DATA,
KR310513GBC6,,NO_MARKET_DATA,
KR310513GD54,,NO_MARKET_DATA,
KR310513GDB4,,NO_MARKET_DATA,
KR352201GF10,,NO_MARKET_DATA,
KR352201GF28,,NO_MARKET_DATA,
KR352201GF44,,NO_MARKET_DATA,
KR352201GF69,,NO_MARKET_DATA,
KR352201GF77,,NO_MARKET_DATA,
KR352201GG43,,NO_MARKET_DATA,
KR352201GG50,,NO_MARKET_DATA,
KR350103G9A2,,NO_MARKET_DATA,
KR352502GG56,,NO_MARKET_DATA,
KR352502GG64,,NO_MARKET_DATA,
KR352502GG72,,NO_MARKET_DATA,
KR352503GC67,,NO_MARKET_DATA,
KR352503GD90,,NO_MARKET_DATA,
KR352503GDB4,,NO_MARKET_DATA,
KR352503GDC2,,NO_MARKET_DATA,
KR352503GE32,,NO_MARKET_DATA,
KR352503GE81,,NO_MARKET_DATA,
KR6496681G52,,NO_MARKET_DATA,
KR6496691EB7,,NO_MARKET_DATA,
KR6496701EB4,,NO_MARKET_DATA,
KR6496711EB3,,NO_MARKET_DATA,
KR6496721EB2,,NO_MARKET_DATA,
KR6496751EB9,,NO_MARKET_DATA,
KR6496781EB6,,NO_MARKET_DATA,
KR6496791EB5,,NO_MARKET_DATA,
KR6496791FB2,,NO_MARKET_DATA,
KR6496801EB2,,NO_MARKET_DATA,
KR6215592C33,,NO_MARKET_DATA,
KR6419792F77,,NO_MARKET_DATA,
KR6420191F56,,NO_MARKET_DATA,
KR6420391F70,,NO_MARKET_DATA,
KR647131FDB1,,NO_MARKET_DATA,
KR647131GDB9,,NO_MARKET_DATA,
KR647131HDB7,,NO_MARKET_DATA,
KRC0350C5135,,NO_MARKET_DATA,
KRC0350C5192,,NO_MARKET_DATA,
KRC0350C5234,,NO_MARKET_DATA,
KRC0350C5291,,NO_MARKET_DATA,
KR6368601F51,,NO_MARKET_DATA,
KR6368611FA9,,NO_MARKET_DATA,
KR6368621AA9,,NO_MARKET_DATA,
KR6368651FA5,,NO_MARKET_DATA,
KR6368691FA1,,NO_MARKET_DATA,
KR6442752C96,,NO_MARKET_DATA,
KR6368791BB6,,NO_MARKET_DATA,
KR6368871F96,,NO_MARKET_DATA,
KR6368871FA9,,NO_MARKET_DATA,
KR6368971F87,,NO_MARKET_DATA,
KR6442741C90,,NO_MARKET_DATA,
KR6488641E84,,NO_MARKET_DATA,
KR6488821F77,,NO_MARKET_DATA,
KR6489051E85,,NO_MARKET_DATA,
KR6489121E81,,NO_MARKET_DATA,
KR6285391F51,,NO_MARKET_DATA,
KR6285401F59,,NO_MARKET_DATA,
KR6285461EB0,,NO_MARKET_DATA,
KR6285631F44,,NO_MARKET_DATA,
KR6285721EB7,,NO_MARKET_DATA,
KR6285781EB1,,NO_MARKET_DATA,
KR6285801G47,,NO_MARKET_DATA,
KR6401451DB2,,NO_MARKET_DATA,
KR6401451E94,,NO_MARKET_DATA,
KR6401451G68,,NO_MARKET_DATA,
KR6401501E94,,NO_MARKET_DATA,
KR6401511E92,,NO_MARKET_DATA,
KR6401541E96,,NO_MARKET_DATA,
KR6401551E93,,NO_MARKET_DATA,
KR6460371D64,,NO_MARKET_DATA,
KR646040BD66,,NO_MARKET_DATA,
KR6460421G53,,NO_MARKET_DATA,
KR6460422G52,,NO_MARKET_DATA,
KR60071L2F75,,NO_MARKET_DATA,
KR60071M1F66,,NO_MARKET_DATA,
KR60071PEF64,,NO_MARKET_DATA,
KR60071PFF63,,NO_MARKET_DATA,
KR60071PGF62,,NO_MARKET_DATA,
KR60071PHF61,,NO_MARKET_DATA,
KR60143Y5FC5,,NO_MARKET_DATA,
KR60143Y6FC3,,NO_MARKET_DATA,
KR60143Y7FC1,,NO_MARKET_DATA,
KR352201GG68,,NO_MARKET_DATA,
KR352202GA97,,NO_MARKET_DATA,
KR352202GAB9,,NO_MARKET_DATA,
KR354405GFA7,,NO_MARKET_DATA,
KR354405GFB5,,NO_MARKET_DATA,
KR354425G412,,NO_MARKET_DATA,
KR354405GFC3,,NO_MARKET_DATA,
KR354405GG19,,NO_MARKET_DATA,
KR354405GG27,,NO_MARKET_DATA,
KR354405GG35,,NO_MARKET_DATA,
KR352503GE99,,NO_MARKET_DATA,
KR354407G766,,NO_MARKET_DATA,
KR354407G774,,NO_MARKET_DATA,
KR354407G782,,NO_MARKET_DATA,
KR354407G790,,NO_MARKET_DATA,
KR354407G7B9,,NO_MARKET_DATA,
KR354407G7C7,,NO_MARKET_DATA,
KR354407G824,,NO_MARKET_DATA,
KR354407G832,,NO_MARKET_DATA,
KR354407G840,,NO_MARKET_DATA,
KR6215592F30,,NO_MARKET_DATA,
KR6215593536,,NO_MARKET_DATA,
KR6215593593,,NO_MARKET_DATA,
KR6215601F47,,NO_MARKET_DATA,
KR6216081F69,,NO_MARKET_DATA,
KR6216081G68,,NO_MARKET_DATA,
KR6327541C20,,NO_MARKET_DATA,
KR6327541D11,,NO_MARKET_DATA,
KR6327542C29,,NO_MARKET_DATA,
KR6327851G61,,NO_MARKET_DATA,
KR6327853F29,,NO_MARKET_DATA,
KRC0350C5333,,NO_MARKET_DATA,
KRC0350C5390,,NO_MARKET_DATA,
KRC0350C5432,,NO_MARKET_DATA,
KRC0350C5499,,NO_MARKET_DATA,
KRC0350C5531,,NO_MARKET_DATA,
KRC0350C5598,,NO_MARKET_DATA,
KR6231481EA5,,NO_MARKET_DATA,
KR6231501EB8,,NO_MARKET_DATA,
KR6231541F47,,NO_MARKET_DATA,
KR6231541G61,,NO_MARKET_DATA,
KR6231542EA4,,NO_MARKET_DATA,
KR6442741F30,,NO_MARKET_DATA,
KR6442741FB2,,NO_MARKET_DATA,
KR6442741FC0,,NO_MARKET_DATA,
KR6442742C99,,NO_MARKET_DATA,
KR6442743C98,,NO_MARKET_DATA,
KR6442751C97,,NO_MARKET_DATA,
KR6442771C93,,NO_MARKET_DATA,
KR6442791C99,,NO_MARKET_DATA,
KR6442811E51,,NO_MARKET_DATA,
KR6485635EA9,,NO_MARKET_DATA,
KR6485651E61,,NO_MARKET_DATA,
KR6285811EB6,,NO_MARKET_DATA,
KR6285841EB3,,NO_MARKET_DATA,
KR6285871EB0,,NO_MARKET_DATA,
KR6377481F65,,NO_MARKET_DATA,
KR6377561B21,,NO_MARKET_DATA,
KR6377591B58,,NO_MARKET_DATA,
KR6377591C99,,NO_MARKET_DATA,
KR6377591CC5,,NO_MARKET_DATA,
KR6377601B31,,NO_MARKET_DATA,
KR6377641F70,,NO_MARKET_DATA,
KR6377951F74,,NO_MARKET_DATA,
KR6460431G51,,NO_MARKET_DATA,
KR6460441G59,,NO_MARKET_DATA,
KR6460451G56,,NO_MARKET_DATA,
KR6460461G54,,NO_MARKET_DATA,
KR6460541F67,,NO_MARKET_DATA,
KR6460541G58,,NO_MARKET_DATA,
KR6460591F66,,NO_MARKET_DATA,
KR649586DEA9,,NO_MARKET_DATA,
KR649586EEA7,,NO_MARKET_DATA,
KR649586FEA4,,NO_MARKET_DATA,
KR649586GEA2,,NO_MARKET_DATA,
KR60071PSF68,,NO_MARKET_DATA,
KR60143YEFC3,,NO_MARKET_DATA,
KR60143YFFC0,,NO_MARKET_DATA,
KR60143YGFC8,,NO_MARKET_DATA,
KR60143YHFC6,,NO_MARKET_DATA,
KR60143YJFC2,,NO_MARKET_DATA,
KR60143YKFC0,,NO_MARKET_DATA,
KR60144A1FC1,,NO_MARKET_DATA,
KR310504GG60,,NO_MARKET_DATA,
KR60144A1G16,,NO_MARKET_DATA,
KR354405GG43,,NO_MARKET_DATA,
KR354405GG50,,NO_MARKET_DATA,
KR354405GG68,,NO_MARKET_DATA,
KR354405GG76,,NO_MARKET_DATA,
KR3544257347,,NO_MARKET_DATA,
KR354425G370,,NO_MARKET_DATA,
KR354425G735,,NO_MARKET_DATA,
KR358301DG42,,NO_MARKET_DATA,
KR358301DG75,,NO_MARKET_DATA,
KR358301GFA4,,NO_MARKET_DATA,
KR354407G857,,NO_MARKET_DATA,
KR354601GFC7,,NO_MARKET_DATA,
KR380803GFB9,,NO_MARKET_DATA,
KR354601JFC1,,NO_MARKET_DATA,
KR3546027243,,NO_MARKET_DATA,
KR35460272A4,,NO_MARKET_DATA,
KR354602G424,,NO_MARKET_DATA,
KR380803GF21,,NO_MARKET_DATA,
KR380803GF54,,NO_MARKET_DATA,
KR380803GF62,,NO_MARKET_DATA,
KR380803GF70,,NO_MARKET_DATA,
KR6328011B12,,NO_MARKET_DATA,
KR6328131E55,,NO_MARKET_DATA,
KR6328132E54,,NO_MARKET_DATA,
KR6328171E23,,NO_MARKET_DATA,
KR6404711FB1,,NO_MARKET_DATA,
KR6404712DA6,0.2113482807013057,CALCULATED,저민감
KR6404712E36,0.5316264618051212,CALCULATED,중간
KR6404712F35,,NO_MARKET_DATA,
KR6404712FB9,,NO_MARKET_DATA,
KR6404713F34,,NO_MARKET_DATA,
KR6404891F79,,NO_MARKET_DATA,
KR6231542G60,,NO_MARKET_DATA,
KR6231543EA2,,NO_MARKET_DATA,
KR6231544EA0,,NO_MARKET_DATA,
KR6231545EA7,,NO_MARKET_DATA,
KR6231551EA5,,NO_MARKET_DATA,
KR6231551G35,,NO_MARKET_DATA,
KR6344954F63,,NO_MARKET_DATA,
KR6344955F62,,NO_MARKET_DATA,
KR6344981EB6,,NO_MARKET_DATA,
KR6345001EB2,,NO_MARKET_DATA,
KR6345041EB8,,NO_MARKET_DATA,
KR6485671E67,,NO_MARKET_DATA,
KR6485681E65,,NO_MARKET_DATA,
KR6485701E61,,NO_MARKET_DATA,
KR6485711E69,,NO_MARKET_DATA,
KR6485721E67,,NO_MARKET_DATA,
KR6485722E66,,NO_MARKET_DATA,
KR6485731E65,,NO_MARKET_DATA,
KR6485751E60,,NO_MARKET_DATA,
KR6485801E60,,NO_MARKET_DATA,
KR6285141EB8,,NO_MARKET_DATA,
KR6285191EB3,,NO_MARKET_DATA,
KR6378261C39,,NO_MARKET_DATA,
KR6378262C38,,NO_MARKET_DATA,
KR6445361C92,,NO_MARKET_DATA,
KR6445371F30,,NO_MARKET_DATA,
KR6445381F95,,NO_MARKET_DATA,
KR6445401F91,,NO_MARKET_DATA,
KR6445431F95,,NO_MARKET_DATA,
KR6445441F93,,NO_MARKET_DATA,
KR6307491F29,,NO_MARKET_DATA,
KR6307491F78,,NO_MARKET_DATA,
KR6307491F94,,NO_MARKET_DATA,
KR649586HEA0,,NO_MARKET_DATA,
KR649586JEA6,,NO_MARKET_DATA,
KR6021965E57,,NO_MARKET_DATA,
KR6021965E65,,NO_MARKET_DATA,
KR6021965E73,,NO_MARKET_DATA,
KR6021965E81,,NO_MARKET_DATA,
KR6021965EA1,,NO_MARKET_DATA,
KR6021965EC7,,NO_MARKET_DATA,
KR6139131F97,,NO_MARKET_DATA,
KR6139131FB4,,NO_MARKET_DATA,
KR6139131G21,,NO_MARKET_DATA,
KR310507GG59,,NO_MARKET_DATA,
KR310507GG67,,NO_MARKET_DATA,
KR310507GG75,,NO_MARKET_DATA,
KR310508AG13,,NO_MARKET_DATA,
KR310508AG39,,NO_MARKET_DATA,
KR310508AG47,,NO_MARKET_DATA,
KR310508GD44,,NO_MARKET_DATA,
KR351604GE65,,NO_MARKET_DATA,
KR351604GE99,,NO_MARKET_DATA,
KR351604GF31,,NO_MARKET_DATA,
KR358301GFB2,,NO_MARKET_DATA,
KR358301GFC0,,NO_MARKET_DATA,
KR358301GG15,,NO_MARKET_DATA,
KR358301GG31,,NO_MARKET_DATA,
KR358301GG72,,NO_MARKET_DATA,
KR358302DFB7,,NO_MARKET_DATA,
KR358302DFC5,,NO_MARKET_DATA,
KR60025L2FC0,,NO_MARKET_DATA,
KR60025P1G15,,NO_MARKET_DATA,
KR60025RHF33,,NO_MARKET_DATA,
KR380803GF88,,NO_MARKET_DATA,
KR380803GF96,,NO_MARKET_DATA,
KR380803GFA1,,NO_MARKET_DATA,
KR380803GFC7,,NO_MARKET_DATA,
KR380803GG12,,NO_MARKET_DATA,
KR380803GG20,,NO_MARKET_DATA,
KR6003412F46,,NO_MARKET_DATA,
KR6003412G37,,NO_MARKET_DATA,
KR6003412G60,,NO_MARKET_DATA,
KR6003413G69,,NO_MARKET_DATA,
KR6404891F87,,NO_MARKET_DATA,
KR6404951BA4,,NO_MARKET_DATA,
KR6404991D96,,NO_MARKET_DATA,
KR6404991E20,,NO_MARKET_DATA,
KR6464651D83,,NO_MARKET_DATA,
KR6464681D87,,NO_MARKET_DATA,
KR6464821G36,,NO_MARKET_DATA,
KR6464961D96,,NO_MARKET_DATA,
KR6465061E83,,NO_MARKET_DATA,
KR6465062E82,,NO_MARKET_DATA,
KR6345061F94,,NO_MARKET_DATA,
KR6345062F69,,NO_MARKET_DATA,
KR6345062F93,,NO_MARKET_DATA,
KR6345063F68,,NO_MARKET_DATA,
KR6420511CC0,,NO_MARKET_DATA,
KR6471631FC7,,NO_MARKET_DATA,
KR6345064F67,,NO_MARKET_DATA,
KR6345065F66,,NO_MARKET_DATA,
KR6420392F79,,NO_MARKET_DATA,
KR6420401C71,,NO_MARKET_DATA,
KR6420402C70,,NO_MARKET_DATA,
KR6285211EB9,,NO_MARKET_DATA,
KR6285231EB7,,NO_MARKET_DATA,
KR6285241FC1,,NO_MARKET_DATA,
KR6285241G78,,NO_MARKET_DATA,
KR6285242FC9,,NO_MARKET_DATA,
KR6285261EB4,,NO_MARKET_DATA,
KR6253591FC7,,NO_MARKET_DATA,
KR6253611C49,,NO_MARKET_DATA,
KR6253611E62,,NO_MARKET_DATA,
KR6354571D67,,NO_MARKET_DATA,
KR6355081EB1,,NO_MARKET_DATA,
KR6307491FB8,,NO_MARKET_DATA,
KR6307661894,,NO_MARKET_DATA,
KR6307751E82,,NO_MARKET_DATA,
KR6299031BA3,,NO_MARKET_DATA,
KR6299031E42,,NO_MARKET_DATA,
KR6299031G24,,NO_MARKET_DATA,
KR6388981E50,,NO_MARKET_DATA,
KR6389021E76,,NO_MARKET_DATA,
KR6389022E75,,NO_MARKET_DATA,
KR6389031F57,,NO_MARKET_DATA,
KR6389261D43,,NO_MARKET_DATA,
KR6389262D42,,NO_MARKET_DATA,
KR6139131G70,,NO_MARKET_DATA,
KR6139132C32,,NO_MARKET_DATA,
KR6139132F88,,NO_MARKET_DATA,
KR6139132F96,,NO_MARKET_DATA,
KR61391338A3,,NO_MARKET_DATA,
KR6139133E96,,NO_MARKET_DATA,
KR6139151B39,,NO_MARKET_DATA,
KR6173941G46,,NO_MARKET_DATA,
KR6174141A30,,NO_MARKET_DATA,
KR6174141D94,,NO_MARKET_DATA,
KR6174141E93,,NO_MARKET_DATA,
KR60144A2FC9,,NO_MARKET_DATA,
KR60144A2G15,,NO_MARKET_DATA,
KR310504GF95,,NO_MARKET_DATA,
KR310504GFA0,,NO_MARKET_DATA,
KR310504GFB8,,NO_MARKET_DATA,
KR310504GG11,,NO_MARKET_DATA,
KR310504GG29,,NO_MARKET_DATA,
KR310504GG37,,NO_MARKET_DATA,
KR310504GG45,,NO_MARKET_DATA,
KR310504GG52,,NO_MARKET_DATA,
KR354403GA82,,NO_MARKET_DATA,
KR60025RJF31,,NO_MARKET_DATA,
KR60025RKF38,,NO_MARKET_DATA,
KR60025RLF37,,NO_MARKET_DATA,
KR60025RMF36,,NO_MARKET_DATA,
KR60025RNF35,,NO_MARKET_DATA,
KR6007691F98,,NO_MARKET_DATA,
KR60025RPF33,,NO_MARKET_DATA,
KR60025RQF32,,NO_MARKET_DATA,
KR60075ZTF61,,NO_MARKET_DATA,
KR60075ZVF67,,NO_MARKET_DATA,
KR6003414G68,,NO_MARKET_DATA,
KR6003451C33,,NO_MARKET_DATA,
KR6003451C58,,NO_MARKET_DATA,
KR6003451C90,,NO_MARKET_DATA,
KR6003451D57,,NO_MARKET_DATA,
KR6003451E31,,NO_MARKET_DATA,
KR6003451E98,,NO_MARKET_DATA,
KR6008275F41,,NO_MARKET_DATA,
KR6008275F58,,NO_MARKET_DATA,
KR6008275F66,,NO_MARKET_DATA,
KR6008275F74,,NO_MARKET_DATA,
KR646507XD82,,NO_MARKET_DATA,
KR646507YD81,,NO_MARKET_DATA,
KR646507ZD80,,NO_MARKET_DATA,
KR6465091E46,,NO_MARKET_DATA,
KR6219551E24,,NO_MARKET_DATA,
KR6220261BB8,,NO_MARKET_DATA,
KR6496811EB1,,NO_MARKET_DATA,
KR6496821EB0,,NO_MARKET_DATA,
KR6496831EB9,,NO_MARKET_DATA,
KR6496841EB8,,NO_MARKET_DATA,
KR6496851EB7,,NO_MARKET_DATA,
KR6420431C34,,NO_MARKET_DATA,
KR6420431D17,,NO_MARKET_DATA,
KR6420432C33,,NO_MARKET_DATA,
KR6420471G23,,NO_MARKET_DATA,
KR6420511C37,,NO_MARKET_DATA,
KR6420511C60,,NO_MARKET_DATA,
KR647821WE30,,NO_MARKET_DATA,
KR6482223F66,,NO_MARKET_DATA,
KR6482361F84,,NO_MARKET_DATA,
KR6482361G83,,NO_MARKET_DATA,
KR6271631G50,,NO_MARKET_DATA,
KR6355151F86,,NO_MARKET_DATA,
KR6355631F52,,NO_MARKET_DATA,
KR6355671F53,,NO_MARKET_DATA,
KR6355681F51,,NO_MARKET_DATA,
KR6355691F26,,NO_MARKET_DATA,
KR6479221G63,,NO_MARKET_DATA,
KR6428131F45,,NO_MARKET_DATA,
KR6355691F42,,NO_MARKET_DATA,
KR6355691FA6,,NO_MARKET_DATA,
KR6355692F25,,NO_MARKET_DATA,
KR6355692FA4,,NO_MARKET_DATA,
KR6427801F46,,NO_MARKET_DATA,
KR6033663G14,,NO_MARKET_DATA,
KR6033663G22,,NO_MARKET_DATA,
KR6033663G30,,NO_MARKET_DATA,
KR6033663G48,,NO_MARKET_DATA,
KR6033663G55,,NO_MARKET_DATA,
KR6064982848,,NO_MARKET_DATA,
KR6064982871,,NO_MARKET_DATA,
KR60649828B3,,NO_MARKET_DATA,
KR6064982962,,NO_MARKET_DATA,
KR6064982A68,,NO_MARKET_DATA,
KR603366DDB0,,NO_MARKET_DATA,
KR603366DDC8,,NO_MARKET_DATA,
KR603366DG68,,NO_MARKET_DATA,
KR603366DG76,,NO_MARKET_DATA,
KR603366EDA0,,NO_MARKET_DATA,
KR603366EG67,,NO_MARKET_DATA,
KR603366EG75,,NO_MARKET_DATA,
KR603366FDC3,,NO_MARKET_DATA,
KR603366FG66,,NO_MARKET_DATA,
KR603366GE83,,NO_MARKET_DATA,
KR6095928E24,,NO_MARKET_DATA,
KR6095928E40,,NO_MARKET_DATA,
KR6095928E73,,NO_MARKET_DATA,
KR6140171F88,,NO_MARKET_DATA,
KR6140171FA9,,NO_MARKET_DATA,
KR6140171FC5,,NO_MARKET_DATA,
KR6140171G12,,NO_MARKET_DATA,
KR6140171G20,,NO_MARKET_DATA,
KR6140171G38,,NO_MARKET_DATA,
KR6140171G46,,NO_MARKET_DATA,
KR6140174F69,,NO_MARKET_DATA,
KR6140174F77,,NO_MARKET_DATA,
KR6140174F85,,NO_MARKET_DATA,
KR6140174FA3,,NO_MARKET_DATA,
KR6140174FC9,,NO_MARKET_DATA,
KR617414CFA1,,NO_MARKET_DATA,
KR617414DC56,,NO_MARKET_DATA,
KR617414DE88,,NO_MARKET_DATA,
KR617414DE96,,NO_MARKET_DATA,
KR617414DF46,,NO_MARKET_DATA,
KR6019572E56,,NO_MARKET_DATA,
KR6019573E55,,NO_MARKET_DATA,
KR6019591B98,,NO_MARKET_DATA,
KR6023784F10,,NO_MARKET_DATA,
KR6023784F36,,NO_MARKET_DATA,
KR6023784F44,,NO_MARKET_DATA,
KR6023784F51,,NO_MARKET_DATA,
KR6023784F69,,NO_MARKET_DATA,
KR6023784F85,,NO_MARKET_DATA,
KR6023784F93,,NO_MARKET_DATA,
KR6023784FC7,,NO_MARKET_DATA,
KR6032712G25,,NO_MARKET_DATA,
KR6032712G33,,NO_MARKET_DATA,
KR6032712G41,,NO_MARKET_DATA,
KR6032712G58,,NO_MARKET_DATA,
KR6060002849,,NO_MARKET_DATA,
KR60600028B7,,NO_MARKET_DATA,
KR6060002989,,NO_MARKET_DATA,
KR6060002B20,,NO_MARKET_DATA,
KR6060002E84,,NO_MARKET_DATA,
KR6060002EC1,,NO_MARKET_DATA,
KR6060002F67,,NO_MARKET_DATA,
KR6083471G11,,NO_MARKET_DATA,
KR6083501E66,,NO_MARKET_DATA,
KR6083651C25,,NO_MARKET_DATA,
KR6083661FC4,,NO_MARKET_DATA,
KR6083661G11,,NO_MARKET_DATA,
KR6083681R55,,NO_MARKET_DATA,
KR6116831FB6,,NO_MARKET_DATA,
KR6199231FB9,,NO_MARKET_DATA,
KR6083682R54,,NO_MARKET_DATA,
KR6116151G57,,NO_MARKET_DATA,
KR6116211E99,,NO_MARKET_DATA,
KR6064982B18,,NO_MARKET_DATA,
KR6064982B42,,NO_MARKET_DATA,
KR6064982B75,,NO_MARKET_DATA,
KR6064982B91,,NO_MARKET_DATA,
KR6064982BB8,,NO_MARKET_DATA,
KR6090291F23,,NO_MARKET_DATA,
KR6090371E84,,NO_MARKET_DATA,
KR6090461F92,,NO_MARKET_DATA,
KR6090751F42,,NO_MARKET_DATA,
KR6090751F67,,NO_MARKET_DATA,
KR6125881F31,,NO_MARKET_DATA,
KR6065904C43,,NO_MARKET_DATA,
KR6095235F39,,NO_MARKET_DATA,
KR6065904CB9,,NO_MARKET_DATA,
KR6065904D59,,NO_MARKET_DATA,
KR6065904D67,,NO_MARKET_DATA,
KR6065904D75,,NO_MARKET_DATA,
KR6065904DC5,,NO_MARKET_DATA,
KR6065904E17,,NO_MARKET_DATA,
KR6065904E25,,NO_MARKET_DATA,
KR6065904E33,,NO_MARKET_DATA,
KR6065904E82,,NO_MARKET_DATA,
KR6046299FC9,,NO_MARKET_DATA,
KR6046299G26,,NO_MARKET_DATA,
KR6046299G59,,NO_MARKET_DATA,
KR6046299G75,,NO_MARKET_DATA,
KR604629AF22,,NO_MARKET_DATA,
KR6068173A76,,NO_MARKET_DATA,
KR6068173B67,,NO_MARKET_DATA,
KR6068173BB0,,NO_MARKET_DATA,
KR6068173E56,,NO_MARKET_DATA,
KR6068173F30,,NO_MARKET_DATA,
KR6068173F48,,NO_MARKET_DATA,
KR617414DFA9,,NO_MARKET_DATA,
KR617414EE95,,NO_MARKET_DATA,
KR617414EF45,,NO_MARKET_DATA,
KR617414EFA7,,NO_MARKET_DATA,
KR617414FE94,,NO_MARKET_DATA,
KR617414FFA4,,NO_MARKET_DATA,
KR6018671F16,,NO_MARKET_DATA,
KR6018671G15,,NO_MARKET_DATA,
KR6018672990,,NO_MARKET_DATA,
KR6018672B76,,NO_MARKET_DATA,
KR6018672F15,,NO_MARKET_DATA,
KR6023784G19,,NO_MARKET_DATA,
KR6032642E14,,NO_MARKET_DATA,
KR6023784G43,,NO_MARKET_DATA,
KR6023784G50,,NO_MARKET_DATA,
KR6032641E64,,NO_MARKET_DATA,
KR6032641F14,,NO_MARKET_DATA,
KR6032641FA2,,NO_MARKET_DATA,
KR6032641G13,,NO_MARKET_DATA,
KR6032642BB7,,NO_MARKET_DATA,
KR6032642C16,,NO_MARKET_DATA,
KR6032642C65,,NO_MARKET_DATA,
KR6060002FA2,,NO_MARKET_DATA,
KR6060002FB0,,NO_MARKET_DATA,
KR6060002G17,,NO_MARKET_DATA,
KR6060002G25,,NO_MARKET_DATA,
KR6079317G33,,NO_MARKET_DATA,
KR6079317G58,,NO_MARKET_DATA,
KR6079317G66,,NO_MARKET_DATA,
KR6079317G74,,NO_MARKET_DATA,
KR6079318CC4,,NO_MARKET_DATA,
KR6079318D50,,NO_MARKET_DATA,
KR6079318DA6,,NO_MARKET_DATA,
KR6116231EA4,,NO_MARKET_DATA,
KR6116231F52,,NO_MARKET_DATA,
KR6116231F94,,NO_MARKET_DATA,
KR6116261G47,,NO_MARKET_DATA,
KR6116421E95,,NO_MARKET_DATA,
KR6116431E93,,NO_MARKET_DATA,
KR6116431G42,,NO_MARKET_DATA,
KR6116781G48,,NO_MARKET_DATA,
KR6153771F10,,NO_MARKET_DATA,
KR6153991D99,,NO_MARKET_DATA,
KR6154311F31,,NO_MARKET_DATA,
KR6090881E53,,NO_MARKET_DATA,
KR6091121G42,,NO_MARKET_DATA,
KR6091441E54,,NO_MARKET_DATA,
KR6091511EB6,,NO_MARKET_DATA,
KR6091581G52,,NO_MARKET_DATA,
KR6091631FB9,,NO_MARKET_DATA,
KR6125761F44,,NO_MARKET_DATA,
KR6125781G56,,NO_MARKET_DATA,
KR6125791G54,,NO_MARKET_DATA,
KR6125821G58,,NO_MARKET_DATA,
KR6125851E95,,NO_MARKET_DATA,
KR6065904E90,,NO_MARKET_DATA,
KR6095235F21,,NO_MARKET_DATA,
KR6095235F47,,NO_MARKET_DATA,
KR6095235F62,,NO_MARKET_DATA,
KR6095235F96,1.463269028046361,CALCULATED,중간
KR6095235FB5,,NO_MARKET_DATA,
KR6095235G46,,NO_MARKET_DATA,
KR6095235G79,,NO_MARKET_DATA,
KR6095236EA8,,NO_MARKET_DATA,
KR6095236EC4,,NO_MARKET_DATA,
KR6176111F51,,NO_MARKET_DATA,
KR6176151FA8,,NO_MARKET_DATA,
KR6176151G44,,NO_MARKET_DATA,
KR6176161G42,,NO_MARKET_DATA,
KR6176181G30,,NO_MARKET_DATA,
KR6019452G59,,NO_MARKET_DATA,
KR6019452G67,,NO_MARKET_DATA,
KR6019452G75,,NO_MARKET_DATA,
KR6019452G83,,NO_MARKET_DATA,
KR6019453DA4,,NO_MARKET_DATA,
KR6019453DC0,,NO_MARKET_DATA,
KR6018672G14,,NO_MARKET_DATA,
KR6018673A35,,NO_MARKET_DATA,
KR6018673A68,,NO_MARKET_DATA,
KR6018673B34,,NO_MARKET_DATA,
KR6018673D16,,NO_MARKET_DATA,
KR6018673G13,,NO_MARKET_DATA,
KR602196FE90,,NO_MARKET_DATA,
KR602196FEC3,,NO_MARKET_DATA,
KR602196FF65,,NO_MARKET_DATA,
KR602196FF73,,NO_MARKET_DATA,
KR602196GE99,,NO_MARKET_DATA,
KR6032642D64,,NO_MARKET_DATA,
KR6032642DB3,,NO_MARKET_DATA,
KR6032642E63,,NO_MARKET_DATA,
KR6055553F94,,NO_MARKET_DATA,
KR6055553G28,,NO_MARKET_DATA,
KR6055553G69,,NO_MARKET_DATA,
KR6055554C88,,NO_MARKET_DATA,
KR6055554F28,,NO_MARKET_DATA,
KR6055555843,,NO_MARKET_DATA,
KR6056321E29,,NO_MARKET_DATA,
KR6056321E60,,NO_MARKET_DATA,
KR6079318DC2,,NO_MARKET_DATA,
KR6079318E26,,NO_MARKET_DATA,
KR6079318E42,,NO_MARKET_DATA,
KR6105561C82,,NO_MARKET_DATA,
KR6105561D24,,EXCLUDED_PERPETUAL,
KR6105561E23,,NO_MARKET_DATA,
KR6105561F14,,NO_MARKET_DATA,
KR6105561F22,,NO_MARKET_DATA,
KR6105561F30,,NO_MARKET_DATA,
KR6105561F48,,NO_MARKET_DATA,
KR6105561F55,,NO_MARKET_DATA,
KR6154311G48,,NO_MARKET_DATA,
KR6154311G55,,NO_MARKET_DATA,
KR6154361F30,,NO_MARKET_DATA,
KR6154381E86,,NO_MARKET_DATA,
KR6154382EA8,,NO_MARKET_DATA,
KR6154383EA6,,NO_MARKET_DATA,
KR6154384EA4,,NO_MARKET_DATA,
KR6154385EA1,,NO_MARKET_DATA,
KR6199241F64,,NO_MARKET_DATA,
KR6199242EA1,,NO_MARKET_DATA,
KR6199243EA9,,NO_MARKET_DATA,
KR6125881FA2,,NO_MARKET_DATA,
KR6125901E95,,NO_MARKET_DATA,
KR6125901F45,,NO_MARKET_DATA,
KR6125901F94,,NO_MARKET_DATA,
KR6125931EB6,,NO_MARKET_DATA,
KR6166261E69,,NO_MARKET_DATA,
KR6166261E85,,NO_MARKET_DATA,
KR6166261E93,,NO_MARKET_DATA,
KR6166261EA0,,NO_MARKET_DATA,
KR6166261EB8,,NO_MARKET_DATA,
KR6166261EC6,,NO_MARKET_DATA,
KR6133932G66,,NO_MARKET_DATA,
KR6134881F33,,NO_MARKET_DATA,
KR6134941F98,,NO_MARKET_DATA,
KR6134941G63,,NO_MARKET_DATA,
KR6134981D91,,NO_MARKET_DATA,
KR6134981EA2,,NO_MARKET_DATA,
KR6135001E51,,NO_MARKET_DATA,
KR6135001EB6,,NO_MARKET_DATA,
KR6135101F59,,NO_MARKET_DATA,
KR6135142EA0,,NO_MARKET_DATA,
KR6135143EA8,,NO_MARKET_DATA,
KR6068173F63,,NO_MARKET_DATA,
KR6068174F39,,NO_MARKET_DATA,
KR6068174F47,,NO_MARKET_DATA,
KR6097244DA2,,NO_MARKET_DATA,
KR6097244DB0,,NO_MARKET_DATA,
KR6097244DC8,,NO_MARKET_DATA,
KR6097244E76,,NO_MARKET_DATA,
KR6097244E92,,NO_MARKET_DATA,
KR6097244EA0,,NO_MARKET_DATA,
KR6097244EB8,,NO_MARKET_DATA,
KR602196GEC1,,NO_MARKET_DATA,
KR602196GF64,,NO_MARKET_DATA,
KR602196GF72,,NO_MARKET_DATA,
KR602196HE98,,NO_MARKET_DATA,
KR602196HEC9,,NO_MARKET_DATA,
KR602196HF63,,NO_MARKET_DATA,
KR6030211E84,,NO_MARKET_DATA,
KR6030211EB7,,NO_MARKET_DATA,
KR6030211EC5,,NO_MARKET_DATA,
KR6030211F67,,NO_MARKET_DATA,
KR6030211F75,,NO_MARKET_DATA,
KR6056551E12,,NO_MARKET_DATA,
KR6056552AB1,,NO_MARKET_DATA,
KR6056552C70,,NO_MARKET_DATA,
KR6079314F37,,NO_MARKET_DATA,
KR6079314F45,,NO_MARKET_DATA,
KR6079314F52,,NO_MARKET_DATA,
KR6079314F60,,NO_MARKET_DATA,
KR6079314F78,,NO_MARKET_DATA,
KR6079314F86,,NO_MARKET_DATA,
KR6079314F94,,NO_MARKET_DATA,
KR6105561F71,,NO_MARKET_DATA,
KR6145768F78,,NO_MARKET_DATA,
KR6192231C31,,NO_MARKET_DATA,
KR6105561F89,,NO_MARKET_DATA,
KR6105561FA4,,NO_MARKET_DATA,
KR6145768D70,,NO_MARKET_DATA,
KR6145768DC8,,NO_MARKET_DATA,
KR6145768E46,,NO_MARKET_DATA,
KR6145768E79,,NO_MARKET_DATA,
KR6145768E87,,NO_MARKET_DATA,
KR6145768E95,,NO_MARKET_DATA,
KR6199244EA7,,NO_MARKET_DATA,
KR6199245EA4,,NO_MARKET_DATA,
KR6199291FB3,,NO_MARKET_DATA,
KR6199311FB9,,NO_MARKET_DATA,
KR6199321FB8,,NO_MARKET_DATA,
KR6199371FB3,,NO_MARKET_DATA,
KR6199431FB5,,NO_MARKET_DATA,
KR601980DG50,,NO_MARKET_DATA,
KR601980DG76,,NO_MARKET_DATA,
KR601980EBB2,,NO_MARKET_DATA,
KR601980ED94,,NO_MARKET_DATA,
KR6166261F19,,NO_MARKET_DATA,
KR6166261F68,,NO_MARKET_DATA,
KR6166261F76,,NO_MARKET_DATA,
KR6166261F84,,NO_MARKET_DATA,
KR6205494EB8,,NO_MARKET_DATA,
KR6205494EC6,,NO_MARKET_DATA,
KR6205494F14,,NO_MARKET_DATA,
KR6205494F30,,NO_MARKET_DATA,
KR6205494F48,,NO_MARKET_DATA,
KR6205494F55,,NO_MARKET_DATA,
KR6205494F63,,NO_MARKET_DATA,
KR6169374EB6,,NO_MARKET_DATA,
KR6169374EC4,,NO_MARKET_DATA,
KR6169374F17,,NO_MARKET_DATA,
KR6169374F25,,NO_MARKET_DATA,
KR6169374F33,,NO_MARKET_DATA,
KR6169374F41,,NO_MARKET_DATA,
KR6169374F66,,NO_MARKET_DATA,
KR6169374F74,,NO_MARKET_DATA,
KR6169374F82,,NO_MARKET_DATA,
KR6169374F90,,NO_MARKET_DATA,
KR6169374FB3,,NO_MARKET_DATA,
KR6036811F92,,NO_MARKET_DATA,
KR6036831G63,,NO_MARKET_DATA,
KR6037031DA6,,NO_MARKET_DATA,
KR6037091F42,,NO_MARKET_DATA,
KR6037092E75,,NO_MARKET_DATA,
KR6037092F41,,NO_MARKET_DATA,
KR6037351D98,,NO_MARKET_DATA,
KR606590AEC4,,NO_MARKET_DATA,
KR606590AF14,,NO_MARKET_DATA,
KR606590AF22,,NO_MARKET_DATA,
KR606590AF89,,NO_MARKET_DATA,
KR6097244EC6,,NO_MARKET_DATA,
KR6097244F18,,NO_MARKET_DATA,
KR6097244F26,,NO_MARKET_DATA,
KR6140177E91,,NO_MARKET_DATA,
KR6140177EA9,,NO_MARKET_DATA,
KR6140177EB7,,NO_MARKET_DATA,
KR6140177EC5,,NO_MARKET_DATA,
KR6140177F25,,NO_MARKET_DATA,
KR6140177F41,,NO_MARKET_DATA,
KR6140177F74,,NO_MARKET_DATA,
KR6030211FA6,,NO_MARKET_DATA,
KR6030211FC2,,NO_MARKET_DATA,
KR6030211G25,,NO_MARKET_DATA,
KR6030211G58,,NO_MARKET_DATA,
KR6030211G66,,NO_MARKET_DATA,
KR6030211G74,,NO_MARKET_DATA,
KR6046293D82,,NO_MARKET_DATA,
KR6046293DA1,,NO_MARKET_DATA,
KR6046293F23,0.4704985984687101,CALCULATED,저민감
KR6046293F31,,NO_MARKET_DATA,
KR6066573A27,,NO_MARKET_DATA,
KR6079314FA0,,NO_MARKET_DATA,
KR6079314FB8,,NO_MARKET_DATA,
KR6079314FC6,,NO_MARKET_DATA,
KR6102941EB2,,NO_MARKET_DATA,
KR6102941F87,,NO_MARKET_DATA,
KR6102941FB9,,NO_MARKET_DATA,
KR6102941G60,,NO_MARKET_DATA,
KR6102942BC4,,NO_MARKET_DATA,
KR6102942G69,,NO_MARKET_DATA,
KR6102952F67,,NO_MARKET_DATA,
KR6102953F66,,NO_MARKET_DATA,
KR6145768EA0,,NO_MARKET_DATA,
KR6145768EB8,,NO_MARKET_DATA,
KR6145768EC6,,NO_MARKET_DATA,
KR6145768F94,,NO_MARKET_DATA,
KR6190381EB4,,NO_MARKET_DATA,
KR6190531EB4,,NO_MARKET_DATA,
KR6191421F55,,NO_MARKET_DATA,
KR6191601F32,,NO_MARKET_DATA,
KR6191601G49,,NO_MARKET_DATA,
KR6192051BB7,,NO_MARKET_DATA,
KR6192051D60,,NO_MARKET_DATA,
KR601980EDC6,,NO_MARKET_DATA,
KR601980EE10,,NO_MARKET_DATA,
KR601980EE28,,NO_MARKET_DATA,
KR601980EE36,,NO_MARKET_DATA,
KR601980EE93,,NO_MARKET_DATA,
KR601980EF19,,NO_MARKET_DATA,
KR601980EF43,,NO_MARKET_DATA,
KR6029781B97,,NO_MARKET_DATA,
KR6029781DB4,,NO_MARKET_DATA,
KR6029781E37,,NO_MARKET_DATA,
KR6029781E45,,NO_MARKET_DATA,
KR6205494F89,,NO_MARKET_DATA,
KR6205494FA7,,NO_MARKET_DATA,
KR60203J1G52,,NO_MARKET_DATA,
KR60203V1G57,,NO_MARKET_DATA,
KR60203X1G53,,NO_MARKET_DATA,
KR60203Z1G58,,NO_MARKET_DATA,
KR60204A1G59,,NO_MARKET_DATA,
KR60204B1G57,,NO_MARKET_DATA,
KR60204C1G55,,NO_MARKET_DATA,
KR6029786F72,,NO_MARKET_DATA,
KR6029786F80,,NO_MARKET_DATA,
KR6211271G77,,NO_MARKET_DATA,
KR6211391FB5,,NO_MARKET_DATA,
KR6211401FB2,,NO_MARKET_DATA,
KR6211431F59,,NO_MARKET_DATA,
KR6211461G51,,NO_MARKET_DATA,
KR6211611G43,,NO_MARKET_DATA,
KR60211V1G68,,NO_MARKET_DATA,
KR60211Y1G62,,NO_MARKET_DATA,
KR60211Z1G69,,NO_MARKET_DATA,
KR6021241E20,,NO_MARKET_DATA,
KR6021241F11,,NO_MARKET_DATA,
KR6017861F91,,NO_MARKET_DATA,
KR6017861G33,,NO_MARKET_DATA,
KR6017861G58,,NO_MARKET_DATA,
KR60178C1G36,,NO_MARKET_DATA,
KR60178E1G32,,NO_MARKET_DATA,
KR60178F1G39,,NO_MARKET_DATA,
KR6021965G22,,NO_MARKET_DATA,
KR6021965G30,,NO_MARKET_DATA,
KR6021965G48,,NO_MARKET_DATA,
KR6021965G55,,NO_MARKET_DATA,
KR6021965G63,,NO_MARKET_DATA,
KR6140177FA6,,NO_MARKET_DATA,
KR6140177FC2,,NO_MARKET_DATA,
KR6140177G40,,NO_MARKET_DATA,
KR6176251G43,,NO_MARKET_DATA,
KR6176941E74,,NO_MARKET_DATA,
KR6176941E82,,NO_MARKET_DATA,
KR6176941E90,,NO_MARKET_DATA,
KR6176941EA5,,NO_MARKET_DATA,
KR6176941EB3,,NO_MARKET_DATA,
KR6176941EC1,,NO_MARKET_DATA,
KR6176941F16,,NO_MARKET_DATA,
KR6046293F49,,NO_MARKET_DATA,
KR6046293F56,,NO_MARKET_DATA,
KR6046293F64,,NO_MARKET_DATA,
KR6046293F72,,NO_MARKET_DATA,
KR6046293F80,,NO_MARKET_DATA,
KR6046293F98,,NO_MARKET_DATA,
KR6046293FA6,,NO_MARKET_DATA,
KR6066573819,,NO_MARKET_DATA,
KR6066573850,,NO_MARKET_DATA,
KR6066573926,,NO_MARKET_DATA,
KR6102954F65,,NO_MARKET_DATA,
KR6102955F64,,NO_MARKET_DATA,
KR6103141F42,,NO_MARKET_DATA,
KR6145763G31,,NO_MARKET_DATA,
KR6145763G49,,NO_MARKET_DATA,
KR6145763G56,,NO_MARKET_DATA,
KR6145763G64,,NO_MARKET_DATA,
KR6145764BA5,,NO_MARKET_DATA,
KR6145764DC7,,NO_MARKET_DATA,
KR6145764E32,,NO_MARKET_DATA,
KR6145764E40,,NO_MARKET_DATA,
KR6192051G42,,NO_MARKET_DATA,
KR6192052BB5,,NO_MARKET_DATA,
KR6192052G41,,NO_MARKET_DATA,
KR6019591C22,,NO_MARKET_DATA,
KR60195G1G56,,NO_MARKET_DATA,
KR60195H2G53,,NO_MARKET_DATA,
KR60195H3G52,,NO_MARKET_DATA,
KR60195L1G56,,NO_MARKET_DATA,
KR60195L2G55,,NO_MARKET_DATA,
KR60195L3G54,,NO_MARKET_DATA,
KR6029781E52,,NO_MARKET_DATA,
KR6029781E60,,NO_MARKET_DATA,
KR6029781E78,,NO_MARKET_DATA,
KR6029781E86,,NO_MARKET_DATA,
KR6029781E94,,NO_MARKET_DATA,
KR6029781EA4,,NO_MARKET_DATA,
KR6029781EB2,,NO_MARKET_DATA,
KR603271AC44,,NO_MARKET_DATA,
KR603271AD68,,NO_MARKET_DATA,
KR603271AD76,,NO_MARKET_DATA,
KR603271AD84,,NO_MARKET_DATA,
KR6029786F98,,NO_MARKET_DATA,
KR6029786FC6,,NO_MARKET_DATA,
KR6029786G14,,NO_MARKET_DATA,
KR6029786G48,,NO_MARKET_DATA,
KR6029786G55,,NO_MARKET_DATA,
KR6029786G63,,NO_MARKET_DATA,
KR6029786G71,,NO_MARKET_DATA,
KR6029787B59,,NO_MARKET_DATA,
KR6029787D81,,NO_MARKET_DATA,
KR6064982C33,,NO_MARKET_DATA,
KR6064982D65,,NO_MARKET_DATA,
KR6021241F94,,NO_MARKET_DATA,
KR6029883C93,,NO_MARKET_DATA,
KR6029883CC8,,NO_MARKET_DATA,
KR6021241G36,,NO_MARKET_DATA,
KR6021242C13,,NO_MARKET_DATA,
KR6021242E29,,NO_MARKET_DATA,
KR6029882G74,,NO_MARKET_DATA,
KR6029882G82,,NO_MARKET_DATA,
KR6029883982,,NO_MARKET_DATA,
KR6029883A20,,NO_MARKET_DATA,
KR606590AFC1,,NO_MARKET_DATA,
KR606590AG39,,NO_MARKET_DATA,
KR606590BC32,,NO_MARKET_DATA,
KR606590BC40,,NO_MARKET_DATA,
KR606590BD72,,NO_MARKET_DATA,
KR606590BDA8,,NO_MARKET_DATA,
KR6095924E44,,NO_MARKET_DATA,
KR6095924E51,,NO_MARKET_DATA,
KR6095924E85,,NO_MARKET_DATA,
KR6095924E93,,NO_MARKET_DATA,
KR6095924EA9,,NO_MARKET_DATA,
KR6176941F24,,NO_MARKET_DATA,
KR6176941F32,,NO_MARKET_DATA,
KR6176941F40,,NO_MARKET_DATA,
KR60192JDG58,,NO_MARKET_DATA,
KR60192JEG57,,NO_MARKET_DATA,
KR60192JFG56,,NO_MARKET_DATA,
KR60192JGG55,,NO_MARKET_DATA,
KR60192JHG54,,NO_MARKET_DATA,
KR60192JJG52,,NO_MARKET_DATA,
KR60192JKG59,,NO_MARKET_DATA,
KR6066573B59,,NO_MARKET_DATA,
KR6066573D32,,NO_MARKET_DATA,
KR6066573G54,,NO_MARKET_DATA,
KR6066574452,,NO_MARKET_DATA,
KR6066574528,,NO_MARKET_DATA,
KR6066574692,,NO_MARKET_DATA,
KR6097241FB1,,NO_MARKET_DATA,
KR6097241FC9,,NO_MARKET_DATA,
KR6097241G10,,NO_MARKET_DATA,
KR6097241G28,,NO_MARKET_DATA,
KR6145764E73,,NO_MARKET_DATA,
KR6145764E81,,NO_MARKET_DATA,
KR6145764EA9,,NO_MARKET_DATA,
KR6184971A42,,NO_MARKET_DATA,
KR6184972A41,,NO_MARKET_DATA,
KR6185011G45,,NO_MARKET_DATA,
KR6185191G39,,NO_MARKET_DATA,
KR6185451F27,,NO_MARKET_DATA,
KR6185451FA1,,NO_MARKET_DATA,
KR6185451G34,,NO_MARKET_DATA,
KR6185452E35,,NO_MARKET_DATA,
KR60195N1G52,,NO_MARKET_DATA,
KR60195Z1G64,,NO_MARKET_DATA,
KR6019662FB3,,NO_MARKET_DATA,
KR6024601E69,,NO_MARKET_DATA,
KR6024841E69,,NO_MARKET_DATA,
KR6024841G67,,NO_MARKET_DATA,
KR6024851F16,,NO_MARKET_DATA,
KR6024851G56,,NO_MARKET_DATA,
KR6024966K60,,NO_MARKET_DATA,
KR6025081F31,,NO_MARKET_DATA,
KR6025081F98,,NO_MARKET_DATA,
KR603271AE75,,NO_MARKET_DATA,
KR6063325E39,,NO_MARKET_DATA,
KR6063326E38,,NO_MARKET_DATA,
KR6063621793,,NO_MARKET_DATA,
KR6063621D72,,NO_MARKET_DATA,
KR6063621F21,,NO_MARKET_DATA,
KR6083688R58,,NO_MARKET_DATA,
KR6083689R57,,NO_MARKET_DATA,
KR6063621F39,,NO_MARKET_DATA,
KR6063621F47,,NO_MARKET_DATA,
KR6033663G63,,NO_MARKET_DATA,
KR6033663G71,,NO_MARKET_DATA,
KR6033663G89,,NO_MARKET_DATA,
KR6033664DB6,,NO_MARKET_DATA,
KR6033664DC4,,NO_MARKET_DATA,
KR6033664E15,,NO_MARKET_DATA,
KR6033664E23,,NO_MARKET_DATA,
KR6033664E31,,NO_MARKET_DATA,
KR6033664E64,,NO_MARKET_DATA,
KR6033664E72,,NO_MARKET_DATA,
KR6029883AB4,,NO_MARKET_DATA,
KR6029883C36,,NO_MARKET_DATA,
KR6029883C69,,NO_MARKET_DATA,
KR6065904EA7,,NO_MARKET_DATA,
KR6029883D43,,NO_MARKET_DATA,
KR603366GG65,,NO_MARKET_DATA,
KR603366HG64,,NO_MARKET_DATA,
KR603366JDA9,,NO_MARKET_DATA,
KR603366JG62,,NO_MARKET_DATA,
KR603366KG69,,NO_MARKET_DATA,
KR6029888G37,,NO_MARKET_DATA,
KR6037351DA8,,NO_MARKET_DATA,
KR6037561F19,,NO_MARKET_DATA,
KR6037562E19,,NO_MARKET_DATA,
KR6037562G58,,NO_MARKET_DATA,
KR6037641EA0,,NO_MARKET_DATA,
KR6037641F47,,NO_MARKET_DATA,
KR6037641G20,,NO_MARKET_DATA,
KR6037641G46,,NO_MARKET_DATA,
KR6037641G79,,NO_MARKET_DATA,
KR606590BDB6,,NO_MARKET_DATA,
KR60192JLG58,,NO_MARKET_DATA,
KR60192JMG57,,NO_MARKET_DATA,
KR60228JJG84,,NO_MARKET_DATA,
KR60228JKG81,,NO_MARKET_DATA,
KR60228Z1G71,,NO_MARKET_DATA,
KR60229C1G78,,NO_MARKET_DATA,
KR60230C1G76,,NO_MARKET_DATA,
KR60230X1G80,,NO_MARKET_DATA,
KR60230X2G89,,NO_MARKET_DATA,
KR60231X1G96,,NO_MARKET_DATA,
KR60231Y1G86,,NO_MARKET_DATA,
KR6097241G36,,NO_MARKET_DATA,
KR6097241G44,,NO_MARKET_DATA,
KR6097241G51,,NO_MARKET_DATA,
KR6097241G69,,NO_MARKET_DATA,
KR6097241G77,,NO_MARKET_DATA,
KR6097242D46,,NO_MARKET_DATA,
KR6140174G43,,NO_MARKET_DATA,
KR6140174G50,,NO_MARKET_DATA,
KR6140174G68,,NO_MARKET_DATA,
KR6174781G54,,NO_MARKET_DATA,
KR6185452F26,,NO_MARKET_DATA,
KR6185452FA9,,NO_MARKET_DATA,
KR601945BF65,,NO_MARKET_DATA,
KR6185452G33,,NO_MARKET_DATA,
KR601945AF66,,NO_MARKET_DATA,
KR601945AFC2,,NO_MARKET_DATA,
KR601945AG32,,NO_MARKET_DATA,
KR601945AG65,,NO_MARKET_DATA,
KR601945AG73,,NO_MARKET_DATA,
KR601945BDC5,,NO_MARKET_DATA,
KR6025081G30,,NO_MARKET_DATA,
KR6025081G89,,NO_MARKET_DATA,
KR6025082F30,,NO_MARKET_DATA,
KR6032712G66,,NO_MARKET_DATA,
KR6032712G74,,NO_MARKET_DATA,
KR6032713A38,,NO_MARKET_DATA,
KR6032713D35,,NO_MARKET_DATA,
KR6032713D43,,NO_MARKET_DATA,
KR6060002G33,,NO_MARKET_DATA,
KR6060002G41,,NO_MARKET_DATA,
KR6060002G58,,NO_MARKET_DATA,
KR6063621F54,,NO_MARKET_DATA,
KR6063621F62,,NO_MARKET_DATA,
KR6063621F70,,NO_MARKET_DATA,
KR6083683R53,,NO_MARKET_DATA,
KR6083684R52,,NO_MARKET_DATA,
KR6083685R51,,NO_MARKET_DATA,
KR6083686R50,,NO_MARKET_DATA,
KR6083687R59,,NO_MARKET_DATA,
KR608368AR57,,NO_MARKET_DATA,
KR608368BR56,,NO_MARKET_DATA,
KR6064982E56,,NO_MARKET_DATA,
KR6064982E64,,NO_MARKET_DATA,
KR6064982E72,,NO_MARKET_DATA,
KR6064982E80,,NO_MARKET_DATA,
KR6064982F14,,NO_MARKET_DATA,
KR6064982F22,,NO_MARKET_DATA,
KR6064982F63,,NO_MARKET_DATA,
KR6064982G13,,NO_MARKET_DATA,
KR6091671G53,,NO_MARKET_DATA,
KR6091811F89,,NO_MARKET_DATA,
KR6091812F88,,NO_MARKET_DATA,
KR6033781EA8,,NO_MARKET_DATA,
KR6033782D96,,NO_MARKET_DATA,
KR6033782E46,,NO_MARKET_DATA,
KR6033782EA6,,NO_MARKET_DATA,
KR6033783E45,,NO_MARKET_DATA,
KR6065904EB5,,NO_MARKET_DATA,
KR6065904EC3,,NO_MARKET_DATA,
KR6065904F16,,NO_MARKET_DATA,
KR6065904F24,,NO_MARKET_DATA,
KR6065904F40,,NO_MARKET_DATA,
KR6065904F57,,NO_MARKET_DATA,
KR6095924EB7,,NO_MARKET_DATA,
KR6095924F27,,NO_MARKET_DATA,
KR6095924F35,,NO_MARKET_DATA,
KR6095924F43,,NO_MARKET_DATA,
KR6095924F50,,NO_MARKET_DATA,
KR6139151E77,,NO_MARKET_DATA,
KR6139151F27,,NO_MARKET_DATA,
KR6139151F50,,NO_MARKET_DATA,
KR6139151FB2,,NO_MARKET_DATA,
KR6139151G34,,NO_MARKET_DATA,
KR6023411E20,,NO_MARKET_DATA,
KR6023411E53,,NO_MARKET_DATA,
KR604629AFA3,,NO_MARKET_DATA,
KR6030623B89,,NO_MARKET_DATA,
KR6030623E37,,NO_MARKET_DATA,
KR6030623E52,,NO_MARKET_DATA,
KR6030623E60,,NO_MARKET_DATA,
KR6030623E78,,NO_MARKET_DATA,
KR6030623E94,,NO_MARKET_DATA,
KR6030623EA5,,NO_MARKET_DATA,
KR6030623EB3,,NO_MARKET_DATA,
KR6140174G76,,NO_MARKET_DATA,
KR61401759C4,,NO_MARKET_DATA,
KR6140175B21,,NO_MARKET_DATA,
KR6140175B70,,NO_MARKET_DATA,
KR6140175B96,,NO_MARKET_DATA,
KR6140175BA9,,NO_MARKET_DATA,
KR6140175C79,,NO_MARKET_DATA,
KR617414GD86,,NO_MARKET_DATA,
KR617414GFA2,,NO_MARKET_DATA,
KR617414HFA0,,NO_MARKET_DATA,
KR601945BE66,,NO_MARKET_DATA,
KR601945BE90,,NO_MARKET_DATA,
KR601945BEC3,,NO_MARKET_DATA,
KR6023784G68,,NO_MARKET_DATA,
KR6023785E36,,NO_MARKET_DATA,
KR6023785E51,,NO_MARKET_DATA,
KR6023785E85,,NO_MARKET_DATA,
KR6023785E93,,NO_MARKET_DATA,
KR6032642F13,,NO_MARKET_DATA,
KR6032642FA0,,NO_MARKET_DATA,
KR6032642G12,,NO_MARKET_DATA,
KR6060002G66,,NO_MARKET_DATA,
KR6060002G74,,NO_MARKET_DATA,
KR6060003B60,,NO_MARKET_DATA,
KR6060003D27,,NO_MARKET_DATA,
KR6060003DC1,,NO_MARKET_DATA,
KR6060003E83,,NO_MARKET_DATA,
KR6060003E91,,NO_MARKET_DATA,
KR6060003F41,,NO_MARKET_DATA,
KR6079318E67,,NO_MARKET_DATA,
KR6079318E75,,NO_MARKET_DATA,
KR6079318E83,,NO_MARKET_DATA,
KR608368CR55,,NO_MARKET_DATA,
KR6116851EB7,,NO_MARKET_DATA,
KR6116921F65,,NO_MARKET_DATA,
KR6116921FB5,,NO_MARKET_DATA,
KR6116941D97,,NO_MARKET_DATA,
KR6117091G66,,NO_MARKET_DATA,
KR6117191E91,,NO_MARKET_DATA,
KR6117231E93,,NO_MARKET_DATA,
KR6117521F34,,NO_MARKET_DATA,
KR6117522C44,,NO_MARKET_DATA,
KR6117522D43,,NO_MARKET_DATA,
KR6205494FB5,,NO_MARKET_DATA,
KR6205494FC3,,NO_MARKET_DATA,
KR60202J1G54,,NO_MARKET_DATA,
KR60202K1G52,,NO_MARKET_DATA,
KR60202L1G50,,NO_MARKET_DATA,
KR60202M1G58,,NO_MARKET_DATA,
KR6091911F54,,NO_MARKET_DATA,
KR6091911F62,,NO_MARKET_DATA,
KR6091911FB5,,NO_MARKET_DATA,
KR6091951CC6,,NO_MARKET_DATA,
KR6091951EC2,,NO_MARKET_DATA,
KR6065904F65,,NO_MARKET_DATA,
KR6065904F73,,NO_MARKET_DATA,
KR6065904F81,,NO_MARKET_DATA,
KR6065904FA4,,NO_MARKET_DATA,
KR6095236F12,,NO_MARKET_DATA,
KR6211641F89,,NO_MARKET_DATA,
KR6211701G44,,NO_MARKET_DATA,
KR6211861F41,,NO_MARKET_DATA,
KR6211861G16,,NO_MARKET_DATA,
KR62119114C3,,NO_MARKET_DATA,
KR60211L1G69,,NO_MARKET_DATA,
KR6095924FB4,,NO_MARKET_DATA,
KR6095924FC2,,NO_MARKET_DATA,
KR6095924G18,,NO_MARKET_DATA,
KR6095924G34,,NO_MARKET_DATA,
KR6095924G67,,NO_MARKET_DATA,
KR6095924G75,,NO_MARKET_DATA,
KR6095925956,,NO_MARKET_DATA,
KR6095925C52,,NO_MARKET_DATA,
KR6095925C86,,NO_MARKET_DATA,
KR6139152G41,,NO_MARKET_DATA,
KR6030623EC1,,NO_MARKET_DATA,
KR6030623F10,,NO_MARKET_DATA,
KR6030623F28,,NO_MARKET_DATA,
KR604629BFC7,,NO_MARKET_DATA,
KR604629BG53,,NO_MARKET_DATA,
KR604629BG79,,NO_MARKET_DATA,
KR604629CFC5,,NO_MARKET_DATA,
KR6068175BB5,,NO_MARKET_DATA,
KR6068175F38,,NO_MARKET_DATA,
KR6068175F46,,NO_MARKET_DATA,
KR6068176BB3,,NO_MARKET_DATA,
KR6174781E80,,NO_MARKET_DATA,
KR60192JNG56,,NO_MARKET_DATA,
KR60192JPG54,,NO_MARKET_DATA,
KR60192JQG53,,NO_MARKET_DATA,
KR60192JRG52,,NO_MARKET_DATA,
KR60192JSG51,,NO_MARKET_DATA,
KR60192JTG50,,NO_MARKET_DATA,
KR60192V1G52,,NO_MARKET_DATA,
KR60192V2G51,,NO_MARKET_DATA,
KR60192W1G50,,NO_MARKET_DATA,
KR6032643910,,NO_MARKET_DATA,
KR6032643A17,,NO_MARKET_DATA,
KR6032643B24,,NO_MARKET_DATA,
KR6032643BB5,,NO_MARKET_DATA,
KR6032643C15,,NO_MARKET_DATA,
KR6032643D14,,NO_MARKET_DATA,
KR6032643DB1,,NO_MARKET_DATA,
KR6032643E13,,NO_MARKET_DATA,
KR6056552D38,,NO_MARKET_DATA,
KR6056552D79,,NO_MARKET_DATA,
KR6056552E11,,NO_MARKET_DATA,
KR6079318E91,,NO_MARKET_DATA,
KR6079318EA4,,NO_MARKET_DATA,
KR6105562864,,NO_MARKET_DATA,
KR6079318F17,,NO_MARKET_DATA,
KR6079318F41,,NO_MARKET_DATA,
KR6079318F58,,NO_MARKET_DATA,
KR6079318F74,,NO_MARKET_DATA,
KR6079318F90,,NO_MARKET_DATA,
KR6105561G13,,NO_MARKET_DATA,
KR6105561G39,,NO_MARKET_DATA,
KR6105561G47,,NO_MARKET_DATA,
KR6117522F33,,NO_MARKET_DATA,
KR6154441F34,,NO_MARKET_DATA,
KR6154451F31,,NO_MARKET_DATA,
KR6154481E36,,NO_MARKET_DATA,
KR6154511F39,,NO_MARKET_DATA,
KR6154521F45,,NO_MARKET_DATA,
KR6154521G44,,NO_MARKET_DATA,
KR6154541EA9,,NO_MARKET_DATA,
KR6154551G39,,NO_MARKET_DATA,
KR603271ADA0,,NO_MARKET_DATA,
KR603271ADB8,,NO_MARKET_DATA,
KR6091952EC0,,NO_MARKET_DATA,
KR6091971E11,,NO_MARKET_DATA,
KR6091971EB2,,NO_MARKET_DATA,
KR6125931F49,,NO_MARKET_DATA,
KR6125931FB3,,NO_MARKET_DATA,
KR6125951G35,,NO_MARKET_DATA,
KR6125981F48,,NO_MARKET_DATA,
KR6126071F47,,NO_MARKET_DATA,
KR6126141F43,,NO_MARKET_DATA,
KR6126141F50,,NO_MARKET_DATA,
KR6126141F68,,NO_MARKET_DATA,
KR6095236F20,,NO_MARKET_DATA,
KR6095236F38,,NO_MARKET_DATA,
KR6095236F61,,NO_MARKET_DATA,
KR6095236F95,,NO_MARKET_DATA,
KR6095236FB3,,NO_MARKET_DATA,
KR6095236G45,,NO_MARKET_DATA,
KR6095236G78,,NO_MARKET_DATA,
KR6095237EB4,,NO_MARKET_DATA,
KR6095237F29,,NO_MARKET_DATA,
KR6135144EA6,,NO_MARKET_DATA,
KR6139151G42,,NO_MARKET_DATA,
KR6139151G67,,NO_MARKET_DATA,
KR6139151G75,,NO_MARKET_DATA,
KR6139151G83,,NO_MARKET_DATA,
KR6139152F26,,NO_MARKET_DATA,
KR6139152G33,,NO_MARKET_DATA,
KR6174141FA1,,NO_MARKET_DATA,
KR6174141FC7,,NO_MARKET_DATA,
KR6174141G34,,NO_MARKET_DATA,
KR6174141G42,,NO_MARKET_DATA,
KR6174141G59,,NO_MARKET_DATA,
KR6068176F37,,NO_MARKET_DATA,
KR6068177BB1,,NO_MARKET_DATA,
KR6068241DB1,,NO_MARKET_DATA,
KR6068241F79,,NO_MARKET_DATA,
KR6068401EB9,,NO_MARKET_DATA,
KR6068402E18,,NO_MARKET_DATA,
KR6068402EB7,,NO_MARKET_DATA,
KR6097244F34,,NO_MARKET_DATA,
KR6097244F42,,NO_MARKET_DATA,
KR6097244F59,,NO_MARKET_DATA,
KR60192W2G59,,NO_MARKET_DATA,
KR602196JE96,,NO_MARKET_DATA,
KR602196JEC5,,NO_MARKET_DATA,
KR602196JF61,,NO_MARKET_DATA,
KR602196KE77,,NO_MARKET_DATA,
KR602196KE93,,NO_MARKET_DATA,
KR602196KEC3,,NO_MARKET_DATA,
KR602196LE76,,NO_MARKET_DATA,
KR602196LE92,,NO_MARKET_DATA,
KR602196LEC1,,NO_MARKET_DATA,
KR602196ME75,,NO_MARKET_DATA,
KR6056552EA5,,NO_MARKET_DATA,
KR6056553748,,NO_MARKET_DATA,
KR6056553A14,,NO_MARKET_DATA,
KR6056553AB9,,NO_MARKET_DATA,
KR6056553B21,,NO_MARKET_DATA,
KR6056553D78,,NO_MARKET_DATA,
KR6056554A13,,NO_MARKET_DATA,
KR6079314G28,,NO_MARKET_DATA,
KR6079314G36,,NO_MARKET_DATA,
KR6079314G44,,NO_MARKET_DATA,
KR6105561G54,,NO_MARKET_DATA,
KR6105561G62,,NO_MARKET_DATA,
KR6105561G70,,NO_MARKET_DATA,
KR6105562930,,NO_MARKET_DATA,
KR6105562955,,NO_MARKET_DATA,
KR6105562963,,NO_MARKET_DATA,
KR61055629A2,,NO_MARKET_DATA,
KR6145768FC3,,NO_MARKET_DATA,
KR6145768G44,,NO_MARKET_DATA,
KR6145769B89,,NO_MARKET_DATA,
KR6145769D46,,NO_MARKET_DATA,
KR603271AE18,,NO_MARKET_DATA,
KR603271AE42,,NO_MARKET_DATA,
KR603271AE59,,NO_MARKET_DATA,
KR603271AE67,,NO_MARKET_DATA,
KR6154571F36,,NO_MARKET_DATA,
KR6154661F37,,NO_MARKET_DATA,
KR6154671F43,,NO_MARKET_DATA,
KR6199431G22,,NO_MARKET_DATA,
KR6199481EA5,,NO_MARKET_DATA,
KR6199491FB9,,NO_MARKET_DATA,
KR6199511FB4,,NO_MARKET_DATA,
KR6126141G34,,NO_MARKET_DATA,
KR6126201F40,,NO_MARKET_DATA,
KR6126211FB9,,NO_MARKET_DATA,
KR6166261F92,,NO_MARKET_DATA,
KR6166261FB5,,EXCLUDED_PERPETUAL,
KR6166261FC3,,NO_MARKET_DATA,
KR6166261G18,,NO_MARKET_DATA,
KR6166261G59,,NO_MARKET_DATA,
KR6166261G67,,NO_MARKET_DATA,
KR6205495D98,,NO_MARKET_DATA,
KR60209W8G63,,NO_MARKET_DATA,
KR6135145EA3,,NO_MARKET_DATA,
KR6135151F58,,NO_MARKET_DATA,
KR6135201F41,,NO_MARKET_DATA,
KR6135261FB3,,NO_MARKET_DATA,
KR6135341G66,,NO_MARKET_DATA,
KR6135342F66,,NO_MARKET_DATA,
KR6135343F65,,NO_MARKET_DATA,
KR6135344F64,,NO_MARKET_DATA,
KR6135345F63,,NO_MARKET_DATA,
KR6135361G38,,NO_MARKET_DATA,
KR6169374FC1,,NO_MARKET_DATA,
KR6139155G48,,NO_MARKET_DATA,
KR6139381EB8,,NO_MARKET_DATA,
KR6174142F83,,NO_MARKET_DATA,
KR6139481E29,,NO_MARKET_DATA,
KR6139481E86,,NO_MARKET_DATA,
KR6139481F28,,NO_MARKET_DATA,
KR6174142E43,,NO_MARKET_DATA,
KR6174142E92,,NO_MARKET_DATA,
KR6174142EA2,,NO_MARKET_DATA,
KR6174142EC8,,NO_MARKET_DATA,
KR6174142F18,,NO_MARKET_DATA,
KR6097244F67,,NO_MARKET_DATA,
KR6097244F75,,NO_MARKET_DATA,
KR6097244F83,,NO_MARKET_DATA,
KR6097244F91,,NO_MARKET_DATA,
KR6097244FA7,,NO_MARKET_DATA,
KR6097244FB5,,NO_MARKET_DATA,
KR6097244FC3,,NO_MARKET_DATA,
KR6140177G57,,NO_MARKET_DATA,
KR6140177G73,,NO_MARKET_DATA,
KR61401789C1,,NO_MARKET_DATA,
KR60219M1G60,,NO_MARKET_DATA,
KR6030212B94,,NO_MARKET_DATA,
KR6030212E83,,NO_MARKET_DATA,
KR6030261F41,,NO_MARKET_DATA,
KR6030262EA2,,NO_MARKET_DATA,
KR6030262F65,,NO_MARKET_DATA,
KR6030263EA0,,NO_MARKET_DATA,
KR6030263F64,,NO_MARKET_DATA,
KR6030264EA8,,NO_MARKET_DATA,
KR6030264F63,,NO_MARKET_DATA,
KR6030265EA5,,NO_MARKET_DATA,
KR6079314G51,,NO_MARKET_DATA,
KR6079314G69,,NO_MARKET_DATA,
KR6103161FB3,,NO_MARKET_DATA,
KR6145764EC5,,NO_MARKET_DATA,
KR6079314G77,,NO_MARKET_DATA,
KR6079315C21,,NO_MARKET_DATA,
KR6079315D87,,NO_MARKET_DATA,
KR6079315DB0,,NO_MARKET_DATA,
KR6079315E86,,NO_MARKET_DATA,
KR6103141G41,,NO_MARKET_DATA,
KR6103142E42,,NO_MARKET_DATA,
KR6145769E29,,NO_MARKET_DATA,
KR6145769E45,,NO_MARKET_DATA,
KR6145769E94,,NO_MARKET_DATA,
KR6032713A61,,NO_MARKET_DATA,
KR6032713B94,,NO_MARKET_DATA,
KR6032713C10,,NO_MARKET_DATA,
KR6032713C69,,NO_MARKET_DATA,
KR6032713C93,,NO_MARKET_DATA,
KR6032713D27,,NO_MARKET_DATA,
KR6145769EA8,,NO_MARKET_DATA,
KR6145769EB6,,NO_MARKET_DATA,
KR6199521FB3,,NO_MARKET_DATA,
KR6199531FB2,,NO_MARKET_DATA,
KR6199541FB1,,NO_MARKET_DATA,
KR6199561FB9,,NO_MARKET_DATA,
KR6199581FB7,,NO_MARKET_DATA,
KR6199641F52,,NO_MARKET_DATA,
KR6199651FB8,,NO_MARKET_DATA,
KR6019809E85,,NO_MARKET_DATA,
KR6019809E93,,NO_MARKET_DATA,
KR6019809EA5,,NO_MARKET_DATA,
KR6019809EB3,,NO_MARKET_DATA,
KR6166261G83,,NO_MARKET_DATA,
KR6166262693,,NO_MARKET_DATA,
KR6166262B79,,NO_MARKET_DATA,
KR6166262D51,,NO_MARKET_DATA,
KR6205494G21,,NO_MARKET_DATA,
KR6205494G39,,NO_MARKET_DATA,
KR6205494G47,,NO_MARKET_DATA,
KR6205494G54,,NO_MARKET_DATA,
KR6205495BA3,,NO_MARKET_DATA,
KR6205495D49,,NO_MARKET_DATA,
KR6205495D64,,NO_MARKET_DATA,
KR6169374G24,,NO_MARKET_DATA,
KR6169374G32,,NO_MARKET_DATA,
KR6169374G40,,NO_MARKET_DATA,
KR6169374G57,,NO_MARKET_DATA,
KR6212441FB7,,NO_MARKET_DATA,
KR6021961F43,,NO_MARKET_DATA,
KR6169374G65,,NO_MARKET_DATA,
KR6169375E33,,NO_MARKET_DATA,
KR6169375E41,,NO_MARKET_DATA,
KR6169375E58,,NO_MARKET_DATA,
KR6169375E74,,NO_MARKET_DATA,
KR6174141G67,,NO_MARKET_DATA,
KR6174141G75,,NO_MARKET_DATA,
KR6174142A39,,NO_MARKET_DATA,
KR6174142D44,,NO_MARKET_DATA,
KR6174142D69,,NO_MARKET_DATA,
KR6174142E35,,NO_MARKET_DATA,
KR6017803F27,,NO_MARKET_DATA,
KR6017811AA1,,NO_MARKET_DATA,
KR6017811D94,,NO_MARKET_DATA,
KR6017812D93,,NO_MARKET_DATA,
KR6017861DB8,,NO_MARKET_DATA,
KR6140178C19,,NO_MARKET_DATA,
KR6140178C35,,NO_MARKET_DATA,
KR6176941G23,,NO_MARKET_DATA,
KR6140178C50,,NO_MARKET_DATA,
KR6140178CB9,,NO_MARKET_DATA,
KR6140178D83,,NO_MARKET_DATA,
KR6140178E17,,NO_MARKET_DATA,
KR6140178E25,,NO_MARKET_DATA,
KR6176941F73,,NO_MARKET_DATA,
KR6176941F81,,NO_MARKET_DATA,
KR6030265F62,,NO_MARKET_DATA,
KR6046293FB4,,NO_MARKET_DATA,
KR6046293FC2,,NO_MARKET_DATA,
KR6046293G14,,NO_MARKET_DATA,
KR6046293G22,,NO_MARKET_DATA,
KR6046293G30,,NO_MARKET_DATA,
KR6046293G48,,NO_MARKET_DATA,
KR6046293G55,,NO_MARKET_DATA,
KR6046293G63,,NO_MARKET_DATA,
KR6046293G71,,NO_MARKET_DATA,
KR6046294EA7,0.1934705518865143,CALCULATED,저민감
KR6103161BA4,,NO_MARKET_DATA,
KR6103161EB6,,EXCLUDED_OPTION,
KR6103161F88,,NO_MARKET_DATA,
KR6103161F96,,NO_MARKET_DATA,
KR6023784G76,,NO_MARKET_DATA,
KR6023785C20,,NO_MARKET_DATA,
KR6023785D45,,NO_MARKET_DATA,
KR6023785D94,,NO_MARKET_DATA,
KR6023785DA3,,NO_MARKET_DATA,
KR6023785E10,,NO_MARKET_DATA,
KR6103161G79,,NO_MARKET_DATA,
KR6145769EC4,,NO_MARKET_DATA,
KR6145769F93,,NO_MARKET_DATA,
KR6192391BA9,,NO_MARKET_DATA,
KR6192391F26,,NO_MARKET_DATA,
KR6192401F99,,NO_MARKET_DATA,
KR6192411E80,,NO_MARKET_DATA,
KR6192521690,,NO_MARKET_DATA,
KR6192521740,,NO_MARKET_DATA,
KR6192521C55,,EXCLUDED_PERPETUAL,
KR6192521F60,,NO_MARKET_DATA,
KR6192521F78,,NO_MARKET_DATA,
KR6019809EC1,,NO_MARKET_DATA,
KR6019809F19,,NO_MARKET_DATA,
KR6019809F27,,NO_MARKET_DATA,
KR6019809F43,,NO_MARKET_DATA,
KR6019809F50,,NO_MARKET_DATA,
KR6019809F68,,NO_MARKET_DATA,
KR6019809F84,,NO_MARKET_DATA,
KR6029781EC0,,NO_MARKET_DATA,
KR603271AEB6,,NO_MARKET_DATA,
KR6029781F10,,NO_MARKET_DATA,
KR6029781F28,,NO_MARKET_DATA,
KR6205495DA9,,NO_MARKET_DATA,
KR6205495DB7,,NO_MARKET_DATA,
KR6205495E48,,NO_MARKET_DATA,
KR60209W1G60,,NO_MARKET_DATA,
KR60209W2G69,,NO_MARKET_DATA,
KR60209W3G68,,NO_MARKET_DATA,
KR60209W4G67,,NO_MARKET_DATA,
KR60209W5G66,,NO_MARKET_DATA,
KR60209W6G65,,NO_MARKET_DATA,
KR60209W7G64,,NO_MARKET_DATA,
KR6169375E82,,NO_MARKET_DATA,
KR6212221FB3,,NO_MARKET_DATA,
KR6212231FB2,,NO_MARKET_DATA,
KR6212271FB8,,NO_MARKET_DATA,
KR6212281FB7,,NO_MARKET_DATA,
KR6212361FB7,,NO_MARKET_DATA,
KR6212511EA2,,NO_MARKET_DATA,
KR6212511F92,,NO_MARKET_DATA,
KR6212561E27,,NO_MARKET_DATA,
KR6212721FB2,,NO_MARKET_DATA,
KR6212741FB0,,NO_MARKET_DATA,
KR60183N4G48,,NO_MARKET_DATA,
KR60183N5G47,,NO_MARKET_DATA,
KR60183N6G46,,NO_MARKET_DATA,
KR60183N7G45,,NO_MARKET_DATA,
KR60183N8G44,,NO_MARKET_DATA,
KR6021966E31,,NO_MARKET_DATA,
KR6021966E49,,NO_MARKET_DATA,
KR6021966E64,,NO_MARKET_DATA,
KR6021966E72,,NO_MARKET_DATA,
KR6021966E80,,NO_MARKET_DATA,
KR6176941F99,,NO_MARKET_DATA,
KR6176941FB0,,NO_MARKET_DATA,
KR6176941FC8,,NO_MARKET_DATA,
KR6176941G15,,NO_MARKET_DATA,
KR604629AFB1,,NO_MARKET_DATA,
KR604629AFC9,,NO_MARKET_DATA,
KR604629AG21,,NO_MARKET_DATA,
KR604629AG54,,NO_MARKET_DATA,
KR604629AG70,,NO_MARKET_DATA,
KR604629BFB9,,NO_MARKET_DATA,
KR6176941G31,,NO_MARKET_DATA,
KR6066911F64,,NO_MARKET_DATA,
KR6174791F38,,NO_MARKET_DATA,
KR6174791G45,,NO_MARKET_DATA,
KR6174841FA6,,NO_MARKET_DATA,
KR6174901C95,,NO_MARKET_DATA,
KR6174901FA8,,NO_MARKET_DATA,
KR6174911DB0,,NO_MARKET_DATA,
KR6046294F14,,NO_MARKET_DATA,
KR6066574924,6.409505432524065,CALCULATED,고민감
KR6066574B58,,NO_MARKET_DATA,
KR6066574D31,,NO_MARKET_DATA,
KR6103162BA2,,NO_MARKET_DATA,
KR6103341D75,,NO_MARKET_DATA,
KR6103341DC4,,NO_MARKET_DATA,
KR6145764EB7,,NO_MARKET_DATA,
KR6145764F15,,NO_MARKET_DATA,
KR6145764F31,,NO_MARKET_DATA,
KR6145764F49,,NO_MARKET_DATA,
KR6145764F64,,NO_MARKET_DATA,
KR6145764F72,,NO_MARKET_DATA,
KR6145764F80,,NO_MARKET_DATA,
KR6145764F98,,NO_MARKET_DATA,
KR6192521F94,,NO_MARKET_DATA,
KR6192521FA2,,NO_MARKET_DATA,
KR6019803FA5,,NO_MARKET_DATA,
KR6019803FB3,,NO_MARKET_DATA,
KR6019803FC1,,NO_MARKET_DATA,
KR6019803G14,,NO_MARKET_DATA,
KR6019803G22,,NO_MARKET_DATA,
KR6019803G30,,NO_MARKET_DATA,
KR6019803G48,,NO_MARKET_DATA,
KR6019803G55,,NO_MARKET_DATA,
KR6019803G63,,NO_MARKET_DATA,
KR6029781F36,,NO_MARKET_DATA,
KR6029781F44,,NO_MARKET_DATA,
KR6029781F51,,NO_MARKET_DATA,
KR6029781F69,,NO_MARKET_DATA,
KR6029781F77,,NO_MARKET_DATA,
KR6029781F85,,NO_MARKET_DATA,
KR6029781F93,,NO_MARKET_DATA,
KR6029781FA1,,NO_MARKET_DATA,
KR603271AEA8,,NO_MARKET_DATA,
KR603271AEC4,,NO_MARKET_DATA,
KR603271AF33,,NO_MARKET_DATA,
KR60209W9G62,,NO_MARKET_DATA,
KR6029787E56,,NO_MARKET_DATA,
KR6029787E72,,NO_MARKET_DATA,
KR6029787E80,,NO_MARKET_DATA,
KR6029787EA1,,NO_MARKET_DATA,
KR6029787EB9,,NO_MARKET_DATA,
KR6029787EC7,,NO_MARKET_DATA,
KR6029787F14,,NO_MARKET_DATA,
KR6029787F22,,NO_MARKET_DATA,
KR6029787F30,,NO_MARKET_DATA,
KR60218Z7G68,,NO_MARKET_DATA,
KR60218Z8G67,,NO_MARKET_DATA,
KR6021961C20,,NO_MARKET_DATA,
KR6021961E69,,NO_MARKET_DATA,
KR6021961E85,,NO_MARKET_DATA,
KR6021961F35,,NO_MARKET_DATA,
KR6021961F50,,NO_MARKET_DATA,
KR6021961F68,,NO_MARKET_DATA,
KR6021961F76,,NO_MARKET_DATA,
KR6021961F84,,NO_MARKET_DATA,
KR6029883D92,,NO_MARKET_DATA,
KR6021965G71,,NO_MARKET_DATA,
KR6021966538,,NO_MARKET_DATA,
KR6037561G59,,NO_MARKET_DATA,
KR6029888F46,,NO_MARKET_DATA,
KR6029888F53,,NO_MARKET_DATA,
KR6029888F61,,NO_MARKET_DATA,
KR6029888F79,,NO_MARKET_DATA,
KR6029888F95,,NO_MARKET_DATA,
KR6029888FA4,,NO_MARKET_DATA,
KR6029888FB2,,NO_MARKET_DATA,
KR6029888FC0,,NO_MARKET_DATA,
KR6176941G49,,NO_MARKET_DATA,
KR6176941G56,,NO_MARKET_DATA,
KR6176941G64,,NO_MARKET_DATA,
KR6019453F83,,NO_MARKET_DATA,
KR6019453F91,,NO_MARKET_DATA,
KR6019453FA9,,NO_MARKET_DATA,
KR6019453FB7,,NO_MARKET_DATA,
KR6019453FC5,,NO_MARKET_DATA,
KR6019453G17,,NO_MARKET_DATA,
KR6019453G25,,NO_MARKET_DATA,
KR6066701F43,,NO_MARKET_DATA,
KR6066912E15,,NO_MARKET_DATA,
KR6066912F63,,NO_MARKET_DATA,
KR6066913F62,,NO_MARKET_DATA,
KR6066971F95,,EXCLUDED_OPTION,
KR6066971G60,,NO_MARKET_DATA,
KR6066981D20,,NO_MARKET_DATA,
KR6097242D79,,NO_MARKET_DATA,
KR6097242D95,,NO_MARKET_DATA,
KR6097242E78,,NO_MARKET_DATA,
KR6097242E86,,NO_MARKET_DATA,
KR6145764FA6,,NO_MARKET_DATA,
KR6145764FC2,,NO_MARKET_DATA,
KR6185751E90,,NO_MARKET_DATA,
KR6185751FA4,,NO_MARKET_DATA,
KR6185751FB2,,NO_MARKET_DATA,
KR6185752B92,,NO_MARKET_DATA,
KR6185752E99,,NO_MARKET_DATA,
KR6185752FB0,,NO_MARKET_DATA,
KR6185921EA6,,NO_MARKET_DATA,
KR6185941F90,,NO_MARKET_DATA,
KR6186001EB4,,NO_MARKET_DATA,
KR6019803G71,,NO_MARKET_DATA,
KR6019804D99,,NO_MARKET_DATA,
KR6025082F97,,NO_MARKET_DATA,
KR6025082G39,,NO_MARKET_DATA,
KR6025082G88,,NO_MARKET_DATA,
KR6025083DB9,,NO_MARKET_DATA,
KR6025083E22,,NO_MARKET_DATA,
KR6025083E63,,NO_MARKET_DATA,
KR6025083F39,,NO_MARKET_DATA,
KR6025083F96,,NO_MARKET_DATA,
KR6025083G38,,NO_MARKET_DATA,
KR603271AF41,,NO_MARKET_DATA,
KR603271AF58,,NO_MARKET_DATA,
KR603271AF74,,NO_MARKET_DATA,
KR603271AFB3,,NO_MARKET_DATA,
KR603271B980,,NO_MARKET_DATA,
KR603271BBA2,,NO_MARKET_DATA,
KR603271BC76,,NO_MARKET_DATA,
KR6063621F96,,NO_MARKET_DATA,
KR6063621FA6,,NO_MARKET_DATA,
KR6063621FB4,,NO_MARKET_DATA,
KR6063621G12,,NO_MARKET_DATA,
KR6029787F48,,NO_MARKET_DATA,
KR6029787F55,,NO_MARKET_DATA,
KR6033664E80,,NO_MARKET_DATA,
KR6033664E98,,NO_MARKET_DATA,
KR6033664EA6,,NO_MARKET_DATA,
KR6033664EB4,,NO_MARKET_DATA,
KR6033664EC2,,NO_MARKET_DATA,
KR6033664F14,,NO_MARKET_DATA,
KR6033664F30,,NO_MARKET_DATA,
KR6033664F48,,NO_MARKET_DATA,
KR6029883DB8,,NO_MARKET_DATA,
KR6029883DC6,,NO_MARKET_DATA,
KR6029883E42,,NO_MARKET_DATA,
KR6029883E59,,NO_MARKET_DATA,
KR6029883E75,,NO_MARKET_DATA,
KR6029883E91,,NO_MARKET_DATA,
KR6029883EA8,,NO_MARKET_DATA,
KR6029883EB6,,NO_MARKET_DATA,
KR6029883EC4,,NO_MARKET_DATA,
KR6029883F17,,NO_MARKET_DATA,
KR6033783EA4,,NO_MARKET_DATA,
KR6029889C63,,NO_MARKET_DATA,
KR6029889DB5,,NO_MARKET_DATA,
KR6038071F69,,NO_MARKET_DATA,
KR606590CE88,,NO_MARKET_DATA,
KR6029889DC3,,NO_MARKET_DATA,
KR6029889E79,,NO_MARKET_DATA,
KR6029889EA5,,NO_MARKET_DATA,
KR6037642EA8,,NO_MARKET_DATA,
KR6037642F46,,NO_MARKET_DATA,
KR6037642G45,,NO_MARKET_DATA,
KR6037642G78,,NO_MARKET_DATA,
KR6019453G33,,NO_MARKET_DATA,
KR6019453G41,,NO_MARKET_DATA,
KR6019453G58,,NO_MARKET_DATA,
KR6023411EA4,,NO_MARKET_DATA,
KR6023411F29,,NO_MARKET_DATA,
KR6023411F86,,NO_MARKET_DATA,
KR6023412F85,,NO_MARKET_DATA,
KR6023441F15,,NO_MARKET_DATA,
KR6023441G71,,NO_MARKET_DATA,
KR6023442G70,,NO_MARKET_DATA,
KR6023471F34,,NO_MARKET_DATA,
KR6097242EA4,,NO_MARKET_DATA,
KR6097242EB2,,NO_MARKET_DATA,
KR6097242EC0,,NO_MARKET_DATA,
KR6097242F10,,NO_MARKET_DATA,
KR6097242F28,,NO_MARKET_DATA,
KR6097242F36,,NO_MARKET_DATA,
KR6140175C95,,NO_MARKET_DATA,
KR6140175D60,,NO_MARKET_DATA,
KR6140175DA5,,NO_MARKET_DATA,
KR6140175DB3,,NO_MARKET_DATA,
KR6186061G59,,NO_MARKET_DATA,
KR6186101D62,,NO_MARKET_DATA,
KR6019681FA5,,NO_MARKET_DATA,
KR60196B1G55,,NO_MARKET_DATA,
KR60196B2G54,,NO_MARKET_DATA,
KR60196J1G58,,NO_MARKET_DATA,
KR60196K1G56,,NO_MARKET_DATA,
KR60196L1G54,,NO_MARKET_DATA,
KR60196M1G52,,NO_MARKET_DATA,
KR60196N1G50,,NO_MARKET_DATA,
KR60196P1G55,,NO_MARKET_DATA,
KR6025083G87,,NO_MARKET_DATA,
KR6025101F52,,NO_MARKET_DATA,
KR6060003F66,,NO_MARKET_DATA,
KR6032713D50,,NO_MARKET_DATA,
KR6032713D68,,NO_MARKET_DATA,
KR6032713D76,,NO_MARKET_DATA,
KR6032713D92,,NO_MARKET_DATA,
KR6032713DB2,,NO_MARKET_DATA,
KR6032713DC0,,NO_MARKET_DATA,
KR6032713E18,,NO_MARKET_DATA,
KR6032713E42,,NO_MARKET_DATA,
KR6063621G20,,NO_MARKET_DATA,
KR6063621G46,,NO_MARKET_DATA,
KR6063621G53,,NO_MARKET_DATA,
KR6063621G61,,NO_MARKET_DATA,
KR6063621G79,,NO_MARKET_DATA,
KR60636222A6,,NO_MARKET_DATA,
KR608368DR54,,NO_MARKET_DATA,
KR608368ER53,,NO_MARKET_DATA,
KR608368FR52,,NO_MARKET_DATA,
KR608368GR51,,NO_MARKET_DATA,
KR6033664F55,,NO_MARKET_DATA,
KR6033664F71,,NO_MARKET_DATA,
KR6064982G47,,NO_MARKET_DATA,
KR6064982G62,,NO_MARKET_DATA,
KR6064982G70,,NO_MARKET_DATA,
KR6064983846,,NO_MARKET_DATA,
KR6064983879,,NO_MARKET_DATA,
KR60649838B2,,NO_MARKET_DATA,
KR6064983960,,NO_MARKET_DATA,
KR6064983B17,,NO_MARKET_DATA,
KR6033791E78,,NO_MARKET_DATA,
KR6033863F62,,NO_MARKET_DATA,
KR6033921FA7,,NO_MARKET_DATA,
KR6034021E94,0.0847081420672016,CALCULATED,저민감
KR6034021F69,,NO_MARKET_DATA,
KR6034022E28,,NO_MARKET_DATA,
KR6034022E93,1.0134565590129871,CALCULATED,중간
KR6034022F68,,NO_MARKET_DATA,
KR6034121E85,,NO_MARKET_DATA,
KR6065904FB2,,NO_MARKET_DATA,
KR606590BDC4,,NO_MARKET_DATA,
KR606590BE14,,NO_MARKET_DATA,
KR606590BE22,,NO_MARKET_DATA,
KR606590BE89,,NO_MARKET_DATA,
KR606590BEA6,,NO_MARKET_DATA,
KR606590BEB4,,NO_MARKET_DATA,
KR606590BEC2,,NO_MARKET_DATA,
KR606590BF13,,NO_MARKET_DATA,
KR606590BF88,,NO_MARKET_DATA,
KR606590BFC9,,NO_MARKET_DATA,
KR6095924F92,,NO_MARKET_DATA,
KR6023471F42,,NO_MARKET_DATA,
KR6023531884,,NO_MARKET_DATA,
KR6023531F40,,NO_MARKET_DATA,
KR6030623F44,,NO_MARKET_DATA,
KR6030623F51,,NO_MARKET_DATA,
KR6030623F69,,NO_MARKET_DATA,
KR6030623F77,,NO_MARKET_DATA,
KR6030623F85,,NO_MARKET_DATA,
KR6030623F93,,NO_MARKET_DATA,
KR6030623FA2,,NO_MARKET_DATA,
KR6030623FC8,,NO_MARKET_DATA,
KR6140175DC1,,NO_MARKET_DATA,
KR6140175E28,,NO_MARKET_DATA,
KR6140175E77,,NO_MARKET_DATA,
KR6140175E85,,NO_MARKET_DATA,
KR6140175E93,,NO_MARKET_DATA,
KR6140175EA3,,NO_MARKET_DATA,
KR6174931F96,,NO_MARKET_DATA,
KR6174951E43,,NO_MARKET_DATA,
KR6174951E50,,NO_MARKET_DATA,
KR6174961G49,,NO_MARKET_DATA,
KR6175011G46,,NO_MARKET_DATA,
KR60196R1G51,,NO_MARKET_DATA,
KR60196S1G59,,NO_MARKET_DATA,
KR6023785EB9,,NO_MARKET_DATA,
KR6023785EC7,,NO_MARKET_DATA,
KR6023785F19,1.327945327858889,CALCULATED,중간
KR6023785F35,,NO_MARKET_DATA,
KR6023785F43,,NO_MARKET_DATA,
KR6023785F50,,NO_MARKET_DATA,
KR6023785F68,,NO_MARKET_DATA,
KR6023785F84,,NO_MARKET_DATA,
KR6023785F92,,NO_MARKET_DATA,
KR6032713E59,,NO_MARKET_DATA,
KR6032713E67,,NO_MARKET_DATA,
KR6032713E75,,NO_MARKET_DATA,
KR6060003F90,,NO_MARKET_DATA,
KR6060003G16,,NO_MARKET_DATA,
KR6060003G24,,NO_MARKET_DATA,
KR6060003G40,,NO_MARKET_DATA,
KR6060003G57,,NO_MARKET_DATA,
KR6060003G65,,NO_MARKET_DATA,
KR6060003G73,,NO_MARKET_DATA,
KR6060004AB7,,NO_MARKET_DATA,
KR608368HR50,,NO_MARKET_DATA,
KR608368JR58,,NO_MARKET_DATA,
KR608368KR55,,NO_MARKET_DATA,
KR608368LR54,,NO_MARKET_DATA,
KR608368MR53,,NO_MARKET_DATA,
KR608368NR52,,NO_MARKET_DATA,
KR6117523987,,NO_MARKET_DATA,
KR6154771F91,,NO_MARKET_DATA,
KR601980HDA3,,NO_MARKET_DATA,
KR6117523A52,,NO_MARKET_DATA,
KR6064983C32,,NO_MARKET_DATA,
KR6064983C73,,NO_MARKET_DATA,
KR6091972EB0,,NO_MARKET_DATA,
KR6092041C74,,NO_MARKET_DATA,
KR6092041E72,,NO_MARKET_DATA,
KR6092041EA5,,NO_MARKET_DATA,
KR6092041F89,,NO_MARKET_DATA,
KR6092191FC1,,NO_MARKET_DATA,
KR6092192FC9,,NO_MARKET_DATA,
KR6092201F69,,NO_MARKET_DATA,
KR6092261FB4,,NO_MARKET_DATA,
KR6092261G40,,NO_MARKET_DATA,
KR6065904FC0,,NO_MARKET_DATA,
KR6065904G15,,NO_MARKET_DATA,
KR6065904G23,,NO_MARKET_DATA,
KR6065904G31,,NO_MARKET_DATA,
KR6065904G49,,NO_MARKET_DATA,
KR6065904G64,,NO_MARKET_DATA,
KR6065904G72,,NO_MARKET_DATA,
KR6065905921,,NO_MARKET_DATA,
KR6065905A85,,NO_MARKET_DATA,
KR6065905A93,,NO_MARKET_DATA,
KR6095237F37,,NO_MARKET_DATA,
KR606590CDB4,,NO_MARKET_DATA,
KR606590CDC2,,NO_MARKET_DATA,
KR606590CE13,,NO_MARKET_DATA,
KR606590CE21,,NO_MARKET_DATA,
KR606590CF12,,NO_MARKET_DATA,
KR6095925D85,,NO_MARKET_DATA,
KR6095925DC4,,NO_MARKET_DATA,
KR6095925E27,,NO_MARKET_DATA,
KR6095925E35,,NO_MARKET_DATA,
KR6095925E43,,NO_MARKET_DATA,
KR6095925E76,,NO_MARKET_DATA,
KR6030623G19,,NO_MARKET_DATA,
KR6030623G35,,NO_MARKET_DATA,
KR6030623G50,,NO_MARKET_DATA,
KR6068403E17,,NO_MARKET_DATA,
KR6046471D94,,NO_MARKET_DATA,
KR6046471DB1,,NO_MARKET_DATA,
KR6046471E69,,NO_MARKET_DATA,
KR6046681D66,,NO_MARKET_DATA,
KR6046681D90,,NO_MARKET_DATA,
KR6047041E27,,NO_MARKET_DATA,
KR6047041E35,,NO_MARKET_DATA,
KR6175071G43,,NO_MARKET_DATA,
KR6175251EC6,,NO_MARKET_DATA,
KR6175261G43,,NO_MARKET_DATA,
KR6175261G68,,NO_MARKET_DATA,
KR6175271FA5,,NO_MARKET_DATA,
KR6175271FB3,,NO_MARKET_DATA,
KR60187D2G59,,NO_MARKET_DATA,
KR60187H1G44,,NO_MARKET_DATA,
KR60187J1G40,,NO_MARKET_DATA,
KR60187K1G48,,NO_MARKET_DATA,
KR60187L1G46,,NO_MARKET_DATA,
KR6023785FC4,,NO_MARKET_DATA,
KR6023785G42,,NO_MARKET_DATA,
KR6032643E62,,NO_MARKET_DATA,
KR6032643F12,,NO_MARKET_DATA,
KR6032643G11,,NO_MARKET_DATA,
KR6032644975,,NO_MARKET_DATA,
KR6032644A16,,NO_MARKET_DATA,
KR6032644B23,,NO_MARKET_DATA,
KR6032644BB3,,NO_MARKET_DATA,
KR6032644C14,,NO_MARKET_DATA,
KR6032645972,,NO_MARKET_DATA,
KR6060004E58,,NO_MARKET_DATA,
KR6060004E90,,NO_MARKET_DATA,
KR6079318FB9,,NO_MARKET_DATA,
KR6079318FC7,,NO_MARKET_DATA,
KR6079318G32,,NO_MARKET_DATA,
KR6079318G65,,NO_MARKET_DATA,
KR6079318G73,,NO_MARKET_DATA,
KR6079319BC4,,NO_MARKET_DATA,
KR6079319D42,,NO_MARKET_DATA,
KR6079319D91,,NO_MARKET_DATA,
KR6079319E41,,NO_MARKET_DATA,
KR6117523C43,,NO_MARKET_DATA,
KR6117523D42,,NO_MARKET_DATA,
KR6117523F32,,NO_MARKET_DATA,
KR6117524985,,NO_MARKET_DATA,
KR6117581E32,,NO_MARKET_DATA,
KR6117721F40,,NO_MARKET_DATA,
KR6117721F65,,NO_MARKET_DATA,
KR6117721F73,,NO_MARKET_DATA,
KR6154691F31,,NO_MARKET_DATA,
KR6154771F34,,NO_MARKET_DATA,
KR6154771FA9,,NO_MARKET_DATA,
KR6092261G57,,NO_MARKET_DATA,
KR6092262EA7,,NO_MARKET_DATA,
KR6126212EA2,,NO_MARKET_DATA,
KR6126213EA0,,NO_MARKET_DATA,
KR6126214EA8,,NO_MARKET_DATA,
KR6126215EA5,,NO_MARKET_DATA,
KR6126251FA7,,NO_MARKET_DATA,
KR6126251FB5,,NO_MARKET_DATA,
KR6126251G30,,NO_MARKET_DATA,
KR6126291G57,,NO_MARKET_DATA,
KR6126291G65,,NO_MARKET_DATA,
KR6095237F60,,NO_MARKET_DATA,
KR6095237F94,1.8377317718723376,CALCULATED,중간
KR6095237G44,,NO_MARKET_DATA,
KR6095238EB2,,NO_MARKET_DATA,
KR6095238F28,,NO_MARKET_DATA,
KR6135471F51,,NO_MARKET_DATA,
KR6169375F81,,NO_MARKET_DATA,
KR6095238F36,,NO_MARKET_DATA,
KR6095238F69,,NO_MARKET_DATA,
KR6095239F27,,NO_MARKET_DATA,
KR6139152G82,,NO_MARKET_DATA,
KR6139153F58,,NO_MARKET_DATA,
KR6139153G32,,NO_MARKET_DATA,
KR6021966A92,,NO_MARKET_DATA,
KR6021966C25,,NO_MARKET_DATA,
KR6021966D73,,NO_MARKET_DATA,
KR6021966E23,,NO_MARKET_DATA,
KR6029888EC3,,NO_MARKET_DATA,
KR6029888F38,,NO_MARKET_DATA,
KR6139153G40,,NO_MARKET_DATA,
KR6139154G49,,NO_MARKET_DATA,
KR6047051E99,,NO_MARKET_DATA,
KR6047051F98,,NO_MARKET_DATA,
KR6047051G48,,NO_MARKET_DATA,
KR6047052B34,,NO_MARKET_DATA,
KR6068971G33,,NO_MARKET_DATA,
KR6069141EC8,,NO_MARKET_DATA,
KR6069201G66,,NO_MARKET_DATA,
KR6069261G48,,NO_MARKET_DATA,
KR6069461E63,,NO_MARKET_DATA,
KR6069461F39,,NO_MARKET_DATA,
KR6069461FB9,,NO_MARKET_DATA,
KR60221M1G74,,NO_MARKET_DATA,
KR60187M1G44,,NO_MARKET_DATA,
KR60187N1G42,,NO_MARKET_DATA,
KR60187P1G47,,NO_MARKET_DATA,
KR60187S1G66,,NO_MARKET_DATA,
KR60187Y1G49,,NO_MARKET_DATA,
KR6018881G45,,NO_MARKET_DATA,
KR60219T1G73,,NO_MARKET_DATA,
KR60220Z1G78,,NO_MARKET_DATA,
KR60221C1G75,,NO_MARKET_DATA,
KR60221C2G74,,NO_MARKET_DATA,
KR6032681E57,,NO_MARKET_DATA,
KR6032711D45,,NO_MARKET_DATA,
KR6056554B20,,NO_MARKET_DATA,
KR6079315EA0,,NO_MARKET_DATA,
KR6057681C98,,NO_MARKET_DATA,
KR6057681F38,,NO_MARKET_DATA,
KR6057771EB8,,NO_MARKET_DATA,
KR6057771F47,,NO_MARKET_DATA,
KR6057771F54,,NO_MARKET_DATA,
KR6057771FB5,,NO_MARKET_DATA,
KR6057881F36,,NO_MARKET_DATA,
KR6079319E74,,NO_MARKET_DATA,
KR61055629C8,,NO_MARKET_DATA,
KR6105562A26,,NO_MARKET_DATA,
KR6105562A59,,NO_MARKET_DATA,
KR6105562A75,,NO_MARKET_DATA,
KR6105562AA3,,NO_MARKET_DATA,
KR6105562B25,,NO_MARKET_DATA,
KR6105562B58,,EXCLUDED_PERPETUAL,
KR6105562BA1,,NO_MARKET_DATA,
KR6105562C24,,NO_MARKET_DATA,
KR6105562C57,,NO_MARKET_DATA,
KR6154961D93,,NO_MARKET_DATA,
KR6155021F39,,NO_MARKET_DATA,
KR6155021F54,,NO_MARKET_DATA,
KR6155031F37,,NO_MARKET_DATA,
KR6155341EA3,,NO_MARKET_DATA,
KR6155351EA2,,NO_MARKET_DATA,
KR6155351F54,,NO_MARKET_DATA,
KR6155441EB9,,NO_MARKET_DATA,
KR6199661EB0,,NO_MARKET_DATA,
KR6199701FB1,,NO_MARKET_DATA,
KR6199801DB4,,NO_MARKET_DATA,
KR6199861F63,,NO_MARKET_DATA,
KR6126311G38,,NO_MARKET_DATA,
KR6126341E91,,NO_MARKET_DATA,
KR6166262D69,,NO_MARKET_DATA,
KR6166262E27,,NO_MARKET_DATA,
KR6166262E43,,NO_MARKET_DATA,
KR6166262E84,,NO_MARKET_DATA,
KR6166262EA8,,NO_MARKET_DATA,
KR6166262EC4,,NO_MARKET_DATA,
KR6166262F18,,NO_MARKET_DATA,
KR6166262F67,,NO_MARKET_DATA,
KR6166262F75,,NO_MARKET_DATA,
KR6095239F35,,NO_MARKET_DATA,
KR6135381G42,,NO_MARKET_DATA,
KR6135381G67,,NO_MARKET_DATA,
KR6135391F90,,NO_MARKET_DATA,
KR6135421E95,,NO_MARKET_DATA,
KR6135421F52,,NO_MARKET_DATA,
KR6135461F53,,NO_MARKET_DATA,
KR6135471DA5,,NO_MARKET_DATA,
KR6135471F93,,NO_MARKET_DATA,
KR6135571F92,,NO_MARKET_DATA,
KR6135571FB5,,NO_MARKET_DATA,
KR6139482G18,2.2652770022492104,CALCULATED,중간
KR6139483B46,,NO_MARKET_DATA,
KR6139483B87,,NO_MARKET_DATA,
KR6139483D77,,NO_MARKET_DATA,
KR6174142G41,,NO_MARKET_DATA,
KR6174142G58,,NO_MARKET_DATA,
KR6174142G66,,NO_MARKET_DATA,
KR6174142G74,,NO_MARKET_DATA,
KR6174143A38,,NO_MARKET_DATA,
KR6174143D43,,NO_MARKET_DATA,
KR6069541E67,,NO_MARKET_DATA,
KR6069541F58,,NO_MARKET_DATA,
KR6069541FC6,,NO_MARKET_DATA,
KR6069541G16,,NO_MARKET_DATA,
KR6097244G17,,NO_MARKET_DATA,
KR6097244G25,,NO_MARKET_DATA,
KR6097244G33,,NO_MARKET_DATA,
KR6097244G41,,NO_MARKET_DATA,
KR6097244G58,,NO_MARKET_DATA,
KR6097244G66,,NO_MARKET_DATA,
KR6097244G74,,NO_MARKET_DATA,
KR60221K1G78,,NO_MARKET_DATA,
KR60222C1G73,,NO_MARKET_DATA,
KR60222C2G72,,NO_MARKET_DATA,
KR60222C3G71,,NO_MARKET_DATA,
KR60222C4G70,,NO_MARKET_DATA,
KR6030491D37,,NO_MARKET_DATA,
KR6030491EA7,,NO_MARKET_DATA,
KR6030491F27,,NO_MARKET_DATA,
KR6030491F35,,NO_MARKET_DATA,
KR6030491FB2,,NO_MARKET_DATA,
KR6058451E68,,NO_MARKET_DATA,
KR6058451E76,,NO_MARKET_DATA,
KR6058451G33,,NO_MARKET_DATA,
KR6079315E94,,NO_MARKET_DATA,
KR6079315EB8,,NO_MARKET_DATA,
KR6079315EC6,,NO_MARKET_DATA,
KR6079315F10,,NO_MARKET_DATA,
KR6079315F36,,NO_MARKET_DATA,
KR6079315F44,,NO_MARKET_DATA,
KR6079315F51,,NO_MARKET_DATA,
KR6079315F69,,NO_MARKET_DATA,
KR6105562C81,,NO_MARKET_DATA,
KR6145769FC1,,NO_MARKET_DATA,
KR6145769G43,,NO_MARKET_DATA,
KR614576AAA5,,NO_MARKET_DATA,
KR614576AB36,,NO_MARKET_DATA,
KR614576AD18,,NO_MARKET_DATA,
KR614576AD42,,NO_MARKET_DATA,
KR614576ADC5,,NO_MARKET_DATA,
KR614576AE58,,NO_MARKET_DATA,
KR614576AE90,,NO_MARKET_DATA,
KR614576AEB5,,NO_MARKET_DATA,
KR6199901D91,,NO_MARKET_DATA,
KR6199901FB7,,NO_MARKET_DATA,
KR6199902EA0,,NO_MARKET_DATA,
KR6199903EA8,,NO_MARKET_DATA,
KR6199904EA6,,NO_MARKET_DATA,
KR6199905EA3,,NO_MARKET_DATA,
KR6199911FB6,,NO_MARKET_DATA,
KR601980GE91,,NO_MARKET_DATA,
KR601980GF17,,NO_MARKET_DATA,
KR601980GG73,,NO_MARKET_DATA,
KR601980HE82,,NO_MARKET_DATA,
KR6166262F83,,NO_MARKET_DATA,
KR6166262F91,,NO_MARKET_DATA,
KR6205495E97,,NO_MARKET_DATA,
KR6205495EB5,,NO_MARKET_DATA,
KR6205495EC3,,NO_MARKET_DATA,
KR6205495F13,,NO_MARKET_DATA,
KR6205495F62,,NO_MARKET_DATA,
KR6205495F88,,NO_MARKET_DATA,
KR6205495FA4,,NO_MARKET_DATA,
KR6205495FB2,,NO_MARKET_DATA,
KR6205495FC0,,NO_MARKET_DATA,
KR6169375EB3,,NO_MARKET_DATA,
KR6169375EC1,,NO_MARKET_DATA,
KR6169375F16,,NO_MARKET_DATA,
KR6169375F24,,NO_MARKET_DATA,
KR6169375F32,,NO_MARKET_DATA,
KR6169375F40,,NO_MARKET_DATA,
KR6169375F65,,NO_MARKET_DATA,
KR6169375F73,,NO_MARKET_DATA,
KR6169375F99,,NO_MARKET_DATA,
KR6169375FB0,,NO_MARKET_DATA,
KR6212831FB9,,NO_MARKET_DATA,
KR6174142F42,,NO_MARKET_DATA,
KR6174142F59,,NO_MARKET_DATA,
KR6174142F75,,NO_MARKET_DATA,
KR6174142FA9,,NO_MARKET_DATA,
KR6174142FC5,,NO_MARKET_DATA,
KR60182VBG49,,NO_MARKET_DATA,
KR60183B1G46,,NO_MARKET_DATA,
KR60183B2G45,,NO_MARKET_DATA,
KR60183N2G40,,NO_MARKET_DATA,
KR60183N3G49,,NO_MARKET_DATA,
KR6097245C77,,NO_MARKET_DATA,
KR6097245D92,,NO_MARKET_DATA,
KR6097245DB7,,NO_MARKET_DATA,
KR6140178E58,,NO_MARKET_DATA,
KR6140178E74,,NO_MARKET_DATA,
KR6140178E82,,NO_MARKET_DATA,
KR6140178EA7,,NO_MARKET_DATA,
KR6140178EC3,,NO_MARKET_DATA,
KR6140178F40,,NO_MARKET_DATA,
KR6140178F73,,NO_MARKET_DATA,
KR6030491G26,,NO_MARKET_DATA,
KR6030491G67,,NO_MARKET_DATA,
KR6030491G75,,NO_MARKET_DATA,
KR6030492BA1,,NO_MARKET_DATA,
KR6030492DA7,,NO_MARKET_DATA,
KR6030492E27,,NO_MARKET_DATA,
KR6046294F22,,NO_MARKET_DATA,
KR6046294F55,,NO_MARKET_DATA,
KR6046294F71,,NO_MARKET_DATA,
KR6046294F89,,NO_MARKET_DATA,
KR6046294F97,,NO_MARKET_DATA,
KR6079315F77,,NO_MARKET_DATA,
KR6103341E66,,NO_MARKET_DATA,
KR6103341EA6,,NO_MARKET_DATA,
KR6103341F32,,NO_MARKET_DATA,
KR6103341F81,,NO_MARKET_DATA,
KR6103341G23,,NO_MARKET_DATA,
KR6103342D74,,NO_MARKET_DATA,
KR6103342EA4,,NO_MARKET_DATA,
KR6103342F31,,NO_MARKET_DATA,
KR6103342F80,,NO_MARKET_DATA,
KR614576AEC3,,NO_MARKET_DATA,
KR6192521FB0,,NO_MARKET_DATA,
KR6192521FC8,,NO_MARKET_DATA,
KR6192521G28,,NO_MARKET_DATA,
KR6192521G36,,NO_MARKET_DATA,
KR6192521G44,,NO_MARKET_DATA,
KR6192521G69,,NO_MARKET_DATA,
KR6192521G77,,NO_MARKET_DATA,
KR6192522F69,,NO_MARKET_DATA,
KR6192522FA0,,NO_MARKET_DATA,
KR6192522FB8,,NO_MARKET_DATA,
KR601980HE90,,NO_MARKET_DATA,
KR601980HF16,,NO_MARKET_DATA,
KR601980HG72,,NO_MARKET_DATA,
KR601980JD57,,NO_MARKET_DATA,
KR601980JE15,,NO_MARKET_DATA,
KR601980JE98,,NO_MARKET_DATA,
KR6029781FC7,,NO_MARKET_DATA,
KR6029781G19,,NO_MARKET_DATA,
KR6029781G27,,NO_MARKET_DATA,
KR6029781G35,,NO_MARKET_DATA,
KR6029781G50,,NO_MARKET_DATA,
KR6205495G20,,NO_MARKET_DATA,
KR6205495G38,,NO_MARKET_DATA,
KR6020761E71,,NO_MARKET_DATA,
KR60207R1G64,,NO_MARKET_DATA,
KR60207R2G63,,NO_MARKET_DATA,
KR60207R3G62,,NO_MARKET_DATA,
KR60207R4G61,,NO_MARKET_DATA,
KR60207R5G60,,NO_MARKET_DATA,
KR60207R6G69,,NO_MARKET_DATA,
KR60208B1G66,,NO_MARKET_DATA,
KR6212861D90,,NO_MARKET_DATA,
KR6212861F49,,NO_MARKET_DATA,
KR6212861F98,,NO_MARKET_DATA,
KR6212861G30,,NO_MARKET_DATA,
KR6212861G63,,NO_MARKET_DATA,
KR6212862F63,,NO_MARKET_DATA,
KR6212863F62,,NO_MARKET_DATA,
KR6212864F61,,NO_MARKET_DATA,
KR6212865F60,,NO_MARKET_DATA,
KR6212891FB3,,NO_MARKET_DATA,
KR6021321F63,,NO_MARKET_DATA,
KR60178R4G49,,NO_MARKET_DATA,
KR60178R5G48,,NO_MARKET_DATA,
KR60178R6G47,,NO_MARKET_DATA,
KR60178R7G46,,NO_MARKET_DATA,
KR60178R9G44,,NO_MARKET_DATA,
KR6021966F48,,NO_MARKET_DATA,
KR6021966F55,,NO_MARKET_DATA,
KR6021966F63,,NO_MARKET_DATA,
KR6021966F71,,NO_MARKET_DATA,
KR6021966F89,,NO_MARKET_DATA,
KR6140178FA4,,NO_MARKET_DATA,
KR6140178FC0,,NO_MARKET_DATA,
KR6140178G56,,NO_MARKET_DATA,
KR6176941G72,,NO_MARKET_DATA,
KR6176941G80,,NO_MARKET_DATA,
KR6176942D41,,NO_MARKET_DATA,
KR6176942E40,,NO_MARKET_DATA,
KR6176942E57,,NO_MARKET_DATA,
KR6176942E65,,NO_MARKET_DATA,
KR6176942E73,,NO_MARKET_DATA,
KR6176942E81,,NO_MARKET_DATA,
KR6046294FA4,,NO_MARKET_DATA,
KR6046294FB2,,NO_MARKET_DATA,
KR6046294FC0,,NO_MARKET_DATA,
KR6046294G13,,NO_MARKET_DATA,
KR6046294G21,,NO_MARKET_DATA,
KR6046294G47,,NO_MARKET_DATA,
KR6066981DB4,,NO_MARKET_DATA,
KR6066981G68,,NO_MARKET_DATA,
KR6067081F90,,NO_MARKET_DATA,
KR6067171G17,,EXCLUDED_OPTION,
KR6067251B72,,NO_MARKET_DATA,
KR6103342G22,,NO_MARKET_DATA,
KR6145764G30,,NO_MARKET_DATA,
KR6145764G48,,NO_MARKET_DATA,
KR6145764G63,,NO_MARKET_DATA,
KR6145765915,,NO_MARKET_DATA,
KR6145765D24,,NO_MARKET_DATA,
KR6145765D32,,NO_MARKET_DATA,
KR6145765DB6,,NO_MARKET_DATA,
KR6145765E15,,NO_MARKET_DATA,
KR6145765E49,,NO_MARKET_DATA,
KR6145765E72,,NO_MARKET_DATA,
KR6192522G27,,NO_MARKET_DATA,
KR60196T1G57,,NO_MARKET_DATA,
KR6025102E37,0.5358852947862967,CALCULATED,중간
KR60196W1G51,,NO_MARKET_DATA,
KR60196Y1G57,,NO_MARKET_DATA,
KR60196Z1G54,,NO_MARKET_DATA,
KR60197A1G55,,NO_MARKET_DATA,
KR60197B1G53,,NO_MARKET_DATA,
KR60197C1G51,,NO_MARKET_DATA,
KR60197F1G54,,NO_MARKET_DATA,
KR60197G1G52,,NO_MARKET_DATA,
KR6029781G68,,NO_MARKET_DATA,
KR6029781G76,,NO_MARKET_DATA,
KR60297828A0,,NO_MARKET_DATA,
KR6029782986,,NO_MARKET_DATA,
KR6029782A97,,NO_MARKET_DATA,
KR603271BD75,,NO_MARKET_DATA,
KR603271BE17,,NO_MARKET_DATA,
KR603271BE41,,NO_MARKET_DATA,
KR603271BE58,,NO_MARKET_DATA,
KR603271BE66,,NO_MARKET_DATA,
KR603271BE74,,NO_MARKET_DATA,
KR6029787G70,,NO_MARKET_DATA,
KR60208H1G71,,NO_MARKET_DATA,
KR60208H2G70,,NO_MARKET_DATA,
KR6029787F63,,NO_MARKET_DATA,
KR6029787F71,,NO_MARKET_DATA,
KR6029787F89,,NO_MARKET_DATA,
KR6029787F97,,NO_MARKET_DATA,
KR6029787FC4,,NO_MARKET_DATA,
KR6029787G13,,NO_MARKET_DATA,
KR6029787G47,,NO_MARKET_DATA,
KR6029787G54,,NO_MARKET_DATA,
KR6021321F97,,NO_MARKET_DATA,
KR6021321FB2,,NO_MARKET_DATA,
KR6021321G54,,NO_MARKET_DATA,
KR60213C1G64,,NO_MARKET_DATA,
KR60213H2G62,,NO_MARKET_DATA,
KR60213H3G61,,NO_MARKET_DATA,
KR60213H4G60,,NO_MARKET_DATA,
KR60213H5G69,,NO_MARKET_DATA,
KR60213H6G68,,NO_MARKET_DATA,
KR6029883F25,,NO_MARKET_DATA,
KR6021966E98,,NO_MARKET_DATA,
KR6021966EA9,,NO_MARKET_DATA,
KR6021966EB7,,NO_MARKET_DATA,
KR6021966EC5,,NO_MARKET_DATA,
KR6021966F14,,NO_MARKET_DATA,
KR6021966F30,,NO_MARKET_DATA,
KR6029888G52,,NO_MARKET_DATA,
KR6029889872,,NO_MARKET_DATA,
KR60298899G7,,NO_MARKET_DATA,
KR6029889A65,,NO_MARKET_DATA,
KR6029889AB1,,NO_MARKET_DATA,
KR6176942EC9,,NO_MARKET_DATA,
KR6176942F15,,NO_MARKET_DATA,
KR6176942F23,,NO_MARKET_DATA,
KR6023531F99,,NO_MARKET_DATA,
KR6023531G15,,NO_MARKET_DATA,
KR6019301FC6,,NO_MARKET_DATA,
KR60193D1G58,,NO_MARKET_DATA,
KR60193D2G57,,NO_MARKET_DATA,
KR60193E1G56,,NO_MARKET_DATA,
KR60193E1G72,,NO_MARKET_DATA,
KR6067251E61,,NO_MARKET_DATA,
KR6067252B71,,NO_MARKET_DATA,
KR6067291G53,,NO_MARKET_DATA,
KR6067292G52,,NO_MARKET_DATA,
KR6067311D37,,NO_MARKET_DATA,
KR6067311E36,,NO_MARKET_DATA,
KR6097242F44,,NO_MARKET_DATA,
KR6097242F51,,NO_MARKET_DATA,
KR6097242F69,,NO_MARKET_DATA,
KR6097242F77,,NO_MARKET_DATA,
KR6097242F85,,NO_MARKET_DATA,
KR6145765E80,,NO_MARKET_DATA,
KR6186131EA1,,NO_MARKET_DATA,
KR6186181EA6,,NO_MARKET_DATA,
KR6186191EA5,,NO_MARKET_DATA,
KR6186191FA2,,NO_MARKET_DATA,
KR6186231F30,,NO_MARKET_DATA,
KR6186281F96,,NO_MARKET_DATA,
KR6186331EA7,,NO_MARKET_DATA,
KR6186431FB0,,NO_MARKET_DATA,
KR6186461EA2,,NO_MARKET_DATA,
KR6186461F98,,NO_MARKET_DATA,
KR60197H1G50,,NO_MARKET_DATA,
KR60197K1G54,,NO_MARKET_DATA,
KR6025101G77,,NO_MARKET_DATA,
KR6025102F44,,NO_MARKET_DATA,
KR6025102F51,,NO_MARKET_DATA,
KR6025103F43,,NO_MARKET_DATA,
KR6025441E52,,NO_MARKET_DATA,
KR6025441F51,,NO_MARKET_DATA,
KR6025561D99,,NO_MARKET_DATA,
KR6025561DA6,,NO_MARKET_DATA,
KR6025621FA3,,NO_MARKET_DATA,
KR603271BEB4,,NO_MARKET_DATA,
KR603271BEC2,,NO_MARKET_DATA,
KR603271BF32,,NO_MARKET_DATA,
KR603271BF57,,NO_MARKET_DATA,
KR603271BF73,,NO_MARKET_DATA,
KR6063622353,,NO_MARKET_DATA,
KR6063622692,,NO_MARKET_DATA,
KR6063622726,,NO_MARKET_DATA,
KR6063622759,,NO_MARKET_DATA,
KR6063622767,,NO_MARKET_DATA,
KR6029787G62,,NO_MARKET_DATA,
KR6029788B33,,NO_MARKET_DATA,
KR6033664F89,,NO_MARKET_DATA,
KR6033664F97,,NO_MARKET_DATA,
KR6033664FC9,,NO_MARKET_DATA,
KR6033664G13,,NO_MARKET_DATA,
KR6033664G21,,NO_MARKET_DATA,
KR6033664G39,,NO_MARKET_DATA,
KR6033664G47,,NO_MARKET_DATA,
KR6033664G54,,NO_MARKET_DATA,
KR6029883F33,,NO_MARKET_DATA,
KR6029883F41,,NO_MARKET_DATA,
KR6029883F58,,NO_MARKET_DATA,
KR6029883F66,,NO_MARKET_DATA,
KR6029883F82,,NO_MARKET_DATA,
KR6029883F90,,NO_MARKET_DATA,
KR6029883FA5,,NO_MARKET_DATA,
KR6029883FB3,,NO_MARKET_DATA,
KR6029883FC1,,NO_MARKET_DATA,
KR6029883G32,,NO_MARKET_DATA,
KR6034121F50,,NO_MARKET_DATA,
KR6029889F78,,NO_MARKET_DATA,
KR6029889F94,,NO_MARKET_DATA,
KR6029889FA2,,NO_MARKET_DATA,
KR6029889FB0,,NO_MARKET_DATA,
KR6029889FC8,,NO_MARKET_DATA,
KR6029889G51,,NO_MARKET_DATA,
KR6038111F61,,NO_MARKET_DATA,
KR6038111G29,,NO_MARKET_DATA,
KR6038231E91,,NO_MARKET_DATA,
KR6038231EA9,,NO_MARKET_DATA,
KR6038231F41,,NO_MARKET_DATA,
KR60193E2G55,,NO_MARKET_DATA,
KR60193X2G55,,NO_MARKET_DATA,
KR60193X3G54,,NO_MARKET_DATA,
KR60193X4G53,,NO_MARKET_DATA,
KR6019451F10,,NO_MARKET_DATA,
KR6030624D37,,NO_MARKET_DATA,
KR6023531G64,,NO_MARKET_DATA,
KR6023532882,,NO_MARKET_DATA,
KR6023532981,,NO_MARKET_DATA,
KR6023532A77,,NO_MARKET_DATA,
KR6140175F68,,NO_MARKET_DATA,
KR6097242F93,,NO_MARKET_DATA,
KR6097242FA1,,NO_MARKET_DATA,
KR6097242FB9,,NO_MARKET_DATA,
KR6097242FC7,,NO_MARKET_DATA,
KR6097242G19,,NO_MARKET_DATA,
KR6140175EB1,,NO_MARKET_DATA,
KR6140175EC9,,NO_MARKET_DATA,
KR6140175F27,,NO_MARKET_DATA,
KR6140175F43,,NO_MARKET_DATA,
KR6186571EA8,,NO_MARKET_DATA,
KR601945DE80,,NO_MARKET_DATA,
KR601945DEC9,,NO_MARKET_DATA,
KR601945DF63,,NO_MARKET_DATA,
KR601945DG39,,NO_MARKET_DATA,
KR601945EE97,,NO_MARKET_DATA,
KR601945EEC7,,NO_MARKET_DATA,
KR601945EF62,,NO_MARKET_DATA,
KR601945FD89,,NO_MARKET_DATA,
KR601945FE96,,NO_MARKET_DATA,
KR6025621G60,,NO_MARKET_DATA,
KR6032713E83,,NO_MARKET_DATA,
KR6032713E91,,NO_MARKET_DATA,
KR6032713EA2,,NO_MARKET_DATA,
KR6032713EB0,,NO_MARKET_DATA,
KR6032713EC8,,NO_MARKET_DATA,
KR6032713F17,,NO_MARKET_DATA,
KR6032713F25,,NO_MARKET_DATA,
KR6032713F33,,NO_MARKET_DATA,
KR6032713F41,,NO_MARKET_DATA,
KR6032713F58,,NO_MARKET_DATA,
KR6063622775,,NO_MARKET_DATA,
KR6063622791,,NO_MARKET_DATA,
KR6063622841,,NO_MARKET_DATA,
KR6063622890,,NO_MARKET_DATA,
KR60636228B1,,NO_MARKET_DATA,
KR608368PR50,,NO_MARKET_DATA,
KR6084111BB0,,NO_MARKET_DATA,
KR6084111FB1,,NO_MARKET_DATA,
KR6084182D79,,NO_MARKET_DATA,
KR6084481F59,,NO_MARKET_DATA,
KR6084621F50,,NO_MARKET_DATA,
KR6033664G62,,NO_MARKET_DATA,
KR6033664G70,,NO_MARKET_DATA,
KR6064983E55,,NO_MARKET_DATA,
KR6064983E63,,NO_MARKET_DATA,
KR6064983F13,,NO_MARKET_DATA,
KR6064983G12,,NO_MARKET_DATA,
KR6064983G61,,NO_MARKET_DATA,
KR6064984844,,NO_MARKET_DATA,
KR6064984C72,,NO_MARKET_DATA,
KR6064984G11,,NO_MARKET_DATA,
KR6034122E84,,NO_MARKET_DATA,
KR6034122F59,,NO_MARKET_DATA,
KR6034222B94,0.0926880392043923,CALCULATED,저민감
KR6034222C28,,NO_MARKET_DATA,
KR6034231B85,,NO_MARKET_DATA,
KR6034231FA0,,NO_MARKET_DATA,
KR6034232FA8,,NO_MARKET_DATA,
KR6034301C63,,NO_MARKET_DATA,
KR6034301E53,,NO_MARKET_DATA,
KR6034301F29,,NO_MARKET_DATA,
KR6065905B76,,NO_MARKET_DATA,
KR6037712E67,,NO_MARKET_DATA,
KR6037761F82,,NO_MARKET_DATA,
KR6037761F90,,NO_MARKET_DATA,
KR6038011F96,,NO_MARKET_DATA,
KR6038071FC2,,NO_MARKET_DATA,
KR6038111F20,,NO_MARKET_DATA,
KR606590BG38,,NO_MARKET_DATA,
KR606590CB81,,NO_MARKET_DATA,
KR606590CC31,,NO_MARKET_DATA,
KR606590CC49,,NO_MARKET_DATA,
KR606590CC80,,NO_MARKET_DATA,
KR6023532A93,,NO_MARKET_DATA,
KR6023532E16,0.4202187675633562,CALCULATED,저민감
KR6023532E40,,NO_MARKET_DATA,
KR6023532F49,,NO_MARKET_DATA,
KR6030623G68,,NO_MARKET_DATA,
KR6030623G76,,NO_MARKET_DATA,
KR6030623G84,,NO_MARKET_DATA,
KR6030624D45,,NO_MARKET_DATA,
KR6030624E51,,NO_MARKET_DATA,
KR6030624E69,,NO_MARKET_DATA,
KR6030624E77,,NO_MARKET_DATA,
KR6140175F50,,NO_MARKET_DATA,
KR6140175F76,,NO_MARKET_DATA,
KR6140175F84,,NO_MARKET_DATA,
KR6140175FA0,,NO_MARKET_DATA,
KR6140175FC6,,NO_MARKET_DATA,
KR6175272F66,,NO_MARKET_DATA,
KR6175273F65,,NO_MARKET_DATA,
KR6175274F64,,NO_MARKET_DATA,
KR6175275F63,,NO_MARKET_DATA,
KR6175311G43,,NO_MARKET_DATA,
KR6175331950,,NO_MARKET_DATA,
KR601945GE95,,NO_MARKET_DATA,
KR6023785G67,,NO_MARKET_DATA,
KR6023785G75,,NO_MARKET_DATA,
KR6023786D44,,NO_MARKET_DATA,
KR6023786D93,,NO_MARKET_DATA,
KR6032711E51,,NO_MARKET_DATA,
KR6023786DB9,,NO_MARKET_DATA,
KR6023786E35,,NO_MARKET_DATA,
KR6023786E50,,NO_MARKET_DATA,
KR6023786E84,,NO_MARKET_DATA,
KR6023786E92,,NO_MARKET_DATA,
KR6032713F66,,NO_MARKET_DATA,
KR6060004EA1,,NO_MARKET_DATA,
KR6060004EB9,,NO_MARKET_DATA,
KR6060004EC7,,NO_MARKET_DATA,
KR6060004F99,,NO_MARKET_DATA,
KR6060004FA8,,NO_MARKET_DATA,
KR6060004FB6,,NO_MARKET_DATA,
KR6060004G15,,NO_MARKET_DATA,
KR6060004G23,,NO_MARKET_DATA,
KR6060004G49,,NO_MARKET_DATA,
KR6060004G56,,NO_MARKET_DATA,
KR6084621F92,,NO_MARKET_DATA,
KR6084651D14,,NO_MARKET_DATA,
KR6084651G52,,NO_MARKET_DATA,
KR6084691E49,,NO_MARKET_DATA,
KR6084851G76,,NO_MARKET_DATA,
KR6117721F99,,NO_MARKET_DATA,
KR6117721FB8,,NO_MARKET_DATA,
KR6117721FC6,,NO_MARKET_DATA,
KR6117721G23,,NO_MARKET_DATA,
KR6117721G31,,NO_MARKET_DATA,
KR6117721G56,,NO_MARKET_DATA,
KR6064984G60,,NO_MARKET_DATA,
KR6064985G10,,NO_MARKET_DATA,
KR6092263EA5,,NO_MARKET_DATA,
KR6092264EA3,,NO_MARKET_DATA,
KR6092265EA0,,NO_MARKET_DATA,
KR6092301D94,,NO_MARKET_DATA,
KR6092301FB8,,NO_MARKET_DATA,
KR6092471E89,,NO_MARKET_DATA,
KR6092471E97,,NO_MARKET_DATA,
KR6092471EA4,,NO_MARKET_DATA,
KR6092471EC0,,NO_MARKET_DATA,
KR6065905C26,,NO_MARKET_DATA,
KR6065905C42,,NO_MARKET_DATA,
KR6065905C75,,NO_MARKET_DATA,
KR6065905CA8,,NO_MARKET_DATA,
KR6065905D82,,NO_MARKET_DATA,
KR6065905DC2,,NO_MARKET_DATA,
KR6065905E16,,NO_MARKET_DATA,
KR6065905E24,,NO_MARKET_DATA,
KR6095341C25,,NO_MARKET_DATA,
KR6065905E32,,NO_MARKET_DATA,
KR6065905E81,,NO_MARKET_DATA,
KR606590DC89,,NO_MARKET_DATA,
KR606590DE12,,NO_MARKET_DATA,
KR606590DE20,,NO_MARKET_DATA,
KR606590DE87,,NO_MARKET_DATA,
KR6095926D84,,NO_MARKET_DATA,
KR606590DF11,,NO_MARKET_DATA,
KR606590DF86,,NO_MARKET_DATA,
KR6095925F59,,NO_MARKET_DATA,
KR6095925F91,,NO_MARKET_DATA,
KR6095925FB1,,NO_MARKET_DATA,
KR6095925FC9,,NO_MARKET_DATA,
KR6030624E93,,NO_MARKET_DATA,
KR6030624EA3,,NO_MARKET_DATA,
KR6030624EB1,,NO_MARKET_DATA,
KR6047052D81,,NO_MARKET_DATA,
KR6047052E98,,NO_MARKET_DATA,
KR6047052F97,,NO_MARKET_DATA,
KR6047052G47,,NO_MARKET_DATA,
KR6047053D80,,NO_MARKET_DATA,
KR6047053E97,,NO_MARKET_DATA,
KR6047053F96,,NO_MARKET_DATA,
KR61753319C1,,NO_MARKET_DATA,
KR6175331D26,,NO_MARKET_DATA,
KR6175331E41,,EXCLUDED_PERPETUAL,
KR6175331E90,,EXCLUDED_PERPETUAL,
KR6175331EC6,,EXCLUDED_PERPETUAL,
KR6019451F28,,NO_MARKET_DATA,
KR6019451F36,,NO_MARKET_DATA,
KR6019451F44,,NO_MARKET_DATA,
KR6019451F51,,NO_MARKET_DATA,
KR6019451F69,,NO_MARKET_DATA,
KR6023786EB7,,NO_MARKET_DATA,
KR6023786EC5,,NO_MARKET_DATA,
KR6032711DB6,,NO_MARKET_DATA,
KR6032711DC4,,NO_MARKET_DATA,
KR6032711E28,,NO_MARKET_DATA,
KR6032711E44,,NO_MARKET_DATA,
KR6032711E69,,NO_MARKET_DATA,
KR6032711E77,,NO_MARKET_DATA,
KR6032711E85,,NO_MARKET_DATA,
KR6032711E93,,NO_MARKET_DATA,
KR6032711EA6,,NO_MARKET_DATA,
KR6060004G64,,NO_MARKET_DATA,
KR6079319E82,,NO_MARKET_DATA,
KR6079319E90,,NO_MARKET_DATA,
KR6079319EB0,,NO_MARKET_DATA,
KR6079319F16,,NO_MARKET_DATA,
KR6079319F40,,NO_MARKET_DATA,
KR6079319F57,,NO_MARKET_DATA,
KR6079319F73,,NO_MARKET_DATA,
KR6079319F99,,NO_MARKET_DATA,
KR6079319FB7,,NO_MARKET_DATA,
KR6079319FC5,,NO_MARKET_DATA,
KR6117722FB6,,NO_MARKET_DATA,
KR6117723FB4,,NO_MARKET_DATA,
KR6117731CB4,,NO_MARKET_DATA,
KR6117731D65,,NO_MARKET_DATA,
KR6117731EA2,,NO_MARKET_DATA,
KR6155721EA6,,NO_MARKET_DATA,
KR6155721F16,,NO_MARKET_DATA,
KR6155721F65,,NO_MARKET_DATA,
KR6155721G31,,NO_MARKET_DATA,
KR6155722921,,NO_MARKET_DATA,
KR6200111FB0,,NO_MARKET_DATA,
KR6092471F13,,NO_MARKET_DATA,
KR6092471F21,,NO_MARKET_DATA,
KR6092471F39,,NO_MARKET_DATA,
KR6126341G32,,NO_MARKET_DATA,
KR6126342E90,,NO_MARKET_DATA,
KR6126601G60,,NO_MARKET_DATA,
KR6126731C91,,NO_MARKET_DATA,
KR6126902EA8,,NO_MARKET_DATA,
KR6126903EA6,,NO_MARKET_DATA,
KR6126904EA4,,NO_MARKET_DATA,
KR6126905EA1,,NO_MARKET_DATA,
KR6095239F68,,NO_MARKET_DATA,
KR609523AEA6,,NO_MARKET_DATA,
KR609523AF28,,NO_MARKET_DATA,
KR609523AF36,,NO_MARKET_DATA,
KR609523BF27,,NO_MARKET_DATA,
KR609523CF26,,NO_MARKET_DATA,
KR609523DF25,,NO_MARKET_DATA,
KR609523EF24,,NO_MARKET_DATA,
KR6095271F91,,NO_MARKET_DATA,
KR6135601FA2,,NO_MARKET_DATA,
KR6095925E92,,NO_MARKET_DATA,
KR6095925F26,,NO_MARKET_DATA,
KR6095925F34,,NO_MARKET_DATA,
KR6095925F42,,NO_MARKET_DATA,
KR6139481G19,,NO_MARKET_DATA,
KR6139482B88,,NO_MARKET_DATA,
KR6139482C46,,NO_MARKET_DATA,
KR6139482D78,,NO_MARKET_DATA,
KR6139482E28,,NO_MARKET_DATA,
KR6139482F27,,NO_MARKET_DATA,
KR6047561D28,,NO_MARKET_DATA,
KR6047561F26,,NO_MARKET_DATA,
KR6047561F91,,NO_MARKET_DATA,
KR6069541G40,,NO_MARKET_DATA,
KR6069541G57,,NO_MARKET_DATA,
KR6069541G81,,NO_MARKET_DATA,
KR6069571G50,,NO_MARKET_DATA,
KR6069591A45,,NO_MARKET_DATA,
KR6069591F24,,NO_MARKET_DATA,
KR6069592AB2,,NO_MARKET_DATA,
KR6069592F23,,NO_MARKET_DATA,
KR6019451F77,,NO_MARKET_DATA,
KR6019451F85,,NO_MARKET_DATA,
KR6019451FA3,,NO_MARKET_DATA,
KR6019451FB1,,NO_MARKET_DATA,
KR6019451FC9,,NO_MARKET_DATA,
KR60222C5G79,,NO_MARKET_DATA,
KR60222C6G78,,NO_MARKET_DATA,
KR60222C7G77,,NO_MARKET_DATA,
KR60222C8G76,,NO_MARKET_DATA,
KR60222C9G75,,NO_MARKET_DATA,
KR6032711EB4,,NO_MARKET_DATA,
KR6058452G32,,NO_MARKET_DATA,
KR6058651F65,,NO_MARKET_DATA,
KR6058651G31,,NO_MARKET_DATA,
KR6058652F64,,NO_MARKET_DATA,
KR6058652G30,,NO_MARKET_DATA,
KR6058731EC9,,NO_MARKET_DATA,
KR6058731F85,,NO_MARKET_DATA,
KR6058821E79,,NO_MARKET_DATA,
KR6058821G77,,NO_MARKET_DATA,
KR6059091C49,,NO_MARKET_DATA,
KR6105562D23,,NO_MARKET_DATA,
KR614576AG49,,NO_MARKET_DATA,
KR6192523F68,,NO_MARKET_DATA,
KR6105562EA5,,NO_MARKET_DATA,
KR6105562F13,,NO_MARKET_DATA,
KR6105562F21,,NO_MARKET_DATA,
KR6105562F39,,NO_MARKET_DATA,
KR6105562F47,,NO_MARKET_DATA,
KR6105562F54,,NO_MARKET_DATA,
KR6105562F70,,NO_MARKET_DATA,
KR6105562G12,,NO_MARKET_DATA,
KR6155722C26,,NO_MARKET_DATA,
KR6155722E16,,NO_MARKET_DATA,
KR6155722E57,,NO_MARKET_DATA,
KR6155722EA4,,NO_MARKET_DATA,
KR6155722F15,,NO_MARKET_DATA,
KR6199941F59,,NO_MARKET_DATA,
KR6199941FB3,,NO_MARKET_DATA,
KR6199951FB2,,NO_MARKET_DATA,
KR6199961FB1,,NO_MARKET_DATA,
KR6200071FB6,,NO_MARKET_DATA,
KR6200101FB1,,NO_MARKET_DATA,
KR6126961E90,,NO_MARKET_DATA,
KR6126991EA1,,NO_MARKET_DATA,
KR6126991F51,,NO_MARKET_DATA,
KR6123272DC7,,NO_MARKET_DATA,
KR6123272EB7,0.2309192778366957,CALCULATED,저민감
KR6123272G40,,NO_MARKET_DATA,
KR6123841E10,,NO_MARKET_DATA,
KR6123841E36,,NO_MARKET_DATA,
KR6123841E44,,NO_MARKET_DATA,
KR6123861G62,,NO_MARKET_DATA,
KR6123891F26,,NO_MARKET_DATA,
KR6135721G58,,NO_MARKET_DATA,
KR6135791FA1,,NO_MARKET_DATA,
KR6135821E91,,NO_MARKET_DATA,
KR6135821FB4,,NO_MARKET_DATA,
KR6135831G55,,NO_MARKET_DATA,
KR6135851F51,,NO_MARKET_DATA,
KR6135881F63,,NO_MARKET_DATA,
KR6135881G62,,NO_MARKET_DATA,
KR6135971FB7,,NO_MARKET_DATA,
KR6135971G48,,NO_MARKET_DATA,
KR60208TDG66,,NO_MARKET_DATA,
KR6139911G43,,NO_MARKET_DATA,
KR6139991EC2,,NO_MARKET_DATA,
KR6139991G20,,NO_MARKET_DATA,
KR6139991G53,,NO_MARKET_DATA,
KR6139991G79,,NO_MARKET_DATA,
KR6174143E67,,NO_MARKET_DATA,
KR6174143E75,,NO_MARKET_DATA,
KR6174143E91,,NO_MARKET_DATA,
KR6174143EA0,,NO_MARKET_DATA,
KR6174143EC6,,NO_MARKET_DATA,
KR6174143F17,,NO_MARKET_DATA,
KR6069593B42,,NO_MARKET_DATA,
KR6069621F44,,NO_MARKET_DATA,
KR6069622E44,,NO_MARKET_DATA,
KR6097245DC5,,NO_MARKET_DATA,
KR6097245E75,,NO_MARKET_DATA,
KR6097245E91,,NO_MARKET_DATA,
KR6097245EA7,,NO_MARKET_DATA,
KR6097245EB5,,NO_MARKET_DATA,
KR6097245EC3,,NO_MARKET_DATA,
KR6097245F25,,NO_MARKET_DATA,
KR60222CAG78,,NO_MARKET_DATA,
KR60222CBG77,,NO_MARKET_DATA,
KR60222CCG76,,NO_MARKET_DATA,
KR60222CDG75,,NO_MARKET_DATA,
KR6030492EA5,,NO_MARKET_DATA,
KR6030492F26,,NO_MARKET_DATA,
KR6030492FB0,,NO_MARKET_DATA,
KR6030492G25,,NO_MARKET_DATA,
KR6030492G66,,NO_MARKET_DATA,
KR6030492G74,,NO_MARKET_DATA,
KR6059091C56,,NO_MARKET_DATA,
KR6079315F85,,NO_MARKET_DATA,
KR6079315F93,,NO_MARKET_DATA,
KR6079315FA7,,NO_MARKET_DATA,
KR6079315FB5,,NO_MARKET_DATA,
KR6079315FC3,,NO_MARKET_DATA,
KR6079315G27,,NO_MARKET_DATA,
KR6079315G43,,NO_MARKET_DATA,
KR6079315G50,,NO_MARKET_DATA,
KR6079315G68,,NO_MARKET_DATA,
KR6079315G76,,NO_MARKET_DATA,
KR6105562G46,,NO_MARKET_DATA,
KR6105562G53,,NO_MARKET_DATA,
KR614576AF99,,NO_MARKET_DATA,
KR614576BAA3,,NO_MARKET_DATA,
KR614576BD17,,NO_MARKET_DATA,
KR614576BE57,,NO_MARKET_DATA,
KR614576BE99,,NO_MARKET_DATA,
KR614576BEB3,,NO_MARKET_DATA,
KR614576BEC1,,NO_MARKET_DATA,
KR614576BF98,,NO_MARKET_DATA,
KR614576CA27,,NO_MARKET_DATA,
KR6200112FB8,,NO_MARKET_DATA,
KR6200231AA9,,NO_MARKET_DATA,
KR6200231DC9,,NO_MARKET_DATA,
KR6200231E48,,NO_MARKET_DATA,
KR6200231EC7,,NO_MARKET_DATA,
KR601980AEC2,,NO_MARKET_DATA,
KR601980AF13,,NO_MARKET_DATA,
KR601980AF21,,NO_MARKET_DATA,
KR601980AF47,,NO_MARKET_DATA,
KR601980AF54,,NO_MARKET_DATA,
KR601980AF88,,NO_MARKET_DATA,
KR6123892E42,0.6630760484375869,CALCULATED,중간
KR6123892F25,1.3970036638101393,CALCULATED,중간
KR6163711FB2,,NO_MARKET_DATA,
KR6163731G58,,NO_MARKET_DATA,
KR6163732G57,,NO_MARKET_DATA,
KR6163811FB0,,NO_MARKET_DATA,
KR6163831FB8,,NO_MARKET_DATA,
KR6163851FB6,,NO_MARKET_DATA,
KR6163871FB4,,NO_MARKET_DATA,
KR6163911FB8,,NO_MARKET_DATA,
KR6163961FB3,,NO_MARKET_DATA,
KR6095232F40,,NO_MARKET_DATA,
KR6095232F65,,NO_MARKET_DATA,
KR6131791E62,,NO_MARKET_DATA,
KR6131791EA8,,NO_MARKET_DATA,
KR6131791F20,,NO_MARKET_DATA,
KR6131791F79,,NO_MARKET_DATA,
KR6131791FA5,,NO_MARKET_DATA,
KR6131791G29,,NO_MARKET_DATA,
KR6131792D88,,NO_MARKET_DATA,
KR6131792DA8,,NO_MARKET_DATA,
KR6174143D50,,NO_MARKET_DATA,
KR6174143D68,,NO_MARKET_DATA,
KR6174143E26,,NO_MARKET_DATA,
KR60178R8G45,,NO_MARKET_DATA,
KR6174143E34,,NO_MARKET_DATA,
KR6174143E42,,NO_MARKET_DATA,
KR60178J1G31,,NO_MARKET_DATA,
KR60178K1G47,,NO_MARKET_DATA,
KR60178N1G33,,NO_MARKET_DATA,
KR60178R2G41,,NO_MARKET_DATA,
KR6097245F41,,NO_MARKET_DATA,
KR6097245F58,,NO_MARKET_DATA,
KR6097245F66,,NO_MARKET_DATA,
KR6140178G72,,NO_MARKET_DATA,
KR6140179BB9,,NO_MARKET_DATA,
KR6140179E16,,NO_MARKET_DATA,
KR6140179E57,,NO_MARKET_DATA,
KR6140179E81,,NO_MARKET_DATA,
KR6140179EA5,,NO_MARKET_DATA,
KR6140179EB3,,NO_MARKET_DATA,
KR6030493G24,,NO_MARKET_DATA,
KR6030611G39,,NO_MARKET_DATA,
KR6030612E48,,NO_MARKET_DATA,
KR6030612G38,,NO_MARKET_DATA,
KR6030621E62,,NO_MARKET_DATA,
KR6046294G54,,NO_MARKET_DATA,
KR6046294G62,,NO_MARKET_DATA,
KR6046294G70,,NO_MARKET_DATA,
KR6046295DB4,,NO_MARKET_DATA,
KR6046295EB2,,NO_MARKET_DATA,
KR6046295EC0,,NO_MARKET_DATA,
KR6103343E72,,NO_MARKET_DATA,
KR6103343F89,,NO_MARKET_DATA,
KR6103343G21,,NO_MARKET_DATA,
KR6103521F67,,NO_MARKET_DATA,
KR6103521G33,,NO_MARKET_DATA,
KR6103661G66,,NO_MARKET_DATA,
KR6103701EB9,,NO_MARKET_DATA,
KR6103701G35,,NO_MARKET_DATA,
KR6103771FB9,,NO_MARKET_DATA,
KR6103771G48,,NO_MARKET_DATA,
KR6103771G63,,NO_MARKET_DATA,
KR614576CC82,,NO_MARKET_DATA,
KR6192522G43,,NO_MARKET_DATA,
KR6192522G76,,NO_MARKET_DATA,
KR6192523G26,,NO_MARKET_DATA,
KR6192524FB4,,NO_MARKET_DATA,
KR6192531F27,,NO_MARKET_DATA,
KR6192531F68,,NO_MARKET_DATA,
KR6192531F84,,NO_MARKET_DATA,
KR6192531F92,,NO_MARKET_DATA,
KR6192531FA1,,NO_MARKET_DATA,
KR6192531FB9,,NO_MARKET_DATA,
KR6197781F56,,NO_MARKET_DATA,
KR6197791EB7,,NO_MARKET_DATA,
KR6197801F52,,NO_MARKET_DATA,
KR6197811F50,,NO_MARKET_DATA,
KR6197851EB9,,NO_MARKET_DATA,
KR6197851FA8,,NO_MARKET_DATA,
KR6019806F12,,NO_MARKET_DATA,
KR6019806F20,,NO_MARKET_DATA,
KR6019806F46,,NO_MARKET_DATA,
KR6019806F53,,NO_MARKET_DATA,
KR6019806F61,,NO_MARKET_DATA,
KR6164001FB7,,NO_MARKET_DATA,
KR6164061BB0,,NO_MARKET_DATA,
KR6164062BB8,,NO_MARKET_DATA,
KR6205492F16,,NO_MARKET_DATA,
KR6205492F24,,NO_MARKET_DATA,
KR6205492F32,,NO_MARKET_DATA,
KR6205492F40,,NO_MARKET_DATA,
KR6205492F57,,NO_MARKET_DATA,
KR6205492F65,,NO_MARKET_DATA,
KR6205492F73,,NO_MARKET_DATA,
KR6205492F81,,NO_MARKET_DATA,
KR6131792E12,,NO_MARKET_DATA,
KR6131792E61,,NO_MARKET_DATA,
KR6169372E44,,NO_MARKET_DATA,
KR6169372E85,,NO_MARKET_DATA,
KR6169372E93,,NO_MARKET_DATA,
KR6169372EA2,,NO_MARKET_DATA,
KR6169372EB0,,NO_MARKET_DATA,
KR6169372F19,,NO_MARKET_DATA,
KR6207761E58,,NO_MARKET_DATA,
KR6169372F27,,NO_MARKET_DATA,
KR6169372F35,,NO_MARKET_DATA,
KR6169912FB0,,NO_MARKET_DATA,
KR6170031FC4,,NO_MARKET_DATA,
KR6170841FB8,,NO_MARKET_DATA,
KR6170901F90,,NO_MARKET_DATA,
KR6214345G65,,NO_MARKET_DATA,
KR6214346DB1,,NO_MARKET_DATA,
KR6214346E33,,NO_MARKET_DATA,
KR6214346EB9,0.2482564569296437,CALCULATED,저민감
KR6214346F65,,NO_MARKET_DATA,
KR6214346G56,,NO_MARKET_DATA,
KR6214346G64,,NO_MARKET_DATA,
KR6140179EC1,,NO_MARKET_DATA,
KR6140179F49,,NO_MARKET_DATA,
KR6140179F72,,NO_MARKET_DATA,
KR6176942F31,,NO_MARKET_DATA,
KR6176942F49,,NO_MARKET_DATA,
KR6176942F64,,NO_MARKET_DATA,
KR6176942F72,,NO_MARKET_DATA,
KR6176942F80,,NO_MARKET_DATA,
KR6176942F98,,NO_MARKET_DATA,
KR6176942FB8,,NO_MARKET_DATA,
KR6176942FC6,,NO_MARKET_DATA,
KR6046295F88,,NO_MARKET_DATA,
KR6046295FA1,,NO_MARKET_DATA,
KR6046295FB9,,NO_MARKET_DATA,
KR6046295FC7,,NO_MARKET_DATA,
KR6046295G12,,NO_MARKET_DATA,
KR6067311EB1,,NO_MARKET_DATA,
KR6067312EB9,,NO_MARKET_DATA,
KR6067371E90,,NO_MARKET_DATA,
KR6067391D48,,NO_MARKET_DATA,
KR6067561E33,,NO_MARKET_DATA,
KR6067571DB2,,NO_MARKET_DATA,
KR6145765EA6,,NO_MARKET_DATA,
KR6145765EB4,,NO_MARKET_DATA,
KR6145765EC2,,NO_MARKET_DATA,
KR6145765F14,,NO_MARKET_DATA,
KR6145765F30,,NO_MARKET_DATA,
KR6145765F48,,NO_MARKET_DATA,
KR6145765F63,,NO_MARKET_DATA,
KR6145765F71,,NO_MARKET_DATA,
KR6145765F89,,NO_MARKET_DATA,
KR6145765F97,,NO_MARKET_DATA,
KR6145765FA3,,NO_MARKET_DATA,
KR6019804F30,,NO_MARKET_DATA,
KR6019804F48,,NO_MARKET_DATA,
KR6019804F55,,NO_MARKET_DATA,
KR6187271F96,,NO_MARKET_DATA,
KR6187421EC1,,NO_MARKET_DATA,
KR6187541EB8,,NO_MARKET_DATA,
KR6187551EB7,,NO_MARKET_DATA,
KR6187591EB3,,NO_MARKET_DATA,
KR6187621EA0,,NO_MARKET_DATA,
KR60197M1G50,,NO_MARKET_DATA,
KR60197N1G58,,NO_MARKET_DATA,
KR6019806F79,,NO_MARKET_DATA,
KR6019806F87,,NO_MARKET_DATA,
KR6019806F95,,NO_MARKET_DATA,
KR6019806FC4,,NO_MARKET_DATA,
KR6019806G11,,NO_MARKET_DATA,
KR6019806G29,,NO_MARKET_DATA,
KR6029694B10,,NO_MARKET_DATA,
KR6029694B69,,NO_MARKET_DATA,
KR6029694B93,,NO_MARKET_DATA,
KR6029694BC1,,NO_MARKET_DATA,
KR6029694DB9,,NO_MARKET_DATA,
KR6205492F99,,NO_MARKET_DATA,
KR6205492FA1,,NO_MARKET_DATA,
KR6205492FB9,,NO_MARKET_DATA,
KR60208T2G67,,NO_MARKET_DATA,
KR60208T3G66,,NO_MARKET_DATA,
KR60208T4G65,,NO_MARKET_DATA,
KR60208T5G64,,NO_MARKET_DATA,
KR60208T6G63,,NO_MARKET_DATA,
KR60208T7G62,,NO_MARKET_DATA,
KR60208T8G61,,NO_MARKET_DATA,
KR6169372F43,,NO_MARKET_DATA,
KR6169372F50,,NO_MARKET_DATA,
KR6169372F68,,NO_MARKET_DATA,
KR6207451DB8,,NO_MARKET_DATA,
KR6207461G67,,NO_MARKET_DATA,
KR6207511EA9,,NO_MARKET_DATA,
KR6207511G59,,NO_MARKET_DATA,
KR6207541FA3,,NO_MARKET_DATA,
KR6207551FA2,,NO_MARKET_DATA,
KR6207762C26,,NO_MARKET_DATA,
KR6207941EA8,,NO_MARKET_DATA,
KR6021966FB4,,NO_MARKET_DATA,
KR6021966FC2,,NO_MARKET_DATA,
KR6021966G13,,NO_MARKET_DATA,
KR6021966G21,,NO_MARKET_DATA,
KR6021966G39,,NO_MARKET_DATA,
KR6021966G47,,NO_MARKET_DATA,
KR6029889EB3,,NO_MARKET_DATA,
KR6029889EC1,,NO_MARKET_DATA,
KR6029889F45,,NO_MARKET_DATA,
KR6029889F52,,NO_MARKET_DATA,
KR6029889F60,,NO_MARKET_DATA,
KR6176942G14,,NO_MARKET_DATA,
KR6176942G30,,NO_MARKET_DATA,
KR6176942G48,,NO_MARKET_DATA,
KR6019454E59,,NO_MARKET_DATA,
KR6019454E67,,NO_MARKET_DATA,
KR6019454E75,,NO_MARKET_DATA,
KR6019454E91,,NO_MARKET_DATA,
KR6019454EA0,,NO_MARKET_DATA,
KR6019454EB8,,NO_MARKET_DATA,
KR6019454EC6,,NO_MARKET_DATA,
KR6067571E80,,NO_MARKET_DATA,
KR6067571EB0,,NO_MARKET_DATA,
KR6067571F63,,NO_MARKET_DATA,
KR6067571FB7,,NO_MARKET_DATA,
KR6067571G13,,NO_MARKET_DATA,
KR6097242G27,,NO_MARKET_DATA,
KR6097242G35,,NO_MARKET_DATA,
KR6097242G43,,NO_MARKET_DATA,
KR6097242G50,,NO_MARKET_DATA,
KR6097242G68,,NO_MARKET_DATA,
KR6186631EA0,,NO_MARKET_DATA,
KR6186721EA9,,NO_MARKET_DATA,
KR6186741EA7,,NO_MARKET_DATA,
KR6186861EA3,,NO_MARKET_DATA,
KR6187221F63,,NO_MARKET_DATA,
KR6019804F63,,NO_MARKET_DATA,
KR6145761FA2,,NO_MARKET_DATA,
KR6145761FB0,,NO_MARKET_DATA,
KR6145761FC8,,NO_MARKET_DATA,
KR6145761G25,,NO_MARKET_DATA,
KR6145761G33,,NO_MARKET_DATA,
KR60197P1G53,,NO_MARKET_DATA,
KR60197R1G59,,NO_MARKET_DATA,
KR60197S1G57,,NO_MARKET_DATA,
KR60197V1G51,,NO_MARKET_DATA,
KR60197Y1G55,,NO_MARKET_DATA,
KR60197Z1G52,,NO_MARKET_DATA,
KR6019801EC8,,NO_MARKET_DATA,
KR6019801F33,,NO_MARKET_DATA,
KR6019801F41,,NO_MARKET_DATA,
KR6023786F34,,NO_MARKET_DATA,
KR6023786F42,,NO_MARKET_DATA,
KR6029694E66,,NO_MARKET_DATA,
KR6029694E82,,NO_MARKET_DATA,
KR6029694E90,,NO_MARKET_DATA,
KR6029694EB7,,NO_MARKET_DATA,
KR6029694F16,,NO_MARKET_DATA,
KR6029694FA6,,NO_MARKET_DATA,
KR6032717F88,,NO_MARKET_DATA,
KR6032717FA0,,NO_MARKET_DATA,
KR6032717FB8,,NO_MARKET_DATA,
KR6063322E57,,NO_MARKET_DATA,
KR6082972G33,,NO_MARKET_DATA,
KR60208T9G60,,NO_MARKET_DATA,
KR60208TAG69,,NO_MARKET_DATA,
KR6033662E66,,NO_MARKET_DATA,
KR6064313291,,NO_MARKET_DATA,
KR6029784G65,,NO_MARKET_DATA,
KR6029784G73,,NO_MARKET_DATA,
KR6029785A37,,NO_MARKET_DATA,
KR6029785A78,,NO_MARKET_DATA,
KR6029785B51,,NO_MARKET_DATA,
KR6029785BB9,,NO_MARKET_DATA,
KR6207942B95,,NO_MARKET_DATA,
KR6207942EA6,,NO_MARKET_DATA,
KR60213H7G67,,NO_MARKET_DATA,
KR60213H8G66,,NO_MARKET_DATA,
KR60213H9G65,,NO_MARKET_DATA,
KR60213HAG66,,NO_MARKET_DATA,
KR60213HBG65,,NO_MARKET_DATA,
KR60213HCG64,,NO_MARKET_DATA,
KR60213HDG63,,NO_MARKET_DATA,
KR6021964D91,,NO_MARKET_DATA,
KR6021964E17,,NO_MARKET_DATA,
KR6021964E41,,NO_MARKET_DATA,
KR6021964E58,,NO_MARKET_DATA,
KR6021964E66,,NO_MARKET_DATA,
KR6029886E15,,NO_MARKET_DATA,
KR6029886E23,,NO_MARKET_DATA,
KR6029886E56,,NO_MARKET_DATA,
KR6029886E64,,NO_MARKET_DATA,
KR6029886E80,,NO_MARKET_DATA,
KR6029886EA1,,NO_MARKET_DATA,
KR6019454F17,,NO_MARKET_DATA,
KR6019454F25,,NO_MARKET_DATA,
KR6019454F33,,NO_MARKET_DATA,
KR6023532F98,,NO_MARKET_DATA,
KR6023532G14,,NO_MARKET_DATA,
KR6023532G63,,NO_MARKET_DATA,
KR6023533856,,NO_MARKET_DATA,
KR6023533914,,NO_MARKET_DATA,
KR6174147G79,,NO_MARKET_DATA,
KR6174148D48,,NO_MARKET_DATA,
KR6097242G76,,NO_MARKET_DATA,
KR6140176C52,,NO_MARKET_DATA,
KR6066562C69,,NO_MARKET_DATA,
KR6066562C77,,NO_MARKET_DATA,
KR6066562C85,,NO_MARKET_DATA,
KR609592CE23,,NO_MARKET_DATA,
KR609592CE80,,NO_MARKET_DATA,
KR609592CE98,,NO_MARKET_DATA,
KR609592CG62,,NO_MARKET_DATA,
KR609592DE89,,NO_MARKET_DATA,
KR6145761G58,,NO_MARKET_DATA,
KR6145761G66,,NO_MARKET_DATA,
KR6145761G74,,NO_MARKET_DATA,
KR6145762BB7,,NO_MARKET_DATA,
KR6180061C64,,NO_MARKET_DATA,
KR6180061EA6,,NO_MARKET_DATA,
KR6180641F45,,NO_MARKET_DATA,
KR6180641F60,,NO_MARKET_DATA,
KR6180641FA2,,NO_MARKET_DATA,
KR6180642F44,,NO_MARKET_DATA,
KR6180642FA0,,NO_MARKET_DATA,
KR6023786F59,,NO_MARKET_DATA,
KR6023786F67,,NO_MARKET_DATA,
KR6023786F83,,NO_MARKET_DATA,
KR6023786F91,,NO_MARKET_DATA,
KR6023786FC2,,NO_MARKET_DATA,
KR6023786G66,,NO_MARKET_DATA,
KR6023786G74,,NO_MARKET_DATA,
KR6023787D84,,NO_MARKET_DATA,
KR6023787DB7,,NO_MARKET_DATA,
KR6032711EC2,,NO_MARKET_DATA,
KR6032711F19,,NO_MARKET_DATA,
KR6032717FC6,,NO_MARKET_DATA,
KR6032717G46,,NO_MARKET_DATA,
KR6032718A33,,NO_MARKET_DATA,
KR6032718C31,,NO_MARKET_DATA,
KR6032718C64,,NO_MARKET_DATA,
KR6032718D55,,NO_MARKET_DATA,
KR6032718D89,,NO_MARKET_DATA,
KR6032718D97,,NO_MARKET_DATA,
KR6063322DA6,,NO_MARKET_DATA,
KR6063322DB4,,NO_MARKET_DATA,
KR6063322E32,,NO_MARKET_DATA,
KR6029785C27,,NO_MARKET_DATA,
KR6029785C68,,NO_MARKET_DATA,
KR6029785C84,,NO_MARKET_DATA,
KR6029785D34,,NO_MARKET_DATA,
KR6029785D67,,NO_MARKET_DATA,
KR6033662E74,,NO_MARKET_DATA,
KR6033662E82,,NO_MARKET_DATA,
KR6033662E90,,NO_MARKET_DATA,
KR6033662EA0,,NO_MARKET_DATA,
KR6033662EB8,,NO_MARKET_DATA,
KR60213HEG62,,NO_MARKET_DATA,
KR60213HFG61,,NO_MARKET_DATA,
KR6029881838,,NO_MARKET_DATA,
KR6029881994,,NO_MARKET_DATA,
KR6029881A97,,NO_MARKET_DATA,
KR6029881D45,,NO_MARKET_DATA,
KR6029881E36,,NO_MARKET_DATA,
KR6029881E93,,NO_MARKET_DATA,
KR6029881EB0,,NO_MARKET_DATA,
KR6029881EC8,,NO_MARKET_DATA,
KR6038391D98,,NO_MARKET_DATA,
KR6038391E30,,NO_MARKET_DATA,
KR6038391F96,,NO_MARKET_DATA,
KR6038391G79,,NO_MARKET_DATA,
KR6038392F95,,NO_MARKET_DATA,
KR6038461E68,,NO_MARKET_DATA,
KR606590CF87,,NO_MARKET_DATA,
KR606590CFC7,,NO_MARKET_DATA,
KR606590CG37,,NO_MARKET_DATA,
KR606590DC30,,NO_MARKET_DATA,
KR606590DC48,,NO_MARKET_DATA,
KR6174148E47,,NO_MARKET_DATA,
KR6174148E70,,NO_MARKET_DATA,
KR6174148E88,,NO_MARKET_DATA,
KR6174148E96,,NO_MARKET_DATA,
KR6018882B98,,NO_MARKET_DATA,
KR6018882CA7,,NO_MARKET_DATA,
KR6018882D47,,NO_MARKET_DATA,
KR602196BF85,,NO_MARKET_DATA,
KR6030011C39,,NO_MARKET_DATA,
KR6018882E20,,NO_MARKET_DATA,
KR6018882G44,,NO_MARKET_DATA,
KR609592DE97,,NO_MARKET_DATA,
KR609592DG61,,NO_MARKET_DATA,
KR609592EE88,,NO_MARKET_DATA,
KR609592FE87,,NO_MARKET_DATA,
KR609592GC39,,NO_MARKET_DATA,
KR6140173DC6,,NO_MARKET_DATA,
KR6140173E38,,NO_MARKET_DATA,
KR6140173E53,,NO_MARKET_DATA,
KR6140173E61,,NO_MARKET_DATA,
KR6140173E79,,NO_MARKET_DATA,
KR6180671EA2,,NO_MARKET_DATA,
KR6180671G62,,NO_MARKET_DATA,
KR6180781EB7,,NO_MARKET_DATA,
KR6180801FB0,,NO_MARKET_DATA,
KR601945HE94,,NO_MARKET_DATA,
KR6019491D89,,NO_MARKET_DATA,
KR6019491E96,,NO_MARKET_DATA,
KR6019491EA2,,NO_MARKET_DATA,
KR6019491F95,,NO_MARKET_DATA,
KR60194H1GH0,,NO_MARKET_DATA,
KR60194H2GH8,,NO_MARKET_DATA,
KR6032711F27,,NO_MARKET_DATA,
KR6032711F35,,NO_MARKET_DATA,
KR6032711F43,,NO_MARKET_DATA,
KR6032711F50,,NO_MARKET_DATA,
KR6032711F68,,NO_MARKET_DATA,
KR6032711F76,,NO_MARKET_DATA,
KR6032711F84,,NO_MARKET_DATA,
KR6032711F92,,NO_MARKET_DATA,
KR6032711FA3,,NO_MARKET_DATA,
KR6059092C48,,NO_MARKET_DATA,
KR6059093C47,,NO_MARKET_DATA,
KR6063322E65,,NO_MARKET_DATA,
KR6063322G63,,NO_MARKET_DATA,
KR6063322WA6,,NO_MARKET_DATA,
KR6063323143,,NO_MARKET_DATA,
KR60633231C6,,NO_MARKET_DATA,
KR6063323234,,NO_MARKET_DATA,
KR6082972F75,,NO_MARKET_DATA,
KR6082972F83,,NO_MARKET_DATA,
KR6082972F91,,NO_MARKET_DATA,
KR6082972G25,,NO_MARKET_DATA,
KR6033662EC6,,NO_MARKET_DATA,
KR6033662F16,,NO_MARKET_DATA,
KR6033662F32,,NO_MARKET_DATA,
KR6033662F40,,NO_MARKET_DATA,
KR6064312G63,,NO_MARKET_DATA,
KR6064313432,,NO_MARKET_DATA,
KR6064313457,,NO_MARKET_DATA,
KR6064313762,,NO_MARKET_DATA,
KR6064313770,,NO_MARKET_DATA,
KR6064313812,,NO_MARKET_DATA,
KR6029881F19,,NO_MARKET_DATA,
KR6029881F27,,NO_MARKET_DATA,
KR6033669DB5,,NO_MARKET_DATA,
KR6033669E85,,NO_MARKET_DATA,
KR6033669EA5,,NO_MARKET_DATA,
KR6033669EB3,,NO_MARKET_DATA,
KR6033669F84,,NO_MARKET_DATA,
KR6033669F92,,NO_MARKET_DATA,
KR6033669G18,,NO_MARKET_DATA,
KR6033669G67,,NO_MARKET_DATA,
KR6035651G54,,NO_MARKET_DATA,
KR6035651G62,,NO_MARKET_DATA,
KR6035652F88,0.5050254100437336,CALCULATED,중간
KR6035691E66,,NO_MARKET_DATA,
KR6065908E21,,NO_MARKET_DATA,
KR6065908E88,,NO_MARKET_DATA,
KR6065908EA8,,NO_MARKET_DATA,
KR6065908EB6,,NO_MARKET_DATA,
KR6065908EC4,,NO_MARKET_DATA,
KR6065908F12,,NO_MARKET_DATA,
KR6065908F20,,NO_MARKET_DATA,
KR6018883A98,,NO_MARKET_DATA,
KR6018883B97,,NO_MARKET_DATA,
KR60188848B8,,NO_MARKET_DATA,
KR60188D1G41,,NO_MARKET_DATA,
KR60188F1G46,,NO_MARKET_DATA,
KR602196BF10,,NO_MARKET_DATA,
KR602196BF44,,NO_MARKET_DATA,
KR602196BF69,,NO_MARKET_DATA,
KR602196BF77,,NO_MARKET_DATA,
KR602196BFC9,,NO_MARKET_DATA,
KR602196BG27,,NO_MARKET_DATA,
KR6140173E87,,NO_MARKET_DATA,
KR6174148G60,,NO_MARKET_DATA,
KR60185H1G55,,NO_MARKET_DATA,
KR6140173E95,,NO_MARKET_DATA,
KR6140173EA8,,NO_MARKET_DATA,
KR6140173EB6,,NO_MARKET_DATA,
KR6140173EC4,,NO_MARKET_DATA,
KR6174148EA9,,NO_MARKET_DATA,
KR6174148EC5,,NO_MARKET_DATA,
KR6174148F46,,NO_MARKET_DATA,
KR60194H3G55,,NO_MARKET_DATA,
KR60194H3GH6,,NO_MARKET_DATA,
KR60194H4G54,,NO_MARKET_DATA,
KR6023782G11,,NO_MARKET_DATA,
KR6023782G37,,NO_MARKET_DATA,
KR6023782G45,,NO_MARKET_DATA,
KR6023782G52,,NO_MARKET_DATA,
KR6023782G60,,NO_MARKET_DATA,
KR6023782G78,,NO_MARKET_DATA,
KR6023783B64,,NO_MARKET_DATA,
KR6023783BB0,,NO_MARKET_DATA,
KR6059131F48,,NO_MARKET_DATA,
KR6059181F39,,NO_MARKET_DATA,
KR6059181F96,,NO_MARKET_DATA,
KR6059181FA7,,NO_MARKET_DATA,
KR6059181FB5,,NO_MARKET_DATA,
KR6059211E34,,NO_MARKET_DATA,
KR6059271G54,,NO_MARKET_DATA,
KR6059661F20,,NO_MARKET_DATA,
KR6059661F46,,NO_MARKET_DATA,
KR6079316BC0,,NO_MARKET_DATA,
KR6079316D78,,NO_MARKET_DATA,
KR6082972G41,,NO_MARKET_DATA,
KR6082972G66,,NO_MARKET_DATA,
KR6082973C10,,NO_MARKET_DATA,
KR6082973D19,,NO_MARKET_DATA,
KR6082973D92,,NO_MARKET_DATA,
KR6113584F60,,NO_MARKET_DATA,
KR6113585F69,,NO_MARKET_DATA,
KR6113621D67,,NO_MARKET_DATA,
KR6113791EC6,,NO_MARKET_DATA,
KR6113792EC4,,NO_MARKET_DATA,
KR6113821G62,,NO_MARKET_DATA,
KR6064313C41,,NO_MARKET_DATA,
KR6064313C82,,NO_MARKET_DATA,
KR6064313E56,,NO_MARKET_DATA,
KR6088351E74,,EXCLUDED_OPTION,
KR6088351E90,,NO_MARKET_DATA,
KR6088351EC0,,NO_MARKET_DATA,
KR6088351F32,,NO_MARKET_DATA,
KR6088391D44,,NO_MARKET_DATA,
KR6088391F83,,NO_MARKET_DATA,
KR6088391G74,,NO_MARKET_DATA,
KR6088821EB4,,NO_MARKET_DATA,
KR6033669G75,,NO_MARKET_DATA,
KR603366A980,,NO_MARKET_DATA,
KR6065903B94,,NO_MARKET_DATA,
KR6065903C10,,NO_MARKET_DATA,
KR6065903C36,,NO_MARKET_DATA,
KR6065903C44,,NO_MARKET_DATA,
KR6065903C93,,NO_MARKET_DATA,
KR6065903CB1,,NO_MARKET_DATA,
KR6065903D68,,NO_MARKET_DATA,
KR6065903D76,,NO_MARKET_DATA,
KR6065903DB9,,NO_MARKET_DATA,
KR6095925G17,,NO_MARKET_DATA,
KR6095925G33,,NO_MARKET_DATA,
KR6095925G66,,NO_MARKET_DATA,
KR6095925G74,,NO_MARKET_DATA,
KR6095926C85,,NO_MARKET_DATA,
KR6139483F26,,NO_MARKET_DATA,
KR6139483G17,,NO_MARKET_DATA,
KR6139484F25,,NO_MARKET_DATA,
KR6139791F64,,NO_MARKET_DATA,
KR6139811E38,,NO_MARKET_DATA,
KR6139911F36,,NO_MARKET_DATA,
KR602196BG35,,NO_MARKET_DATA,
KR602196BG43,,NO_MARKET_DATA,
KR602196C6B2,,NO_MARKET_DATA,
KR602196CC12,,NO_MARKET_DATA,
KR602988PDB6,,NO_MARKET_DATA,
KR602988RDB2,,NO_MARKET_DATA,
KR602988SDB0,,NO_MARKET_DATA,
KR602988WDB2,,NO_MARKET_DATA,
KR602988XDB0,,NO_MARKET_DATA,
KR6030011E37,,NO_MARKET_DATA,
KR6030011E45,,NO_MARKET_DATA,
KR6174148F79,,NO_MARKET_DATA,
KR6174148FA6,,NO_MARKET_DATA,
KR6174148G45,,NO_MARKET_DATA,
KR6174148G52,,NO_MARKET_DATA,
KR6174148G78,,NO_MARKET_DATA,
KR6174149D88,,NO_MARKET_DATA,
KR6174149E46,,NO_MARKET_DATA,
KR60184S1G63,,NO_MARKET_DATA,
KR6018501D97,,NO_MARKET_DATA,
KR60185B1G58,,NO_MARKET_DATA,
KR6023783DA8,,NO_MARKET_DATA,
KR6023783E20,,NO_MARKET_DATA,
KR6023783E38,,NO_MARKET_DATA,
KR6031322FA0,,NO_MARKET_DATA,
KR6031322G11,,NO_MARKET_DATA,
KR6031322G29,,NO_MARKET_DATA,
KR6031322G37,,NO_MARKET_DATA,
KR6031322G45,,NO_MARKET_DATA,
KR6031322G52,,NO_MARKET_DATA,
KR6031323D47,,NO_MARKET_DATA,
KR6031323D54,,NO_MARKET_DATA,
KR6079316E44,,NO_MARKET_DATA,
KR6079316E77,,NO_MARKET_DATA,
KR6103861G31,,NO_MARKET_DATA,
KR6079316E93,,NO_MARKET_DATA,
KR6079316EA8,,NO_MARKET_DATA,
KR6079316EB6,,NO_MARKET_DATA,
KR6079316EC4,,NO_MARKET_DATA,
KR6079316F19,,NO_MARKET_DATA,
KR6079316F43,,NO_MARKET_DATA,
KR6103791F52,,NO_MARKET_DATA,
KR6103791F60,,NO_MARKET_DATA,
KR6114231A60,,NO_MARKET_DATA,
KR6114231A86,,NO_MARKET_DATA,
KR6114231A94,,NO_MARKET_DATA,
KR6114631FC0,,NO_MARKET_DATA,
KR6114961E39,,NO_MARKET_DATA,
KR6151101EA5,,NO_MARKET_DATA,
KR6151101EB3,,NO_MARKET_DATA,
KR6151151EB8,,NO_MARKET_DATA,
KR6151201G54,,NO_MARKET_DATA,
KR6151281EB3,,NO_MARKET_DATA,
KR6151311EB8,,NO_MARKET_DATA,
KR6088981D65,,NO_MARKET_DATA,
KR6088981F63,,NO_MARKET_DATA,
KR6089001D36,,NO_MARKET_DATA,
KR6164131FB2,,NO_MARKET_DATA,
KR6205492G23,,NO_MARKET_DATA,
KR6124131E90,,NO_MARKET_DATA,
KR6124161F43,,NO_MARKET_DATA,
KR6124181E65,,NO_MARKET_DATA,
KR6124182F63,,NO_MARKET_DATA,
KR6124183F62,,NO_MARKET_DATA,
KR6124184F61,,NO_MARKET_DATA,
KR6065903DC7,,NO_MARKET_DATA,
KR6065903E18,,NO_MARKET_DATA,
KR6095232F73,,NO_MARKET_DATA,
KR6095232F99,,NO_MARKET_DATA,
KR6095232FB2,0.7058722895505356,CALCULATED,중간
KR6095232FC0,,NO_MARKET_DATA,
KR6095232G23,,NO_MARKET_DATA,
KR6095232G31,,NO_MARKET_DATA,
KR6095232G49,,NO_MARKET_DATA,
KR6095232G64,,NO_MARKET_DATA,
KR6095922G51,,NO_MARKET_DATA,
KR6095922G69,,NO_MARKET_DATA,
KR6095922G77,,NO_MARKET_DATA,
KR6095923C54,,NO_MARKET_DATA,
KR6138931E27,,EXCLUDED_PERPETUAL,
KR6170902F99,,NO_MARKET_DATA,
KR6138931E68,,NO_MARKET_DATA,
KR6138931E76,,NO_MARKET_DATA,
KR6138931E84,,NO_MARKET_DATA,
KR6138931EB1,,NO_MARKET_DATA,
KR6138931F18,,NO_MARKET_DATA,
KR6030011G76,,NO_MARKET_DATA,
KR6030012G75,,NO_MARKET_DATA,
KR6030041F71,,NO_MARKET_DATA,
KR6043261D20,,NO_MARKET_DATA,
KR6043261EA9,,NO_MARKET_DATA,
KR6043261F85,,NO_MARKET_DATA,
KR6043261G19,,NO_MARKET_DATA,
KR6043262F84,,NO_MARKET_DATA,
KR6043262G18,,NO_MARKET_DATA,
KR6043263EA5,,NO_MARKET_DATA,
KR6043264EA3,,NO_MARKET_DATA,
KR6043265EA0,,NO_MARKET_DATA,
KR60185B2G57,,NO_MARKET_DATA,
KR60185C1G64,,NO_MARKET_DATA,
KR60185C2G63,,NO_MARKET_DATA,
KR60185C3G62,,NO_MARKET_DATA,
KR60185M4G45,,NO_MARKET_DATA,
KR60185M5G44,,NO_MARKET_DATA,
KR602196CD45,,NO_MARKET_DATA,
KR602196CD78,,NO_MARKET_DATA,
KR602196CE36,,NO_MARKET_DATA,
KR602196CE44,,NO_MARKET_DATA,
KR6031323E95,,NO_MARKET_DATA,
KR6031323EC7,,NO_MARKET_DATA,
KR6031323F11,,NO_MARKET_DATA,
KR6055552DA8,,NO_MARKET_DATA,
KR6079312G53,,NO_MARKET_DATA,
KR6101182766,,NO_MARKET_DATA,
KR6055552E13,,NO_MARKET_DATA,
KR6055552E21,,NO_MARKET_DATA,
KR6055552E39,,NO_MARKET_DATA,
KR6055552E47,,NO_MARKET_DATA,
KR6055552E54,,NO_MARKET_DATA,
KR6103791G44,,NO_MARKET_DATA,
KR6103841CA9,,NO_MARKET_DATA,
KR6103841E87,,NO_MARKET_DATA,
KR6103901F42,,NO_MARKET_DATA,
KR6104041EB9,,NO_MARKET_DATA,
KR6104041F90,,NO_MARKET_DATA,
KR6104041G65,,NO_MARKET_DATA,
KR6104042F99,,NO_MARKET_DATA,
KR6145765FC9,,NO_MARKET_DATA,
KR6145765G39,,NO_MARKET_DATA,
KR6145765G47,,NO_MARKET_DATA,
KR6151391F55,,NO_MARKET_DATA,
KR6151401D63,,NO_MARKET_DATA,
KR6151401F38,,NO_MARKET_DATA,
KR6151421EB5,,NO_MARKET_DATA,
KR6151431EB4,,NO_MARKET_DATA,
KR6197861D93,,NO_MARKET_DATA,
KR6197861F34,,NO_MARKET_DATA,
KR6197861F59,,NO_MARKET_DATA,
KR6197911E92,,NO_MARKET_DATA,
KR6197941F53,,NO_MARKET_DATA,
KR6197951F50,,NO_MARKET_DATA,
KR6124185F60,,NO_MARKET_DATA,
KR6124201F37,,NO_MARKET_DATA,
KR6124221F90,,NO_MARKET_DATA,
KR6124221G40,,NO_MARKET_DATA,
KR6124221G65,,NO_MARKET_DATA,
KR6164161FB9,,NO_MARKET_DATA,
KR6164171D98,,NO_MARKET_DATA,
KR6164171E30,,NO_MARKET_DATA,
KR6164171F54,,NO_MARKET_DATA,
KR6164191FB6,,NO_MARKET_DATA,
KR6164191G59,,NO_MARKET_DATA,
KR6095232G72,,NO_MARKET_DATA,
KR6095233EB3,,NO_MARKET_DATA,
KR6131792EA6,,NO_MARKET_DATA,
KR6131792F29,,NO_MARKET_DATA,
KR6131792F78,,NO_MARKET_DATA,
KR6131792FA3,,NO_MARKET_DATA,
KR6131792G28,,NO_MARKET_DATA,
KR6131793DA6,,NO_MARKET_DATA,
KR6131793E11,,NO_MARKET_DATA,
KR6131793F28,,NO_MARKET_DATA,
KR6174143F41,,NO_MARKET_DATA,
KR6174143F58,,NO_MARKET_DATA,
KR6174143F74,,NO_MARKET_DATA,
KR6174143FA7,,NO_MARKET_DATA,
KR6174143FC3,,NO_MARKET_DATA,
KR6460151G59,,NO_MARKET_DATA,
KR6169911G40,,NO_MARKET_DATA,
KR6169911G57,,NO_MARKET_DATA,
KR6169911G65,,NO_MARKET_DATA,
KR6169912F81,,NO_MARKET_DATA,
KR6169912FA2,,NO_MARKET_DATA,
KR6043266EA8,,NO_MARKET_DATA,
KR6043911F89,,NO_MARKET_DATA,
KR6066562A20,,NO_MARKET_DATA,
KR6066562A61,,NO_MARKET_DATA,
KR6066562A79,,NO_MARKET_DATA,
KR6066562A87,,NO_MARKET_DATA,
KR6066562B52,,NO_MARKET_DATA,
KR6066562C10,,NO_MARKET_DATA,
KR6066562C51,,NO_MARKET_DATA,
KR6097243A55,,NO_MARKET_DATA,
KR602196CE51,,NO_MARKET_DATA,
KR602196CE77,,NO_MARKET_DATA,
KR602196CE93,,NO_MARKET_DATA,
KR602196CEB2,,NO_MARKET_DATA,
KR602196CEC0,,NO_MARKET_DATA,
KR602196CF19,,NO_MARKET_DATA,
KR602196CF43,,NO_MARKET_DATA,
KR6030041FB5,,NO_MARKET_DATA,
KR6030041G13,,NO_MARKET_DATA,
KR6030042EB6,,NO_MARKET_DATA,
KR6030042G20,,NO_MARKET_DATA,
KR6055552E70,,NO_MARKET_DATA,
KR6055552E88,,NO_MARKET_DATA,
KR6055552E96,,NO_MARKET_DATA,
KR6055552EA6,,NO_MARKET_DATA,
KR6055552EB4,,NO_MARKET_DATA,
KR6079312G46,,NO_MARKET_DATA,
KR6079312G61,,NO_MARKET_DATA,
KR6079312G79,,NO_MARKET_DATA,
KR6079313DA7,,NO_MARKET_DATA,
KR6079313E47,,NO_MARKET_DATA,
KR6079313E70,,NO_MARKET_DATA,
KR6145765G62,,NO_MARKET_DATA,
KR6145766B82,,NO_MARKET_DATA,
KR6145766D15,,NO_MARKET_DATA,
KR6145766D56,,NO_MARKET_DATA,
KR6145766D72,,NO_MARKET_DATA,
KR6145766E48,,NO_MARKET_DATA,
KR6145766E71,,NO_MARKET_DATA,
KR6145766E89,,NO_MARKET_DATA,
KR6187621EB8,,NO_MARKET_DATA,
KR6187661E61,,NO_MARKET_DATA,
KR6187741G63,,NO_MARKET_DATA,
KR6197951FB4,,NO_MARKET_DATA,
KR6198031G36,,NO_MARKET_DATA,
KR6198031G44,,NO_MARKET_DATA,
KR6198041F50,,NO_MARKET_DATA,
KR6198121F53,,NO_MARKET_DATA,
KR601980AG61,,NO_MARKET_DATA,
KR601980AG79,,NO_MARKET_DATA,
KR601980BE21,,NO_MARKET_DATA,
KR601980BE39,,NO_MARKET_DATA,
KR601980BE70,,NO_MARKET_DATA,
KR601980BE96,,NO_MARKET_DATA,
KR6164231FB0,,NO_MARKET_DATA,
KR6164281FB5,,NO_MARKET_DATA,
KR6164411FB8,,NO_MARKET_DATA,
KR6164791E97,,NO_MARKET_DATA,
KR6205492FC7,,NO_MARKET_DATA,
KR6205493D74,,NO_MARKET_DATA,
KR6205493DB2,,NO_MARKET_DATA,
KR6205493DC0,,NO_MARKET_DATA,
KR60199N1G54,,NO_MARKET_DATA,
KR60199P1G59,,NO_MARKET_DATA,
KR60199R1G55,,NO_MARKET_DATA,
KR6131793F77,,NO_MARKET_DATA,
KR6131793FA1,,NO_MARKET_DATA,
KR6169372F76,,NO_MARKET_DATA,
KR6169372F84,,NO_MARKET_DATA,
KR6169372F92,,NO_MARKET_DATA,
KR6169372FA9,,NO_MARKET_DATA,
KR6169372FB7,,NO_MARKET_DATA,
KR6169372FC5,,NO_MARKET_DATA,
KR6169372G18,,NO_MARKET_DATA,
KR6169372G26,,NO_MARKET_DATA,
KR6171751G31,,NO_MARKET_DATA,
KR6171781D95,,NO_MARKET_DATA,
KR6171831G35,,NO_MARKET_DATA,
KR6171971F51,,NO_MARKET_DATA,
KR6214348G62,,NO_MARKET_DATA,
KR6214349G61,,NO_MARKET_DATA,
KR621434AEB8,0.1292709369781758,CALCULATED,저민감
KR6214431EB9,,NO_MARKET_DATA,
KR6214451BA5,,NO_MARKET_DATA,
KR6214452BA3,,NO_MARKET_DATA,
KR6214611EC4,,NO_MARKET_DATA,
KR6097243D37,,NO_MARKET_DATA,
KR6097243D78,,NO_MARKET_DATA,
KR6097243D86,,NO_MARKET_DATA,
KR6140175G42,,NO_MARKET_DATA,
KR6140175G59,,NO_MARKET_DATA,
KR6140175G67,,NO_MARKET_DATA,
KR6140175G75,,NO_MARKET_DATA,
KR6140176985,,NO_MARKET_DATA,
KR6140176BA7,,NO_MARKET_DATA,
KR6140176DA3,,NO_MARKET_DATA,
KR6030043G29,,NO_MARKET_DATA,
KR60302011C2,,NO_MARKET_DATA,
KR6030201D12,,NO_MARKET_DATA,
KR6030201EC6,,NO_MARKET_DATA,
KR6030201FB5,,NO_MARKET_DATA,
KR6030201G35,,NO_MARKET_DATA,
KR6030202C12,,NO_MARKET_DATA,
KR6044451G66,,NO_MARKET_DATA,
KR6044481BC4,,NO_MARKET_DATA,
KR6044481D22,,NO_MARKET_DATA,
KR6044961FC6,,NO_MARKET_DATA,
KR6079313E88,,NO_MARKET_DATA,
KR6079313E96,,NO_MARKET_DATA,
KR6079313EA5,,NO_MARKET_DATA,
KR6101181G12,,NO_MARKET_DATA,
KR6101181G38,,NO_MARKET_DATA,
KR6101181G79,,NO_MARKET_DATA,
KR6101182857,,NO_MARKET_DATA,
KR6101182873,,NO_MARKET_DATA,
KR6101182972,,NO_MARKET_DATA,
KR6101182A33,,NO_MARKET_DATA,
KR6101182A58,,NO_MARKET_DATA,
KR6187861EB0,,NO_MARKET_DATA,
KR6187951D95,,NO_MARKET_DATA,
KR6187981EB6,,NO_MARKET_DATA,
KR6188081FB1,,NO_MARKET_DATA,
KR6188141EB6,,NO_MARKET_DATA,
KR6188141G67,,NO_MARKET_DATA,
KR6188161EB4,,NO_MARKET_DATA,
KR6188191EB1,,NO_MARKET_DATA,
KR60194H4GH4,,NO_MARKET_DATA,
KR60194H5G53,,NO_MARKET_DATA,
KR60194H5GH1,,NO_MARKET_DATA,
KR601980BEA4,,NO_MARKET_DATA,
KR601980BEB2,,NO_MARKET_DATA,
KR601980BEC0,,NO_MARKET_DATA,
KR601980BF12,,NO_MARKET_DATA,
KR601980BF46,,NO_MARKET_DATA,
KR6029694G15,,NO_MARKET_DATA,
KR6029694G49,,NO_MARKET_DATA,
KR6029694G56,,NO_MARKET_DATA,
KR6029694G64,,NO_MARKET_DATA,
KR6029694G72,,NO_MARKET_DATA,
KR60296959A4,,NO_MARKET_DATA,
KR60199S1G53,,NO_MARKET_DATA,
KR60199T1G51,,NO_MARKET_DATA,
KR60199V1G57,,NO_MARKET_DATA,
KR60199W1G55,,NO_MARKET_DATA,
KR60199Y1G51,,NO_MARKET_DATA,
KR60200D1G51,,NO_MARKET_DATA,
KR60200G1G54,,NO_MARKET_DATA,
KR60200H1G52,,NO_MARKET_DATA,
KR6029785D75,,NO_MARKET_DATA,
KR6029785E58,,NO_MARKET_DATA,
KR6029785E74,,NO_MARKET_DATA,
KR60210W8G61,,NO_MARKET_DATA,
KR6209041FA2,,NO_MARKET_DATA,
KR6209191E39,,NO_MARKET_DATA,
KR6209191FB3,,NO_MARKET_DATA,
KR6209221F40,,NO_MARKET_DATA,
KR6209231FB7,,NO_MARKET_DATA,
KR6209281FB2,,NO_MARKET_DATA,
KR6209341FB4,,NO_MARKET_DATA,
KR6209351EA8,,NO_MARKET_DATA,
KR6209421FB4,,NO_MARKET_DATA,
KR60210W7G62,,NO_MARKET_DATA,
KR6214347BC1,,NO_MARKET_DATA,
KR6214347DB9,,NO_MARKET_DATA,
KR6214347G63,,NO_MARKET_DATA,
KR6214348E49,0.6326933484131728,CALCULATED,중간
KR6029886DC9,,NO_MARKET_DATA,
KR6021963G57,,NO_MARKET_DATA,
KR6021963G65,,NO_MARKET_DATA,
KR6021963G73,,NO_MARKET_DATA,
KR6021964BA0,,NO_MARKET_DATA,
KR6021964C43,,NO_MARKET_DATA,
KR6021964C76,,NO_MARKET_DATA,
KR6140176DB1,,NO_MARKET_DATA,
KR6140176DC9,,NO_MARKET_DATA,
KR6175331F81,,NO_MARKET_DATA,
KR6175331F99,,NO_MARKET_DATA,
KR6175331FA7,,NO_MARKET_DATA,
KR6175331G31,,NO_MARKET_DATA,
KR6175331G56,,NO_MARKET_DATA,
KR6175331G64,,NO_MARKET_DATA,
KR6175331G72,,NO_MARKET_DATA,
KR6175332E32,,NO_MARKET_DATA,
KR6175332E81,,NO_MARKET_DATA,
KR6045971DA3,,NO_MARKET_DATA,
KR6045971E82,,NO_MARKET_DATA,
KR6046121FB7,,NO_MARKET_DATA,
KR6046121FC5,,NO_MARKET_DATA,
KR6046121G46,,NO_MARKET_DATA,
KR6046122FC3,,NO_MARKET_DATA,
KR6046291D76,,NO_MARKET_DATA,
KR6046291D84,,NO_MARKET_DATA,
KR6066562D76,,NO_MARKET_DATA,
KR6066562G40,,NO_MARKET_DATA,
KR6066562G57,,NO_MARKET_DATA,
KR6101182AB2,,NO_MARKET_DATA,
KR6101182C23,,NO_MARKET_DATA,
KR6145762C36,,NO_MARKET_DATA,
KR6145762D35,,NO_MARKET_DATA,
KR6145762D43,,NO_MARKET_DATA,
KR6145762D50,,NO_MARKET_DATA,
KR6145762D76,,NO_MARKET_DATA,
KR6145762E26,,NO_MARKET_DATA,
KR6145762E83,,NO_MARKET_DATA,
KR6145762EB1,,NO_MARKET_DATA,
KR6145762EC9,,NO_MARKET_DATA,
KR60194H6G52,,NO_MARKET_DATA,
KR60194H6GH9,,NO_MARKET_DATA,
KR60194H7G51,,NO_MARKET_DATA,
KR60194H7GH7,,NO_MARKET_DATA,
KR60194H8G50,,NO_MARKET_DATA,
KR60194H9G59,,NO_MARKET_DATA,
KR60194HAG51,,NO_MARKET_DATA,
KR6023787E34,,NO_MARKET_DATA,
KR6023787E59,,NO_MARKET_DATA,
KR6023787EB5,,NO_MARKET_DATA,
KR6063323317,,NO_MARKET_DATA,
KR6032718DC9,,NO_MARKET_DATA,
KR6032718E13,,NO_MARKET_DATA,
KR6032718E47,,NO_MARKET_DATA,
KR6032718E54,,NO_MARKET_DATA,
KR6032718E62,,NO_MARKET_DATA,
KR6032718E70,,NO_MARKET_DATA,
KR6032718E96,,NO_MARKET_DATA,
KR6032718EA1,,NO_MARKET_DATA,
KR6032718EB9,,NO_MARKET_DATA,
KR6032718EC7,,NO_MARKET_DATA,
KR6029785E82,,NO_MARKET_DATA,
KR6029785E90,,NO_MARKET_DATA,
KR6029785EA5,,NO_MARKET_DATA,
KR6029785EB3,,NO_MARKET_DATA,
KR6029785EC1,,NO_MARKET_DATA,
KR6029785F16,,NO_MARKET_DATA,
KR6029785F24,,NO_MARKET_DATA,
KR6029785F32,,NO_MARKET_DATA,
KR6033662F57,,NO_MARKET_DATA,
KR6033662F65,,NO_MARKET_DATA,
KR60210W7GJ4,,NO_MARKET_DATA,
KR60210W8GJ2,,NO_MARKET_DATA,
KR60210W9G60,,NO_MARKET_DATA,
KR60210W9GJ0,,NO_MARKET_DATA,
KR60210WAG60,,NO_MARKET_DATA,
KR60210WAGJ5,,NO_MARKET_DATA,
KR60210WBG69,,NO_MARKET_DATA,
KR6029881F35,,NO_MARKET_DATA,
KR6029881F43,,NO_MARKET_DATA,
KR6029881F50,,NO_MARKET_DATA,
KR6029886F63,,NO_MARKET_DATA,
KR6029886F71,,NO_MARKET_DATA,
KR6029886F89,,NO_MARKET_DATA,
KR6029886F97,,NO_MARKET_DATA,
KR6029886FA8,,NO_MARKET_DATA,
KR6029886FB6,,NO_MARKET_DATA,
KR6029886FC4,,NO_MARKET_DATA,
KR6029886G39,,NO_MARKET_DATA,
KR6029886G54,,NO_MARKET_DATA,
KR6035691E90,,NO_MARKET_DATA,
KR6035691G31,,NO_MARKET_DATA,
KR6175332E99,,NO_MARKET_DATA,
KR6175332F56,,NO_MARKET_DATA,
KR60188H1G42,,NO_MARKET_DATA,
KR60188J1G48,,NO_MARKET_DATA,
KR60188K1G46,,NO_MARKET_DATA,
KR60188L1G44,,NO_MARKET_DATA,
KR60188M1G42,,NO_MARKET_DATA,
KR60188N1G40,,NO_MARKET_DATA,
KR60188T1G47,,NO_MARKET_DATA,
KR60188X1G49,,NO_MARKET_DATA,
KR60189A1G45,,NO_MARKET_DATA,
KR6066562G65,,NO_MARKET_DATA,
KR6066562G73,,NO_MARKET_DATA,
KR6066563752,,NO_MARKET_DATA,
KR6066563786,,NO_MARKET_DATA,
KR6096541976,,NO_MARKET_DATA,
KR6140173G36,,NO_MARKET_DATA,
KR6066563968,,NO_MARKET_DATA,
KR6066563A86,,NO_MARKET_DATA,
KR6066563B77,,NO_MARKET_DATA,
KR609592GE86,,NO_MARKET_DATA,
KR6145762F17,,NO_MARKET_DATA,
KR6145762F25,,NO_MARKET_DATA,
KR6180931G68,,NO_MARKET_DATA,
KR6181041G63,,NO_MARKET_DATA,
KR6181081E90,,NO_MARKET_DATA,
KR6181081EA3,,NO_MARKET_DATA,
KR6181111EB6,,NO_MARKET_DATA,
KR6181111FA5,,NO_MARKET_DATA,
KR6181271G64,,NO_MARKET_DATA,
KR6181651862,,NO_MARKET_DATA,
KR6181651DA5,,EXCLUDED_OPTION,
KR6023787F33,,NO_MARKET_DATA,
KR6023787F41,,NO_MARKET_DATA,
KR6059661F79,,NO_MARKET_DATA,
KR6023787F58,,NO_MARKET_DATA,
KR6023787FC0,,NO_MARKET_DATA,
KR6023787G65,,NO_MARKET_DATA,
KR6023787G73,,NO_MARKET_DATA,
KR6023788A37,,NO_MARKET_DATA,
KR6023788D75,,NO_MARKET_DATA,
KR6032711G59,,NO_MARKET_DATA,
KR6032711G67,,NO_MARKET_DATA,
KR6063323242,,NO_MARKET_DATA,
KR6063323333,,NO_MARKET_DATA,
KR6063323341,,NO_MARKET_DATA,
KR6063323374,,NO_MARKET_DATA,
KR6063323440,,NO_MARKET_DATA,
KR6063323564,,NO_MARKET_DATA,
KR6063323747,,NO_MARKET_DATA,
KR6063323796,,NO_MARKET_DATA,
KR60633237A7,,NO_MARKET_DATA,
KR6082973DA3,,NO_MARKET_DATA,
KR6033662F73,,NO_MARKET_DATA,
KR6033662F81,,NO_MARKET_DATA,
KR6033662F99,,NO_MARKET_DATA,
KR6033662FA7,,NO_MARKET_DATA,
KR6033662FC3,,NO_MARKET_DATA,
KR6033662G15,,NO_MARKET_DATA,
KR6033662G23,,NO_MARKET_DATA,
KR6033662G31,,NO_MARKET_DATA,
KR6064313F48,,NO_MARKET_DATA,
KR6064313G21,,NO_MARKET_DATA,
KR6029881F76,,NO_MARKET_DATA,
KR6029881F92,,NO_MARKET_DATA,
KR6029881FA9,,NO_MARKET_DATA,
KR6029881FB7,,NO_MARKET_DATA,
KR6029881FC5,,NO_MARKET_DATA,
KR6029881G18,,NO_MARKET_DATA,
KR6029881G26,,NO_MARKET_DATA,
KR6029881G34,,NO_MARKET_DATA,
KR603366AC24,,NO_MARKET_DATA,
KR603366AC65,,NO_MARKET_DATA,
KR6029886EB9,,NO_MARKET_DATA,
KR6029886EC7,,NO_MARKET_DATA,
KR6029886F30,,NO_MARKET_DATA,
KR6029886F48,,NO_MARKET_DATA,
KR6035621DA6,,NO_MARKET_DATA,
KR6035621FA1,,NO_MARKET_DATA,
KR6035651F22,,NO_MARKET_DATA,
KR6035651F89,,NO_MARKET_DATA,
KR6035651G21,0.4527461943242117,CALCULATED,저민감
KR6035651G47,0.6411890404135397,CALCULATED,중간
KR60189E1G54,,NO_MARKET_DATA,
KR60189G2G41,,NO_MARKET_DATA,
KR60222CEG74,,NO_MARKET_DATA,
KR60222CFG73,,NO_MARKET_DATA,
KR60222CGG72,,NO_MARKET_DATA,
KR60222CHG71,,NO_MARKET_DATA,
KR60222CJG79,,NO_MARKET_DATA,
KR60222CKG76,,NO_MARKET_DATA,
KR6030621F61,,NO_MARKET_DATA,
KR60222CLG75,,NO_MARKET_DATA,
KR6096241F13,,NO_MARKET_DATA,
KR6096241G20,,NO_MARKET_DATA,
KR6096351DA6,,NO_MARKET_DATA,
KR6096352EA2,,NO_MARKET_DATA,
KR6096353EA0,,NO_MARKET_DATA,
KR6096354EA8,,NO_MARKET_DATA,
KR6096355EA5,,NO_MARKET_DATA,
KR6096631C55,,NO_MARKET_DATA,
KR6096691G66,,NO_MARKET_DATA,
KR6140173F29,,NO_MARKET_DATA,
KR6140173F45,,NO_MARKET_DATA,
KR6181651E33,,NO_MARKET_DATA,
KR6181651F16,,NO_MARKET_DATA,
KR6019457F97,,NO_MARKET_DATA,
KR6019457FB8,,NO_MARKET_DATA,
KR6019457FC6,,NO_MARKET_DATA,
KR6019457G21,,NO_MARKET_DATA,
KR6019457G39,,NO_MARKET_DATA,
KR6019457G47,,NO_MARKET_DATA,
KR6019457G62,,NO_MARKET_DATA,
KR6023783EA6,,NO_MARKET_DATA,
KR6032711G75,,NO_MARKET_DATA,
KR6032711G83,,NO_MARKET_DATA,
KR60327129C3,,NO_MARKET_DATA,
KR6059661F87,,NO_MARKET_DATA,
KR6059661F95,,NO_MARKET_DATA,
KR6059661FA8,,NO_MARKET_DATA,
KR6059661FB6,,NO_MARKET_DATA,
KR6059661FC4,,NO_MARKET_DATA,
KR6059661G37,,NO_MARKET_DATA,
KR6059661G45,,NO_MARKET_DATA,
KR6059661G52,,NO_MARKET_DATA,
KR6082973E26,,NO_MARKET_DATA,
KR6082973E83,,NO_MARKET_DATA,
KR6082973E91,,NO_MARKET_DATA,
KR6082973EA1,,NO_MARKET_DATA,
KR6082973EC7,,NO_MARKET_DATA,
KR6082973F17,,NO_MARKET_DATA,
KR6082973F25,,NO_MARKET_DATA,
KR6082973F58,,NO_MARKET_DATA,
KR6082973F74,,NO_MARKET_DATA,
KR6114961F53,,NO_MARKET_DATA,
KR6064313G47,,NO_MARKET_DATA,
KR6064314A67,,NO_MARKET_DATA,
KR6064314BA6,,NO_MARKET_DATA,
KR6064315A66,,NO_MARKET_DATA,
KR6064351FB7,,NO_MARKET_DATA,
KR6089141F92,,NO_MARKET_DATA,
KR6205492G31,,NO_MARKET_DATA,
KR6205492G49,,NO_MARKET_DATA,
KR6205492G56,,NO_MARKET_DATA,
KR6205492G64,,NO_MARKET_DATA,
KR6205492G72,,NO_MARKET_DATA,
KR603366ADB6,,NO_MARKET_DATA,
KR603366AE14,,NO_MARKET_DATA,
KR603366AE89,,NO_MARKET_DATA,
KR603366AEA6,,NO_MARKET_DATA,
KR603366AEB4,,NO_MARKET_DATA,
KR603366AF88,,NO_MARKET_DATA,
KR603366AG12,,NO_MARKET_DATA,
KR603366AG61,,NO_MARKET_DATA,
KR6065903E26,,NO_MARKET_DATA,
KR6065903E34,,NO_MARKET_DATA,
KR6065908G37,,NO_MARKET_DATA,
KR6065908G60,,NO_MARKET_DATA,
KR6065908G78,,NO_MARKET_DATA,
KR6065909782,,NO_MARKET_DATA,
KR6065909C71,,NO_MARKET_DATA,
KR6065909C89,,NO_MARKET_DATA,
KR6065909D96,,NO_MARKET_DATA,
KR6065909DC4,,NO_MARKET_DATA,
KR6065909E20,,NO_MARKET_DATA,
KR6095923D38,,NO_MARKET_DATA,
KR6095923DB1,,NO_MARKET_DATA,
KR60222CMG74,,NO_MARKET_DATA,
KR60222CNG73,,NO_MARKET_DATA,
KR6030621E70,,NO_MARKET_DATA,
KR6030621E96,,NO_MARKET_DATA,
KR6030621EA9,,NO_MARKET_DATA,
KR6030621EB7,,NO_MARKET_DATA,
KR6030621EC5,,NO_MARKET_DATA,
KR6030621F20,,NO_MARKET_DATA,
KR6030621F46,,NO_MARKET_DATA,
KR6030621F79,,NO_MARKET_DATA,
KR6140173F52,,NO_MARKET_DATA,
KR6140173F60,,NO_MARKET_DATA,
KR6140173F78,,NO_MARKET_DATA,
KR6140173F86,,NO_MARKET_DATA,
KR6140173FA5,,NO_MARKET_DATA,
KR6140173FC1,,NO_MARKET_DATA,
KR6140173G10,,NO_MARKET_DATA,
KR6174149FA4,,NO_MARKET_DATA,
KR6174149G44,,NO_MARKET_DATA,
KR6174149G51,,NO_MARKET_DATA,
KR6023783EB4,,NO_MARKET_DATA,
KR6023783EC2,,NO_MARKET_DATA,
KR6023783F11,,NO_MARKET_DATA,
KR6023783F37,,NO_MARKET_DATA,
KR6023783F45,,NO_MARKET_DATA,
KR6031324G27,,NO_MARKET_DATA,
KR6055552G11,,NO_MARKET_DATA,
KR6023783F52,,NO_MARKET_DATA,
KR6023783F60,,NO_MARKET_DATA,
KR6031323F37,,NO_MARKET_DATA,
KR6031323F45,,NO_MARKET_DATA,
KR6059661G60,,NO_MARKET_DATA,
KR6059661G78,,NO_MARKET_DATA,
KR6079316F50,,NO_MARKET_DATA,
KR6079316F68,,NO_MARKET_DATA,
KR6079316F76,,NO_MARKET_DATA,
KR6079316F84,,NO_MARKET_DATA,
KR6079316F92,,NO_MARKET_DATA,
KR6079316FB3,,NO_MARKET_DATA,
KR6079316FC1,,NO_MARKET_DATA,
KR6079316G26,,NO_MARKET_DATA,
KR6079316G34,,NO_MARKET_DATA,
KR6114961F95,,NO_MARKET_DATA,
KR6114971F51,,NO_MARKET_DATA,
KR6114971F93,,NO_MARKET_DATA,
KR6114971FB2,,NO_MARKET_DATA,
KR6114972F68,,NO_MARKET_DATA,
KR6115001FA9,,NO_MARKET_DATA,
KR6115091EA3,,NO_MARKET_DATA,
KR6115161D35,,NO_MARKET_DATA,
KR6115161F33,,NO_MARKET_DATA,
KR6115161F90,,NO_MARKET_DATA,
KR6151431F65,,NO_MARKET_DATA,
KR6205493D66,,NO_MARKET_DATA,
KR6064352FB5,,NO_MARKET_DATA,
KR6064403A51,,NO_MARKET_DATA,
KR6064403D33,,NO_MARKET_DATA,
KR6089031FA8,,NO_MARKET_DATA,
KR6089141EC4,,NO_MARKET_DATA,
KR6089231B89,,NO_MARKET_DATA,
KR6089231C21,,NO_MARKET_DATA,
KR6089231D53,,NO_MARKET_DATA,
KR6089231E60,,NO_MARKET_DATA,
KR6089231F51,,NO_MARKET_DATA,
KR6065903E83,,NO_MARKET_DATA,
KR6065903F25,,NO_MARKET_DATA,
KR6095233FC8,,NO_MARKET_DATA,
KR6169372G34,,NO_MARKET_DATA,
KR6169372G42,,NO_MARKET_DATA,
KR6169372G59,,NO_MARKET_DATA,
KR6208711G30,,NO_MARKET_DATA,
KR6208861F54,,NO_MARKET_DATA,
KR6209041EA5,,NO_MARKET_DATA,
KR6065903E91,,NO_MARKET_DATA,
KR6065903EA9,,NO_MARKET_DATA,
KR6065908F79,,NO_MARKET_DATA,
KR6065908F87,,NO_MARKET_DATA,
KR6065908FA5,,NO_MARKET_DATA,
KR6065908FB3,,NO_MARKET_DATA,
KR6095922F94,,NO_MARKET_DATA,
KR6095922FB8,,NO_MARKET_DATA,
KR6095922FC6,,NO_MARKET_DATA,
KR6095922G10,,NO_MARKET_DATA,
KR6095922G28,,NO_MARKET_DATA,
KR6095922G36,,NO_MARKET_DATA,
KR6046295G79,,NO_MARKET_DATA,
KR6046296D48,,NO_MARKET_DATA,
KR6046296EC8,,NO_MARKET_DATA,
KR6046296F20,,NO_MARKET_DATA,
KR6046296F87,,NO_MARKET_DATA,
KR6046296FA9,,NO_MARKET_DATA,
KR6046296FB7,,NO_MARKET_DATA,
KR6067571G62,,NO_MARKET_DATA,
KR6067631D71,,NO_MARKET_DATA,
KR6067631E88,,NO_MARKET_DATA,
KR6067631G29,,NO_MARKET_DATA,
KR6174149G69,,NO_MARKET_DATA,
KR6174149G77,,NO_MARKET_DATA,
KR60189N1G48,,NO_MARKET_DATA,
KR6019011G79,,NO_MARKET_DATA,
KR6019131E35,,NO_MARKET_DATA,
KR6019131EA4,,NO_MARKET_DATA,
KR6019131F34,,NO_MARKET_DATA,
KR6019171FC3,,NO_MARKET_DATA,
KR60191F1G57,,NO_MARKET_DATA,
KR60191G1G55,,NO_MARKET_DATA,
KR60191G2G54,,NO_MARKET_DATA,
KR6031323F52,,NO_MARKET_DATA,
KR6031323G28,,NO_MARKET_DATA,
KR6031323G36,,NO_MARKET_DATA,
KR6031323G44,,NO_MARKET_DATA,
KR6031324E94,,NO_MARKET_DATA,
KR6031324F10,,NO_MARKET_DATA,
KR6031324F36,,NO_MARKET_DATA,
KR6031325C38,,NO_MARKET_DATA,
KR6055552F12,,NO_MARKET_DATA,
KR6055552F38,,NO_MARKET_DATA,
KR6055552F46,,NO_MARKET_DATA,
KR6079316G42,,NO_MARKET_DATA,
KR6104231F25,,NO_MARKET_DATA,
KR6104231FB3,,NO_MARKET_DATA,
KR6104231G32,,NO_MARKET_DATA,
KR6104232C19,,NO_MARKET_DATA,
KR6104232DA8,,NO_MARKET_DATA,
KR6104232E25,,NO_MARKET_DATA,
KR6104232F24,,NO_MARKET_DATA,
KR6104232G31,,NO_MARKET_DATA,
KR6104241EB5,,NO_MARKET_DATA,
KR6151431FC9,,NO_MARKET_DATA,
KR6151431G49,,NO_MARKET_DATA,
KR6029695A36,,NO_MARKET_DATA,
KR6029695B27,,NO_MARKET_DATA,
KR6029695B92,,NO_MARKET_DATA,
KR6029695DC4,,NO_MARKET_DATA,
KR6029695E32,,NO_MARKET_DATA,
KR6032718DB1,,NO_MARKET_DATA,
KR6151431G64,,NO_MARKET_DATA,
KR6151461EB1,,NO_MARKET_DATA,
KR6151481EB9,,NO_MARKET_DATA,
KR6089231G43,,NO_MARKET_DATA,
KR6089231G50,,NO_MARKET_DATA,
KR6089232F50,,NO_MARKET_DATA,
KR6089232G42,,NO_MARKET_DATA,
KR6124301E86,,NO_MARKET_DATA,
KR6124361D92,,NO_MARKET_DATA,
KR6124501B95,,NO_MARKET_DATA,
KR6124501G58,,NO_MARKET_DATA,
KR6124521F48,,NO_MARKET_DATA,
KR6124561G48,,NO_MARKET_DATA,
KR6124671F38,,NO_MARKET_DATA,
KR6065903EB7,,NO_MARKET_DATA,
KR6065903EC5,,NO_MARKET_DATA,
KR6065903F17,,NO_MARKET_DATA,
KR6065903F41,,NO_MARKET_DATA,
KR6065903F58,,NO_MARKET_DATA,
KR6095233EC1,,NO_MARKET_DATA,
KR6095233F15,,NO_MARKET_DATA,
KR6095233F23,,NO_MARKET_DATA,
KR6095233F31,,NO_MARKET_DATA,
KR6095233F49,,NO_MARKET_DATA,
KR6095233F64,,NO_MARKET_DATA,
KR6021964F40,,NO_MARKET_DATA,
KR6095923EB9,,NO_MARKET_DATA,
KR6095923F10,,NO_MARKET_DATA,
KR6138931G58,,NO_MARKET_DATA,
KR6138931G66,,NO_MARKET_DATA,
KR6138931G74,,NO_MARKET_DATA,
KR6138932886,,NO_MARKET_DATA,
KR6138932B78,,NO_MARKET_DATA,
KR6138932D43,,NO_MARKET_DATA,
KR6138961G77,,NO_MARKET_DATA,
KR6139101BC4,,NO_MARKET_DATA,
KR6067631G60,,NO_MARKET_DATA,
KR6067681F52,,NO_MARKET_DATA,
KR60681711B0,,NO_MARKET_DATA,
KR6068171935,,NO_MARKET_DATA,
KR60681719A5,,NO_MARKET_DATA,
KR6068171E41,,NO_MARKET_DATA,
KR6097243D94,,NO_MARKET_DATA,
KR6097243DA4,,NO_MARKET_DATA,
KR6097243E77,,NO_MARKET_DATA,
KR6097243E85,,NO_MARKET_DATA,
KR60191N1G51,,NO_MARKET_DATA,
KR6019211D96,,NO_MARKET_DATA,
KR602196CF76,,NO_MARKET_DATA,
KR602196CF84,,NO_MARKET_DATA,
KR602196CFC7,,NO_MARKET_DATA,
KR602196CG34,,NO_MARKET_DATA,
KR602196CG42,,NO_MARKET_DATA,
KR602196DB87,,NO_MARKET_DATA,
KR602196DBB6,,NO_MARKET_DATA,
KR602196DDC0,,NO_MARKET_DATA,
KR602196DE35,,NO_MARKET_DATA,
KR6055552F61,,NO_MARKET_DATA,
KR6055552F79,,NO_MARKET_DATA,
KR6055552F87,,NO_MARKET_DATA,
KR6055552F95,,NO_MARKET_DATA,
KR6055552FA3,,NO_MARKET_DATA,
KR6055552FB1,,NO_MARKET_DATA,
KR6055552FC9,,NO_MARKET_DATA,
KR6079313EC1,,NO_MARKET_DATA,
KR6079313F12,,NO_MARKET_DATA,
KR6079313F38,,NO_MARKET_DATA,
KR6079313F46,,NO_MARKET_DATA,
KR6104241F64,,NO_MARKET_DATA,
KR6145766E97,,NO_MARKET_DATA,
KR6145766EA4,,NO_MARKET_DATA,
KR6145766EB2,,NO_MARKET_DATA,
KR6032711FB1,,NO_MARKET_DATA,
KR6032711FC9,,NO_MARKET_DATA,
KR6032711G18,,NO_MARKET_DATA,
KR6032711G26,,NO_MARKET_DATA,
KR6032711G34,,NO_MARKET_DATA,
KR6032711G42,,NO_MARKET_DATA,
KR6145766EC0,,NO_MARKET_DATA,
KR6151561F42,,NO_MARKET_DATA,
KR6198391E81,,NO_MARKET_DATA,
KR6151561G33,,NO_MARKET_DATA,
KR6151621FB7,,NO_MARKET_DATA,
KR6151641EB8,,NO_MARKET_DATA,
KR6151651EB7,,NO_MARKET_DATA,
KR6198151EB3,,NO_MARKET_DATA,
KR6198181F50,,NO_MARKET_DATA,
KR6198181FB7,,NO_MARKET_DATA,
KR6198181G67,,NO_MARKET_DATA,
KR6198211EA7,,NO_MARKET_DATA,
KR6124671F53,,NO_MARKET_DATA,
KR6124741FB7,,NO_MARKET_DATA,
KR6124751D66,,NO_MARKET_DATA,
KR6124751F49,,NO_MARKET_DATA,
KR6164911EA2,,NO_MARKET_DATA,
KR6164931F97,,NO_MARKET_DATA,
KR6164941G45,,NO_MARKET_DATA,
KR6164941G52,,NO_MARKET_DATA,
KR6164961F90,,NO_MARKET_DATA,
KR6165041D69,,NO_MARKET_DATA,
KR6165041F91,,NO_MARKET_DATA,
KR6095233F72,,NO_MARKET_DATA,
KR6095233F98,,NO_MARKET_DATA,
KR6095233FB0,,NO_MARKET_DATA,
KR6131793G27,,NO_MARKET_DATA,
KR6132151F97,,NO_MARKET_DATA,
KR6132161D97,,NO_MARKET_DATA,
KR6132161EB1,,NO_MARKET_DATA,
KR6132161F46,,NO_MARKET_DATA,
KR6132271EA0,,NO_MARKET_DATA,
KR6132441F30,,NO_MARKET_DATA,
KR6132601EB6,,NO_MARKET_DATA,
KR6138931F26,,NO_MARKET_DATA,
KR6138931F75,,NO_MARKET_DATA,
KR6138931F91,,NO_MARKET_DATA,
KR6138931FA0,,NO_MARKET_DATA,
KR6138931G25,,NO_MARKET_DATA,
KR6170902E25,,NO_MARKET_DATA,
KR6170921DC1,,NO_MARKET_DATA,
KR6171091E65,,NO_MARKET_DATA,
KR6171092E64,,NO_MARKET_DATA,
KR6171671FA0,,NO_MARKET_DATA,
KR6171671G53,,NO_MARKET_DATA,
KR6097243EA2,,NO_MARKET_DATA,
KR6097243EB0,,NO_MARKET_DATA,
KR6097243EC8,,NO_MARKET_DATA,
KR6097243F19,,NO_MARKET_DATA,
KR6097243F27,,NO_MARKET_DATA,
KR6097243F35,,NO_MARKET_DATA,
KR6140176E27,,NO_MARKET_DATA,
KR6140176E50,,NO_MARKET_DATA,
KR6140176E68,,NO_MARKET_DATA,
KR6140176E76,,NO_MARKET_DATA,
KR602196DE50,,NO_MARKET_DATA,
KR602196DE76,,NO_MARKET_DATA,
KR6030202C61,,NO_MARKET_DATA,
KR6030202E28,,NO_MARKET_DATA,
KR6030202EC4,,NO_MARKET_DATA,
KR6030202FB3,,NO_MARKET_DATA,
KR6030202G34,,NO_MARKET_DATA,
KR6030203345,,NO_MARKET_DATA,
KR6030203519,,NO_MARKET_DATA,
KR6030203816,,NO_MARKET_DATA,
KR6030203915,,NO_MARKET_DATA,
KR6079313F53,,NO_MARKET_DATA,
KR6079313F61,,NO_MARKET_DATA,
KR6079313F79,,NO_MARKET_DATA,
KR6079313F87,,NO_MARKET_DATA,
KR6079313F95,,NO_MARKET_DATA,
KR6079313FA2,,NO_MARKET_DATA,
KR6101182E13,,NO_MARKET_DATA,
KR6019457G70,,NO_MARKET_DATA,
KR6019458D72,,NO_MARKET_DATA,
KR6019458E55,,NO_MARKET_DATA,
KR6145766F13,,NO_MARKET_DATA,
KR6145766F39,,NO_MARKET_DATA,
KR6145766F62,,NO_MARKET_DATA,
KR6145766F70,,NO_MARKET_DATA,
KR6145766F96,,NO_MARKET_DATA,
KR6145766FA1,,NO_MARKET_DATA,
KR6145766FC7,,NO_MARKET_DATA,
KR6188261G53,,NO_MARKET_DATA,
KR6188271EB1,,NO_MARKET_DATA,
KR6188281EB0,,NO_MARKET_DATA,
KR6188291EB9,,NO_MARKET_DATA,
KR6198301E31,,NO_MARKET_DATA,
KR6198311F53,,NO_MARKET_DATA,
KR6198391F56,,NO_MARKET_DATA,
KR6198491F55,,NO_MARKET_DATA,
KR6198501F53,,NO_MARKET_DATA,
KR6019807EA9,,NO_MARKET_DATA,
KR6019807EB7,,NO_MARKET_DATA,
KR6019807EC5,,NO_MARKET_DATA,
KR6019807F11,,NO_MARKET_DATA,
KR6019807F29,,NO_MARKET_DATA,
KR6019807F45,,NO_MARKET_DATA,
KR6165042EA5,,NO_MARKET_DATA,
KR6165043EA3,,NO_MARKET_DATA,
KR6165044EA1,,NO_MARKET_DATA,
KR6165045EA8,,NO_MARKET_DATA,
KR6205493E32,,NO_MARKET_DATA,
KR6205493E57,,NO_MARKET_DATA,
KR6205493E81,,NO_MARKET_DATA,
KR6205493E99,,NO_MARKET_DATA,
KR6205493EA2,,NO_MARKET_DATA,
KR6205493EB0,,NO_MARKET_DATA,
KR6205493EC8,,NO_MARKET_DATA,
KR6132661F66,,NO_MARKET_DATA,
KR6132661F90,,NO_MARKET_DATA,
KR6132821F97,,NO_MARKET_DATA,
KR6169372G67,,NO_MARKET_DATA,
KR6169372G75,,NO_MARKET_DATA,
KR6169373D44,,NO_MARKET_DATA,
KR6169373D77,,NO_MARKET_DATA,
KR6169373DC8,,NO_MARKET_DATA,
KR6169373E35,,NO_MARKET_DATA,
KR6169373E84,,NO_MARKET_DATA,
KR6169373E92,,NO_MARKET_DATA,
KR6173301G32,,NO_MARKET_DATA,
KR6173401F99,,NO_MARKET_DATA,
KR6173461F62,,NO_MARKET_DATA,
KR6017674CC5,,NO_MARKET_DATA,
KR6017674DA7,,NO_MARKET_DATA,
KR6017675978,,NO_MARKET_DATA,
KR60176A1G34,,NO_MARKET_DATA,
KR60176B1G32,,NO_MARKET_DATA,
KR60176D1G38,,NO_MARKET_DATA,
KR60176F1G33,,NO_MARKET_DATA,
KR60176G1G31,,NO_MARKET_DATA,
KR6140176E84,,NO_MARKET_DATA,
KR6140176E92,,NO_MARKET_DATA,
KR6140176EA1,,NO_MARKET_DATA,
KR6140176EB9,,NO_MARKET_DATA,
KR6140176EC7,,NO_MARKET_DATA,
KR6140176F26,,NO_MARKET_DATA,
KR6175332F72,,NO_MARKET_DATA,
KR6175332F80,,NO_MARKET_DATA,
KR6175332F98,,NO_MARKET_DATA,
KR6175332FA5,,NO_MARKET_DATA,
KR6030621F87,,NO_MARKET_DATA,
KR60302039A7,2.9664660302859165,CALCULATED,고민감
KR6030203A62,,NO_MARKET_DATA,
KR6046291E91,,NO_MARKET_DATA,
KR6046291F58,,NO_MARKET_DATA,
KR6046291F82,,NO_MARKET_DATA,
KR6046291F90,0.1159929038704854,CALCULATED,저민감
KR6046291G32,,NO_MARKET_DATA,
KR6096761G46,,NO_MARKET_DATA,
KR6174149E79,,NO_MARKET_DATA,
KR6174149E87,,NO_MARKET_DATA,
KR6174149E95,,NO_MARKET_DATA,
KR6023783E53,,NO_MARKET_DATA,
KR6023783E87,,NO_MARKET_DATA,
KR6023783E95,,NO_MARKET_DATA,
KR6101182E54,,NO_MARKET_DATA,
KR6101182F20,,NO_MARKET_DATA,
KR6101182G11,,NO_MARKET_DATA,
KR6101182G78,,NO_MARKET_DATA,
KR6101183863,,NO_MARKET_DATA,
KR6101183871,,NO_MARKET_DATA,
KR6101183962,,NO_MARKET_DATA,
KR6101183A24,,NO_MARKET_DATA,
KR6188331EB3,,NO_MARKET_DATA,
KR6188381EB8,,NO_MARKET_DATA,
KR6188481EB6,,NO_MARKET_DATA,
KR6019802EC6,,NO_MARKET_DATA,
KR6188621EB7,,NO_MARKET_DATA,
KR6188621G33,,NO_MARKET_DATA,
KR6188631EB6,,NO_MARKET_DATA,
KR6188671EB2,,NO_MARKET_DATA,
KR6019801G57,,NO_MARKET_DATA,
KR6019801G65,,NO_MARKET_DATA,
KR6019801G73,,NO_MARKET_DATA,
KR6019807F52,,NO_MARKET_DATA,
KR6019807F60,,NO_MARKET_DATA,
KR6019807F78,,NO_MARKET_DATA,
KR6019807F86,,NO_MARKET_DATA,
KR6019807F94,,NO_MARKET_DATA,
KR6029695E40,,NO_MARKET_DATA,
KR6029695E65,,NO_MARKET_DATA,
KR6029695E99,,NO_MARKET_DATA,
KR6029695EB4,,NO_MARKET_DATA,
KR6029695F15,,NO_MARKET_DATA,
KR6029695FA3,,NO_MARKET_DATA,
KR6205493F15,,NO_MARKET_DATA,
KR6205493F23,,NO_MARKET_DATA,
KR6205493F31,,NO_MARKET_DATA,
KR6205493F49,,NO_MARKET_DATA,
KR60209F1G65,,NO_MARKET_DATA,
KR60209F2G64,,NO_MARKET_DATA,
KR60209F3G63,,NO_MARKET_DATA,
KR60209F4G62,,NO_MARKET_DATA,
KR60209F5G61,,NO_MARKET_DATA,
KR60209F6G60,,NO_MARKET_DATA,
KR6169373EA0,,NO_MARKET_DATA,
KR6169373EB8,,NO_MARKET_DATA,
KR6169373EC6,,NO_MARKET_DATA,
KR6209481FB8,,NO_MARKET_DATA,
KR6209511FB2,,NO_MARKET_DATA,
KR6209601EA6,,NO_MARKET_DATA,
KR6209601EB4,,NO_MARKET_DATA,
KR6209641G58,,NO_MARKET_DATA,
KR6209691FB2,,NO_MARKET_DATA,
KR6209701F31,,NO_MARKET_DATA,
KR6209702EA2,,NO_MARKET_DATA,
KR6214611F71,,NO_MARKET_DATA,
KR6214612EC2,,NO_MARKET_DATA,
KR6214681E51,,NO_MARKET_DATA,
KR6214681F27,,NO_MARKET_DATA,
KR6214681G67,,NO_MARKET_DATA,
KR6021964E74,,NO_MARKET_DATA,
KR6021964E82,,NO_MARKET_DATA,
KR6021964EA4,,NO_MARKET_DATA,
KR6021964F57,,NO_MARKET_DATA,
KR6021964F65,,NO_MARKET_DATA,
KR6029886F55,,NO_MARKET_DATA,
KR6030621F95,,NO_MARKET_DATA,
KR6046295G20,,NO_MARKET_DATA,
KR6046295G46,,NO_MARKET_DATA,
KR6046295G53,,NO_MARKET_DATA,
KR6046295G61,,NO_MARKET_DATA,
KR6175332G30,,NO_MARKET_DATA,
KR6175332G55,,NO_MARKET_DATA,
KR6175332G63,,NO_MARKET_DATA,
KR6175332G71,,NO_MARKET_DATA,
KR6175334F70,,NO_MARKET_DATA,
KR6175381D90,,NO_MARKET_DATA,
KR6174149EC3,,NO_MARKET_DATA,
KR6174149F45,,NO_MARKET_DATA,
KR6174149F78,,NO_MARKET_DATA,
KR6046291FA0,,NO_MARKET_DATA,
KR6046291FB8,,NO_MARKET_DATA,
KR6046291FC6,0.3167179963488102,CALCULATED,저민감
KR6046291G16,,NO_MARKET_DATA,
KR6046291G24,,NO_MARKET_DATA,
KR6046291G40,,NO_MARKET_DATA,
KR6066563BB4,,NO_MARKET_DATA,
KR6066563C68,,NO_MARKET_DATA,
KR6101184820,,NO_MARKET_DATA,
KR6145762F33,,NO_MARKET_DATA,
KR6145762F41,,NO_MARKET_DATA,
KR6145762F58,,NO_MARKET_DATA,
KR6145762F66,,NO_MARKET_DATA,
KR6145762F74,,NO_MARKET_DATA,
KR6145762F82,,NO_MARKET_DATA,
KR6145762F90,,NO_MARKET_DATA,
KR6145762FA0,,NO_MARKET_DATA,
KR6145762FB8,,NO_MARKET_DATA,
KR6145762FC6,,NO_MARKET_DATA,
KR6019802E41,,NO_MARKET_DATA,
KR6019802E58,,NO_MARKET_DATA,
KR6019802EA0,,NO_MARKET_DATA,
KR6019802EB8,,NO_MARKET_DATA,
KR6019802F16,,NO_MARKET_DATA,
KR6019802F24,,NO_MARKET_DATA,
KR6019802F32,,NO_MARKET_DATA,
KR6023788DA7,,NO_MARKET_DATA,
KR6023788DB5,,NO_MARKET_DATA,
KR6023788E33,,NO_MARKET_DATA,
KR6023788E58,,NO_MARKET_DATA,
KR6029695G55,,NO_MARKET_DATA,
KR6029695G63,,NO_MARKET_DATA,
KR6029695G71,,NO_MARKET_DATA,
KR6029696B26,,NO_MARKET_DATA,
KR6029696D16,,NO_MARKET_DATA,
KR6032718F38,,NO_MARKET_DATA,
KR6032718F46,,NO_MARKET_DATA,
KR6032718F53,,NO_MARKET_DATA,
KR6032718F79,,NO_MARKET_DATA,
KR6032718F87,,NO_MARKET_DATA,
KR6032718FA8,,NO_MARKET_DATA,
KR60209F7G69,,NO_MARKET_DATA,
KR60209F8G68,,NO_MARKET_DATA,
KR60209F9G67,,NO_MARKET_DATA,
KR6029785F40,,NO_MARKET_DATA,
KR6029785F57,,NO_MARKET_DATA,
KR6029785F65,,NO_MARKET_DATA,
KR6029785F73,,NO_MARKET_DATA,
KR6029785F81,,NO_MARKET_DATA,
KR6029785F99,,NO_MARKET_DATA,
KR6029785FC8,,NO_MARKET_DATA,
KR6209703EA0,,NO_MARKET_DATA,
KR6209704EA8,,NO_MARKET_DATA,
KR6209705EA5,,NO_MARKET_DATA,
KR60213HRG67,,NO_MARKET_DATA,
KR60213HSG66,,NO_MARKET_DATA,
KR60213HTG65,,NO_MARKET_DATA,
KR60213HVG61,,NO_MARKET_DATA,
KR60213HWG60,,NO_MARKET_DATA,
KR60214D1G78,,NO_MARKET_DATA,
KR60214P1G64,,NO_MARKET_DATA,
KR6021964G56,,NO_MARKET_DATA,
KR6021964G64,,NO_MARKET_DATA,
KR6021964G72,,NO_MARKET_DATA,
KR6029887983,,NO_MARKET_DATA,
KR6029887C24,,NO_MARKET_DATA,
KR6035762G27,,NO_MARKET_DATA,
KR6029887C57,,NO_MARKET_DATA,
KR6029887C99,,NO_MARKET_DATA,
KR6029887CB1,,NO_MARKET_DATA,
KR6029887DB9,,NO_MARKET_DATA,
KR6029887DC7,,NO_MARKET_DATA,
KR6175381G55,,NO_MARKET_DATA,
KR6019452E85,,NO_MARKET_DATA,
KR6019452EA4,,NO_MARKET_DATA,
KR6019452EB2,,NO_MARKET_DATA,
KR6019452EC0,,NO_MARKET_DATA,
KR6019452F19,,NO_MARKET_DATA,
KR6019452F27,,NO_MARKET_DATA,
KR6019452F35,,NO_MARKET_DATA,
KR6019452F43,,NO_MARKET_DATA,
KR6019452F50,,NO_MARKET_DATA,
KR6066563DA2,,NO_MARKET_DATA,
KR6066563G56,,NO_MARKET_DATA,
KR6066563G64,,NO_MARKET_DATA,
KR6066564BB2,,NO_MARKET_DATA,
KR6066564C18,,NO_MARKET_DATA,
KR6066565C17,,NO_MARKET_DATA,
KR60665714B4,,NO_MARKET_DATA,
KR6066571730,,NO_MARKET_DATA,
KR6096771F45,,NO_MARKET_DATA,
KR6096771F78,,NO_MARKET_DATA,
KR6096771F86,,NO_MARKET_DATA,
KR6145762G24,,NO_MARKET_DATA,
KR6181651FA0,,NO_MARKET_DATA,
KR6181651G23,,NO_MARKET_DATA,
KR6181652B27,,NO_MARKET_DATA,
KR6181652BA7,,NO_MARKET_DATA,
KR6181652C26,0.471482899761702,CALCULATED,저민감
KR60194HFG56,,NO_MARKET_DATA,
KR60194HGG55,,NO_MARKET_DATA,
KR6181652E16,,NO_MARKET_DATA,
KR6181652F15,,NO_MARKET_DATA,
KR6023788EB3,,NO_MARKET_DATA,
KR6023788EC1,,NO_MARKET_DATA,
KR6023788F40,,NO_MARKET_DATA,
KR6023788F57,,NO_MARKET_DATA,
KR6023788G64,,NO_MARKET_DATA,
KR6023788G72,,NO_MARKET_DATA,
KR6023789B84,,NO_MARKET_DATA,
KR6032712D28,,NO_MARKET_DATA,
KR6032712D36,,NO_MARKET_DATA,
KR6032712D51,,NO_MARKET_DATA,
KR6032712D69,,NO_MARKET_DATA,
KR6032718FB6,,NO_MARKET_DATA,
KR6032719C48,,NO_MARKET_DATA,
KR6032719C55,,NO_MARKET_DATA,
KR6032719D62,,NO_MARKET_DATA,
KR6032719D70,,NO_MARKET_DATA,
KR6063323838,,NO_MARKET_DATA,
KR6063323853,,NO_MARKET_DATA,
KR6063323861,,NO_MARKET_DATA,
KR6063323960,,NO_MARKET_DATA,
KR60633239A3,,NO_MARKET_DATA,
KR6029785G15,,NO_MARKET_DATA,
KR6029785G49,,NO_MARKET_DATA,
KR6029785G56,,NO_MARKET_DATA,
KR6029785G64,,NO_MARKET_DATA,
KR6033662G49,,NO_MARKET_DATA,
KR6033662G56,,NO_MARKET_DATA,
KR6033662G64,,NO_MARKET_DATA,
KR6033662G72,,NO_MARKET_DATA,
KR6033662G80,,NO_MARKET_DATA,
KR6033663B92,,NO_MARKET_DATA,
KR60215G1G60,,NO_MARKET_DATA,
KR60215G2G69,,NO_MARKET_DATA,
KR603366AG79,,NO_MARKET_DATA,
KR60215H1G68,,NO_MARKET_DATA,
KR6029881G59,,NO_MARKET_DATA,
KR6029881G67,,NO_MARKET_DATA,
KR6029881G75,,NO_MARKET_DATA,
KR6029881G83,,NO_MARKET_DATA,
KR6029882976,,NO_MARKET_DATA,
KR6029882992,,NO_MARKET_DATA,
KR6035692EC1,,NO_MARKET_DATA,
KR6035692G30,,NO_MARKET_DATA,
KR6035693EC9,,NO_MARKET_DATA,
KR6035693G39,,NO_MARKET_DATA,
KR6035721F51,,NO_MARKET_DATA,
KR6035761F29,,NO_MARKET_DATA,
KR6035761F94,,NO_MARKET_DATA,
KR6035761G10,,NO_MARKET_DATA,
KR6035761G28,,NO_MARKET_DATA,
KR6065908FC1,,NO_MARKET_DATA,
KR6065908G29,,NO_MARKET_DATA,
KR6019452F68,,NO_MARKET_DATA,
KR60222CPG71,,NO_MARKET_DATA,
KR60222CQG70,,NO_MARKET_DATA,
KR60222CRG79,,NO_MARKET_DATA,
KR60222CSG78,,NO_MARKET_DATA,
KR60222CTG77,,NO_MARKET_DATA,
KR60222E1G79,,NO_MARKET_DATA,
KR60224S1G75,,NO_MARKET_DATA,
KR60224S2G74,,NO_MARKET_DATA,
KR6030622CB9,,NO_MARKET_DATA,
KR6096771F94,,NO_MARKET_DATA,
KR6096771FA0,,NO_MARKET_DATA,
KR6096772B89,,NO_MARKET_DATA,
KR6096772D46,,NO_MARKET_DATA,
KR6096772F44,,NO_MARKET_DATA,
KR6096772F93,,NO_MARKET_DATA,
KR6096773892,,NO_MARKET_DATA,
KR6140173G44,,NO_MARKET_DATA,
KR6140173G51,,NO_MARKET_DATA,
KR6140173G69,,NO_MARKET_DATA,
KR6140173G77,,NO_MARKET_DATA,
KR6181652FA8,,NO_MARKET_DATA,
KR6181652G22,,NO_MARKET_DATA,
KR6181653A76,,NO_MARKET_DATA,
KR6181653E15,,NO_MARKET_DATA,
KR60194HBG50,,NO_MARKET_DATA,
KR60194HCG59,,NO_MARKET_DATA,
KR60194HDG58,,NO_MARKET_DATA,
KR60194HEG57,,NO_MARKET_DATA,
KR60194HHG54,,NO_MARKET_DATA,
KR60194HJG52,,NO_MARKET_DATA,
KR6032712DC2,,NO_MARKET_DATA,
KR6032712E19,,NO_MARKET_DATA,
KR6032712E27,,NO_MARKET_DATA,
KR6032712E43,,NO_MARKET_DATA,
KR6032712E50,,NO_MARKET_DATA,
KR6032712E68,,NO_MARKET_DATA,
KR6032712E76,,NO_MARKET_DATA,
KR6059662F29,,NO_MARKET_DATA,
KR6059662FB4,,NO_MARKET_DATA,
KR6059662G36,,NO_MARKET_DATA,
KR6059662G44,,NO_MARKET_DATA,
KR60633239B1,,NO_MARKET_DATA,
KR6082974DB9,,NO_MARKET_DATA,
KR6063323A50,,NO_MARKET_DATA,
KR6063323A68,,NO_MARKET_DATA,
KR6063323AB8,,NO_MARKET_DATA,
KR6063323B67,,NO_MARKET_DATA,
KR6082973F82,,NO_MARKET_DATA,
KR6082973F90,,NO_MARKET_DATA,
KR6082973G32,,NO_MARKET_DATA,
KR6082973G40,,NO_MARKET_DATA,
KR6033663C91,,NO_MARKET_DATA,
KR6033663E24,,NO_MARKET_DATA,
KR6033663E32,,NO_MARKET_DATA,
KR6033663E57,,NO_MARKET_DATA,
KR6064541F83,,NO_MARKET_DATA,
KR6064541FB3,,NO_MARKET_DATA,
KR6064801F21,,NO_MARKET_DATA,
KR6064851BB5,,NO_MARKET_DATA,
KR60649812B7,,NO_MARKET_DATA,
KR60649814C1,,NO_MARKET_DATA,
KR6064981964,,NO_MARKET_DATA,
KR6029882CC0,,NO_MARKET_DATA,
KR6029882D28,,NO_MARKET_DATA,
KR6029882D44,,NO_MARKET_DATA,
KR6029882E35,,NO_MARKET_DATA,
KR603366BDB4,,NO_MARKET_DATA,
KR603366BDC2,,NO_MARKET_DATA,
KR603366BE88,,NO_MARKET_DATA,
KR603366BEB2,,NO_MARKET_DATA,
KR603366BF87,,NO_MARKET_DATA,
KR603366BG60,,NO_MARKET_DATA,
KR6036322D47,,NO_MARKET_DATA,
KR6036323998,,NO_MARKET_DATA,
KR6065909E87,,NO_MARKET_DATA,
KR6065909EA6,,NO_MARKET_DATA,
KR6065909EB4,,NO_MARKET_DATA,
KR6065909EC2,,NO_MARKET_DATA,
KR6065909F11,,NO_MARKET_DATA,
KR6065909F29,,NO_MARKET_DATA,
KR6065909F86,,NO_MARKET_DATA,
KR6065909FA3,,NO_MARKET_DATA,
KR6065909FB1,,NO_MARKET_DATA,
KR60227D1G70,,NO_MARKET_DATA,
KR60227E1G78,,NO_MARKET_DATA,
KR6030621FA6,,NO_MARKET_DATA,
KR6030621FC2,,NO_MARKET_DATA,
KR6030621G11,,NO_MARKET_DATA,
KR6030621G29,,NO_MARKET_DATA,
KR6030621G37,,NO_MARKET_DATA,
KR6030621G52,,NO_MARKET_DATA,
KR6030621G60,,NO_MARKET_DATA,
KR6030621G78,,NO_MARKET_DATA,
KR6030621G86,,NO_MARKET_DATA,
KR61401749A9,,NO_MARKET_DATA,
KR6140174B97,,NO_MARKET_DATA,
KR6140174BA2,,NO_MARKET_DATA,
KR6140174D38,,NO_MARKET_DATA,
KR6140174D46,,NO_MARKET_DATA,
KR6140174D61,,NO_MARKET_DATA,
KR617414AE65,,NO_MARKET_DATA,
KR617414AE81,,NO_MARKET_DATA,
KR617414AE99,,NO_MARKET_DATA,
KR617414AEC4,,NO_MARKET_DATA,
KR60194HKG59,,NO_MARKET_DATA,
KR60194HLG58,,NO_MARKET_DATA,
KR6023783F78,,NO_MARKET_DATA,
KR6023783F86,,NO_MARKET_DATA,
KR6023783F94,,NO_MARKET_DATA,
KR6023783FA3,,NO_MARKET_DATA,
KR6023783FC9,,NO_MARKET_DATA,
KR6023783G10,,NO_MARKET_DATA,
KR6023783G36,,NO_MARKET_DATA,
KR6023783G44,,NO_MARKET_DATA,
KR6023783G51,,NO_MARKET_DATA,
KR6059662G51,,NO_MARKET_DATA,
KR6059663G43,,NO_MARKET_DATA,
KR6060001841,,NO_MARKET_DATA,
KR6060001A55,,NO_MARKET_DATA,
KR6060001D86,,NO_MARKET_DATA,
KR6060001E93,,NO_MARKET_DATA,
KR6060001FA4,,NO_MARKET_DATA,
KR6079316G59,,NO_MARKET_DATA,
KR6079316G67,,NO_MARKET_DATA,
KR6079316G75,,NO_MARKET_DATA,
KR6079317B87,,NO_MARKET_DATA,
KR6082973G65,,NO_MARKET_DATA,
KR6082974D91,,NO_MARKET_DATA,
KR6082974E17,,NO_MARKET_DATA,
KR6082974EC5,,NO_MARKET_DATA,
KR6082974F16,,NO_MARKET_DATA,
KR6115161G32,,NO_MARKET_DATA,
KR6115181DC0,,NO_MARKET_DATA,
KR6115181EB0,,NO_MARKET_DATA,
KR6115181FB7,,NO_MARKET_DATA,
KR6115182FB5,,NO_MARKET_DATA,
KR6115451EB7,,NO_MARKET_DATA,
KR6064981A69,,NO_MARKET_DATA,
KR6064981B19,4.114274777035955,CALCULATED,고민감
KR6064981E73,,NO_MARKET_DATA,
KR6064981E81,,NO_MARKET_DATA,
KR6089261D64,,NO_MARKET_DATA,
KR6089261F62,,NO_MARKET_DATA,
KR6089591F71,,NO_MARKET_DATA,
KR6089861D92,,NO_MARKET_DATA,
KR6089861F25,,NO_MARKET_DATA,
KR6089861F58,,NO_MARKET_DATA,
KR6089861F74,,NO_MARKET_DATA,
KR603366BG78,,NO_MARKET_DATA,
KR603366CC89,,NO_MARKET_DATA,
KR603366CD88,,NO_MARKET_DATA,
KR6065903F66,,NO_MARKET_DATA,
KR6065903F74,,NO_MARKET_DATA,
KR6065903F82,,NO_MARKET_DATA,
KR6065903FA6,,NO_MARKET_DATA,
KR6065903FB4,,NO_MARKET_DATA,
KR6065903FC2,,NO_MARKET_DATA,
KR6065903G16,,NO_MARKET_DATA,
KR6065903G24,,NO_MARKET_DATA,
KR6095923E45,,NO_MARKET_DATA,
KR6095923E52,,NO_MARKET_DATA,
KR6095923E78,,NO_MARKET_DATA,
KR6095923E86,,NO_MARKET_DATA,
KR6095923E94,,NO_MARKET_DATA,
KR6095923EA1,,NO_MARKET_DATA,
KR6021964EB2,,NO_MARKET_DATA,
KR6021964EC0,,NO_MARKET_DATA,
KR6021964F16,,NO_MARKET_DATA,
KR6021964F24,,NO_MARKET_DATA,
KR6021964F32,,NO_MARKET_DATA,
KR6030622E38,,NO_MARKET_DATA,
KR6046296FC5,,NO_MARKET_DATA,
KR6046296G11,,NO_MARKET_DATA,
KR6046296G29,,NO_MARKET_DATA,
KR6046296G52,,NO_MARKET_DATA,
KR6046296G78,,NO_MARKET_DATA,
KR6046297F11,0.4276917496692812,CALCULATED,저민감
KR6046297F29,0.4995122135076775,CALCULATED,저민감
KR6046297F86,,NO_MARKET_DATA,
KR6046297FA7,,EXCLUDED_UNSUPPORTED_TYPE,
KR6046297FB5,0.2807120774997648,CALCULATED,저민감
KR617414AF49,,NO_MARKET_DATA,
KR617414AF72,,NO_MARKET_DATA,
KR617414AFA5,,NO_MARKET_DATA,
KR617414AG48,,NO_MARKET_DATA,
KR617414AG63,,NO_MARKET_DATA,
KR617414AG71,,NO_MARKET_DATA,
KR617414BD73,,NO_MARKET_DATA,
KR60185MFG43,,NO_MARKET_DATA,
KR60185MGG42,,NO_MARKET_DATA,
KR60185MHG41,,NO_MARKET_DATA,
KR6023783G69,,NO_MARKET_DATA,
KR6023783G77,,NO_MARKET_DATA,
KR6031325E93,,NO_MARKET_DATA,
KR6031325F35,,NO_MARKET_DATA,
KR6031326E92,,NO_MARKET_DATA,
KR6031441G17,,NO_MARKET_DATA,
KR6031442E18,,NO_MARKET_DATA,
KR6031442E75,,NO_MARKET_DATA,
KR6031442G16,,NO_MARKET_DATA,
KR6031491G40,,NO_MARKET_DATA,
KR6031521EA0,,NO_MARKET_DATA,
KR6079317DB6,,NO_MARKET_DATA,
KR6079317DC4,,NO_MARKET_DATA,
KR6105351G17,,NO_MARKET_DATA,
KR6145767E70,,NO_MARKET_DATA,
KR6079317E35,,NO_MARKET_DATA,
KR6079317E43,,NO_MARKET_DATA,
KR6079317E68,,NO_MARKET_DATA,
KR6079317E84,,NO_MARKET_DATA,
KR6104242E49,,NO_MARKET_DATA,
KR6104541BB4,,NO_MARKET_DATA,
KR6104541FC3,,NO_MARKET_DATA,
KR6115451F24,,NO_MARKET_DATA,
KR6115451F73,,NO_MARKET_DATA,
KR6115451FC2,,NO_MARKET_DATA,
KR6115481G35,,NO_MARKET_DATA,
KR6115531CB0,,NO_MARKET_DATA,
KR6151671EB5,,NO_MARKET_DATA,
KR6151681EB4,,NO_MARKET_DATA,
KR6151731EB7,,NO_MARKET_DATA,
KR6151781D63,,NO_MARKET_DATA,
KR6151861EC0,,NO_MARKET_DATA,
KR6151861F64,,NO_MARKET_DATA,
KR6089862B93,,NO_MARKET_DATA,
KR6089862C19,,NO_MARKET_DATA,
KR6089862E25,,NO_MARKET_DATA,
KR6124751F64,,NO_MARKET_DATA,
KR6124781F43,,NO_MARKET_DATA,
KR6124791F41,,NO_MARKET_DATA,
KR6165451E95,,NO_MARKET_DATA,
KR6124881F67,,NO_MARKET_DATA,
KR6124901EA2,,NO_MARKET_DATA,
KR6124901G62,,NO_MARKET_DATA,
KR6124921F44,,NO_MARKET_DATA,
KR6065903G32,,NO_MARKET_DATA,
KR6065903G40,,NO_MARKET_DATA,
KR6065903G65,,NO_MARKET_DATA,
KR6095233G22,,NO_MARKET_DATA,
KR6095233G30,,NO_MARKET_DATA,
KR6095233G48,,NO_MARKET_DATA,
KR6095233G63,,NO_MARKET_DATA,
KR6095233G71,,NO_MARKET_DATA,
KR6095234EB1,,NO_MARKET_DATA,
KR6095234F14,,NO_MARKET_DATA,
KR6095234F22,0.4817842756726443,CALCULATED,저민감
KR6095923G19,,NO_MARKET_DATA,
KR6095923G35,,NO_MARKET_DATA,
KR6139131B91,,NO_MARKET_DATA,
KR6139131D32,,NO_MARKET_DATA,
KR6139131D65,,EXCLUDED_PERPETUAL,
KR6139131E49,,NO_MARKET_DATA,
KR6139131E64,,NO_MARKET_DATA,
KR6139131EA9,,NO_MARKET_DATA,
KR6139131F22,,NO_MARKET_DATA,
KR6139131F30,,NO_MARKET_DATA,
KR6046297FC3,,NO_MARKET_DATA,
KR6068171F32,,NO_MARKET_DATA,
KR6068171F65,,NO_MARKET_DATA,
KR6068171G56,,NO_MARKET_DATA,
KR6068171G72,,NO_MARKET_DATA,
KR60681727B6,,NO_MARKET_DATA,
KR60681728B4,,NO_MARKET_DATA,
KR6068172933,,NO_MARKET_DATA,
KR60681729A4,,NO_MARKET_DATA,
KR6068172A77,,NO_MARKET_DATA,
KR60185MJG49,,NO_MARKET_DATA,
KR60185MKG46,,NO_MARKET_DATA,
KR60185MLG45,,NO_MARKET_DATA,
KR60185MMG44,,NO_MARKET_DATA,
KR60185MNG43,,NO_MARKET_DATA,
KR60185MPG41,,NO_MARKET_DATA,
KR602196DE92,,NO_MARKET_DATA,
KR602196DEB0,,NO_MARKET_DATA,
KR602196DEC8,,NO_MARKET_DATA,
KR602196DF18,,NO_MARKET_DATA,
KR6032191E43,,NO_MARKET_DATA,
KR6032191F91,,NO_MARKET_DATA,
KR6055552G29,,NO_MARKET_DATA,
KR6055552G37,,NO_MARKET_DATA,
KR6055552G45,,NO_MARKET_DATA,
KR6055552G60,,NO_MARKET_DATA,
KR6055552G78,,NO_MARKET_DATA,
KR6055552G86,,NO_MARKET_DATA,
KR6055553749,,NO_MARKET_DATA,
KR6055553855,,NO_MARKET_DATA,
KR6104621E73,,NO_MARKET_DATA,
KR6104771E71,,NO_MARKET_DATA,
KR6104771FA0,,NO_MARKET_DATA,
KR6104781G69,,NO_MARKET_DATA,
KR6105351G25,,NO_MARKET_DATA,
KR6105351G33,,NO_MARKET_DATA,
KR6105351G74,,NO_MARKET_DATA,
KR6145766G38,,NO_MARKET_DATA,
KR6145766G46,,NO_MARKET_DATA,
KR6145767D14,,NO_MARKET_DATA,
KR6145767D48,,NO_MARKET_DATA,
KR6152251E12,,NO_MARKET_DATA,
KR6152251EA7,,NO_MARKET_DATA,
KR6152251F29,,NO_MARKET_DATA,
KR6152251F94,,NO_MARKET_DATA,
KR6152251G28,,NO_MARKET_DATA,
KR6198551F52,,NO_MARKET_DATA,
KR6198561F50,,NO_MARKET_DATA,
KR6198571F58,,NO_MARKET_DATA,
KR6198601D96,,NO_MARKET_DATA,
KR6198621EB5,,NO_MARKET_DATA,
KR6198621F58,,NO_MARKET_DATA,
KR6124941F40,,NO_MARKET_DATA,
KR6124961F45,,NO_MARKET_DATA,
KR6124961F94,,NO_MARKET_DATA,
KR6124992F63,,NO_MARKET_DATA,
KR6165261F94,,NO_MARKET_DATA,
KR6165401F38,,NO_MARKET_DATA,
KR6165421E35,,NO_MARKET_DATA,
KR6165461E44,,NO_MARKET_DATA,
KR6165461EB5,,NO_MARKET_DATA,
KR6165461FA4,,NO_MARKET_DATA,
KR6165461G67,,NO_MARKET_DATA,
KR6165531FB2,,NO_MARKET_DATA,
KR6095234F30,0.5513741058524941,CALCULATED,중간
KR6095234F48,,NO_MARKET_DATA,
KR6169373F18,,NO_MARKET_DATA,
KR6209751G47,,NO_MARKET_DATA,
KR6132961EA6,,NO_MARKET_DATA,
KR6133011EB7,,NO_MARKET_DATA,
KR6133011G52,,NO_MARKET_DATA,
KR6133081EB0,,NO_MARKET_DATA,
KR6133201F95,,NO_MARKET_DATA,
KR6133221DA6,,NO_MARKET_DATA,
KR6133271G57,,NO_MARKET_DATA,
KR6139101C62,,NO_MARKET_DATA,
KR6139101CB4,,NO_MARKET_DATA,
KR6139101D38,,NO_MARKET_DATA,
KR6171971G35,,NO_MARKET_DATA,
KR6172031G56,,NO_MARKET_DATA,
KR6172051F52,,NO_MARKET_DATA,
KR6172051G36,,NO_MARKET_DATA,
KR6172201F69,,NO_MARKET_DATA,
KR6172671E61,,NO_MARKET_DATA,
KR6173141G36,,NO_MARKET_DATA,
KR6173291G42,,NO_MARKET_DATA,
KR6068172AB4,,NO_MARKET_DATA,
KR6097243F43,,NO_MARKET_DATA,
KR6097243F50,,NO_MARKET_DATA,
KR6097243F68,,NO_MARKET_DATA,
KR6097243F76,,NO_MARKET_DATA,
KR6097243F84,,NO_MARKET_DATA,
KR6097243F92,,NO_MARKET_DATA,
KR6097243FA9,,NO_MARKET_DATA,
KR6097243FB7,,NO_MARKET_DATA,
KR6140177A79,,NO_MARKET_DATA,
KR602196DF42,,NO_MARKET_DATA,
KR602196DF67,,NO_MARKET_DATA,
KR602196DF75,,NO_MARKET_DATA,
KR602196DFC5,,NO_MARKET_DATA,
KR602196EE59,,NO_MARKET_DATA,
KR602196EE75,,NO_MARKET_DATA,
KR602196EE91,,NO_MARKET_DATA,
KR6030203B12,,NO_MARKET_DATA,
KR6030203B61,,NO_MARKET_DATA,
KR6030203C11,,NO_MARKET_DATA,
KR6030203D77,,NO_MARKET_DATA,
KR6055553970,,NO_MARKET_DATA,
KR60555539A0,,NO_MARKET_DATA,
KR6079313FB0,,NO_MARKET_DATA,
KR6079313FC8,,NO_MARKET_DATA,
KR6079313G11,,NO_MARKET_DATA,
KR6079313G29,,NO_MARKET_DATA,
KR6079313G37,,NO_MARKET_DATA,
KR6079313G45,,NO_MARKET_DATA,
KR6101391E10,,NO_MARKET_DATA,
KR6145763D67,,NO_MARKET_DATA,
KR6079313G52,,NO_MARKET_DATA,
KR6145767D71,,NO_MARKET_DATA,
KR6145767DC0,,NO_MARKET_DATA,
KR6145767E13,,NO_MARKET_DATA,
KR6145767E47,,NO_MARKET_DATA,
KR6145767E88,,NO_MARKET_DATA,
KR6145767E96,,NO_MARKET_DATA,
KR6188751EB2,,NO_MARKET_DATA,
KR6188751G35,,NO_MARKET_DATA,
KR6188771FA9,,NO_MARKET_DATA,
KR6188801D61,,NO_MARKET_DATA,
KR6188801EB5,,NO_MARKET_DATA,
KR6198661F59,,NO_MARKET_DATA,
KR6198701F51,,NO_MARKET_DATA,
KR6198711F59,,NO_MARKET_DATA,
KR6198761G40,,NO_MARKET_DATA,
KR6198762G31,,NO_MARKET_DATA,
KR601980CEB0,,NO_MARKET_DATA,
KR601980CEC8,,NO_MARKET_DATA,
KR601980CF11,,NO_MARKET_DATA,
KR601980CF45,,NO_MARKET_DATA,
KR601980CF94,,NO_MARKET_DATA,
KR601980CFC5,,NO_MARKET_DATA,
KR6165581F63,,NO_MARKET_DATA,
KR6165581G39,,NO_MARKET_DATA,
KR6165691EA9,,NO_MARKET_DATA,
KR6205493F56,,NO_MARKET_DATA,
KR6205493F64,,NO_MARKET_DATA,
KR6205493F72,,NO_MARKET_DATA,
KR6205493F80,,NO_MARKET_DATA,
KR6205493G55,,NO_MARKET_DATA,
KR6020151G69,,NO_MARKET_DATA,
KR6020151G77,,NO_MARKET_DATA,
KR60201B1G53,,NO_MARKET_DATA,
KR6133281E81,,NO_MARKET_DATA,
KR6133301F45,,NO_MARKET_DATA,
KR6133301F94,,NO_MARKET_DATA,
KR6133371EA7,,NO_MARKET_DATA,
KR6169373F26,,NO_MARKET_DATA,
KR6169373F34,,NO_MARKET_DATA,
KR6169373F42,,NO_MARKET_DATA,
KR6169373F67,,NO_MARKET_DATA,
KR6169373F75,,NO_MARKET_DATA,
KR6169373F83,,NO_MARKET_DATA,
KR6169373F91,,NO_MARKET_DATA,
KR6173711G36,,NO_MARKET_DATA,
KR6173751EA1,,NO_MARKET_DATA,
KR6173751F95,,NO_MARKET_DATA,
KR6173941EA8,,NO_MARKET_DATA,
KR60176T1G34,,NO_MARKET_DATA,
KR60176V1G30,,NO_MARKET_DATA,
KR60176W2G52,,NO_MARKET_DATA,
KR60176Y1G34,,NO_MARKET_DATA,
KR60176Z1G31,,NO_MARKET_DATA,
KR60177B1G30,,NO_MARKET_DATA,
KR60177G1G39,,NO_MARKET_DATA,
KR6097243FC5,,NO_MARKET_DATA,
KR6097243G18,,NO_MARKET_DATA,
KR6140176F42,,NO_MARKET_DATA,
KR6140176F75,,NO_MARKET_DATA,
KR6140176FA8,,NO_MARKET_DATA,
KR6140176FC4,,NO_MARKET_DATA,
KR6140176G41,,NO_MARKET_DATA,
KR6140176G58,,NO_MARKET_DATA,
KR6140176G66,,NO_MARKET_DATA,
KR6140176G74,,NO_MARKET_DATA,
KR6030203E27,,NO_MARKET_DATA,
KR6030203EC2,,NO_MARKET_DATA,
KR6030203FB1,,NO_MARKET_DATA,
KR6030203G33,,NO_MARKET_DATA,
KR6030204467,,NO_MARKET_DATA,
KR6030204491,,NO_MARKET_DATA,
KR6030204616,,NO_MARKET_DATA,
KR6046291G57,,NO_MARKET_DATA,
KR6046291G65,,NO_MARKET_DATA,
KR6046291G73,,NO_MARKET_DATA,
KR6046292EA1,,NO_MARKET_DATA,
KR6079313G60,,NO_MARKET_DATA,
KR6079313G78,,NO_MARKET_DATA,
KR6079314698,,NO_MARKET_DATA,
KR6079314B98,,NO_MARKET_DATA,
KR6101184879,,NO_MARKET_DATA,
KR6101184A23,,NO_MARKET_DATA,
KR6101185876,,NO_MARKET_DATA,
KR6101241E61,,NO_MARKET_DATA,
KR6101291F36,,NO_MARKET_DATA,
KR6101361F56,,NO_MARKET_DATA,
KR6101391E36,,NO_MARKET_DATA,
KR6188801F44,,NO_MARKET_DATA,
KR6188951EB8,,NO_MARKET_DATA,
KR6188981EA7,,NO_MARKET_DATA,
KR6188981EB5,,NO_MARKET_DATA,
KR6188981F38,,NO_MARKET_DATA,
KR6188991EB4,,NO_MARKET_DATA,
KR60194HMG57,,NO_MARKET_DATA,
KR60194HNG56,,NO_MARKET_DATA,
KR60194HPG54,,NO_MARKET_DATA,
KR60194HQG53,,NO_MARKET_DATA,
KR601980CG44,,NO_MARKET_DATA,
KR6029698B16,,NO_MARKET_DATA,
KR601980CG51,,NO_MARKET_DATA,
KR601980CG77,,NO_MARKET_DATA,
KR601980DD46,,NO_MARKET_DATA,
KR601980DD53,,NO_MARKET_DATA,
KR6029696E49,,NO_MARKET_DATA,
KR6029696F14,,NO_MARKET_DATA,
KR6029696G54,,NO_MARKET_DATA,
KR6029696G70,,NO_MARKET_DATA,
KR6029697E48,,NO_MARKET_DATA,
KR60201C1G51,,NO_MARKET_DATA,
KR60201F1G54,,NO_MARKET_DATA,
KR60201G1G52,,NO_MARKET_DATA,
KR60201J1G56,,NO_MARKET_DATA,
KR60201K1G54,,NO_MARKET_DATA,
KR60201L1G52,,NO_MARKET_DATA,
KR60201M1G50,,NO_MARKET_DATA,
KR60201N1G58,,NO_MARKET_DATA,
KR6029785G72,,NO_MARKET_DATA,
KR60297868B4,,NO_MARKET_DATA,
KR6029786A36,,NO_MARKET_DATA,
KR6169373FB5,,NO_MARKET_DATA,
KR6169373FC3,,NO_MARKET_DATA,
KR6169373G25,,NO_MARKET_DATA,
KR6209741EA0,,NO_MARKET_DATA,
KR6209951FB0,,NO_MARKET_DATA,
KR6210011FB0,,NO_MARKET_DATA,
KR6210121EC8,,NO_MARKET_DATA,
KR60210WJG61,,NO_MARKET_DATA,
KR60210WKG68,,NO_MARKET_DATA,
KR60210WLG67,,NO_MARKET_DATA,
KR60176G1G49,,NO_MARKET_DATA,
KR60176K1G33,,NO_MARKET_DATA,
KR60176S1G36,,NO_MARKET_DATA,
KR6021964F73,,NO_MARKET_DATA,
KR6021964F81,,NO_MARKET_DATA,
KR6021964FB9,,NO_MARKET_DATA,
KR6021964FC7,,NO_MARKET_DATA,
KR6021964G15,,NO_MARKET_DATA,
KR6021964G23,,NO_MARKET_DATA,
KR6021964G31,,NO_MARKET_DATA,
KR6021964G49,,NO_MARKET_DATA,
KR6140177C36,,NO_MARKET_DATA,
KR6175421E91,,NO_MARKET_DATA,
KR6175421EA9,,NO_MARKET_DATA,
KR6175551F84,,NO_MARKET_DATA,
KR6175561G40,,NO_MARKET_DATA,
KR6175651EB9,,NO_MARKET_DATA,
KR6175741G43,,NO_MARKET_DATA,
KR6175811F98,,NO_MARKET_DATA,
KR6175891G41,,NO_MARKET_DATA,
KR6175911G47,,NO_MARKET_DATA,
KR6175951G55,,NO_MARKET_DATA,
KR6046292EC7,,NO_MARKET_DATA,
KR6046292F24,,NO_MARKET_DATA,
KR6046292F32,,NO_MARKET_DATA,
KR6046292F40,,NO_MARKET_DATA,
KR6046292F65,,NO_MARKET_DATA,
KR6046292F73,,NO_MARKET_DATA,
KR6046292F81,,NO_MARKET_DATA,
KR60665717B7,,NO_MARKET_DATA,
KR6066571847,,NO_MARKET_DATA,
KR6066571946,,NO_MARKET_DATA,
KR6101401E59,,NO_MARKET_DATA,
KR6101402E58,,NO_MARKET_DATA,
KR6101491F91,,NO_MARKET_DATA,
KR6145762G32,,NO_MARKET_DATA,
KR6145762G40,,NO_MARKET_DATA,
KR6145762G57,,NO_MARKET_DATA,
KR6145762G65,,NO_MARKET_DATA,
KR6145762G73,,NO_MARKET_DATA,
KR6145763B69,,NO_MARKET_DATA,
KR6145763D34,,NO_MARKET_DATA,
KR6145763E33,,NO_MARKET_DATA,
KR60194HRG52,,NO_MARKET_DATA,
KR60194HSG51,,NO_MARKET_DATA,
KR60194HTG50,,NO_MARKET_DATA,
KR60194HVG56,,NO_MARKET_DATA,
KR60194HWG55,,NO_MARKET_DATA,
KR60194HXG54,,NO_MARKET_DATA,
KR6023789D74,,NO_MARKET_DATA,
KR6023789D82,,NO_MARKET_DATA,
KR6023789EB1,,NO_MARKET_DATA,
KR6023789EC9,,NO_MARKET_DATA,
KR6029697F13,,NO_MARKET_DATA,
KR6029697G79,,NO_MARKET_DATA,
KR6032719E12,,NO_MARKET_DATA,
KR6032719E46,,NO_MARKET_DATA,
KR6032719E53,,NO_MARKET_DATA,
KR6032719E61,,NO_MARKET_DATA,
KR6032719E79,,NO_MARKET_DATA,
KR6032719E95,,NO_MARKET_DATA,
KR6032719EA9,,NO_MARKET_DATA,
KR6032719EB7,,NO_MARKET_DATA,
KR6063323BA8,,NO_MARKET_DATA,
KR6029786B50,,NO_MARKET_DATA,
KR6029786C26,,NO_MARKET_DATA,
KR6029786C42,,NO_MARKET_DATA,
KR6029786D74,,NO_MARKET_DATA,
KR6029786DA5,,NO_MARKET_DATA,
KR6029786E57,,NO_MARKET_DATA,
KR6029786E73,,NO_MARKET_DATA,
KR6033663E65,,NO_MARKET_DATA,
KR6033663E73,,NO_MARKET_DATA,
KR6033663E81,,NO_MARKET_DATA,
KR60210WMG66,,NO_MARKET_DATA,
KR60210WNG65,,NO_MARKET_DATA,
KR60210WPG63,,NO_MARKET_DATA,
KR60210WQG62,,NO_MARKET_DATA,
KR60210WRG61,,NO_MARKET_DATA,
KR60210WSG60,,NO_MARKET_DATA,
KR6029882E43,,NO_MARKET_DATA,
KR6029882E50,,NO_MARKET_DATA,
KR6029882E68,,NO_MARKET_DATA,
KR6029882E92,,NO_MARKET_DATA,
KR6029887F70,,NO_MARKET_DATA,
KR6029887F96,,NO_MARKET_DATA,
KR6029887FA6,,NO_MARKET_DATA,
KR6029887FB4,,NO_MARKET_DATA,
KR6029887FC2,,NO_MARKET_DATA,
KR6029887G38,,NO_MARKET_DATA,
KR6029887G53,,NO_MARKET_DATA,
KR6036421F45,,NO_MARKET_DATA,
KR6036421FA5,,NO_MARKET_DATA,
KR6036421FB3,,NO_MARKET_DATA,
KR6036421G51,,NO_MARKET_DATA,
KR6175961G46,,NO_MARKET_DATA,
KR6176021EA6,,NO_MARKET_DATA,
KR6019211E53,,NO_MARKET_DATA,
KR6019211E95,,NO_MARKET_DATA,
KR6019211F37,,NO_MARKET_DATA,
KR6019211F52,,NO_MARKET_DATA,
KR6019211F60,,NO_MARKET_DATA,
KR6019211F94,,NO_MARKET_DATA,
KR6019211G36,,NO_MARKET_DATA,
KR6019211G77,,NO_MARKET_DATA,
KR60192C1G60,,NO_MARKET_DATA,
KR6066571A29,,NO_MARKET_DATA,
KR6066571A78,,NO_MARKET_DATA,
KR6066571B28,,NO_MARKET_DATA,
KR6066571D59,,NO_MARKET_DATA,
KR6066571G31,,NO_MARKET_DATA,
KR6066571G56,,NO_MARKET_DATA,
KR60665724B3,,NO_MARKET_DATA,
KR6096773A97,,NO_MARKET_DATA,
KR6140174D95,,NO_MARKET_DATA,
KR6096773B13,,NO_MARKET_DATA,
KR6145763E74,,NO_MARKET_DATA,
KR6145763EB9,,NO_MARKET_DATA,
KR6181654916,,NO_MARKET_DATA,
KR6182041378,,NO_MARKET_DATA,
KR6182361E81,,NO_MARKET_DATA,
KR6182401D92,,NO_MARKET_DATA,
KR6182701F89,,NO_MARKET_DATA,
KR6182702F88,,NO_MARKET_DATA,
KR6183871F40,,NO_MARKET_DATA,
KR6184051E90,,NO_MARKET_DATA,
KR6184051EA3,,NO_MARKET_DATA,
KR6023789F56,,NO_MARKET_DATA,
KR6023789G63,,NO_MARKET_DATA,
KR602378AD88,,NO_MARKET_DATA,
KR6060001G18,,NO_MARKET_DATA,
KR6079317F42,,NO_MARKET_DATA,
KR602378AD96,,NO_MARKET_DATA,
KR602378ADB2,,NO_MARKET_DATA,
KR602378AEB0,,NO_MARKET_DATA,
KR602378AG69,,NO_MARKET_DATA,
KR6032712E84,,NO_MARKET_DATA,
KR6032712E92,,NO_MARKET_DATA,
KR6063323BB6,,NO_MARKET_DATA,
KR6063323C25,,NO_MARKET_DATA,
KR6063323C41,,NO_MARKET_DATA,
KR6063323C58,,NO_MARKET_DATA,
KR6063323C74,,NO_MARKET_DATA,
KR6063323CC2,,NO_MARKET_DATA,
KR6063323D24,,NO_MARKET_DATA,
KR6063323D57,,NO_MARKET_DATA,
KR6063323D65,,NO_MARKET_DATA,
KR6082974F57,,NO_MARKET_DATA,
KR6033663E99,,NO_MARKET_DATA,
KR6033663EA8,,NO_MARKET_DATA,
KR6033663EB6,,NO_MARKET_DATA,
KR6033663EC4,,NO_MARKET_DATA,
KR6033663F15,,NO_MARKET_DATA,
KR6033663F31,,NO_MARKET_DATA,
KR6033663F49,,NO_MARKET_DATA,
KR6064981F15,,NO_MARKET_DATA,
KR6064981F23,,NO_MARKET_DATA,
KR6064981F31,,NO_MARKET_DATA,
KR6029882EB8,,NO_MARKET_DATA,
KR6029882EC6,,NO_MARKET_DATA,
KR6029882F18,,NO_MARKET_DATA,
KR6029882F26,,NO_MARKET_DATA,
KR6029882F34,,NO_MARKET_DATA,
KR6029882F42,,NO_MARKET_DATA,
KR6029882F59,,NO_MARKET_DATA,
KR603366CDA4,,NO_MARKET_DATA,
KR603366CDC0,,NO_MARKET_DATA,
KR603366CE87,,NO_MARKET_DATA,
KR6029887EA9,,NO_MARKET_DATA,
KR6029887EB7,,NO_MARKET_DATA,
KR6029887EC5,,NO_MARKET_DATA,
KR6035762E11,,NO_MARKET_DATA,
KR6035762F28,,NO_MARKET_DATA,
KR6035762F93,,NO_MARKET_DATA,
KR6035763C95,,NO_MARKET_DATA,
KR6035763G26,,NO_MARKET_DATA,
KR6035811F52,,NO_MARKET_DATA,
KR6036321E13,,NO_MARKET_DATA,
KR6036321F20,,NO_MARKET_DATA,
KR60192E1G41,,NO_MARKET_DATA,
KR60192J3G55,,NO_MARKET_DATA,
KR60227E2G77,,NO_MARKET_DATA,
KR60227J1G77,,NO_MARKET_DATA,
KR60228J1G83,,NO_MARKET_DATA,
KR60228J2G82,,NO_MARKET_DATA,
KR60228J3G81,,NO_MARKET_DATA,
KR60228J4G80,,NO_MARKET_DATA,
KR60228J5G89,,NO_MARKET_DATA,
KR60228J6G88,,NO_MARKET_DATA,
KR6096773B88,,NO_MARKET_DATA,
KR6096773D45,,NO_MARKET_DATA,
KR6096773F43,,NO_MARKET_DATA,
KR6096773F92,,NO_MARKET_DATA,
KR6096774D44,,NO_MARKET_DATA,
KR6097241EA6,,NO_MARKET_DATA,
KR6097241EB4,,NO_MARKET_DATA,
KR6097241EC2,,NO_MARKET_DATA,
KR6140174D87,,NO_MARKET_DATA,
KR6140174DC4,,NO_MARKET_DATA,
KR6184111E98,,NO_MARKET_DATA,
KR6184111EA5,,NO_MARKET_DATA,
KR6019458FC4,,NO_MARKET_DATA,
KR6019458G38,,NO_MARKET_DATA,
KR6019458G46,,NO_MARKET_DATA,
KR6019458G61,,NO_MARKET_DATA,
KR6019458G79,,NO_MARKET_DATA,
KR6019459E96,,NO_MARKET_DATA,
KR6019459EA9,,NO_MARKET_DATA,
KR6019459EC5,,NO_MARKET_DATA,
KR6032712F42,,NO_MARKET_DATA,
KR6032712F59,,NO_MARKET_DATA,
KR6032712F67,,NO_MARKET_DATA,
KR6060001FB2,,NO_MARKET_DATA,
KR6060001FC0,,NO_MARKET_DATA,
KR6060001G26,,NO_MARKET_DATA,
KR6060001G34,,NO_MARKET_DATA,
KR6060001G42,,NO_MARKET_DATA,
KR6060001G59,,NO_MARKET_DATA,
KR6060001G67,,NO_MARKET_DATA,
KR6060001G75,,NO_MARKET_DATA,
KR6082974F73,,NO_MARKET_DATA,
KR6082974G31,,NO_MARKET_DATA,
KR6082975EC2,,NO_MARKET_DATA,
KR6082975F56,,NO_MARKET_DATA,
KR6082975F72,,NO_MARKET_DATA,
KR6082976D40,,NO_MARKET_DATA,
KR6082977DA4,,NO_MARKET_DATA,
KR608297ADB8,,NO_MARKET_DATA,
KR608297BDB6,,NO_MARKET_DATA,
KR6115532CB8,,NO_MARKET_DATA,
KR6115611D80,,NO_MARKET_DATA,
KR6064981F64,,NO_MARKET_DATA,
KR6064981FB1,,NO_MARKET_DATA,
KR6064981FC9,,NO_MARKET_DATA,
KR6064981G14,,NO_MARKET_DATA,
KR6064981G48,,NO_MARKET_DATA,
KR6064981G63,,NO_MARKET_DATA,
KR6064981G71,,NO_MARKET_DATA,
KR6089863C18,,NO_MARKET_DATA,
KR60209K6G60,,NO_MARKET_DATA,
KR60209K7G69,,NO_MARKET_DATA,
KR603366CEB0,,NO_MARKET_DATA,
KR603366CG69,,NO_MARKET_DATA,
KR603366CG77,,NO_MARKET_DATA,
KR603366DC88,,NO_MARKET_DATA,
KR603366DD46,,NO_MARKET_DATA,
KR603366DD95,,NO_MARKET_DATA,
KR603366DDA2,,NO_MARKET_DATA,
KR6065903G73,,NO_MARKET_DATA,
KR6065904759,,NO_MARKET_DATA,
KR6065904783,,NO_MARKET_DATA,
KR606590AD73,,NO_MARKET_DATA,
KR606590ADB8,,NO_MARKET_DATA,
KR606590ADC6,,NO_MARKET_DATA,
KR606590AE23,,NO_MARKET_DATA,
KR606590AE80,,NO_MARKET_DATA,
KR606590AEA8,,NO_MARKET_DATA,
KR606590AEB6,,NO_MARKET_DATA,
KR6095923G50,,NO_MARKET_DATA,
KR6095923G68,,NO_MARKET_DATA,
KR6095923G76,,NO_MARKET_DATA,
KR6095924975,,NO_MARKET_DATA,
KR60228J7G87,,NO_MARKET_DATA,
KR60228J8G86,,NO_MARKET_DATA,
KR6030622E61,,NO_MARKET_DATA,
KR6030622E79,,NO_MARKET_DATA,
KR6030622E95,,NO_MARKET_DATA,
KR6030622EA7,,NO_MARKET_DATA,
KR6030622EB5,,NO_MARKET_DATA,
KR6030622EC3,,NO_MARKET_DATA,
KR6030622F11,,NO_MARKET_DATA,
KR6030622F29,,NO_MARKET_DATA,
KR6030622F45,,NO_MARKET_DATA,
KR6140174E29,,NO_MARKET_DATA,
KR6140174E52,,NO_MARKET_DATA,
KR6140174E60,,NO_MARKET_DATA,
KR6140174E78,,NO_MARKET_DATA,
KR6140174E86,,NO_MARKET_DATA,
KR6140174E94,,NO_MARKET_DATA,
KR6140174EA6,,NO_MARKET_DATA,
KR617414BE80,,NO_MARKET_DATA,
KR617414BE98,,NO_MARKET_DATA,
KR617414BF48,,NO_MARKET_DATA,
KR6019459F61,,NO_MARKET_DATA,
KR6019459F79,,NO_MARKET_DATA,
KR6023784E52,,NO_MARKET_DATA,
KR6023784E86,,NO_MARKET_DATA,
KR6023784E94,,NO_MARKET_DATA,
KR6023784EB2,,NO_MARKET_DATA,
KR6023784EC0,,NO_MARKET_DATA,
KR6032281E44,,NO_MARKET_DATA,
KR6032301DB6,,NO_MARKET_DATA,
KR6032301G55,,NO_MARKET_DATA,
KR6032351BB5,,NO_MARKET_DATA,
KR6060001G83,,NO_MARKET_DATA,
KR6060001W34,,NO_MARKET_DATA,
KR6079317E92,,NO_MARKET_DATA,
KR6079317EA6,,NO_MARKET_DATA,
KR6079317F18,,NO_MARKET_DATA,
KR6079317F59,,NO_MARKET_DATA,
KR6079317F75,,NO_MARKET_DATA,
KR6079317F91,,NO_MARKET_DATA,
KR6079317FB1,,NO_MARKET_DATA,
KR6079317FC9,,NO_MARKET_DATA,
KR6079317G25,,NO_MARKET_DATA,
KR6152252D61,,NO_MARKET_DATA,
KR6152253F92,,NO_MARKET_DATA,
KR6115651G39,,NO_MARKET_DATA,
KR6115741G31,,NO_MARKET_DATA,
KR6115761E95,,NO_MARKET_DATA,
KR6116041EA7,,NO_MARKET_DATA,
KR6116071G54,,NO_MARKET_DATA,
KR6116081G52,,NO_MARKET_DATA,
KR6116101E92,,NO_MARKET_DATA,
KR6116101EB7,,NO_MARKET_DATA,
KR6116151G32,,NO_MARKET_DATA,
KR60209K8G68,,NO_MARKET_DATA,
KR60209K9G67,,NO_MARKET_DATA,
KR60209KAG67,,NO_MARKET_DATA,
KR602978AE57,,NO_MARKET_DATA,
KR6092791G64,,NO_MARKET_DATA,
KR6128171G33,,NO_MARKET_DATA,
KR6128221F34,,NO_MARKET_DATA,
KR6128341E97,,NO_MARKET_DATA,
KR6128821F61,,NO_MARKET_DATA,
KR6129131G14,,NO_MARKET_DATA,
KR6129132E15,,NO_MARKET_DATA,
KR6065904957,,NO_MARKET_DATA,
KR6065904965,,NO_MARKET_DATA,
KR6065904981,,NO_MARKET_DATA,
KR6065904A37,,NO_MARKET_DATA,
KR60217J1G60,,NO_MARKET_DATA,
KR60217K1G76,,NO_MARKET_DATA,
KR6021831DB5,,NO_MARKET_DATA,
KR6021831F41,,NO_MARKET_DATA,
KR6021831F82,,NO_MARKET_DATA,
KR6021831F90,,NO_MARKET_DATA,
KR6137401FC1,,NO_MARKET_DATA,
KR6065909FC9,,NO_MARKET_DATA,
KR6065909G36,,NO_MARKET_DATA,
KR6095923F28,,NO_MARKET_DATA,
KR6095923F36,,NO_MARKET_DATA,
KR6095923F44,,NO_MARKET_DATA,
KR6095923F51,,NO_MARKET_DATA,
KR6095923F69,,NO_MARKET_DATA,
KR6095923F93,,NO_MARKET_DATA,
KR6095923FB6,,NO_MARKET_DATA,
KR6095923FC4,,NO_MARKET_DATA,
KR6068172E57,,NO_MARKET_DATA,
KR6046298F10,,NO_MARKET_DATA,
KR6046298F28,,NO_MARKET_DATA,
KR6046298F85,,NO_MARKET_DATA,
KR6046298FA5,,NO_MARKET_DATA,
KR6046298FB3,,NO_MARKET_DATA,
KR6046298FC1,,NO_MARKET_DATA,
KR6046298G27,,NO_MARKET_DATA,
KR6068172B76,,NO_MARKET_DATA,
KR6068172BB2,0.2247324097976985,CALCULATED,저민감
KR6068172C67,,NO_MARKET_DATA,
KR617414BF71,,NO_MARKET_DATA,
KR617414BFA3,,NO_MARKET_DATA,
KR60192J4G54,,NO_MARKET_DATA,
KR60192J5G53,,NO_MARKET_DATA,
KR60192J6G52,,NO_MARKET_DATA,
KR60192J7G51,,NO_MARKET_DATA,
KR60192J8G50,,NO_MARKET_DATA,
KR60192J9G59,,NO_MARKET_DATA,
KR602196FD91,,NO_MARKET_DATA,
KR6030211D36,,NO_MARKET_DATA,
KR6032351D24,,NO_MARKET_DATA,
KR6032351D40,,NO_MARKET_DATA,
KR6032351D81,,NO_MARKET_DATA,
KR6032351D99,,NO_MARKET_DATA,
KR6032431E27,,NO_MARKET_DATA,
KR6032432E26,,NO_MARKET_DATA,
KR6032501E71,,NO_MARKET_DATA,
KR6055553A24,,NO_MARKET_DATA,
KR6055553B49,,NO_MARKET_DATA,
KR6055553C71,,NO_MARKET_DATA,
KR6055553C89,,NO_MARKET_DATA,
KR6105352G24,,NO_MARKET_DATA,
KR6105353G23,,NO_MARKET_DATA,
KR6105401FA3,,NO_MARKET_DATA,
KR6105401G58,,NO_MARKET_DATA,
KR6105401G66,,NO_MARKET_DATA,
KR6105402G57,,NO_MARKET_DATA,
KR6105551EC4,,NO_MARKET_DATA,
KR6105561A27,,NO_MARKET_DATA,
KR6105561BA3,,NO_MARKET_DATA,
KR6105561C25,,EXCLUDED_PERPETUAL,
KR6105561C58,,EXCLUDED_PERPETUAL,
KR6152252AA3,,NO_MARKET_DATA,
KR6152252D12,,NO_MARKET_DATA,
KR6029783F26,,NO_MARKET_DATA,
KR6029783F34,,NO_MARKET_DATA,
KR6029783F42,,NO_MARKET_DATA,
KR6029783F59,,NO_MARKET_DATA,
KR6029783F67,,NO_MARKET_DATA,
KR6029783F75,,NO_MARKET_DATA,
KR6121371E61,,NO_MARKET_DATA,
KR6121372F69,,NO_MARKET_DATA,
KR6121373F68,,NO_MARKET_DATA,
KR6129132G13,,NO_MARKET_DATA,
KR6129291E53,,NO_MARKET_DATA,
KR6129291F52,,NO_MARKET_DATA,
KR6167601E58,,NO_MARKET_DATA,
KR6167601EA6,,NO_MARKET_DATA,
KR6167671F52,,NO_MARKET_DATA,
KR6167671FA6,,NO_MARKET_DATA,
KR6167671G44,,NO_MARKET_DATA,
KR6167691F58,,NO_MARKET_DATA,
KR6167711FA0,,NO_MARKET_DATA,
KR6167821F69,,NO_MARKET_DATA,
KR6138041B92,,NO_MARKET_DATA,
KR6138041C26,,NO_MARKET_DATA,
KR6169379E54,0.0438020765625882,CALCULATED,저민감
KR6169379E88,,NO_MARKET_DATA,
KR6138041E24,,EXCLUDED_OPTION,
KR6138041E57,,NO_MARKET_DATA,
KR6138041E73,,NO_MARKET_DATA,
KR6138041F49,,EXCLUDED_OPTION,
KR6138041F80,,NO_MARKET_DATA,
KR6138041F98,,NO_MARKET_DATA,
KR602988CFA1,,NO_MARKET_DATA,
KR6039491G50,,NO_MARKET_DATA,
KR6039491G68,,NO_MARKET_DATA,
KR6174145F15,,NO_MARKET_DATA,
KR6174145F49,,NO_MARKET_DATA,
KR6174145F56,,NO_MARKET_DATA,
KR6174145F72,,NO_MARKET_DATA,
KR6174145FA2,,NO_MARKET_DATA,
KR6174145FC8,,NO_MARKET_DATA,
KR6174145G48,,NO_MARKET_DATA,
KR6174145G55,,NO_MARKET_DATA,
KR6068172E40,,NO_MARKET_DATA,
KR6068172F31,,NO_MARKET_DATA,
KR6068172F49,,NO_MARKET_DATA,
KR6068172F64,,NO_MARKET_DATA,
KR6068172G55,,NO_MARKET_DATA,
KR6068173741,,NO_MARKET_DATA,
KR6097243G26,,NO_MARKET_DATA,
KR6097243G34,,NO_MARKET_DATA,
KR6097243G42,,NO_MARKET_DATA,
KR6097243G59,,NO_MARKET_DATA,
KR60192JAG51,,NO_MARKET_DATA,
KR60192JBG50,,NO_MARKET_DATA,
KR60192JCG59,,NO_MARKET_DATA,
KR602196EEB8,,NO_MARKET_DATA,
KR602196EEC6,,NO_MARKET_DATA,
KR602196EF17,,NO_MARKET_DATA,
KR602196EF41,,NO_MARKET_DATA,
KR602196EF66,,NO_MARKET_DATA,
KR602196EF74,,NO_MARKET_DATA,
KR602196EFC3,,NO_MARKET_DATA,
KR6055553CA8,,NO_MARKET_DATA,
KR6055553CB6,,NO_MARKET_DATA,
KR6055553D13,,NO_MARKET_DATA,
KR6055553E12,,NO_MARKET_DATA,
KR6055553E20,,NO_MARKET_DATA,
KR6055553E95,,NO_MARKET_DATA,
KR6055553F29,,NO_MARKET_DATA,
KR6079314D54,,NO_MARKET_DATA,
KR6079314DB3,,NO_MARKET_DATA,
KR6079314DC1,,NO_MARKET_DATA,
KR6101531F51,,NO_MARKET_DATA,
KR6145767EA2,,NO_MARKET_DATA,
KR6145767EB0,,NO_MARKET_DATA,
KR6145767EC8,,NO_MARKET_DATA,
KR6145767F12,,NO_MARKET_DATA,
KR6145767F38,,NO_MARKET_DATA,
KR6063321C50,,NO_MARKET_DATA,
KR6063321C76,,NO_MARKET_DATA,
KR6063321D26,,NO_MARKET_DATA,
KR6063321D34,,NO_MARKET_DATA,
KR6063321D42,,NO_MARKET_DATA,
KR6063321D59,,NO_MARKET_DATA,
KR6121374F67,,NO_MARKET_DATA,
KR6121375F66,,NO_MARKET_DATA,
KR6121601D98,,NO_MARKET_DATA,
KR6121602D97,,NO_MARKET_DATA,
KR6121603D96,,NO_MARKET_DATA,
KR6160551F37,,NO_MARKET_DATA,
KR6160551F45,,NO_MARKET_DATA,
KR6160721F65,,NO_MARKET_DATA,
KR6160722E32,,NO_MARKET_DATA,
KR6160722F64,,NO_MARKET_DATA,
KR6161391F21,,NO_MARKET_DATA,
KR6167951F46,,NO_MARKET_DATA,
KR6168041FA1,,NO_MARKET_DATA,
KR6168041G52,,NO_MARKET_DATA,
KR6205501E40,,NO_MARKET_DATA,
KR6205501F15,,NO_MARKET_DATA,
KR6205501F98,,NO_MARKET_DATA,
KR6205501G22,,NO_MARKET_DATA,
KR6205501G63,,NO_MARKET_DATA,
KR6205502G62,,NO_MARKET_DATA,
KR6205503G61,,NO_MARKET_DATA,
KR6205504G60,,NO_MARKET_DATA,
KR6205901F94,,NO_MARKET_DATA,
KR6138041G14,,NO_MARKET_DATA,
KR6169378G20,,NO_MARKET_DATA,
KR6169378G38,,NO_MARKET_DATA,
KR6169379E39,,NO_MARKET_DATA,
KR6169379EA7,,NO_MARKET_DATA,
KR6169379F20,,NO_MARKET_DATA,
KR6169379F38,,NO_MARKET_DATA,
KR6169379F46,,NO_MARKET_DATA,
KR6169379F87,,NO_MARKET_DATA,
KR6169379FB2,,NO_MARKET_DATA,
KR6214342DB0,,NO_MARKET_DATA,
KR6139131F71,,NO_MARKET_DATA,
KR6139131F89,,NO_MARKET_DATA,
KR6173531F43,,NO_MARKET_DATA,
KR6173581F59,,NO_MARKET_DATA,
KR6173581G33,,NO_MARKET_DATA,
KR6173581G58,,NO_MARKET_DATA,
KR6021965E40,,NO_MARKET_DATA,
KR6173611F46,,NO_MARKET_DATA,
KR6173651EB1,,NO_MARKET_DATA,
KR6173651G38,,NO_MARKET_DATA,
KR6173691F56,,NO_MARKET_DATA,
KR6097243G67,,NO_MARKET_DATA,
KR6097243G75,,NO_MARKET_DATA,
KR6097244B95,,NO_MARKET_DATA,
KR6097244D36,,NO_MARKET_DATA,
KR6097244D51,,NO_MARKET_DATA,
KR6097244D77,,NO_MARKET_DATA,
KR6140177CB1,,NO_MARKET_DATA,
KR6140177D68,,NO_MARKET_DATA,
KR6140177D84,,NO_MARKET_DATA,
KR6140177D92,,NO_MARKET_DATA,
KR602196FCB9,,NO_MARKET_DATA,
KR602196FE58,,NO_MARKET_DATA,
KR602196FE74,,NO_MARKET_DATA,
KR6030204814,,NO_MARKET_DATA,
KR6030204913,,NO_MARKET_DATA,
KR60302049A6,,NO_MARKET_DATA,
KR6030204A61,,NO_MARKET_DATA,
KR6030204B11,,NO_MARKET_DATA,
KR6030204FB9,,NO_MARKET_DATA,
KR6030204G32,,NO_MARKET_DATA,
KR6030211B95,,NO_MARKET_DATA,
KR6079314E53,,NO_MARKET_DATA,
KR6079314E61,,NO_MARKET_DATA,
KR6079314E87,,NO_MARKET_DATA,
KR6079314E95,,NO_MARKET_DATA,
KR6079314EB1,,NO_MARKET_DATA,
KR6079314EC9,,NO_MARKET_DATA,
KR6079314F11,,NO_MARKET_DATA,
KR6101511EA6,,NO_MARKET_DATA,
KR6101511FB1,,NO_MARKET_DATA,
KR6101511G39,,NO_MARKET_DATA,
KR6101531E37,,NO_MARKET_DATA,
KR6195371G55,,NO_MARKET_DATA,
KR6195421E32,,NO_MARKET_DATA,
KR6195421F56,,NO_MARKET_DATA,
KR6195431F47,,NO_MARKET_DATA,
KR6019804G21,,NO_MARKET_DATA,
KR6019804G39,,NO_MARKET_DATA,
KR6019804G47,,NO_MARKET_DATA,
KR6019804G54,,NO_MARKET_DATA,
KR6019804G62,,NO_MARKET_DATA,
KR6019804G70,,NO_MARKET_DATA,
KR6019805D56,,NO_MARKET_DATA,
KR6161392F20,,NO_MARKET_DATA,
KR6161393F29,,NO_MARKET_DATA,
KR6161891F26,,NO_MARKET_DATA,
KR6161891G25,,NO_MARKET_DATA,
KR6204271FB8,,NO_MARKET_DATA,
KR6204271G31,,NO_MARKET_DATA,
KR6204321F24,,NO_MARKET_DATA,
KR6204321FA3,,NO_MARKET_DATA,
KR6204321G49,,NO_MARKET_DATA,
KR6204322D41,,NO_MARKET_DATA,
KR6204322E16,,NO_MARKET_DATA,
KR6205941F62,,NO_MARKET_DATA,
KR6205981493,,NO_MARKET_DATA,
KR6205991EA5,,NO_MARKET_DATA,
KR60210WTG69,,NO_MARKET_DATA,
KR60210WVG65,,NO_MARKET_DATA,
KR60210WWG64,,NO_MARKET_DATA,
KR60210WXG63,,NO_MARKET_DATA,
KR60210WYG62,,NO_MARKET_DATA,
KR60210WZG61,,NO_MARKET_DATA,
KR60211A1G62,,NO_MARKET_DATA,
KR6214342E11,,NO_MARKET_DATA,
KR6214342EA0,0.1397550331588593,CALCULATED,저민감
KR6214342EC6,,NO_MARKET_DATA,
KR6214342F28,,NO_MARKET_DATA,
KR6214342F36,,NO_MARKET_DATA,
KR6214342F44,,NO_MARKET_DATA,
KR6214342F69,,NO_MARKET_DATA,
KR6214342FA7,,NO_MARKET_DATA,
KR6214342FC3,,NO_MARKET_DATA,
KR6214342G35,1.4664992244441488,CALCULATED,중간
KR6021963D19,,NO_MARKET_DATA,
KR6018671E25,,NO_MARKET_DATA,
KR6021969E46,,NO_MARKET_DATA,
KR6021969E53,,NO_MARKET_DATA,
KR6021969EA3,,NO_MARKET_DATA,
KR6021969EB1,,NO_MARKET_DATA,
KR6021969EC9,,NO_MARKET_DATA,
KR6021969F11,,NO_MARKET_DATA,
KR602988DEA2,,NO_MARKET_DATA,
KR6021969F45,,NO_MARKET_DATA,
KR6021969F60,,NO_MARKET_DATA,
KR6021969F78,,NO_MARKET_DATA,
KR6140177DB9,,NO_MARKET_DATA,
KR6140177E26,,NO_MARKET_DATA,
KR6140177E59,,NO_MARKET_DATA,
KR6140177E67,,NO_MARKET_DATA,
KR6140177E75,,NO_MARKET_DATA,
KR6140177E83,,NO_MARKET_DATA,
KR6176021FA3,,NO_MARKET_DATA,
KR6176031G65,,NO_MARKET_DATA,
KR6176041G48,,NO_MARKET_DATA,
KR6176051EA3,,NO_MARKET_DATA,
KR6176061F69,,NO_MARKET_DATA,
KR6030211BA5,,NO_MARKET_DATA,
KR6030211D51,,NO_MARKET_DATA,
KR6046292F99,,NO_MARKET_DATA,
KR6046292FA8,,NO_MARKET_DATA,
KR6046292FB6,,NO_MARKET_DATA,
KR6046292FC4,0.3213227763033571,CALCULATED,저민감
KR6046292G15,,NO_MARKET_DATA,
KR6046292G23,,NO_MARKET_DATA,
KR6046292G31,,NO_MARKET_DATA,
KR6046292G49,,NO_MARKET_DATA,
KR6046292G56,,NO_MARKET_DATA,
KR6032714F99,,NO_MARKET_DATA,
KR6060009E95,,NO_MARKET_DATA,
KR6060009FB5,,NO_MARKET_DATA,
KR6060231D96,,NO_MARKET_DATA,
KR6060232D95,,NO_MARKET_DATA,
KR6060241E93,,NO_MARKET_DATA,
KR6193423F67,,NO_MARKET_DATA,
KR6193424F66,,NO_MARKET_DATA,
KR6193425F65,,NO_MARKET_DATA,
KR6193451F39,,NO_MARKET_DATA,
KR6019806EB9,,NO_MARKET_DATA,
KR6019805D98,,NO_MARKET_DATA,
KR6019805DA5,,NO_MARKET_DATA,
KR6019805E22,,NO_MARKET_DATA,
KR6019805E30,,NO_MARKET_DATA,
KR6029692F34,,NO_MARKET_DATA,
KR6029692F42,,NO_MARKET_DATA,
KR6029692F59,,NO_MARKET_DATA,
KR6029692F67,,NO_MARKET_DATA,
KR6029692F75,,NO_MARKET_DATA,
KR6029692F83,,NO_MARKET_DATA,
KR6029692F91,,NO_MARKET_DATA,
KR6204322F23,,NO_MARKET_DATA,
KR6204322G48,,NO_MARKET_DATA,
KR6204323B26,,NO_MARKET_DATA,
KR6204323E15,,NO_MARKET_DATA,
KR60201P1G53,,NO_MARKET_DATA,
KR60201R1G59,,NO_MARKET_DATA,
KR60201S1G57,,NO_MARKET_DATA,
KR60201W1G59,,NO_MARKET_DATA,
KR60201X1G57,,NO_MARKET_DATA,
KR60201Z1G52,,NO_MARKET_DATA,
KR6029783G74,,NO_MARKET_DATA,
KR60211D1G66,,NO_MARKET_DATA,
KR60211J1G63,,NO_MARKET_DATA,
KR60211K1G61,,NO_MARKET_DATA,
KR602978BD99,,NO_MARKET_DATA,
KR602978BDA9,,NO_MARKET_DATA,
KR602978BE56,,NO_MARKET_DATA,
KR6033666G60,,NO_MARKET_DATA,
KR602978BEC3,,NO_MARKET_DATA,
KR602978BF30,,NO_MARKET_DATA,
KR602978BF48,,NO_MARKET_DATA,
KR6021963E26,,NO_MARKET_DATA,
KR6021963E42,,NO_MARKET_DATA,
KR6021963E59,,NO_MARKET_DATA,
KR6021963E67,,NO_MARKET_DATA,
KR6021963E83,,NO_MARKET_DATA,
KR6021963EB4,,NO_MARKET_DATA,
KR6021963EC2,,NO_MARKET_DATA,
KR6021963F17,,NO_MARKET_DATA,
KR6021963F25,,NO_MARKET_DATA,
KR6021963F33,,NO_MARKET_DATA,
KR60298859G1,,NO_MARKET_DATA,
KR60177L1G39,,NO_MARKET_DATA,
KR60177M1G37,,NO_MARKET_DATA,
KR6017801F29,,NO_MARKET_DATA,
KR6017802F28,,NO_MARKET_DATA,
KR6021965C67,,NO_MARKET_DATA,
KR6021965D41,,NO_MARKET_DATA,
KR6021965D90,,NO_MARKET_DATA,
KR6021965E16,,NO_MARKET_DATA,
KR6029887F39,,NO_MARKET_DATA,
KR6029887F47,,NO_MARKET_DATA,
KR6029887F54,,NO_MARKET_DATA,
KR6176251F69,,NO_MARKET_DATA,
KR6071841EA3,,NO_MARKET_DATA,
KR6071841F93,,NO_MARKET_DATA,
KR6071841G43,,NO_MARKET_DATA,
KR6071842E44,,NO_MARKET_DATA,
KR6071842EA1,,NO_MARKET_DATA,
KR6071842F92,,NO_MARKET_DATA,
KR6019455FB2,,NO_MARKET_DATA,
KR6019455FC0,,NO_MARKET_DATA,
KR6019455G15,,NO_MARKET_DATA,
KR6046292G64,,NO_MARKET_DATA,
KR6030751EB2,,NO_MARKET_DATA,
KR6030751F30,,NO_MARKET_DATA,
KR6030751F89,,NO_MARKET_DATA,
KR6030751G47,,NO_MARKET_DATA,
KR6030751G62,,NO_MARKET_DATA,
KR6030752EB0,,NO_MARKET_DATA,
KR6143761F96,,NO_MARKET_DATA,
KR6143761G61,,NO_MARKET_DATA,
KR6143771FB1,,NO_MARKET_DATA,
KR6143991EA0,,NO_MARKET_DATA,
KR6193511G51,,NO_MARKET_DATA,
KR6193521EA4,,NO_MARKET_DATA,
KR6019805G61,,NO_MARKET_DATA,
KR6019805G79,,NO_MARKET_DATA,
KR6019806D97,,NO_MARKET_DATA,
KR6019806DC9,,NO_MARKET_DATA,
KR6019806E13,,NO_MARKET_DATA,
KR6019806E39,,NO_MARKET_DATA,
KR6019806E47,,NO_MARKET_DATA,
KR6019806E70,,NO_MARKET_DATA,
KR6019806EA1,,NO_MARKET_DATA,
KR6029692FA0,,NO_MARKET_DATA,
KR6029692FB8,,NO_MARKET_DATA,
KR6029692FC6,,NO_MARKET_DATA,
KR6032716F71,,NO_MARKET_DATA,
KR6082971E93,,NO_MARKET_DATA,
KR6029692G17,,NO_MARKET_DATA,
KR6032716E64,,NO_MARKET_DATA,
KR6032716E72,,NO_MARKET_DATA,
KR6032716E98,,NO_MARKET_DATA,
KR6032716EA5,,NO_MARKET_DATA,
KR6032716EB3,,NO_MARKET_DATA,
KR6033633D30,,NO_MARKET_DATA,
KR60202A1G53,,NO_MARKET_DATA,
KR60202B1G51,,NO_MARKET_DATA,
KR60202C1G59,,NO_MARKET_DATA,
KR60202D1G57,,NO_MARKET_DATA,
KR60202F1G52,,NO_MARKET_DATA,
KR6029783G17,,NO_MARKET_DATA,
KR6029783G25,,NO_MARKET_DATA,
KR6029783G33,,NO_MARKET_DATA,
KR6029783G41,,NO_MARKET_DATA,
KR6029783G58,,NO_MARKET_DATA,
KR602978BF55,,NO_MARKET_DATA,
KR602978BF71,,NO_MARKET_DATA,
KR602978BG13,,NO_MARKET_DATA,
KR602978BG47,,NO_MARKET_DATA,
KR602978BG54,,NO_MARKET_DATA,
KR6033666G11,,NO_MARKET_DATA,
KR6033666G29,,NO_MARKET_DATA,
KR6033666G45,,NO_MARKET_DATA,
KR6033666G78,,NO_MARKET_DATA,
KR6033667D47,,NO_MARKET_DATA,
KR6029885A10,,NO_MARKET_DATA,
KR6029885A69,,NO_MARKET_DATA,
KR6029885C26,,NO_MARKET_DATA,
KR6029885D17,,NO_MARKET_DATA,
KR6029885D25,,NO_MARKET_DATA,
KR6029885D41,,NO_MARKET_DATA,
KR6029885D58,,NO_MARKET_DATA,
KR6029885D74,,NO_MARKET_DATA,
KR6029885D90,,NO_MARKET_DATA,
KR6034732E52,,NO_MARKET_DATA,
KR6034732E86,,NO_MARKET_DATA,
KR602988DFC5,,NO_MARKET_DATA,
KR6039492G18,,NO_MARKET_DATA,
KR6039492G34,,NO_MARKET_DATA,
KR6039492G59,,NO_MARKET_DATA,
KR6039492G75,,NO_MARKET_DATA,
KR6039493G33,,NO_MARKET_DATA,
KR6039493G58,,NO_MARKET_DATA,
KR6039494G32,,NO_MARKET_DATA,
KR6039561D90,,NO_MARKET_DATA,
KR6039831FB0,,NO_MARKET_DATA,
KR6039841E42,,NO_MARKET_DATA,
KR6023762G49,,NO_MARKET_DATA,
KR6019455G23,,NO_MARKET_DATA,
KR6023762F57,,NO_MARKET_DATA,
KR6023762F65,,NO_MARKET_DATA,
KR6023762F73,,NO_MARKET_DATA,
KR6023762F81,,NO_MARKET_DATA,
KR6023762F99,,NO_MARKET_DATA,
KR6023762FA7,,NO_MARKET_DATA,
KR6023762FB5,,NO_MARKET_DATA,
KR6023762FC3,,NO_MARKET_DATA,
KR6023762G23,,NO_MARKET_DATA,
KR6143991G55,,NO_MARKET_DATA,
KR6178193D92,,NO_MARKET_DATA,
KR6178211EB9,,NO_MARKET_DATA,
KR6178271EB3,,NO_MARKET_DATA,
KR6178321BC0,,NO_MARKET_DATA,
KR6178321E88,,NO_MARKET_DATA,
KR6178321EB6,,NO_MARKET_DATA,
KR6178321FC1,,NO_MARKET_DATA,
KR6178321G37,,NO_MARKET_DATA,
KR6178321G52,,NO_MARKET_DATA,
KR6178321G60,,NO_MARKET_DATA,
KR6019806EC7,,NO_MARKET_DATA,
KR6028822F70,,NO_MARKET_DATA,
KR6028822G46,,NO_MARKET_DATA,
KR6028823B99,,NO_MARKET_DATA,
KR6029271EA6,,NO_MARKET_DATA,
KR6029271F25,,NO_MARKET_DATA,
KR6029272C27,,NO_MARKET_DATA,
KR6029272D91,0.0659114011036996,CALCULATED,저민감
KR6029272E17,,NO_MARKET_DATA,
KR6029272EA4,,NO_MARKET_DATA,
KR6029272F24,,NO_MARKET_DATA,
KR6032716EC1,,NO_MARKET_DATA,
KR6032716F14,,NO_MARKET_DATA,
KR6032716F30,,NO_MARKET_DATA,
KR6032716F48,,NO_MARKET_DATA,
KR6032716F55,,NO_MARKET_DATA,
KR6063321DA8,,NO_MARKET_DATA,
KR6063321DB6,,NO_MARKET_DATA,
KR6063321E33,,NO_MARKET_DATA,
KR6063321E58,,NO_MARKET_DATA,
KR6063321E66,,NO_MARKET_DATA,
KR6063321F24,,NO_MARKET_DATA,
KR6029783G66,,NO_MARKET_DATA,
KR6029784974,,NO_MARKET_DATA,
KR6029784B29,,NO_MARKET_DATA,
KR6029784B37,,NO_MARKET_DATA,
KR6029784B45,,NO_MARKET_DATA,
KR6033632EC9,,NO_MARKET_DATA,
KR6033632F47,,NO_MARKET_DATA,
KR6033632F62,,NO_MARKET_DATA,
KR6033632G20,,NO_MARKET_DATA,
KR6033632G61,,NO_MARKET_DATA,
KR6033667D96,,NO_MARKET_DATA,
KR6033667E53,,NO_MARKET_DATA,
KR6033667E79,,NO_MARKET_DATA,
KR6033667E95,,NO_MARKET_DATA,
KR6065901FC6,,NO_MARKET_DATA,
KR6065901G18,,NO_MARKET_DATA,
KR6065901G26,,NO_MARKET_DATA,
KR6065901G34,,NO_MARKET_DATA,
KR6065901G42,,NO_MARKET_DATA,
KR6065901G59,,NO_MARKET_DATA,
KR6065901G67,,NO_MARKET_DATA,
KR6034732EB8,,NO_MARKET_DATA,
KR6034732F36,,NO_MARKET_DATA,
KR6034732F51,,NO_MARKET_DATA,
KR6034732F85,,NO_MARKET_DATA,
KR6034732FB5,,NO_MARKET_DATA,
KR6034732G35,,NO_MARKET_DATA,
KR6034733826,,NO_MARKET_DATA,
KR6034733867,,NO_MARKET_DATA,
KR6034733891,,NO_MARKET_DATA,
KR6065906FC5,,NO_MARKET_DATA,
KR6065906G21,,NO_MARKET_DATA,
KR6036422G50,,NO_MARKET_DATA,
KR6036531F75,,NO_MARKET_DATA,
KR6036531G17,,NO_MARKET_DATA,
KR6036532F74,,NO_MARKET_DATA,
KR6036532G16,,NO_MARKET_DATA,
KR6036533G15,,NO_MARKET_DATA,
KR6036573B78,,NO_MARKET_DATA,
KR6065909G77,,NO_MARKET_DATA,
KR606590A792,,EXCLUDED_OPTION,
KR606590AB83,,NO_MARKET_DATA,
KR606590AC74,,NO_MARKET_DATA,
KR6023762G31,,NO_MARKET_DATA,
KR6030626F17,,NO_MARKET_DATA,
KR6030626F25,,NO_MARKET_DATA,
KR6030626F41,,NO_MARKET_DATA,
KR6030626F58,,NO_MARKET_DATA,
KR6030626F74,,NO_MARKET_DATA,
KR6030626F90,,NO_MARKET_DATA,
KR6030626FC1,,NO_MARKET_DATA,
KR6030626G16,,NO_MARKET_DATA,
KR6030626G57,,NO_MARKET_DATA,
KR6030627C92,,NO_MARKET_DATA,
KR6178322E87,,NO_MARKET_DATA,
KR6019459F95,,NO_MARKET_DATA,
KR6019459FC2,,NO_MARKET_DATA,
KR6019459G37,,NO_MARKET_DATA,
KR6019459G45,,NO_MARKET_DATA,
KR6019459G60,,NO_MARKET_DATA,
KR6019459G78,,NO_MARKET_DATA,
KR601945AD84,,NO_MARKET_DATA,
KR601945ADC7,,NO_MARKET_DATA,
KR601945AE91,,NO_MARKET_DATA,
KR6032714FA7,,NO_MARKET_DATA,
KR6032714FB5,,NO_MARKET_DATA,
KR6032714FC3,,NO_MARKET_DATA,
KR6032714G23,,NO_MARKET_DATA,
KR6032714G49,,NO_MARKET_DATA,
KR6032714G56,,NO_MARKET_DATA,
KR6032714G64,,NO_MARKET_DATA,
KR6032714G72,,NO_MARKET_DATA,
KR6032715C34,,NO_MARKET_DATA,
KR6032715D33,,NO_MARKET_DATA,
KR6032715D58,,NO_MARKET_DATA,
KR6063321G64,,NO_MARKET_DATA,
KR6063321WB6,,NO_MARKET_DATA,
KR60633220C9,,NO_MARKET_DATA,
KR6063322137,,NO_MARKET_DATA,
KR6082971EA5,,NO_MARKET_DATA,
KR6082971EB3,,NO_MARKET_DATA,
KR6082971EC1,,NO_MARKET_DATA,
KR6082971F19,,NO_MARKET_DATA,
KR6082971F27,,NO_MARKET_DATA,
KR6082971F35,,NO_MARKET_DATA,
KR6033633993,,NO_MARKET_DATA,
KR6033633EC7,,NO_MARKET_DATA,
KR6033633F46,,NO_MARKET_DATA,
KR6033641E96,,NO_MARKET_DATA,
KR6064311E17,,NO_MARKET_DATA,
KR6064311E66,,NO_MARKET_DATA,
KR6064311E74,,NO_MARKET_DATA,
KR6064311EA6,,NO_MARKET_DATA,
KR6064311F16,,NO_MARKET_DATA,
KR6064311F40,,NO_MARKET_DATA,
KR6065901G75,,NO_MARKET_DATA,
KR60659028A9,,NO_MARKET_DATA,
KR6065902993,,NO_MARKET_DATA,
KR6065902A70,,NO_MARKET_DATA,
KR6092861E95,,NO_MARKET_DATA,
KR6092861EA6,,NO_MARKET_DATA,
KR6092861EB4,,NO_MARKET_DATA,
KR6092861F94,,NO_MARKET_DATA,
KR6092861G77,,NO_MARKET_DATA,
KR6093051E77,,NO_MARKET_DATA,
KR6093051EA3,,NO_MARKET_DATA,
KR6065906G39,,NO_MARKET_DATA,
KR6065906G47,,NO_MARKET_DATA,
KR6065906G62,,NO_MARKET_DATA,
KR6095921F38,,NO_MARKET_DATA,
KR6065906G70,,NO_MARKET_DATA,
KR6065907B74,,NO_MARKET_DATA,
KR6065907C73,,NO_MARKET_DATA,
KR6065907C81,,NO_MARKET_DATA,
KR6065907C99,,NO_MARKET_DATA,
KR6065907D80,,NO_MARKET_DATA,
KR6095921E70,,NO_MARKET_DATA,
KR6066561A62,,NO_MARKET_DATA,
KR6095928E99,,NO_MARKET_DATA,
KR6095928EA0,,NO_MARKET_DATA,
KR6095928F23,,NO_MARKET_DATA,
KR6095928F31,,NO_MARKET_DATA,
KR6095928F49,,NO_MARKET_DATA,
KR6095928FB5,,NO_MARKET_DATA,
KR6095928FC3,,NO_MARKET_DATA,
KR6095928G30,,NO_MARKET_DATA,
KR6095928G63,,NO_MARKET_DATA,
KR6030627D42,,NO_MARKET_DATA,
KR6049122EC3,,NO_MARKET_DATA,
KR6049181D99,,NO_MARKET_DATA,
KR6049181DA5,,NO_MARKET_DATA,
KR6049181EB1,,NO_MARKET_DATA,
KR6049471G20,,NO_MARKET_DATA,
KR6049471G61,,NO_MARKET_DATA,
KR6049771F85,,NO_MARKET_DATA,
KR6049772D86,,NO_MARKET_DATA,
KR6049772F84,,NO_MARKET_DATA,
KR6050111DA8,,NO_MARKET_DATA,
KR6023781EB8,,NO_MARKET_DATA,
KR601945AEC5,,NO_MARKET_DATA,
KR6023768G76,,NO_MARKET_DATA,
KR6023769G67,,NO_MARKET_DATA,
KR6023769G75,,NO_MARKET_DATA,
KR602376AG79,1.7857805396503954,CALCULATED,중간
KR6023771E65,,NO_MARKET_DATA,
KR6023781E22,,NO_MARKET_DATA,
KR6023781E30,,NO_MARKET_DATA,
KR6023781E89,,NO_MARKET_DATA,
KR6023781E97,,NO_MARKET_DATA,
KR6060981F47,,NO_MARKET_DATA,
KR6060981FB5,,NO_MARKET_DATA,
KR6060981G38,,NO_MARKET_DATA,
KR6060982E96,,NO_MARKET_DATA,
KR6060982F46,,NO_MARKET_DATA,
KR6060982FB3,,NO_MARKET_DATA,
KR6060982G37,,NO_MARKET_DATA,
KR6061041D78,,NO_MARKET_DATA,
KR6061251E49,,NO_MARKET_DATA,
KR6061971F21,,NO_MARKET_DATA,
KR6061971FA7,,NO_MARKET_DATA,
KR6082971F43,,NO_MARKET_DATA,
KR6082971F50,,NO_MARKET_DATA,
KR6082971F68,,NO_MARKET_DATA,
KR6111131G53,,NO_MARKET_DATA,
KR6111132EA9,,NO_MARKET_DATA,
KR6111133EA7,,NO_MARKET_DATA,
KR6111134EA5,,NO_MARKET_DATA,
KR6111135EA2,,NO_MARKET_DATA,
KR6111151E68,,NO_MARKET_DATA,
KR6111341F35,,NO_MARKET_DATA,
KR6111341F92,,NO_MARKET_DATA,
KR6064311F57,,NO_MARKET_DATA,
KR6064311F65,,NO_MARKET_DATA,
KR6064311FB1,,NO_MARKET_DATA,
KR6064311G15,,NO_MARKET_DATA,
KR6086793E17,,NO_MARKET_DATA,
KR6086793F24,,NO_MARKET_DATA,
KR6086793F65,,NO_MARKET_DATA,
KR6086793FA6,,NO_MARKET_DATA,
KR6086794A51,,NO_MARKET_DATA,
KR6086794C59,,NO_MARKET_DATA,
KR6093241E29,,NO_MARKET_DATA,
KR6093241F28,,NO_MARKET_DATA,
KR6093241F69,,NO_MARKET_DATA,
KR6093241G43,,NO_MARKET_DATA,
KR6129341E61,,NO_MARKET_DATA,
KR6129341FB1,,NO_MARKET_DATA,
KR6129551F40,,NO_MARKET_DATA,
KR6129552F49,,NO_MARKET_DATA,
KR6129571EA8,,NO_MARKET_DATA,
KR6129571G52,,NO_MARKET_DATA,
KR6129591FA3,,NO_MARKET_DATA,
KR6095921EB3,,NO_MARKET_DATA,
KR6095921EC1,,NO_MARKET_DATA,
KR6095921F12,,NO_MARKET_DATA,
KR6095921F20,,NO_MARKET_DATA,
KR6095921F46,,NO_MARKET_DATA,
KR6095921F53,,NO_MARKET_DATA,
KR6095921F61,,NO_MARKET_DATA,
KR6095921F79,,NO_MARKET_DATA,
KR6138041G22,,NO_MARKET_DATA,
KR6138041G89,,NO_MARKET_DATA,
KR6095924C53,,NO_MARKET_DATA,
KR6095924D60,,NO_MARKET_DATA,
KR6095924D78,,NO_MARKET_DATA,
KR6095924D94,,NO_MARKET_DATA,
KR6095924DA1,,NO_MARKET_DATA,
KR6095924E36,,NO_MARKET_DATA,
KR6139132E97,,NO_MARKET_DATA,
KR602988CEA4,,NO_MARKET_DATA,
KR602988CF78,,NO_MARKET_DATA,
KR602988CF94,,NO_MARKET_DATA,
KR6050111EB4,,NO_MARKET_DATA,
KR6071952E99,,NO_MARKET_DATA,
KR6071953E98,,NO_MARKET_DATA,
KR6071954E97,,NO_MARKET_DATA,
KR6072612C34,,NO_MARKET_DATA,
KR6072614C32,,NO_MARKET_DATA,
KR6072711FB2,,NO_MARKET_DATA,
KR6072771G45,,NO_MARKET_DATA,
KR6073011F93,,NO_MARKET_DATA,
KR6073241F46,,NO_MARKET_DATA,
KR6073241G45,,NO_MARKET_DATA,
KR6023781EA0,,NO_MARKET_DATA,
KR6030753G45,,NO_MARKET_DATA,
KR6030754A16,,NO_MARKET_DATA,
KR6030754A99,,NO_MARKET_DATA,
KR6031011F34,,NO_MARKET_DATA,
KR6031011G25,,NO_MARKET_DATA,
KR6031012E34,,NO_MARKET_DATA,
KR6031012F33,1.454616105844556,CALCULATED,중간
KR6031031E56,,NO_MARKET_DATA,
KR6031031F22,,NO_MARKET_DATA,
KR6031031FA7,,NO_MARKET_DATA,
KR607931FDC0,,NO_MARKET_DATA,
KR607931GDC8,,NO_MARKET_DATA,
KR607931GE49,,NO_MARKET_DATA,
KR607931KD44,,NO_MARKET_DATA,
KR6079371D62,,NO_MARKET_DATA,
KR6079371FC6,,NO_MARKET_DATA,
KR6079551G20,,NO_MARKET_DATA,
KR6079552G29,,NO_MARKET_DATA,
KR6079811F43,,NO_MARKET_DATA,
KR6107321F78,,NO_MARKET_DATA,
KR6146841G50,,NO_MARKET_DATA,
KR6111381E60,,NO_MARKET_DATA,
KR6111551G39,,NO_MARKET_DATA,
KR6112043CB9,,NO_MARKET_DATA,
KR6148891EB5,,NO_MARKET_DATA,
KR6148981F32,,NO_MARKET_DATA,
KR6148981F57,,NO_MARKET_DATA,
KR6149071F98,,NO_MARKET_DATA,
KR6149101D94,,NO_MARKET_DATA,
KR6149101EB8,,NO_MARKET_DATA,
KR6149101F50,,NO_MARKET_DATA,
KR6149141A65,,NO_MARKET_DATA,
KR6086794C75,,NO_MARKET_DATA,
KR6086795C74,,NO_MARKET_DATA,
KR6086821B81,,NO_MARKET_DATA,
KR6086891DC9,,EXCLUDED_OPTION,
KR6121651EB4,,NO_MARKET_DATA,
KR6121651F53,,NO_MARKET_DATA,
KR6121651G45,,NO_MARKET_DATA,
KR6121681G31,,NO_MARKET_DATA,
KR6121721E92,,NO_MARKET_DATA,
KR6121721F34,,NO_MARKET_DATA,
KR6121721FA4,,NO_MARKET_DATA,
KR6129591G41,,NO_MARKET_DATA,
KR6129651E99,,NO_MARKET_DATA,
KR6129651F98,,NO_MARKET_DATA,
KR6129651G55,,NO_MARKET_DATA,
KR6168061EB0,,NO_MARKET_DATA,
KR6168111D68,,NO_MARKET_DATA,
KR6168111F90,,NO_MARKET_DATA,
KR6168111G65,,NO_MARKET_DATA,
KR6168161FA7,,NO_MARKET_DATA,
KR6168181FA5,,NO_MARKET_DATA,
KR6168191EB5,,NO_MARKET_DATA,
KR6138042BC1,,NO_MARKET_DATA,
KR6138042C74,,NO_MARKET_DATA,
KR6138042E31,,NO_MARKET_DATA,
KR6138042E56,,NO_MARKET_DATA,
KR6138042E98,,NO_MARKET_DATA,
KR6138042F55,,NO_MARKET_DATA,
KR6138042F89,,NO_MARKET_DATA,
KR6138042G21,,NO_MARKET_DATA,
KR6169379G29,,NO_MARKET_DATA,
KR6169379G37,,NO_MARKET_DATA,
KR6140172E70,,NO_MARKET_DATA,
KR6174145G71,,NO_MARKET_DATA,
KR6174146C58,,NO_MARKET_DATA,
KR6174146D40,,NO_MARKET_DATA,
KR6174146D57,,NO_MARKET_DATA,
KR6174146D65,,NO_MARKET_DATA,
KR6174146E31,,NO_MARKET_DATA,
KR6174146E49,,NO_MARKET_DATA,
KR6174146E64,,NO_MARKET_DATA,
KR6174146E80,,NO_MARKET_DATA,
KR6174146E98,,NO_MARKET_DATA,
KR6073242F45,,NO_MARKET_DATA,
KR6097247EC9,,NO_MARKET_DATA,
KR6097247F49,,NO_MARKET_DATA,
KR6097247F56,,NO_MARKET_DATA,
KR6097247F64,,NO_MARKET_DATA,
KR6097247F80,,NO_MARKET_DATA,
KR6097247F98,,NO_MARKET_DATA,
KR6097247FA0,,NO_MARKET_DATA,
KR6097247FB8,,NO_MARKET_DATA,
KR6097247G22,,NO_MARKET_DATA,
KR6031031G39,,NO_MARKET_DATA,
KR6055551F13,,NO_MARKET_DATA,
KR6055551F21,,NO_MARKET_DATA,
KR6055551F39,,NO_MARKET_DATA,
KR6055551F47,,NO_MARKET_DATA,
KR6055551F62,,NO_MARKET_DATA,
KR6055551F70,,NO_MARKET_DATA,
KR6055551F88,,NO_MARKET_DATA,
KR6055551F96,,NO_MARKET_DATA,
KR6055551FA5,,NO_MARKET_DATA,
KR6055551FB3,,NO_MARKET_DATA,
KR6079811F50,,NO_MARKET_DATA,
KR6079941EC9,,NO_MARKET_DATA,
KR6106741F49,,NO_MARKET_DATA,
KR6106811G50,,NO_MARKET_DATA,
KR6106921E91,,NO_MARKET_DATA,
KR6107131F37,,NO_MARKET_DATA,
KR6107131F45,,NO_MARKET_DATA,
KR6107131G51,,NO_MARKET_DATA,
KR6107131G69,,NO_MARKET_DATA,
KR6107201F40,,NO_MARKET_DATA,
KR6107201G56,,NO_MARKET_DATA,
KR6149141B98,,NO_MARKET_DATA,
KR6149141DB6,,NO_MARKET_DATA,
KR6149141E53,,NO_MARKET_DATA,
KR6019808F93,,NO_MARKET_DATA,
KR6029692G33,,NO_MARKET_DATA,
KR6195461F40,,NO_MARKET_DATA,
KR6195561F49,,NO_MARKET_DATA,
KR6195561G63,,NO_MARKET_DATA,
KR6195562F63,,NO_MARKET_DATA,
KR6195563F62,,NO_MARKET_DATA,
KR6195564F61,,NO_MARKET_DATA,
KR6121721G33,,NO_MARKET_DATA,
KR6121851G68,,NO_MARKET_DATA,
KR6122311G11,,NO_MARKET_DATA,
KR6122351EA2,,NO_MARKET_DATA,
KR6161892E34,,NO_MARKET_DATA,
KR6161892F25,,NO_MARKET_DATA,
KR6161892G24,,NO_MARKET_DATA,
KR6162191G53,,NO_MARKET_DATA,
KR6162201F94,,NO_MARKET_DATA,
KR6162271F99,,NO_MARKET_DATA,
KR6162281F97,,NO_MARKET_DATA,
KR6168191FA4,,NO_MARKET_DATA,
KR6168291BB9,,NO_MARKET_DATA,
KR6206351FB6,,NO_MARKET_DATA,
KR6206351FC4,,NO_MARKET_DATA,
KR6206352E97,0.0757541897748509,CALCULATED,저민감
KR6206771FA7,,NO_MARKET_DATA,
KR6206841G45,,NO_MARKET_DATA,
KR6206861F66,,NO_MARKET_DATA,
KR602978BG62,,NO_MARKET_DATA,
KR6206861FA6,,NO_MARKET_DATA,
KR60209KLG64,,NO_MARKET_DATA,
KR616937AE32,,NO_MARKET_DATA,
KR616937AE57,,NO_MARKET_DATA,
KR616937AEA9,,NO_MARKET_DATA,
KR616937AF23,,NO_MARKET_DATA,
KR616937AF31,,NO_MARKET_DATA,
KR616937AF49,,NO_MARKET_DATA,
KR616937AF80,,NO_MARKET_DATA,
KR616937AFB4,,NO_MARKET_DATA,
KR6214343EC4,,NO_MARKET_DATA,
KR6214343F27,,NO_MARKET_DATA,
KR6214343F43,0.6070718547892963,CALCULATED,중간
KR6174145G63,,NO_MARKET_DATA,
KR60185MQG40,,NO_MARKET_DATA,
KR60185MRG49,,NO_MARKET_DATA,
KR60185MSG48,,NO_MARKET_DATA,
KR60185MTG47,,NO_MARKET_DATA,
KR60185MVG43,,NO_MARKET_DATA,
KR60185MWG42,,NO_MARKET_DATA,
KR60185MXG41,,NO_MARKET_DATA,
KR6018601F29,,NO_MARKET_DATA,
KR6018602F28,,NO_MARKET_DATA,
KR614017EEC0,,NO_MARKET_DATA,
KR6097247G30,,NO_MARKET_DATA,
KR614017CG77,,NO_MARKET_DATA,
KR614017DD87,,NO_MARKET_DATA,
KR614017DE52,,NO_MARKET_DATA,
KR614017DEB4,,NO_MARKET_DATA,
KR614017DEC2,,NO_MARKET_DATA,
KR614017DF44,,NO_MARKET_DATA,
KR614017DF77,,NO_MARKET_DATA,
KR614017DFC9,,NO_MARKET_DATA,
KR6055551FC1,,NO_MARKET_DATA,
KR6079162F71,0.873867334491875,CALCULATED,중간
KR6079191BB9,,NO_MARKET_DATA,
KR6079311EA9,,NO_MARKET_DATA,
KR6079311EC5,,NO_MARKET_DATA,
KR6079311F14,,NO_MARKET_DATA,
KR6079311F22,,NO_MARKET_DATA,
KR6079311F30,,NO_MARKET_DATA,
KR6079311F48,,NO_MARKET_DATA,
KR6079311F55,,NO_MARKET_DATA,
KR6079311F63,,NO_MARKET_DATA,
KR6107361EB8,,NO_MARKET_DATA,
KR6146401F61,,NO_MARKET_DATA,
KR6146411E94,,NO_MARKET_DATA,
KR6146501G69,,NO_MARKET_DATA,
KR6146681G53,,NO_MARKET_DATA,
KR6146691E95,,NO_MARKET_DATA,
KR6146691G36,,NO_MARKET_DATA,
KR6146791F85,,NO_MARKET_DATA,
KR6146841E94,,NO_MARKET_DATA,
KR6146841F44,,NO_MARKET_DATA,
KR6146841G35,,NO_MARKET_DATA,
KR6195565F60,,NO_MARKET_DATA,
KR6195681E45,,NO_MARKET_DATA,
KR6195681E52,,NO_MARKET_DATA,
KR6195841F41,,NO_MARKET_DATA,
KR6195941EA2,,NO_MARKET_DATA,
KR6019808FC0,,NO_MARKET_DATA,
KR6019808G19,,NO_MARKET_DATA,
KR6019808G43,,NO_MARKET_DATA,
KR6019808G50,,NO_MARKET_DATA,
KR6019808G68,,NO_MARKET_DATA,
KR6019808G76,,NO_MARKET_DATA,
KR6162301FA5,,NO_MARKET_DATA,
KR6162311E92,,NO_MARKET_DATA,
KR601980LD87,,NO_MARKET_DATA,
KR6205491E42,,NO_MARKET_DATA,
KR6205491EB4,,NO_MARKET_DATA,
KR6205491EC2,,NO_MARKET_DATA,
KR6205491F17,,NO_MARKET_DATA,
KR6205491F25,,NO_MARKET_DATA,
KR6205491F33,,NO_MARKET_DATA,
KR6205491F41,,NO_MARKET_DATA,
KR601980JG70,,NO_MARKET_DATA,
KR60209KMG63,,NO_MARKET_DATA,
KR60209KNG62,,NO_MARKET_DATA,
KR60209KPG60,,NO_MARKET_DATA,
KR60209KQG69,,NO_MARKET_DATA,
KR60209KRG68,,NO_MARKET_DATA,
KR60209KSG67,,NO_MARKET_DATA,
KR60209KTG66,,NO_MARKET_DATA,
KR60209KVG62,,NO_MARKET_DATA,
KR602978CD80,,NO_MARKET_DATA,
KR602978CD98,,NO_MARKET_DATA,
KR6214343FA5,,NO_MARKET_DATA,
KR6214343FC1,,NO_MARKET_DATA,
KR6214343G34,1.4705429839439632,CALCULATED,중간
KR6029885DB3,,NO_MARKET_DATA,
KR6034733966,,NO_MARKET_DATA,
KR6021833G22,,NO_MARKET_DATA,
KR6021833G30,,NO_MARKET_DATA,
KR6021834G21,,NO_MARKET_DATA,
KR6021835G20,,NO_MARKET_DATA,
KR6021836G29,,NO_MARKET_DATA,
KR60218Z1G64,,NO_MARKET_DATA,
KR6021969G10,,NO_MARKET_DATA,
KR6021969G28,,NO_MARKET_DATA,
KR602196AE53,,NO_MARKET_DATA,
KR602196AEA8,,NO_MARKET_DATA,
KR602196AEB6,,NO_MARKET_DATA,
KR602988E877,,NO_MARKET_DATA,
KR602988E976,,NO_MARKET_DATA,
KR602988EC38,,NO_MARKET_DATA,
KR6040831G40,,NO_MARKET_DATA,
KR6066561G41,,NO_MARKET_DATA,
KR602988EC53,,NO_MARKET_DATA,
KR614017EE51,,NO_MARKET_DATA,
KR6176945F61,,NO_MARKET_DATA,
KR6176945F79,,NO_MARKET_DATA,
KR6176945F95,,NO_MARKET_DATA,
KR6176945FB1,,NO_MARKET_DATA,
KR6176945FC9,,NO_MARKET_DATA,
KR6176945G45,,NO_MARKET_DATA,
KR6176945G52,,NO_MARKET_DATA,
KR6176945G60,,NO_MARKET_DATA,
KR6176946D88,,NO_MARKET_DATA,
KR6176946D96,,NO_MARKET_DATA,
KR6079311F71,,NO_MARKET_DATA,
KR6098661E94,,NO_MARKET_DATA,
KR6098661G43,,NO_MARKET_DATA,
KR6098661G50,,NO_MARKET_DATA,
KR6098662F68,,NO_MARKET_DATA,
KR6098663F67,,NO_MARKET_DATA,
KR6098664F66,,NO_MARKET_DATA,
KR6098665F65,,NO_MARKET_DATA,
KR6099191E42,,NO_MARKET_DATA,
KR6099221D96,,NO_MARKET_DATA,
KR6099221F37,,NO_MARKET_DATA,
KR6193581G64,,NO_MARKET_DATA,
KR6193591F30,,NO_MARKET_DATA,
KR6193621G41,,NO_MARKET_DATA,
KR6193701F37,,NO_MARKET_DATA,
KR6193771F32,,NO_MARKET_DATA,
KR6193791F38,,NO_MARKET_DATA,
KR6193791F95,,NO_MARKET_DATA,
KR6193791G45,,NO_MARKET_DATA,
KR6193931F39,,NO_MARKET_DATA,
KR6193931G46,,NO_MARKET_DATA,
KR6193971G47,,NO_MARKET_DATA,
KR6194021F38,,NO_MARKET_DATA,
KR6019809DB5,,NO_MARKET_DATA,
KR6019809E51,,NO_MARKET_DATA,
KR6019809E69,,NO_MARKET_DATA,
KR6019809E77,,NO_MARKET_DATA,
KR6029692G25,,NO_MARKET_DATA,
KR6029693BA7,,NO_MARKET_DATA,
KR6029693BB5,0.2405909473008328,CALCULATED,저민감
KR6029693DB1,,NO_MARKET_DATA,
KR6032716F89,,NO_MARKET_DATA,
KR6032716FA2,,NO_MARKET_DATA,
KR6032716FB0,,NO_MARKET_DATA,
KR601980KE12,,NO_MARKET_DATA,
KR601980KE95,,NO_MARKET_DATA,
KR601980KG77,,NO_MARKET_DATA,
KR601980LD95,,NO_MARKET_DATA,
KR601980LDC1,,NO_MARKET_DATA,
KR601980LG76,,NO_MARKET_DATA,
KR601980MD86,,NO_MARKET_DATA,
KR601980MG75,,NO_MARKET_DATA,
KR601980ND85,,NO_MARKET_DATA,
KR6029784B52,,NO_MARKET_DATA,
KR6029784B86,,NO_MARKET_DATA,
KR602978CDA7,,NO_MARKET_DATA,
KR602978CEC1,,NO_MARKET_DATA,
KR602978CF54,,NO_MARKET_DATA,
KR602978CF70,,NO_MARKET_DATA,
KR602978CG46,,NO_MARKET_DATA,
KR602978CG53,,NO_MARKET_DATA,
KR602978DDA5,,NO_MARKET_DATA,
KR602978DEC9,,NO_MARKET_DATA,
KR6033667EA9,,NO_MARKET_DATA,
KR6033667EC5,,NO_MARKET_DATA,
KR60218Z2G63,,NO_MARKET_DATA,
KR60218Z3G62,,NO_MARKET_DATA,
KR60218Z4G61,,NO_MARKET_DATA,
KR60218Z5G60,,NO_MARKET_DATA,
KR60218Z6G69,,NO_MARKET_DATA,
KR6029885E24,,NO_MARKET_DATA,
KR6029885E40,,NO_MARKET_DATA,
KR6029885E65,,NO_MARKET_DATA,
KR6029885E73,,NO_MARKET_DATA,
KR6029885E81,,NO_MARKET_DATA,
KR6029885E99,,NO_MARKET_DATA,
KR6021969F86,,NO_MARKET_DATA,
KR6021969FC6,,NO_MARKET_DATA,
KR602988CFC7,,NO_MARKET_DATA,
KR602988D952,,NO_MARKET_DATA,
KR602988D960,,NO_MARKET_DATA,
KR602988D978,,NO_MARKET_DATA,
KR602988DD38,,NO_MARKET_DATA,
KR602988DE78,,NO_MARKET_DATA,
KR602988DF77,,NO_MARKET_DATA,
KR602988DFA9,,NO_MARKET_DATA,
KR6176946E61,,NO_MARKET_DATA,
KR6019453EA2,,NO_MARKET_DATA,
KR6019453EB0,,NO_MARKET_DATA,
KR6019453EC8,,NO_MARKET_DATA,
KR6019453F18,,NO_MARKET_DATA,
KR6019453F26,,NO_MARKET_DATA,
KR6019453F34,,NO_MARKET_DATA,
KR6019453F42,,NO_MARKET_DATA,
KR6019453F59,,NO_MARKET_DATA,
KR6019453F67,,NO_MARKET_DATA,
KR6099221F45,,NO_MARKET_DATA,
KR6143991G63,,NO_MARKET_DATA,
KR6144011EA6,,NO_MARKET_DATA,
KR6144071F40,,NO_MARKET_DATA,
KR6144141F38,,NO_MARKET_DATA,
KR6144141F95,,NO_MARKET_DATA,
KR6144161F41,,NO_MARKET_DATA,
KR6144221G48,,NO_MARKET_DATA,
KR6144241G69,,NO_MARKET_DATA,
KR6144801F39,,NO_MARKET_DATA,
KR6144801F62,,NO_MARKET_DATA,
KR6019803EB6,,NO_MARKET_DATA,
KR6019803EC4,,NO_MARKET_DATA,
KR6019803F15,,NO_MARKET_DATA,
KR6019803F23,,NO_MARKET_DATA,
KR6019803F31,,NO_MARKET_DATA,
KR6019803F49,,NO_MARKET_DATA,
KR6019803F56,,NO_MARKET_DATA,
KR6019803F64,,NO_MARKET_DATA,
KR6019803F72,,NO_MARKET_DATA,
KR6019803F80,,NO_MARKET_DATA,
KR6019803F98,,NO_MARKET_DATA,
KR6032716FC8,,NO_MARKET_DATA,
KR6032716G47,,NO_MARKET_DATA,
KR6032716G70,,NO_MARKET_DATA,
KR6032717A83,,NO_MARKET_DATA,
KR6032717B25,,NO_MARKET_DATA,
KR6032717C16,,NO_MARKET_DATA,
KR6032717C24,,NO_MARKET_DATA,
KR6032717C32,,NO_MARKET_DATA,
KR6063322210,,NO_MARKET_DATA,
KR6063322277,,NO_MARKET_DATA,
KR60633224C1,,NO_MARKET_DATA,
KR6029784C44,,NO_MARKET_DATA,
KR6029784C85,,NO_MARKET_DATA,
KR6029784D27,,NO_MARKET_DATA,
KR6029784D35,,NO_MARKET_DATA,
KR6029784D50,,NO_MARKET_DATA,
KR6029784D92,,NO_MARKET_DATA,
KR6029784DB8,,NO_MARKET_DATA,
KR6029784E42,,NO_MARKET_DATA,
KR6029784E59,,NO_MARKET_DATA,
KR6033641F87,,NO_MARKET_DATA,
KR6033661CA6,,NO_MARKET_DATA,
KR6033667F45,,NO_MARKET_DATA,
KR6033667F52,,NO_MARKET_DATA,
KR6033667F78,,NO_MARKET_DATA,
KR6033667F86,,NO_MARKET_DATA,
KR6033667F94,,NO_MARKET_DATA,
KR6033667FC2,,NO_MARKET_DATA,
KR6033667G10,,NO_MARKET_DATA,
KR6033667G44,,NO_MARKET_DATA,
KR6065902BB5,,NO_MARKET_DATA,
KR6168361F48,,NO_MARKET_DATA,
KR6029885EA3,,NO_MARKET_DATA,
KR6029885EB1,,NO_MARKET_DATA,
KR6029885EC9,,NO_MARKET_DATA,
KR6029885F31,,NO_MARKET_DATA,
KR6034733925,,NO_MARKET_DATA,
KR6034733990,,NO_MARKET_DATA,
KR60347339B6,,NO_MARKET_DATA,
KR6034733A22,,NO_MARKET_DATA,
KR6034733A63,,NO_MARKET_DATA,
KR6034733A97,,NO_MARKET_DATA,
KR6034733B21,,NO_MARKET_DATA,
KR6040832E41,,NO_MARKET_DATA,
KR6040911BB6,,NO_MARKET_DATA,
KR6040911G50,,NO_MARKET_DATA,
KR6041761E93,,NO_MARKET_DATA,
KR6041761EA0,,NO_MARKET_DATA,
KR6066561A70,,NO_MARKET_DATA,
KR6066561C11,,NO_MARKET_DATA,
KR6066561C29,,NO_MARKET_DATA,
KR6066561C52,,NO_MARKET_DATA,
KR6066561G25,,NO_MARKET_DATA,
KR6066561G58,,NO_MARKET_DATA,
KR6019453F75,,NO_MARKET_DATA,
KR6023762G56,,NO_MARKET_DATA,
KR6023762G64,,NO_MARKET_DATA,
KR6023762G72,,NO_MARKET_DATA,
KR6023762G80,,NO_MARKET_DATA,
KR6023763D74,,NO_MARKET_DATA,
KR6023763DA0,,NO_MARKET_DATA,
KR6023763E81,,NO_MARKET_DATA,
KR6023763E99,,NO_MARKET_DATA,
KR6023763EA8,,NO_MARKET_DATA,
KR6023763EC4,,NO_MARKET_DATA,
KR6178901G50,,NO_MARKET_DATA,
KR6144802F38,,NO_MARKET_DATA,
KR6178322EA6,,NO_MARKET_DATA,
KR6178322F52,,NO_MARKET_DATA,
KR6178441EB2,,NO_MARKET_DATA,
KR6178531EB0,,NO_MARKET_DATA,
KR6178601EB1,,NO_MARKET_DATA,
KR6178601G38,,NO_MARKET_DATA,
KR6178621EB9,,NO_MARKET_DATA,
KR6178631E67,,NO_MARKET_DATA,
KR6178801F45,,NO_MARKET_DATA,
KR6029781G43,,NO_MARKET_DATA,
KR601980AF96,,NO_MARKET_DATA,
KR601980AFC9,,NO_MARKET_DATA,
KR601980AG12,,NO_MARKET_DATA,
KR601980AG46,,NO_MARKET_DATA,
KR601980AG53,,NO_MARKET_DATA,
KR6029782B39,,NO_MARKET_DATA,
KR6029782B62,,NO_MARKET_DATA,
KR6029782B88,,NO_MARKET_DATA,
KR6029782B96,,NO_MARKET_DATA,
KR6029782BA8,,NO_MARKET_DATA,
KR6063322749,,NO_MARKET_DATA,
KR6063322798,,NO_MARKET_DATA,
KR60633227A8,,NO_MARKET_DATA,
KR6063322855,,NO_MARKET_DATA,
KR6063322863,,NO_MARKET_DATA,
KR60633228A6,,NO_MARKET_DATA,
KR6063322962,,NO_MARKET_DATA,
KR6082971F76,,NO_MARKET_DATA,
KR6082971F84,,NO_MARKET_DATA,
KR6082971F92,,NO_MARKET_DATA,
KR6033661CB4,,NO_MARKET_DATA,
KR6033661E42,,NO_MARKET_DATA,
KR6033661E67,,NO_MARKET_DATA,
KR6033661E83,,NO_MARKET_DATA,
KR6033661EA2,,NO_MARKET_DATA,
KR6033661EC8,,NO_MARKET_DATA,
KR6033661F17,,NO_MARKET_DATA,
KR6033661F33,,NO_MARKET_DATA,
KR6064311G23,,NO_MARKET_DATA,
KR6064311G49,,NO_MARKET_DATA,
KR6169371E60,,EXCLUDED_OPTION,
KR6205991F95,,NO_MARKET_DATA,
KR6206191F91,,NO_MARKET_DATA,
KR6206351DB1,,NO_MARKET_DATA,
KR6206351DC9,,NO_MARKET_DATA,
KR6065902C11,,NO_MARKET_DATA,
KR6065902C45,,NO_MARKET_DATA,
KR6065902D44,,NO_MARKET_DATA,
KR6065902D69,,NO_MARKET_DATA,
KR6094861C44,,NO_MARKET_DATA,
KR6065902D93,,NO_MARKET_DATA,
KR6034733B62,,NO_MARKET_DATA,
KR6034733B96,,NO_MARKET_DATA,
KR6034733BB2,,NO_MARKET_DATA,
KR6065907DA2,,NO_MARKET_DATA,
KR6065907DB0,,NO_MARKET_DATA,
KR616937AG22,,NO_MARKET_DATA,
KR6214342G50,,NO_MARKET_DATA,
KR6214342G68,,NO_MARKET_DATA,
KR6214343D94,,NO_MARKET_DATA,
KR6214343DC6,,NO_MARKET_DATA,
KR6214343EA8,,NO_MARKET_DATA,
KR6039981BC0,,NO_MARKET_DATA,
KR60665618A9,,NO_MARKET_DATA,
KR6066561921,,NO_MARKET_DATA,
KR6066561939,,NO_MARKET_DATA,
KR6066561954,,NO_MARKET_DATA,
KR6066561962,,NO_MARKET_DATA,
KR60665619A7,,NO_MARKET_DATA,
KR60665619B5,,NO_MARKET_DATA,
KR6066561A21,,NO_MARKET_DATA,
KR6066561A39,,NO_MARKET_DATA,
KR6051501F39,,NO_MARKET_DATA,
KR6030627E90,,NO_MARKET_DATA,
KR6030627EA6,,NO_MARKET_DATA,
KR6030627EB4,,NO_MARKET_DATA,
KR6030627F16,,NO_MARKET_DATA,
KR6030627F40,,NO_MARKET_DATA,
KR6030627F57,,NO_MARKET_DATA,
KR6050111F66,,NO_MARKET_DATA,
KR6050111G65,,NO_MARKET_DATA,
KR6050921EB6,,NO_MARKET_DATA,
KR6051501AC1,,NO_MARKET_DATA,
KR6178802G35,,NO_MARKET_DATA,
KR6019456D41,,NO_MARKET_DATA,
KR6019456D82,,NO_MARKET_DATA,
KR6019456DA7,,NO_MARKET_DATA,
KR6019456F15,,NO_MARKET_DATA,
KR6023781F13,,NO_MARKET_DATA,
KR6023781F39,,NO_MARKET_DATA,
KR6023781F47,,NO_MARKET_DATA,
KR6023781F54,,NO_MARKET_DATA,
KR6023781F62,,NO_MARKET_DATA,
KR6023781F70,,NO_MARKET_DATA,
KR6029782C20,,NO_MARKET_DATA,
KR6029782C46,,NO_MARKET_DATA,
KR6029782C53,,NO_MARKET_DATA,
KR6029782C61,,NO_MARKET_DATA,
KR6029782D37,,NO_MARKET_DATA,
KR6029782D52,,NO_MARKET_DATA,
KR603271CBA0,,NO_MARKET_DATA,
KR603271CC75,,NO_MARKET_DATA,
KR603271CD66,,NO_MARKET_DATA,
KR6063622AC1,,NO_MARKET_DATA,
KR6085661E59,,NO_MARKET_DATA,
KR6082971FA2,,NO_MARKET_DATA,
KR6082971FB0,,NO_MARKET_DATA,
KR6082971FC8,,NO_MARKET_DATA,
KR6112471F50,,NO_MARKET_DATA,
KR6082971G26,,NO_MARKET_DATA,
KR6082971G34,,NO_MARKET_DATA,
KR6082971G42,,NO_MARKET_DATA,
KR6082971G67,,NO_MARKET_DATA,
KR6112191EA4,,NO_MARKET_DATA,
KR6112192EA2,,NO_MARKET_DATA,
KR6112201G64,,NO_MARKET_DATA,
KR6064311G64,,NO_MARKET_DATA,
KR6064311G72,,NO_MARKET_DATA,
KR6064312699,,NO_MARKET_DATA,
KR6162381F54,,NO_MARKET_DATA,
KR6162381F96,,NO_MARKET_DATA,
KR6205441498,,NO_MARKET_DATA,
KR6205491BB0,,NO_MARKET_DATA,
KR6205491C77,,NO_MARKET_DATA,
KR6205491D27,,NO_MARKET_DATA,
KR60643126A0,,NO_MARKET_DATA,
KR6065902DB1,,NO_MARKET_DATA,
KR6065902DC9,,NO_MARKET_DATA,
KR6065902E35,,NO_MARKET_DATA,
KR6065902E84,,NO_MARKET_DATA,
KR6065902E92,,NO_MARKET_DATA,
KR6093371FC8,,NO_MARKET_DATA,
KR6093881EA3,,NO_MARKET_DATA,
KR6094171C72,,NO_MARKET_DATA,
KR6094172C71,,NO_MARKET_DATA,
KR6094361FC8,,NO_MARKET_DATA,
KR6095081C37,,EXCLUDED_OPTION,
KR6065907DC8,,NO_MARKET_DATA,
KR6065907E22,,NO_MARKET_DATA,
KR6065907E89,,NO_MARKET_DATA,
KR6065907EA0,,NO_MARKET_DATA,
KR6065907EB8,,NO_MARKET_DATA,
KR6065907EC6,,NO_MARKET_DATA,
KR6065907F13,,NO_MARKET_DATA,
KR6065907F21,,NO_MARKET_DATA,
KR6065907F54,,NO_MARKET_DATA,
KR6095921F95,,NO_MARKET_DATA,
KR6095921FB0,,NO_MARKET_DATA,
KR6021969G44,,NO_MARKET_DATA,
KR602196AD47,,NO_MARKET_DATA,
KR602196AD70,,NO_MARKET_DATA,
KR602196ADA0,,NO_MARKET_DATA,
KR602196AE46,,NO_MARKET_DATA,
KR6095929F22,,NO_MARKET_DATA,
KR6095929F30,,NO_MARKET_DATA,
KR6095929F48,,NO_MARKET_DATA,
KR6095929FB3,,NO_MARKET_DATA,
KR6140172E88,,NO_MARKET_DATA,
KR6140172E96,,NO_MARKET_DATA,
KR6051501EB5,,NO_MARKET_DATA,
KR6051501G46,,NO_MARKET_DATA,
KR6051502EA5,,NO_MARKET_DATA,
KR6051502F38,,NO_MARKET_DATA,
KR6051502G45,,NO_MARKET_DATA,
KR6051781F30,,NO_MARKET_DATA,
KR6073242G44,,NO_MARKET_DATA,
KR6073561DB5,,NO_MARKET_DATA,
KR6073981B93,,NO_MARKET_DATA,
KR6073981D59,,EXCLUDED_OPTION,
KR6023781F88,,NO_MARKET_DATA,
KR6023781F96,,NO_MARKET_DATA,
KR6023781FA7,,NO_MARKET_DATA,
KR6023781FC3,,NO_MARKET_DATA,
KR6023781G12,,NO_MARKET_DATA,
KR6031031G47,,NO_MARKET_DATA,
KR6031033F20,,NO_MARKET_DATA,
KR6031311E32,,NO_MARKET_DATA,
KR6031311F23,,NO_MARKET_DATA,
KR6031321E89,,NO_MARKET_DATA,
KR6031321F13,,NO_MARKET_DATA,
KR603271CD74,,NO_MARKET_DATA,
KR603271CD82,,NO_MARKET_DATA,
KR603271CE16,,NO_MARKET_DATA,
KR603271CE40,,NO_MARKET_DATA,
KR603271CE57,,NO_MARKET_DATA,
KR603271CE65,,NO_MARKET_DATA,
KR603271CE73,,NO_MARKET_DATA,
KR603271CEB2,,NO_MARKET_DATA,
KR6063622A58,,NO_MARKET_DATA,
KR6063622A66,,NO_MARKET_DATA,
KR6063622A82,,NO_MARKET_DATA,
KR6112291FA9,,NO_MARKET_DATA,
KR6112292FA7,,NO_MARKET_DATA,
KR6112461G69,,NO_MARKET_DATA,
KR6112471F35,,NO_MARKET_DATA,
KR6029692G41,,NO_MARKET_DATA,
KR6029692G58,,NO_MARKET_DATA,
KR6029692G66,,NO_MARKET_DATA,
KR6029692G74,,NO_MARKET_DATA,
KR6029693B37,,NO_MARKET_DATA,
KR6029693B52,,NO_MARKET_DATA,
KR6112471G67,,NO_MARKET_DATA,
KR60643126B8,,NO_MARKET_DATA,
KR6064312764,,NO_MARKET_DATA,
KR6064312772,,NO_MARKET_DATA,
KR6086961EB0,,NO_MARKET_DATA,
KR6064312988,,NO_MARKET_DATA,
KR6086951B91,,NO_MARKET_DATA,
KR6086951C41,,NO_MARKET_DATA,
KR6086951C66,,EXCLUDED_OPTION,
KR6086951CB5,,NO_MARKET_DATA,
KR6086951D24,,NO_MARKET_DATA,
KR6095081C94,,EXCLUDED_OPTION,
KR6095081F26,,EXCLUDED_OPTION,
KR6095081FC1,,NO_MARKET_DATA,
KR6095082733,,NO_MARKET_DATA,
KR6129731F68,,NO_MARKET_DATA,
KR6129731F92,,NO_MARKET_DATA,
KR6129732EA6,,NO_MARKET_DATA,
KR6129733EA4,,NO_MARKET_DATA,
KR6129734EA2,,NO_MARKET_DATA,
KR6129735EA9,,NO_MARKET_DATA,
KR6095921FC8,,NO_MARKET_DATA,
KR6095921G11,,NO_MARKET_DATA,
KR6095921G29,,NO_MARKET_DATA,
KR6095921G37,,NO_MARKET_DATA,
KR6095921G45,,NO_MARKET_DATA,
KR6095921G52,,NO_MARKET_DATA,
KR6095921G60,,NO_MARKET_DATA,
KR6095921G78,,NO_MARKET_DATA,
KR6138042G88,,NO_MARKET_DATA,
KR6138081E74,,NO_MARKET_DATA,
KR6095928G71,,NO_MARKET_DATA,
KR6140172A33,,NO_MARKET_DATA,
KR6140172C23,,NO_MARKET_DATA,
KR6140172C31,,NO_MARKET_DATA,
KR6140172C72,,NO_MARKET_DATA,
KR6140172D48,,NO_MARKET_DATA,
KR6140172DC8,,NO_MARKET_DATA,
KR6140172E39,,NO_MARKET_DATA,
KR6140172E54,,NO_MARKET_DATA,
KR6140172E62,,NO_MARKET_DATA,
KR6073981E82,,NO_MARKET_DATA,
KR6073981EB3,,EXCLUDED_OPTION,
KR6074321G61,,NO_MARKET_DATA,
KR6074351G56,,NO_MARKET_DATA,
KR6074431F69,,NO_MARKET_DATA,
KR6074611DC5,,NO_MARKET_DATA,
KR6074611E13,,NO_MARKET_DATA,
KR6097247G63,,NO_MARKET_DATA,
KR6097247G71,,NO_MARKET_DATA,
KR6097248B91,,NO_MARKET_DATA,
KR6097248D57,,NO_MARKET_DATA,
KR6031321F21,,NO_MARKET_DATA,
KR6031321F39,,NO_MARKET_DATA,
KR6031321F47,,NO_MARKET_DATA,
KR6031321F54,,NO_MARKET_DATA,
KR6031321F62,,NO_MARKET_DATA,
KR6055551G12,,NO_MARKET_DATA,
KR6055551G20,,NO_MARKET_DATA,
KR6055551G38,,NO_MARKET_DATA,
KR6055551G46,,NO_MARKET_DATA,
KR6055551G61,,NO_MARKET_DATA,
KR6055551G79,,NO_MARKET_DATA,
KR6063622BB1,,NO_MARKET_DATA,
KR6063622C15,,NO_MARKET_DATA,
KR6063622C31,,NO_MARKET_DATA,
KR6063622D48,,NO_MARKET_DATA,
KR6063622E13,,NO_MARKET_DATA,
KR6063622E62,,NO_MARKET_DATA,
KR6085151E31,,NO_MARKET_DATA,
KR6085151EC7,,NO_MARKET_DATA,
KR6085151F14,,NO_MARKET_DATA,
KR6085161FB5,,NO_MARKET_DATA,
KR6085621FA0,,NO_MARKET_DATA,
KR6112531F90,,NO_MARKET_DATA,
KR6112531FA8,,NO_MARKET_DATA,
KR6149141E95,,NO_MARKET_DATA,
KR6149141F11,,NO_MARKET_DATA,
KR6149141FB1,,NO_MARKET_DATA,
KR6149141G28,,NO_MARKET_DATA,
KR6149141G51,,NO_MARKET_DATA,
KR6149141G69,,NO_MARKET_DATA,
KR6149142EA4,,NO_MARKET_DATA,
KR6149142FB9,,NO_MARKET_DATA,
KR6149142G27,,NO_MARKET_DATA,
KR6086951D40,,EXCLUDED_OPTION,
KR6086951D65,,EXCLUDED_OPTION,
KR6086951D99,,NO_MARKET_DATA,
KR6086951E31,,EXCLUDED_OPTION,
KR6086951E56,,EXCLUDED_OPTION,
KR6122351F70,,NO_MARKET_DATA,
KR6122641D49,,NO_MARKET_DATA,
KR6122641FC9,,NO_MARKET_DATA,
KR6122691D30,,NO_MARKET_DATA,
KR6122691E96,,NO_MARKET_DATA,
KR6122691G29,,NO_MARKET_DATA,
KR6129921E77,,NO_MARKET_DATA,
KR6129921F43,,NO_MARKET_DATA,
KR6129921G59,,NO_MARKET_DATA,
KR6129922G58,,NO_MARKET_DATA,
KR6129961E94,,NO_MARKET_DATA,
KR6169371E78,,NO_MARKET_DATA,
KR6169371E94,,NO_MARKET_DATA,
KR6169371EA4,,NO_MARKET_DATA,
KR6169371EB2,,NO_MARKET_DATA,
KR6169371F36,,NO_MARKET_DATA,
KR6169371F44,,NO_MARKET_DATA,
KR6138092C57,,NO_MARKET_DATA,
KR6138093846,,NO_MARKET_DATA,
KR61380938A3,,NO_MARKET_DATA,
KR6138093929,,NO_MARKET_DATA,
KR616937BG39,,NO_MARKET_DATA,
KR6214344EC2,,NO_MARKET_DATA,
KR6138093994,,NO_MARKET_DATA,
KR6138093A41,,NO_MARKET_DATA,
KR6138093B40,,NO_MARKET_DATA,
KR6138093C56,,NO_MARKET_DATA,
KR6138093D30,,NO_MARKET_DATA,
KR6174146F14,,NO_MARKET_DATA,
KR6174146F48,,NO_MARKET_DATA,
KR6174146F55,,NO_MARKET_DATA,
KR6174146F71,,NO_MARKET_DATA,
KR6174146FA0,,NO_MARKET_DATA,
KR6174146FC6,,NO_MARKET_DATA,
KR6174146G47,,NO_MARKET_DATA,
KR6174146G54,,NO_MARKET_DATA,
KR6174146G62,,NO_MARKET_DATA,
KR6174146G70,,NO_MARKET_DATA,
KR60186B2G48,,NO_MARKET_DATA,
KR6097248D81,,NO_MARKET_DATA,
KR6097248DB1,,NO_MARKET_DATA,
KR6097248E80,,NO_MARKET_DATA,
KR6097248E98,,NO_MARKET_DATA,
KR6097248EB9,,NO_MARKET_DATA,
KR6097248F48,,NO_MARKET_DATA,
KR614017EF43,,NO_MARKET_DATA,
KR614017EF76,,NO_MARKET_DATA,
KR614017EFC7,,NO_MARKET_DATA,
KR614017FE50,,NO_MARKET_DATA,
KR6055551G87,,NO_MARKET_DATA,
KR6055552758,,NO_MARKET_DATA,
KR6055552766,,NO_MARKET_DATA,
KR6055552790,,NO_MARKET_DATA,
KR6079311F89,,NO_MARKET_DATA,
KR6079311F97,,NO_MARKET_DATA,
KR6079311FA6,,NO_MARKET_DATA,
KR6079311FB4,,NO_MARKET_DATA,
KR6079311FC2,,NO_MARKET_DATA,
KR6079311G13,,NO_MARKET_DATA,
KR6019808F85,,NO_MARKET_DATA,
KR6085661EC5,,NO_MARKET_DATA,
KR6085662E58,,NO_MARKET_DATA,
KR6085811D26,,NO_MARKET_DATA,
KR6085811D83,,NO_MARKET_DATA,
KR6085811EC6,,NO_MARKET_DATA,
KR61179314C8,,NO_MARKET_DATA,
KR6118001F98,,NO_MARKET_DATA,
KR6118041F25,,NO_MARKET_DATA,
KR6118041F33,,NO_MARKET_DATA,
KR6118041F82,,NO_MARKET_DATA,
KR6149142G50,,NO_MARKET_DATA,
KR6149143DA4,,NO_MARKET_DATA,
KR6195942EA0,,NO_MARKET_DATA,
KR6195991G48,,NO_MARKET_DATA,
KR6195992G47,,NO_MARKET_DATA,
KR6196301F42,,NO_MARKET_DATA,
KR6196491DB7,,NO_MARKET_DATA,
KR6196891FA5,,NO_MARKET_DATA,
KR6197141G68,,NO_MARKET_DATA,
KR6197281G68,,NO_MARKET_DATA,
KR6197311F55,,NO_MARKET_DATA,
KR6122831G20,,NO_MARKET_DATA,
KR6122901F59,,NO_MARKET_DATA,
KR6123011E63,,NO_MARKET_DATA,
KR6123011G61,,NO_MARKET_DATA,
KR6123041E42,,NO_MARKET_DATA,
KR6162391G69,,NO_MARKET_DATA,
KR6162581F94,,NO_MARKET_DATA,
KR6162611E81,,NO_MARKET_DATA,
KR6162611F98,,NO_MARKET_DATA,
KR6162701EA9,,NO_MARKET_DATA,
KR6162781F92,,NO_MARKET_DATA,
KR6169371F51,,NO_MARKET_DATA,
KR6169371F69,,NO_MARKET_DATA,
KR6169371F77,,NO_MARKET_DATA,
KR6169371F85,,NO_MARKET_DATA,
KR6169371F93,,NO_MARKET_DATA,
KR6206901FA0,,NO_MARKET_DATA,
KR6206931EB8,,NO_MARKET_DATA,
KR6206931F39,,NO_MARKET_DATA,
KR6206951FA5,,NO_MARKET_DATA,
KR6206991G35,,NO_MARKET_DATA,
KR6206991G43,,NO_MARKET_DATA,
KR616937AG30,,NO_MARKET_DATA,
KR616937BE31,,NO_MARKET_DATA,
KR616937BF30,,NO_MARKET_DATA,
KR616937BF48,,NO_MARKET_DATA,
KR616937BF89,,NO_MARKET_DATA,
KR616937BFB2,,NO_MARKET_DATA,
KR616937CF39,,NO_MARKET_DATA,
KR616937CFB0,,NO_MARKET_DATA,
KR616937CG38,,NO_MARKET_DATA,
KR616937DF38,,NO_MARKET_DATA,
KR6214343G59,,NO_MARKET_DATA,
KR6174146EA3,,NO_MARKET_DATA,
KR60182V2G45,,NO_MARKET_DATA,
KR60182V3G44,,NO_MARKET_DATA,
KR60182V4G43,,NO_MARKET_DATA,
KR60182V5G42,,NO_MARKET_DATA,
KR60182V6G41,,NO_MARKET_DATA,
KR60182V7G40,,NO_MARKET_DATA,
KR60182V8G49,,NO_MARKET_DATA,
KR60182V9G48,,NO_MARKET_DATA,
KR60182VAG40,,NO_MARKET_DATA,
KR6140231G44,,NO_MARKET_DATA,
KR6023763F15,,NO_MARKET_DATA,
KR6030627DC4,,NO_MARKET_DATA,
KR6030627E25,,NO_MARKET_DATA,
KR6030627E41,,NO_MARKET_DATA,
KR6030627E58,,EXCLUDED_OPTION,
KR6030627E82,,NO_MARKET_DATA,
KR614017FF42,,NO_MARKET_DATA,
KR614017FF75,,NO_MARKET_DATA,
KR614017GCB1,,NO_MARKET_DATA,
KR614017GE59,,NO_MARKET_DATA,
KR6099431E75,,NO_MARKET_DATA,
KR6145171FB2,,NO_MARKET_DATA,
KR6019455G31,,NO_MARKET_DATA,
KR6019455G49,,NO_MARKET_DATA,
KR6019455G56,,NO_MARKET_DATA,
KR6019455G64,,NO_MARKET_DATA,
KR6019455G72,,NO_MARKET_DATA,
KR6019455G80,,NO_MARKET_DATA,
KR6079311G21,,NO_MARKET_DATA,
KR6079311G47,,NO_MARKET_DATA,
KR6079311G54,,NO_MARKET_DATA,
KR6118041F90,,NO_MARKET_DATA,
KR6118041FA2,,NO_MARKET_DATA,
KR6118041G32,,NO_MARKET_DATA,
KR6118201EB3,,NO_MARKET_DATA,
KR6118201FB0,,NO_MARKET_DATA,
KR6118201G46,,NO_MARKET_DATA,
KR6155722F64,,NO_MARKET_DATA,
KR6155722G30,2.3255868077892607,CALCULATED,중간
KR6156061F46,,NO_MARKET_DATA,
KR6156071F44,,NO_MARKET_DATA,
KR6156101E56,,NO_MARKET_DATA,
KR6197311FA3,,NO_MARKET_DATA,
KR6197401G63,,NO_MARKET_DATA,
KR6019805F70,,NO_MARKET_DATA,
KR6019805F88,,NO_MARKET_DATA,
KR6019805F96,,NO_MARKET_DATA,
KR6019805FA0,,NO_MARKET_DATA,
KR6019805FB8,,NO_MARKET_DATA,
KR6019805FC6,,NO_MARKET_DATA,
KR6019805G12,,NO_MARKET_DATA,
KR6019805G20,,NO_MARKET_DATA,
KR6019805G38,,NO_MARKET_DATA,
KR6162811F96,,NO_MARKET_DATA,
KR6163141FA4,,NO_MARKET_DATA,
KR6163141FB2,,NO_MARKET_DATA,
KR6163191FB7,,NO_MARKET_DATA,
KR6163192FB5,,NO_MARKET_DATA,
KR6205491F58,,NO_MARKET_DATA,
KR6205491F66,,NO_MARKET_DATA,
KR6205491F74,,NO_MARKET_DATA,
KR6205491F82,,NO_MARKET_DATA,
KR6205491F90,,NO_MARKET_DATA,
KR6205491FA3,,NO_MARKET_DATA,
KR6207041FA4,,NO_MARKET_DATA,
KR6207081E93,,NO_MARKET_DATA,
KR6207091F33,,NO_MARKET_DATA,
KR6207121FA4,,NO_MARKET_DATA,
KR6207121G44,,NO_MARKET_DATA,
KR6021242F10,,NO_MARKET_DATA,
KR6021242F93,,NO_MARKET_DATA,
KR6021242G35,,NO_MARKET_DATA,
KR6021243G34,,NO_MARKET_DATA,
KR60212C1G66,,NO_MARKET_DATA,
KR60212C2G65,,NO_MARKET_DATA,
KR6214343G67,,NO_MARKET_DATA,
KR6214344BC8,,NO_MARKET_DATA,
KR6214344DC4,,NO_MARKET_DATA,
KR6214344E43,,NO_MARKET_DATA,
KR6214344E50,,NO_MARKET_DATA,
KR6214344EA6,,NO_MARKET_DATA,
KR6214344F26,,NO_MARKET_DATA,
KR6214344F67,0.276925413756907,CALCULATED,저민감
KR6214344FA3,,NO_MARKET_DATA,
KR6021963F41,,NO_MARKET_DATA,
KR6021963F58,,NO_MARKET_DATA,
KR602196AF60,,NO_MARKET_DATA,
KR602196AF78,,NO_MARKET_DATA,
KR602196AF86,,NO_MARKET_DATA,
KR602196AFC1,,NO_MARKET_DATA,
KR602196AG10,,NO_MARKET_DATA,
KR602196AG28,,NO_MARKET_DATA,
KR602196AG36,,NO_MARKET_DATA,
KR602196AG44,,NO_MARKET_DATA,
KR602988F973,,NO_MARKET_DATA,
KR602988FC94,,NO_MARKET_DATA,
KR602988FD10,,NO_MARKET_DATA,
KR6140211EB4,,NO_MARKET_DATA,
KR6140232F69,,NO_MARKET_DATA,
KR6176946F37,,NO_MARKET_DATA,
KR6176946F60,,NO_MARKET_DATA,
KR6176946F78,,NO_MARKET_DATA,
KR6176946F94,,NO_MARKET_DATA,
KR6176946FB9,,NO_MARKET_DATA,
KR6176946FC7,,NO_MARKET_DATA,
KR6176946G51,,NO_MARKET_DATA,
KR6176947D87,,NO_MARKET_DATA,
KR6176947E11,,NO_MARKET_DATA,
KR6079311G62,,NO_MARKET_DATA,
KR6079311G70,,NO_MARKET_DATA,
KR6099491F63,,NO_MARKET_DATA,
KR6099491FA2,,NO_MARKET_DATA,
KR6099561E51,,NO_MARKET_DATA,
KR6099561F35,,NO_MARKET_DATA,
KR6099561F92,,NO_MARKET_DATA,
KR6099631G63,,NO_MARKET_DATA,
KR6099691E47,,NO_MARKET_DATA,
KR6099692E46,,NO_MARKET_DATA,
KR6100091C82,,NO_MARKET_DATA,
KR6156101F55,,NO_MARKET_DATA,
KR6156101FA7,,NO_MARKET_DATA,
KR6156101G13,,NO_MARKET_DATA,
KR6156291F48,,NO_MARKET_DATA,
KR6156291F63,,NO_MARKET_DATA,
KR6156311F51,,NO_MARKET_DATA,
KR6200231F47,,NO_MARKET_DATA,
KR6200232EC5,,NO_MARKET_DATA,
KR6200351B94,,NO_MARKET_DATA,
KR6200471F79,,NO_MARKET_DATA,
KR6200471FB8,,NO_MARKET_DATA,
KR6200471G60,,NO_MARKET_DATA,
KR6019805G46,,NO_MARKET_DATA,
KR6019805G53,,NO_MARKET_DATA,
KR6029693DC9,,NO_MARKET_DATA,
KR6029693E67,,NO_MARKET_DATA,
KR6029693E83,,NO_MARKET_DATA,
KR6029693E91,,NO_MARKET_DATA,
KR6029693EB9,,NO_MARKET_DATA,
KR6029693EC7,,NO_MARKET_DATA,
KR6029693F17,,NO_MARKET_DATA,
KR6029693F25,,NO_MARKET_DATA,
KR6029693F33,,NO_MARKET_DATA,
KR6205491FB1,,NO_MARKET_DATA,
KR6205491FC9,,NO_MARKET_DATA,
KR6205491G24,,NO_MARKET_DATA,
KR6205491G32,,NO_MARKET_DATA,
KR6205491G40,,NO_MARKET_DATA,
KR6020561E65,,NO_MARKET_DATA,
KR6020561F23,,NO_MARKET_DATA,
KR6020561FB4,,NO_MARKET_DATA,
KR6020561FC2,,NO_MARKET_DATA,
KR60205A1G56,,NO_MARKET_DATA,
KR60205H1G51,,NO_MARKET_DATA,
KR60212H1G65,,NO_MARKET_DATA,
KR60212J1G61,,NO_MARKET_DATA,
KR60212S1G96,,NO_MARKET_DATA,
KR60212V1G66,,NO_MARKET_DATA,
KR6021321EB5,,NO_MARKET_DATA,
KR602978DF53,,NO_MARKET_DATA,
KR602978DF79,,NO_MARKET_DATA,
KR602978DG45,,NO_MARKET_DATA,
KR602978DG52,,NO_MARKET_DATA,
KR602978EDA3,,NO_MARKET_DATA,
KR6033668D95,,NO_MARKET_DATA,
KR6021963F66,,NO_MARKET_DATA,
KR6021963F74,,NO_MARKET_DATA,
KR6021963F82,,NO_MARKET_DATA,
KR6021963FB1,,NO_MARKET_DATA,
KR6021963FC9,,NO_MARKET_DATA,
KR6021963G16,,NO_MARKET_DATA,
KR6021963G24,,NO_MARKET_DATA,
KR6021963G32,,NO_MARKET_DATA,
KR6021963G40,,NO_MARKET_DATA,
KR6029885F49,,NO_MARKET_DATA,
KR6029885F56,,NO_MARKET_DATA,
KR602988ECC0,,NO_MARKET_DATA,
KR602988EE77,,NO_MARKET_DATA,
KR602988EEA0,,NO_MARKET_DATA,
KR602988EF76,,NO_MARKET_DATA,
KR602988EFA7,,NO_MARKET_DATA,
KR602988F841,,NO_MARKET_DATA,
KR6040351FC4,,NO_MARKET_DATA,
KR6040351G57,,NO_MARKET_DATA,
KR6040831F74,,NO_MARKET_DATA,
KR6040831G32,,NO_MARKET_DATA,
KR6040831G73,,NO_MARKET_DATA,
KR6176947E60,,NO_MARKET_DATA,
KR6176947F36,,NO_MARKET_DATA,
KR6019456F49,,NO_MARKET_DATA,
KR6019456F56,,NO_MARKET_DATA,
KR6019456F64,,NO_MARKET_DATA,
KR6019456F72,,NO_MARKET_DATA,
KR6019456F80,,NO_MARKET_DATA,
KR6019456F98,,NO_MARKET_DATA,
KR6019456FA2,,NO_MARKET_DATA,
KR6019456FB0,,NO_MARKET_DATA,
KR6100092C81,,NO_MARKET_DATA,
KR6144961G26,,NO_MARKET_DATA,
KR6145171G11,,NO_MARKET_DATA,
KR6145171G29,,NO_MARKET_DATA,
KR6145171G52,,NO_MARKET_DATA,
KR6145171G60,,NO_MARKET_DATA,
KR6145211D99,,NO_MARKET_DATA,
KR6145761690,,NO_MARKET_DATA,
KR6145761A47,,NO_MARKET_DATA,
KR6145761C94,,NO_MARKET_DATA,
KR6145761CA9,,NO_MARKET_DATA,
KR6200711G45,,NO_MARKET_DATA,
KR6201491EB8,,NO_MARKET_DATA,
KR6201601F39,,NO_MARKET_DATA,
KR6201601F54,,NO_MARKET_DATA,
KR6201601F62,,NO_MARKET_DATA,
KR6201621EA2,,NO_MARKET_DATA,
KR601980NE19,,NO_MARKET_DATA,
KR601980NG74,,NO_MARKET_DATA,
KR601980PD83,,NO_MARKET_DATA,
KR601980PD91,,NO_MARKET_DATA,
KR601980PG72,,NO_MARKET_DATA,
KR6029693F41,,NO_MARKET_DATA,
KR6029693F66,,NO_MARKET_DATA,
KR6032717C81,,NO_MARKET_DATA,
KR60633229B2,,NO_MARKET_DATA,
KR6082972D69,,NO_MARKET_DATA,
KR6032717C99,,NO_MARKET_DATA,
KR6032717D23,,NO_MARKET_DATA,
KR6032717D31,,NO_MARKET_DATA,
KR6032717D56,,NO_MARKET_DATA,
KR6032717D64,,NO_MARKET_DATA,
KR6032717D80,,NO_MARKET_DATA,
KR60205S1G58,,NO_MARKET_DATA,
KR60206E1G56,,NO_MARKET_DATA,
KR60206E2G55,,NO_MARKET_DATA,
KR60206L1G69,,NO_MARKET_DATA,
KR60206Z1G69,,NO_MARKET_DATA,
KR6029784E67,,NO_MARKET_DATA,
KR6029784E75,,NO_MARKET_DATA,
KR6029784E83,,NO_MARKET_DATA,
KR6029784E91,,NO_MARKET_DATA,
KR6029784EA8,,NO_MARKET_DATA,
KR6029784EB6,,NO_MARKET_DATA,
KR602978EEC7,,NO_MARKET_DATA,
KR602978EF52,,NO_MARKET_DATA,
KR602978EF78,,NO_MARKET_DATA,
KR602978EG44,,NO_MARKET_DATA,
KR602978FEC4,,NO_MARKET_DATA,
KR602978FF51,,NO_MARKET_DATA,
KR6033667G69,,NO_MARKET_DATA,
KR6033667G77,,NO_MARKET_DATA,
KR6033668C88,,NO_MARKET_DATA,
KR6033668D38,,NO_MARKET_DATA,
KR6029885F64,,NO_MARKET_DATA,
KR6029885F72,,NO_MARKET_DATA,
KR6029885F80,,NO_MARKET_DATA,
KR6029885F98,,NO_MARKET_DATA,
KR6029885FA0,,NO_MARKET_DATA,
KR6029885FB8,,NO_MARKET_DATA,
KR6029885FC6,,NO_MARKET_DATA,
KR6029885G30,,NO_MARKET_DATA,
KR6029885G55,,NO_MARKET_DATA,
KR6034733C20,,NO_MARKET_DATA,
KR6034733C61,,NO_MARKET_DATA,
KR6042041FC9,,NO_MARKET_DATA,
KR6042661F26,,NO_MARKET_DATA,
KR6042661F75,,NO_MARKET_DATA,
KR6042661G25,,NO_MARKET_DATA,
KR6042662EB7,0.2832299773188745,CALCULATED,저민감
KR6042662F17,,NO_MARKET_DATA,
KR6042662F25,1.4009160177480984,CALCULATED,중간
KR6066562630,,NO_MARKET_DATA,
KR6095929G62,,NO_MARKET_DATA,
KR6095929G70,,NO_MARKET_DATA,
KR6066562671,,NO_MARKET_DATA,
KR6019456FC8,,NO_MARKET_DATA,
KR6019456G22,,NO_MARKET_DATA,
KR6023763F23,,NO_MARKET_DATA,
KR6023763F31,,NO_MARKET_DATA,
KR6023763F49,,NO_MARKET_DATA,
KR6023763F56,,NO_MARKET_DATA,
KR6023763F64,,NO_MARKET_DATA,
KR6023763F80,,NO_MARKET_DATA,
KR6023763F98,,NO_MARKET_DATA,
KR6023763FA5,,NO_MARKET_DATA,
KR6178911F59,,NO_MARKET_DATA,
KR6178911G58,,NO_MARKET_DATA,
KR6178911G66,,NO_MARKET_DATA,
KR6179111F97,,NO_MARKET_DATA,
KR6179211F96,,NO_MARKET_DATA,
KR6179251G54,,NO_MARKET_DATA,
KR6179331EB4,,NO_MARKET_DATA,
KR6179451EB0,,NO_MARKET_DATA,
KR6179461EB9,,NO_MARKET_DATA,
KR6179491EB6,,NO_MARKET_DATA,
KR6179531E41,,NO_MARKET_DATA,
KR6179531F73,,NO_MARKET_DATA,
KR601980SD31,,NO_MARKET_DATA,
KR601980WD84,,NO_MARKET_DATA,
KR601980XD83,,NO_MARKET_DATA,
KR60198C1G59,,NO_MARKET_DATA,
KR60198E1G55,,NO_MARKET_DATA,
KR60198F1G52,,NO_MARKET_DATA,
KR6029782D94,,NO_MARKET_DATA,
KR6029782DB2,,NO_MARKET_DATA,
KR6029782DC0,,NO_MARKET_DATA,
KR6029782E36,,NO_MARKET_DATA,
KR603271DD65,,NO_MARKET_DATA,
KR6032717DB3,,NO_MARKET_DATA,
KR6032717DC1,,NO_MARKET_DATA,
KR6032717E14,,NO_MARKET_DATA,
KR6032717E48,,NO_MARKET_DATA,
KR60633229A4,,NO_MARKET_DATA,
KR6063322A44,,NO_MARKET_DATA,
KR6063322A51,,NO_MARKET_DATA,
KR6063322A69,,NO_MARKET_DATA,
KR6063322AB0,,NO_MARKET_DATA,
KR6063322B68,,NO_MARKET_DATA,
KR6029784EC4,,NO_MARKET_DATA,
KR6029784F17,,NO_MARKET_DATA,
KR6029784F25,,NO_MARKET_DATA,
KR6029784F33,,NO_MARKET_DATA,
KR6033661G16,,NO_MARKET_DATA,
KR6029784F41,,NO_MARKET_DATA,
KR6033661F41,,NO_MARKET_DATA,
KR6033661F58,,NO_MARKET_DATA,
KR6033661F66,,NO_MARKET_DATA,
KR6033661F74,,NO_MARKET_DATA,
KR6033668D79,,NO_MARKET_DATA,
KR6033668E94,,NO_MARKET_DATA,
KR6033668EA7,,NO_MARKET_DATA,
KR6033668EB5,,NO_MARKET_DATA,
KR6033668EC3,,NO_MARKET_DATA,
KR6065902EA1,,NO_MARKET_DATA,
KR6065902EB9,,NO_MARKET_DATA,
KR6065902EC7,,NO_MARKET_DATA,
KR6065902F18,,NO_MARKET_DATA,
KR6065902F26,,NO_MARKET_DATA,
KR6065902F42,,NO_MARKET_DATA,
KR6034733C95,,NO_MARKET_DATA,
KR6034733CC8,,NO_MARKET_DATA,
KR6034733D52,,NO_MARKET_DATA,
KR6034733D94,,NO_MARKET_DATA,
KR6034733E28,,NO_MARKET_DATA,
KR6034733E51,,NO_MARKET_DATA,
KR6034733E85,,NO_MARKET_DATA,
KR6034733F50,,NO_MARKET_DATA,
KR6034734A21,,NO_MARKET_DATA,
KR6169375FC8,,NO_MARKET_DATA,
KR6169375G23,,NO_MARKET_DATA,
KR6066561G66,,NO_MARKET_DATA,
KR6066561G74,,NO_MARKET_DATA,
KR6066562572,,NO_MARKET_DATA,
KR6095929DB8,,NO_MARKET_DATA,
KR6095929DC6,,NO_MARKET_DATA,
KR6095929E23,,NO_MARKET_DATA,
KR6095929E49,,NO_MARKET_DATA,
KR6095929E72,,NO_MARKET_DATA,
KR6095929EA8,,NO_MARKET_DATA,
KR6021969G36,,NO_MARKET_DATA,
KR6030628E99,,NO_MARKET_DATA,
KR6051913E32,,NO_MARKET_DATA,
KR6023763FB3,,NO_MARKET_DATA,
KR6023763FC1,,NO_MARKET_DATA,
KR6023763G22,,NO_MARKET_DATA,
KR6030627F65,,NO_MARKET_DATA,
KR6030627F73,,NO_MARKET_DATA,
KR6030627F99,,NO_MARKET_DATA,
KR6030627FC9,,NO_MARKET_DATA,
KR6030627G15,,NO_MARKET_DATA,
KR6030627G56,,NO_MARKET_DATA,
KR601945BFC0,,NO_MARKET_DATA,
KR601945BG31,,NO_MARKET_DATA,
KR601945BG64,,NO_MARKET_DATA,
KR601945BG72,,NO_MARKET_DATA,
KR601945CE65,,NO_MARKET_DATA,
KR601945CE81,,NO_MARKET_DATA,
KR601945CEC1,,NO_MARKET_DATA,
KR601945CF64,,NO_MARKET_DATA,
KR601945CG30,,NO_MARKET_DATA,
KR601945DE64,,NO_MARKET_DATA,
KR6029782E44,,NO_MARKET_DATA,
KR6029782E51,,NO_MARKET_DATA,
KR6029782E69,,NO_MARKET_DATA,
KR6029782E77,,NO_MARKET_DATA,
KR6029782E85,,NO_MARKET_DATA,
KR6029782E93,,NO_MARKET_DATA,
KR6029782EA2,,NO_MARKET_DATA,
KR603271CEC0,,NO_MARKET_DATA,
KR603271CF31,,NO_MARKET_DATA,
KR603271DA68,,NO_MARKET_DATA,
KR603271DC58,,NO_MARKET_DATA,
KR6063322BA0,,NO_MARKET_DATA,
KR6063322BB8,,NO_MARKET_DATA,
KR6063322C26,,NO_MARKET_DATA,
KR6082971G75,,NO_MARKET_DATA,
KR6082972D10,,NO_MARKET_DATA,
KR6082972D85,,NO_MARKET_DATA,
KR6082972DB3,,NO_MARKET_DATA,
KR6082972DC1,,NO_MARKET_DATA,
KR6082972E19,,NO_MARKET_DATA,
KR6082972E50,,NO_MARKET_DATA,
KR6033661F82,,NO_MARKET_DATA,
KR6033661F90,,NO_MARKET_DATA,
KR6033661FA9,,NO_MARKET_DATA,
KR6033661FB7,,NO_MARKET_DATA,
KR6033661FC5,,NO_MARKET_DATA,
KR60643129B2,,NO_MARKET_DATA,
KR60643129C0,,NO_MARKET_DATA,
KR6064312A44,,NO_MARKET_DATA,
KR6064312A69,,NO_MARKET_DATA,
KR6064312BB8,,NO_MARKET_DATA,
KR6065902F59,,NO_MARKET_DATA,
KR6065902F67,,NO_MARKET_DATA,
KR6065902F75,,NO_MARKET_DATA,
KR6065902F83,,NO_MARKET_DATA,
KR6065902FA8,,NO_MARKET_DATA,
KR6095082C36,,NO_MARKET_DATA,
KR6095082FC9,,NO_MARKET_DATA,
KR6095191D66,,NO_MARKET_DATA,
KR6095231DA1,,NO_MARKET_DATA,
KR6095231F33,,NO_MARKET_DATA,
KR6095231F41,,NO_MARKET_DATA,
KR6169375G31,,NO_MARKET_DATA,
KR6169375G49,,NO_MARKET_DATA,
KR6169375G56,,NO_MARKET_DATA,
KR6169375G64,,NO_MARKET_DATA,
KR6169376D82,,NO_MARKET_DATA,
KR6169376E40,,NO_MARKET_DATA,
KR6169376E73,,NO_MARKET_DATA,
KR6169376E81,,NO_MARKET_DATA,
KR6169376EA3,,NO_MARKET_DATA,
KR6212941D94,,NO_MARKET_DATA,
KR6212951FB5,,NO_MARKET_DATA,
KR609592ADC9,,NO_MARKET_DATA,
KR609592AE25,,NO_MARKET_DATA,
KR609592AE74,,NO_MARKET_DATA,
KR609592AE90,,NO_MARKET_DATA,
KR609592AF24,,NO_MARKET_DATA,
KR609592AF32,,NO_MARKET_DATA,
KR6140172F79,,NO_MARKET_DATA,
KR6140172F87,,NO_MARKET_DATA,
KR6140172FA7,,NO_MARKET_DATA,
KR6140172FC3,,NO_MARKET_DATA,
KR6030628C91,,NO_MARKET_DATA,
KR6030628D58,,NO_MARKET_DATA,
KR6030628EA4,,NO_MARKET_DATA,
KR6030628EB2,,NO_MARKET_DATA,
KR6051911B52,,NO_MARKET_DATA,
KR6051911F17,,NO_MARKET_DATA,
KR6051912B51,,NO_MARKET_DATA,
KR6051912E33,,NO_MARKET_DATA,
KR6051912F16,,NO_MARKET_DATA,
KR6051913A28,,NO_MARKET_DATA,
KR6023781G38,,NO_MARKET_DATA,
KR6023781G46,,NO_MARKET_DATA,
KR6023781G53,,NO_MARKET_DATA,
KR6023781G61,,NO_MARKET_DATA,
KR6023781G79,,NO_MARKET_DATA,
KR6023782E21,,NO_MARKET_DATA,
KR6023782E39,,NO_MARKET_DATA,
KR6023782E88,,NO_MARKET_DATA,
KR6023782E96,,NO_MARKET_DATA,
KR6023782EA8,,NO_MARKET_DATA,
KR6023782EB6,,NO_MARKET_DATA,
KR603271DD81,,NO_MARKET_DATA,
KR603271DE15,,NO_MARKET_DATA,
KR603271DE49,,NO_MARKET_DATA,
KR603271DE64,,NO_MARKET_DATA,
KR603271DEB0,,NO_MARKET_DATA,
KR603271DEC8,,NO_MARKET_DATA,
KR6063622F20,,NO_MARKET_DATA,
KR6063622F38,,NO_MARKET_DATA,
KR6063622F46,,NO_MARKET_DATA,
KR6063622F53,,NO_MARKET_DATA,
KR6063622F61,,NO_MARKET_DATA,
KR6082972E68,,NO_MARKET_DATA,
KR6082972E76,,NO_MARKET_DATA,
KR6112531G40,,NO_MARKET_DATA,
KR6112611E78,,NO_MARKET_DATA,
KR6112651F60,,NO_MARKET_DATA,
KR6112791G60,,NO_MARKET_DATA,
KR6112801FA5,,NO_MARKET_DATA,
KR6113071E87,,NO_MARKET_DATA,
KR6113071F94,,NO_MARKET_DATA,
KR6113072EA5,,NO_MARKET_DATA,
KR6113073EA3,,NO_MARKET_DATA,
KR6064312C34,,NO_MARKET_DATA,
KR6064312D90,,NO_MARKET_DATA,
KR6064312DB4,,NO_MARKET_DATA,
KR6064312E16,,NO_MARKET_DATA,
KR6064312E57,,NO_MARKET_DATA,
KR6087011F85,,NO_MARKET_DATA,
KR6087101EA4,,NO_MARKET_DATA,
KR6087101F60,,NO_MARKET_DATA,
KR6087101FB9,,NO_MARKET_DATA,
KR6087101G51,,NO_MARKET_DATA,
KR6087111D94,,NO_MARKET_DATA,
KR6095231F66,,NO_MARKET_DATA,
KR6095231F74,,NO_MARKET_DATA,
KR6095231F90,,NO_MARKET_DATA,
KR6095231FB4,,NO_MARKET_DATA,
KR6095231FC2,0.2743911138981056,CALCULATED,저민감
KR6130061E83,,NO_MARKET_DATA,
KR6130061F41,,NO_MARKET_DATA,
KR6130061G65,,NO_MARKET_DATA,
KR6130471E87,,NO_MARKET_DATA,
KR6130741D90,,NO_MARKET_DATA,
KR6131291G73,,NO_MARKET_DATA,
KR6212991FB1,,NO_MARKET_DATA,
KR6213001FB8,,NO_MARKET_DATA,
KR6213021FB6,,NO_MARKET_DATA,
KR6213131FB3,,NO_MARKET_DATA,
KR6213141E99,,NO_MARKET_DATA,
KR6213141FB2,,NO_MARKET_DATA,
KR6213191FB7,,NO_MARKET_DATA,
KR6213241FA2,,NO_MARKET_DATA,
KR6213261FB8,,NO_MARKET_DATA,
KR6213321FB0,,NO_MARKET_DATA,
KR6021962E84,,NO_MARKET_DATA,
KR6140172EA0,,NO_MARKET_DATA,
KR6140172EB8,,NO_MARKET_DATA,
KR6140172EC6,,NO_MARKET_DATA,
KR6140172F20,,NO_MARKET_DATA,
KR6140172F38,,NO_MARKET_DATA,
KR6140172F46,,NO_MARKET_DATA,
KR6140172F53,,NO_MARKET_DATA,
KR6140172F61,,NO_MARKET_DATA,
KR60186B1G49,,NO_MARKET_DATA,
KR6174146EC9,,NO_MARKET_DATA,
KR6051913B27,1.4506514093771723,CALCULATED,중간
KR6051913D17,,NO_MARKET_DATA,
KR6051913F15,,NO_MARKET_DATA,
KR6074611E21,,NO_MARKET_DATA,
KR6074831EA1,,NO_MARKET_DATA,
KR6074871E91,,NO_MARKET_DATA,
KR6074871EB5,,NO_MARKET_DATA,
KR6074871FB2,,NO_MARKET_DATA,
KR6074901EB0,,NO_MARKET_DATA,
KR6074931F56,,NO_MARKET_DATA,
KR6075301EA4,,NO_MARKET_DATA,
KR6055552816,,NO_MARKET_DATA,
KR6031321F88,,NO_MARKET_DATA,
KR6031321FA2,,NO_MARKET_DATA,
KR6031321FC8,,NO_MARKET_DATA,
KR6031321G12,,NO_MARKET_DATA,
KR6031321G20,,NO_MARKET_DATA,
KR6031321G38,,NO_MARKET_DATA,
KR6031321G46,,NO_MARKET_DATA,
KR6031321G53,,NO_MARKET_DATA,
KR6031321G61,,NO_MARKET_DATA,
KR6031321G79,,NO_MARKET_DATA,
KR6063622F79,,NO_MARKET_DATA,
KR6063622F95,,NO_MARKET_DATA,
KR6063622FA4,,NO_MARKET_DATA,
KR6063622FB2,,NO_MARKET_DATA,
KR6063622G11,,NO_MARKET_DATA,
KR6085811F16,,NO_MARKET_DATA,
KR6086041B85,,NO_MARKET_DATA,
KR6086041E74,,NO_MARKET_DATA,
KR6086281F23,,NO_MARKET_DATA,
KR6086282A27,,NO_MARKET_DATA,
KR6086282F22,,NO_MARKET_DATA,
KR6113074EA1,,NO_MARKET_DATA,
KR6113075EA8,,NO_MARKET_DATA,
KR6149143EA2,,NO_MARKET_DATA,
KR6149481FB1,,NO_MARKET_DATA,
KR6150031F87,,NO_MARKET_DATA,
KR6150031FB0,,NO_MARKET_DATA,
KR6150031G29,,NO_MARKET_DATA,
KR6150031G37,,NO_MARKET_DATA,
KR6150031G45,,NO_MARKET_DATA,
KR6150351D99,0.0940560327743739,CALCULATED,저민감
KR6150351E64,0.805197834320142,CALCULATED,중간
KR6087111E93,,NO_MARKET_DATA,
KR6087261D92,,NO_MARKET_DATA,
KR6087311G40,,NO_MARKET_DATA,
KR6087311G65,,NO_MARKET_DATA,
KR6087341G51,,NO_MARKET_DATA,
KR6123041E59,,NO_MARKET_DATA,
KR6123041F66,,NO_MARKET_DATA,
KR6123041G57,,NO_MARKET_DATA,
KR6123042E41,,NO_MARKET_DATA,
KR6123043F56,,NO_MARKET_DATA,
KR6123271EC7,,NO_MARKET_DATA,
KR6131371G27,,NO_MARKET_DATA,
KR6131401EB2,,NO_MARKET_DATA,
KR6131761F59,,NO_MARKET_DATA,
KR6131761G58,,NO_MARKET_DATA,
KR6131791D89,,NO_MARKET_DATA,
KR6169371FA1,,NO_MARKET_DATA,
KR6169371FB9,,NO_MARKET_DATA,
KR6169371FC7,,NO_MARKET_DATA,
KR6169371G19,,NO_MARKET_DATA,
KR6169371G27,,NO_MARKET_DATA,
KR6207301E97,,NO_MARKET_DATA,
KR6021962EB6,,NO_MARKET_DATA,
KR6021962EC4,,NO_MARKET_DATA,
KR6021962F18,,NO_MARKET_DATA,
KR6021962F26,,NO_MARKET_DATA,
KR6021962F34,,NO_MARKET_DATA,
KR6021962F42,,NO_MARKET_DATA,
KR6021962F59,,NO_MARKET_DATA,
KR6021962F67,,NO_MARKET_DATA,
KR6021962F75,,NO_MARKET_DATA,
KR6021962F83,,NO_MARKET_DATA,
KR6029883G57,,NO_MARKET_DATA,
KR6174147E63,,NO_MARKET_DATA,
KR6174147E89,,NO_MARKET_DATA,
KR6174147EA1,,NO_MARKET_DATA,
KR6174147EC7,,NO_MARKET_DATA,
KR6174147F13,,NO_MARKET_DATA,
KR6174147F47,,NO_MARKET_DATA,
KR6174147F54,,NO_MARKET_DATA,
KR60183N9G43,,NO_MARKET_DATA,
KR60183NAG49,,NO_MARKET_DATA,
KR602196BE37,,NO_MARKET_DATA,
KR6075941F36,,NO_MARKET_DATA,
KR6075941F69,,NO_MARKET_DATA,
KR6075941FB2,,NO_MARKET_DATA,
KR6097248F55,,NO_MARKET_DATA,
KR6097248F63,,NO_MARKET_DATA,
KR6097248F89,,NO_MARKET_DATA,
KR6097248F97,,NO_MARKET_DATA,
KR6097248FB6,,NO_MARKET_DATA,
KR6097248G21,,NO_MARKET_DATA,
KR6097248G39,,NO_MARKET_DATA,
KR6031322B81,,NO_MARKET_DATA,
KR6055552824,,NO_MARKET_DATA,
KR6055552832,,NO_MARKET_DATA,
KR6055552840,,NO_MARKET_DATA,
KR6055552980,,NO_MARKET_DATA,
KR6055552B32,,NO_MARKET_DATA,
KR6055552B99,,NO_MARKET_DATA,
KR6055552BB0,,NO_MARKET_DATA,
KR6055552C15,,NO_MARKET_DATA,
KR6055552C23,,NO_MARKET_DATA,
KR6086521EA4,,NO_MARKET_DATA,
KR6086521EC0,,NO_MARKET_DATA,
KR6086521F23,0.0372788068651585,CALCULATED,저민감
KR6086521F80,,NO_MARKET_DATA,
KR6086522F22,,NO_MARKET_DATA,
KR6118231F41,,NO_MARKET_DATA,
KR6118351E53,,NO_MARKET_DATA,
KR6118351F45,,NO_MARKET_DATA,
KR6118491EB0,,NO_MARKET_DATA,
KR6118491F87,,NO_MARKET_DATA,
KR6118491G45,,NO_MARKET_DATA,
KR6150351E98,1.000753978015208,CALCULATED,중간
KR6150351F48,1.5396836805874483,CALCULATED,중간
KR6197571D94,,NO_MARKET_DATA,
KR6197571F43,,NO_MARKET_DATA,
KR6197571F50,,NO_MARKET_DATA,
KR6197691F55,,NO_MARKET_DATA,
KR6197691FB6,,NO_MARKET_DATA,
KR6197692EA9,,NO_MARKET_DATA,
KR6197692F62,,NO_MARKET_DATA,
KR6197693EA7,,NO_MARKET_DATA,
KR6197693F61,,NO_MARKET_DATA,
KR6123271F34,,NO_MARKET_DATA,
KR6123271F67,,NO_MARKET_DATA,
KR6123271G33,,NO_MARKET_DATA,
KR6123271G41,,NO_MARKET_DATA,
KR6205492EC0,,NO_MARKET_DATA,
KR6123271G66,,NO_MARKET_DATA,
KR6163281F87,,NO_MARKET_DATA,
KR6163282F86,,NO_MARKET_DATA,
KR6163431D39,,NO_MARKET_DATA,
KR6163431E53,,NO_MARKET_DATA,
KR6163431E61,,NO_MARKET_DATA,
KR60210G1G61,,NO_MARKET_DATA,
KR6169371G35,,NO_MARKET_DATA,
KR6169371G43,,NO_MARKET_DATA,
KR6169371G50,,NO_MARKET_DATA,
KR6169371G68,,NO_MARKET_DATA,
KR6169371G76,,NO_MARKET_DATA,
KR6169372648,,NO_MARKET_DATA,
KR6207141E91,,NO_MARKET_DATA,
KR6207141FA2,,NO_MARKET_DATA,
KR6207171F93,,NO_MARKET_DATA,
KR6207171G50,,NO_MARKET_DATA,
KR6029883G65,,NO_MARKET_DATA,
KR6029883G73,,NO_MARKET_DATA,
KR6029883G81,,NO_MARKET_DATA,
KR60298846C7,,NO_MARKET_DATA,
KR6029884857,,NO_MARKET_DATA,
KR6029884A86,,NO_MARKET_DATA,
KR6029884BB0,,NO_MARKET_DATA,
KR6029884C35,,NO_MARKET_DATA,
KR6034482F61,,NO_MARKET_DATA,
KR6095342C24,,NO_MARKET_DATA,
KR60186C1G47,,NO_MARKET_DATA,
KR60186D1G45,,NO_MARKET_DATA,
KR60186G1G48,,NO_MARKET_DATA,
KR60186H1G61,,NO_MARKET_DATA,
KR60186J1G67,,NO_MARKET_DATA,
KR60186J1G75,,NO_MARKET_DATA,
KR60186X1G43,,NO_MARKET_DATA,
KR6018703G74,,NO_MARKET_DATA,
KR602196AEC4,,NO_MARKET_DATA,
KR602196AF11,,NO_MARKET_DATA,
KR602196AF45,,NO_MARKET_DATA,
KR6097248G70,,NO_MARKET_DATA,
KR6097249D72,,NO_MARKET_DATA,
KR6097249D80,,NO_MARKET_DATA,
KR6140233F68,,NO_MARKET_DATA,
KR6140234F67,,NO_MARKET_DATA,
KR6140235F66,,NO_MARKET_DATA,
KR6140411BB6,,NO_MARKET_DATA,
KR6140411F62,,NO_MARKET_DATA,
KR6140411G53,,NO_MARKET_DATA,
KR6140412F61,,NO_MARKET_DATA,
KR6140481A54,,NO_MARKET_DATA,
KR6079312C40,,NO_MARKET_DATA,
KR6079312E30,,NO_MARKET_DATA,
KR6079312E71,,NO_MARKET_DATA,
KR6079312E97,,NO_MARKET_DATA,
KR6079312EA7,,NO_MARKET_DATA,
KR6079312EC3,,NO_MARKET_DATA,
KR6079312F13,,NO_MARKET_DATA,
KR6079312F21,,NO_MARKET_DATA,
KR6079312F39,,NO_MARKET_DATA,
KR6079312F47,,NO_MARKET_DATA,
KR6100521E56,,NO_MARKET_DATA,
KR6118681F38,,NO_MARKET_DATA,
KR6118701EB2,,NO_MARKET_DATA,
KR6118741EB8,,NO_MARKET_DATA,
KR6118741F44,,NO_MARKET_DATA,
KR6118991E75,,NO_MARKET_DATA,
KR6156351FB6,,NO_MARKET_DATA,
KR6156511F42,,NO_MARKET_DATA,
KR6156531G39,,NO_MARKET_DATA,
KR6156551E93,,NO_MARKET_DATA,
KR6156671F48,,NO_MARKET_DATA,
KR6156701E92,,NO_MARKET_DATA,
KR6197694EA5,,NO_MARKET_DATA,
KR6197694F60,,NO_MARKET_DATA,
KR6019809F92,,NO_MARKET_DATA,
KR6019809FC8,,NO_MARKET_DATA,
KR6019809G18,,NO_MARKET_DATA,
KR6029693FA8,,NO_MARKET_DATA,
KR6019809G42,,NO_MARKET_DATA,
KR6019809G59,,NO_MARKET_DATA,
KR6019809G67,,NO_MARKET_DATA,
KR6019809G75,,NO_MARKET_DATA,
KR601980AE63,,NO_MARKET_DATA,
KR6163431E95,,NO_MARKET_DATA,
KR6163441FB6,,NO_MARKET_DATA,
KR6163471FB3,,NO_MARKET_DATA,
KR6163651FB0,,NO_MARKET_DATA,
KR6163661FB9,,NO_MARKET_DATA,
KR6163681FB7,,NO_MARKET_DATA,
KR6163701FB3,,NO_MARKET_DATA,
KR6205491G57,,NO_MARKET_DATA,
KR6205491G65,,NO_MARKET_DATA,
KR6205491G73,,NO_MARKET_DATA,
KR6205491G81,,NO_MARKET_DATA,
KR6207221EA5,,NO_MARKET_DATA,
KR6207321F92,,NO_MARKET_DATA,
KR6207321FA0,,NO_MARKET_DATA,
KR6207411G35,,NO_MARKET_DATA,
KR6207431FA7,,NO_MARKET_DATA,
KR6207441E31,,NO_MARKET_DATA,
KR60209WAG63,,NO_MARKET_DATA,
KR60209WBG62,,NO_MARKET_DATA,
KR6021041F54,,NO_MARKET_DATA,
KR6021041G61,,NO_MARKET_DATA,
KR6021051G35,,NO_MARKET_DATA,
KR6029884C43,,NO_MARKET_DATA,
KR6034301F94,,NO_MARKET_DATA,
KR6034301G28,,NO_MARKET_DATA,
KR6034302D46,,NO_MARKET_DATA,
KR6034302F93,,NO_MARKET_DATA,
KR6034481EC0,,NO_MARKET_DATA,
KR6034481F62,,NO_MARKET_DATA,
KR6034481F88,,NO_MARKET_DATA,
KR6034481F96,,NO_MARKET_DATA,
KR6034481G53,,NO_MARKET_DATA,
KR6034481G61,,NO_MARKET_DATA,
KR602196BD79,,NO_MARKET_DATA,
KR602196BE52,,NO_MARKET_DATA,
KR602196BE78,,NO_MARKET_DATA,
KR602196BE94,,NO_MARKET_DATA,
KR602196BEA6,,NO_MARKET_DATA,
KR602196BEB4,,NO_MARKET_DATA,
KR602196BEC2,,NO_MARKET_DATA,
KR602988HEA3,,NO_MARKET_DATA,
KR602988HF73,,NO_MARKET_DATA,
KR602988JAA7,,NO_MARKET_DATA,
KR602988JC82,,NO_MARKET_DATA,
KR6140481E35,,NO_MARKET_DATA,
KR6177114F64,,NO_MARKET_DATA,
KR6140481E50,,NO_MARKET_DATA,
KR6140481F42,,NO_MARKET_DATA,
KR6176947F93,,NO_MARKET_DATA,
KR6176947FB7,,NO_MARKET_DATA,
KR6176947G50,,NO_MARKET_DATA,
KR6176948E10,,NO_MARKET_DATA,
KR6176948FB5,,NO_MARKET_DATA,
KR6177111D93,,NO_MARKET_DATA,
KR6177111F42,,NO_MARKET_DATA,
KR6100571F54,,NO_MARKET_DATA,
KR6100591E10,,NO_MARKET_DATA,
KR6100591G59,,NO_MARKET_DATA,
KR6101051FA0,,NO_MARKET_DATA,
KR6101051G19,,NO_MARKET_DATA,
KR6101051G35,,NO_MARKET_DATA,
KR6101051G50,,NO_MARKET_DATA,
KR6101052G18,,NO_MARKET_DATA,
KR6101052G34,,NO_MARKET_DATA,
KR6101052G59,,NO_MARKET_DATA,
KR6145761D77,,NO_MARKET_DATA,
KR6156701F59,,NO_MARKET_DATA,
KR6156821F47,,NO_MARKET_DATA,
KR6156831F45,,NO_MARKET_DATA,
KR6156971G51,,NO_MARKET_DATA,
KR6156981G59,,NO_MARKET_DATA,
KR6201621F68,,NO_MARKET_DATA,
KR6201651E39,,NO_MARKET_DATA,
KR6201771F66,,NO_MARKET_DATA,
KR6201781F64,,NO_MARKET_DATA,
KR6201811F35,,NO_MARKET_DATA,
KR601980CC30,,NO_MARKET_DATA,
KR601980AE71,,NO_MARKET_DATA,
KR601980AEA6,,NO_MARKET_DATA,
KR601980AEB4,,NO_MARKET_DATA,
KR6029693F74,,NO_MARKET_DATA,
KR6029693F82,,NO_MARKET_DATA,
KR6029693F90,,NO_MARKET_DATA,
KR6029693FB6,,NO_MARKET_DATA,
KR6029693G16,,NO_MARKET_DATA,
KR6029693G32,,NO_MARKET_DATA,
KR6029693G40,,NO_MARKET_DATA,
KR6029693G57,,NO_MARKET_DATA,
KR6205492D67,,NO_MARKET_DATA,
KR6205492DC2,,NO_MARKET_DATA,
KR6205492E41,,NO_MARKET_DATA,
KR6205492E82,,NO_MARKET_DATA,
KR6205492E90,,NO_MARKET_DATA,
KR6205492EB2,,NO_MARKET_DATA,
KR60198G1G50,,NO_MARKET_DATA,
KR60198H1G58,,NO_MARKET_DATA,
KR60198J1G54,,NO_MARKET_DATA,
KR60198K1G52,,NO_MARKET_DATA,
KR60198L1G50,,NO_MARKET_DATA,
KR6021051G68,,NO_MARKET_DATA,
KR60210H1G69,,NO_MARKET_DATA,
KR60210W1GJ7,,NO_MARKET_DATA,
KR60210W2G67,,NO_MARKET_DATA,
KR602978FF77,,NO_MARKET_DATA,
KR602978FG43,,NO_MARKET_DATA,
KR602978GEC2,,NO_MARKET_DATA,
KR602978GG42,,NO_MARKET_DATA,
KR602978HEC0,,NO_MARKET_DATA,
KR602978HG41,,NO_MARKET_DATA,
KR6065905E99,,NO_MARKET_DATA,
KR6065905EA4,,NO_MARKET_DATA,
KR6065905EB2,,NO_MARKET_DATA,
KR6065905EC0,,NO_MARKET_DATA,
KR6065905F15,,NO_MARKET_DATA,
KR6065905F23,,NO_MARKET_DATA,
KR6065905F56,,NO_MARKET_DATA,
KR6065905F64,,NO_MARKET_DATA,
KR6065905F72,,NO_MARKET_DATA,
KR6065905F80,,NO_MARKET_DATA,
KR6065905FA1,,NO_MARKET_DATA,
KR602988FDB7,,NO_MARKET_DATA,
KR602988FEA7,,NO_MARKET_DATA,
KR602988FF75,,NO_MARKET_DATA,
KR602988GC51,,NO_MARKET_DATA,
KR602988GDB5,,NO_MARKET_DATA,
KR602988GEA5,,NO_MARKET_DATA,
KR602988GF74,,NO_MARKET_DATA,
KR6041761G67,,NO_MARKET_DATA,
KR6041911G33,,NO_MARKET_DATA,
KR6041961F82,,NO_MARKET_DATA,
KR6042041E69,,NO_MARKET_DATA,
KR6177112F66,,NO_MARKET_DATA,
KR6177113F65,,NO_MARKET_DATA,
KR6177115F63,,NO_MARKET_DATA,
KR6019453G66,,NO_MARKET_DATA,
KR6019453G74,,NO_MARKET_DATA,
KR6019453G82,,NO_MARKET_DATA,
KR6019454B45,,NO_MARKET_DATA,
KR6019454B94,,NO_MARKET_DATA,
KR6019454C36,,NO_MARKET_DATA,
KR6019454C85,,NO_MARKET_DATA,
KR6145761E84,,NO_MARKET_DATA,
KR6145761EB3,,NO_MARKET_DATA,
KR6145761EC1,,NO_MARKET_DATA,
KR6145761F18,,NO_MARKET_DATA,
KR6145761F26,,NO_MARKET_DATA,
KR6145761F34,,NO_MARKET_DATA,
KR6145761F42,,NO_MARKET_DATA,
KR6145761F59,,NO_MARKET_DATA,
KR6145761F67,,NO_MARKET_DATA,
KR6145761F75,,NO_MARKET_DATA,
KR6179531G23,,NO_MARKET_DATA,
KR6201811G34,,NO_MARKET_DATA,
KR6201811G42,,NO_MARKET_DATA,
KR6201921F65,,NO_MARKET_DATA,
KR6201991F37,,NO_MARKET_DATA,
KR6201991F60,,NO_MARKET_DATA,
KR6201991G51,,NO_MARKET_DATA,
KR601980BF95,,NO_MARKET_DATA,
KR601980BFC7,,NO_MARKET_DATA,
KR601980BG45,,NO_MARKET_DATA,
KR601980BG52,,NO_MARKET_DATA,
KR601980BG78,,NO_MARKET_DATA,
KR6029693G65,,NO_MARKET_DATA,
KR6029693G73,,NO_MARKET_DATA,
KR6032717E55,,NO_MARKET_DATA,
KR6032717E63,,NO_MARKET_DATA,
KR6032717E71,,NO_MARKET_DATA,
KR6032717E97,,NO_MARKET_DATA,
KR6032717EA3,,NO_MARKET_DATA,
KR6032717EB1,,NO_MARKET_DATA,
KR6032717EC9,,NO_MARKET_DATA,
KR6032717F39,,NO_MARKET_DATA,
KR6032717F47,,NO_MARKET_DATA,
KR60198M1G58,,NO_MARKET_DATA,
KR60198N1G56,,NO_MARKET_DATA,
KR60198P1G51,,NO_MARKET_DATA,
KR60198S1G55,,NO_MARKET_DATA,
KR60198T1G53,,NO_MARKET_DATA,
KR60198V1G59,,NO_MARKET_DATA,
KR6029784F58,,NO_MARKET_DATA,
KR6029784F66,,NO_MARKET_DATA,
KR6029784F74,,NO_MARKET_DATA,
KR6029784F82,,NO_MARKET_DATA,
KR6029784F90,,NO_MARKET_DATA,
KR602978JEC6,,NO_MARKET_DATA,
KR602978KEC4,,NO_MARKET_DATA,
KR6029881697,,NO_MARKET_DATA,
KR6029881812,,NO_MARKET_DATA,
KR6033668F51,,NO_MARKET_DATA,
KR6033668F85,,NO_MARKET_DATA,
KR6033668F93,,NO_MARKET_DATA,
KR6033668FC0,,NO_MARKET_DATA,
KR6033668G19,,NO_MARKET_DATA,
KR6033668G68,,NO_MARKET_DATA,
KR6095501C96,,NO_MARKET_DATA,
KR6095501D20,,NO_MARKET_DATA,
KR6095501DA7,,NO_MARKET_DATA,
KR6095571E99,,NO_MARKET_DATA,
KR6095571EB6,,NO_MARKET_DATA,
KR6095571F15,,NO_MARKET_DATA,
KR6095571F23,,NO_MARKET_DATA,
KR6095571F72,,NO_MARKET_DATA,
KR6095571F98,,NO_MARKET_DATA,
KR6095571FA5,,NO_MARKET_DATA,
KR6136031FB9,,NO_MARKET_DATA,
KR6042672E32,,NO_MARKET_DATA,
KR6042672F31,,NO_MARKET_DATA,
KR6042673E31,,NO_MARKET_DATA,
KR6043091E25,,NO_MARKET_DATA,
KR6043101DB7,,NO_MARKET_DATA,
KR6043221E44,,NO_MARKET_DATA,
KR6043221E93,,NO_MARKET_DATA,
KR6043222E92,,NO_MARKET_DATA,
KR6066562879,,NO_MARKET_DATA,
KR6066562895,,NO_MARKET_DATA,
KR609592BD74,,NO_MARKET_DATA,
KR6019454D35,,NO_MARKET_DATA,
KR6019454D92,,NO_MARKET_DATA,
KR6019454E34,,NO_MARKET_DATA,
KR6023763G30,,NO_MARKET_DATA,
KR6023763G48,,NO_MARKET_DATA,
KR6023763G55,,NO_MARKET_DATA,
KR6023763G63,,NO_MARKET_DATA,
KR6023763G71,,NO_MARKET_DATA,
KR6023763G89,,NO_MARKET_DATA,
KR6023764D81,,NO_MARKET_DATA,
KR6179541EB8,,NO_MARKET_DATA,
KR6179561EB6,,NO_MARKET_DATA,
KR6179561G42,,NO_MARKET_DATA,
KR6179571EB5,,NO_MARKET_DATA,
KR6179901E50,,NO_MARKET_DATA,
KR6179901E68,,NO_MARKET_DATA,
KR6179901F75,,NO_MARKET_DATA,
KR6179901FA3,,NO_MARKET_DATA,
KR6179901FB1,,NO_MARKET_DATA,
KR6179901G58,,NO_MARKET_DATA,
KR6179901G74,,NO_MARKET_DATA,
KR6019456G30,,NO_MARKET_DATA,
KR601980CD88,,NO_MARKET_DATA,
KR601980CDC0,,NO_MARKET_DATA,
KR601980CE20,,NO_MARKET_DATA,
KR601980CE38,,NO_MARKET_DATA,
KR601980CE95,,NO_MARKET_DATA,
KR6029782EB0,,NO_MARKET_DATA,
KR6029782EC8,,NO_MARKET_DATA,
KR6029782F19,,NO_MARKET_DATA,
KR6029782F27,,NO_MARKET_DATA,
KR6029782F35,,NO_MARKET_DATA,
KR6029782F43,,NO_MARKET_DATA,
KR6032717F54,,NO_MARKET_DATA,
KR6032717F70,,NO_MARKET_DATA,
KR6063322C34,,NO_MARKET_DATA,
KR6063322C59,,NO_MARKET_DATA,
KR6063322C75,,NO_MARKET_DATA,
KR6063322CB6,,NO_MARKET_DATA,
KR6063322CC4,,NO_MARKET_DATA,
KR6063322D25,,NO_MARKET_DATA,
KR6063322D33,,NO_MARKET_DATA,
KR6063322D41,,NO_MARKET_DATA,
KR6029784FA5,,NO_MARKET_DATA,
KR6029784FC1,,NO_MARKET_DATA,
KR6029784G16,,NO_MARKET_DATA,
KR6029784G24,,NO_MARKET_DATA,
KR6029784G40,,NO_MARKET_DATA,
KR6029784G57,,NO_MARKET_DATA,
KR6033661G24,,NO_MARKET_DATA,
KR6033661G32,,NO_MARKET_DATA,
KR6033661G40,,NO_MARKET_DATA,
KR6033661G57,,NO_MARKET_DATA,
KR6033661G65,,NO_MARKET_DATA,
KR6033668G76,,NO_MARKET_DATA,
KR6033669B88,,NO_MARKET_DATA,
KR6033669D37,,NO_MARKET_DATA,
KR6033669D86,,NO_MARKET_DATA,
KR6065902FB6,,NO_MARKET_DATA,
KR6065902FC4,,NO_MARKET_DATA,
KR6065902G17,,NO_MARKET_DATA,
KR6065902G25,,NO_MARKET_DATA,
KR6065902G33,,NO_MARKET_DATA,
KR6065902G41,,NO_MARKET_DATA,
KR6065902G66,,NO_MARKET_DATA,
KR6136181FB2,,NO_MARKET_DATA,
KR6136201FA0,,NO_MARKET_DATA,
KR6136221F37,,NO_MARKET_DATA,
KR6136221F45,,NO_MARKET_DATA,
KR6136241F58,,NO_MARKET_DATA,
KR6136301BB5,,NO_MARKET_DATA,
KR6136301D99,,NO_MARKET_DATA,
KR6136301DC9,,NO_MARKET_DATA,
KR6136301E15,,NO_MARKET_DATA,
KR6169376EB1,,NO_MARKET_DATA,
KR60665626B0,,NO_MARKET_DATA,
KR6066562739,,NO_MARKET_DATA,
KR6066562754,,NO_MARKET_DATA,
KR6066562788,,NO_MARKET_DATA,
KR60665627B8,,NO_MARKET_DATA,
KR6066562820,,NO_MARKET_DATA,
KR6066562838,,NO_MARKET_DATA,
KR6066562861,,NO_MARKET_DATA,
KR6095929G39,,NO_MARKET_DATA,
KR609592AD42,,NO_MARKET_DATA,
KR6023764E98,0.1144044274513423,CALCULATED,저민감
KR6023764EA6,,NO_MARKET_DATA,
KR6023764EC2,,NO_MARKET_DATA,
KR6023764F22,0.0255264283408702,CALCULATED,저민감
KR6030628F49,,NO_MARKET_DATA,
KR6030628F56,,NO_MARKET_DATA,
KR6030628F64,,NO_MARKET_DATA,
KR6030628F72,,NO_MARKET_DATA,
KR6030628F98,,NO_MARKET_DATA,
KR6030628FC7,,NO_MARKET_DATA,
KR6030628G14,,NO_MARKET_DATA,
KR6023782F12,,NO_MARKET_DATA,
KR6023782F38,,NO_MARKET_DATA,
KR6019456G48,,NO_MARKET_DATA,
KR6019456G63,,NO_MARKET_DATA,
KR6019456G71,,NO_MARKET_DATA,
KR6019457C58,,NO_MARKET_DATA,
KR6019457CB5,,NO_MARKET_DATA,
KR6019457D73,,NO_MARKET_DATA,
KR6019457D81,,NO_MARKET_DATA,
KR6019457DB3,,NO_MARKET_DATA,
KR6029782F50,,NO_MARKET_DATA,
KR6029782F68,,NO_MARKET_DATA,
KR6029782F76,,NO_MARKET_DATA,
KR6029782F84,,NO_MARKET_DATA,
KR6029782F92,,NO_MARKET_DATA,
KR603271DF30,,NO_MARKET_DATA,
KR603271ED72,,NO_MARKET_DATA,
KR603271EE14,,NO_MARKET_DATA,
KR603271EE48,,NO_MARKET_DATA,
KR603271EE63,,NO_MARKET_DATA,
KR603271EF39,,NO_MARKET_DATA,
KR6063322D58,,NO_MARKET_DATA,
KR6063322D66,,NO_MARKET_DATA,
KR6082972E84,,NO_MARKET_DATA,
KR6082972E92,,NO_MARKET_DATA,
KR6082972EA3,,NO_MARKET_DATA,
KR6082972EB1,,NO_MARKET_DATA,
KR6082972EC9,,NO_MARKET_DATA,
KR6082972F18,,NO_MARKET_DATA,
KR6082972F26,,NO_MARKET_DATA,
KR6082972F34,,NO_MARKET_DATA,
KR6033661G73,,NO_MARKET_DATA,
KR6033661G81,,NO_MARKET_DATA,
KR6033662E33,,NO_MARKET_DATA,
KR6033662E41,,NO_MARKET_DATA,
KR6033662E58,,NO_MARKET_DATA,
KR6064312E65,,NO_MARKET_DATA,
KR6064312E73,,NO_MARKET_DATA,
KR6064312EA4,,NO_MARKET_DATA,
KR6064312F49,,NO_MARKET_DATA,
KR6064312F56,,NO_MARKET_DATA,
KR6095232F32,,NO_MARKET_DATA,
KR6065902G74,,NO_MARKET_DATA,
KR6065903694,,NO_MARKET_DATA,
KR6065903793,,NO_MARKET_DATA,
KR6065903975,,NO_MARKET_DATA,
KR6095231G24,,NO_MARKET_DATA,
KR6095231G32,,NO_MARKET_DATA,
KR6095231G40,,NO_MARKET_DATA,
KR6095231G65,,NO_MARKET_DATA,
KR6095231G73,,NO_MARKET_DATA,
KR6095232F16,,NO_MARKET_DATA,
KR6169376EC9,,NO_MARKET_DATA,
KR6169376F15,,NO_MARKET_DATA,
KR6169376F31,,NO_MARKET_DATA,
KR6169376F49,,NO_MARKET_DATA,
KR6169376F64,,EXCLUDED_OPTION,
KR6169376F80,,NO_MARKET_DATA,
KR6169376F98,,NO_MARKET_DATA,
KR6169376FB8,,NO_MARKET_DATA,
KR6169376FC6,,NO_MARKET_DATA,
KR6169376G22,,NO_MARKET_DATA,
KR6213371FB5,,NO_MARKET_DATA,
KR609592AG64,,NO_MARKET_DATA,
KR609592BE24,,NO_MARKET_DATA,
KR609592BE73,,NO_MARKET_DATA,
KR609592BE99,,NO_MARKET_DATA,
KR609592BF23,,NO_MARKET_DATA,
KR609592BG30,,NO_MARKET_DATA,
KR609592BG63,,NO_MARKET_DATA,
KR6140173B31,,NO_MARKET_DATA,
KR6140173B80,,NO_MARKET_DATA,
KR6140173C22,,NO_MARKET_DATA,
KR6030628G55,,NO_MARKET_DATA,
KR6052691C63,,NO_MARKET_DATA,
KR6140481F83,0.3965847931300235,CALCULATED_HIGH_YTM,저민감
KR6030629C90,,NO_MARKET_DATA,
KR6030629CB4,,NO_MARKET_DATA,
KR6030629D57,,NO_MARKET_DATA,
KR6051914820,,NO_MARKET_DATA,
KR6051914937,,NO_MARKET_DATA,
KR6051914A27,,NO_MARKET_DATA,
KR6051914B26,,NO_MARKET_DATA,
KR6019457DC1,,NO_MARKET_DATA,
KR6023782EC4,,NO_MARKET_DATA,
KR6023782F46,,NO_MARKET_DATA,
KR6023782F53,,NO_MARKET_DATA,
KR6023782F61,,NO_MARKET_DATA,
KR6023782F79,,NO_MARKET_DATA,
KR6023782F87,,NO_MARKET_DATA,
KR6023782F95,,NO_MARKET_DATA,
KR6023782FA5,,NO_MARKET_DATA,
KR6023782FC1,,NO_MARKET_DATA,
KR6031322C80,,NO_MARKET_DATA,
KR603271FD63,,NO_MARKET_DATA,
KR603271FE13,,NO_MARKET_DATA,
KR603271FE47,,NO_MARKET_DATA,
KR603271FE62,,NO_MARKET_DATA,
KR603271FF38,,NO_MARKET_DATA,
KR6063622G29,,NO_MARKET_DATA,
KR6063622G45,,NO_MARKET_DATA,
KR6063622G52,,NO_MARKET_DATA,
KR6063622G60,,NO_MARKET_DATA,
KR6063622G78,,NO_MARKET_DATA,
KR6063623757,,NO_MARKET_DATA,
KR6082972F42,,NO_MARKET_DATA,
KR6082972F59,,NO_MARKET_DATA,
KR6113076EA6,,NO_MARKET_DATA,
KR6113331E91,,NO_MARKET_DATA,
KR6113521F82,,NO_MARKET_DATA,
KR6113551F51,,NO_MARKET_DATA,
KR6150671F74,,NO_MARKET_DATA,
KR6113572EA4,,NO_MARKET_DATA,
KR6113573EA2,,NO_MARKET_DATA,
KR6113574EA0,,NO_MARKET_DATA,
KR6113575EA7,,NO_MARKET_DATA,
KR6064312F64,,NO_MARKET_DATA,
KR6064312FB9,,NO_MARKET_DATA,
KR6064312G14,,NO_MARKET_DATA,
KR6064312G22,,NO_MARKET_DATA,
KR6064312G48,,NO_MARKET_DATA,
KR6123272B94,,NO_MARKET_DATA,
KR6087691F33,,NO_MARKET_DATA,
KR6087801D57,,NO_MARKET_DATA,
KR6087801D65,,NO_MARKET_DATA,
KR6087801D99,,NO_MARKET_DATA,
KR6087801E80,,EXCLUDED_OPTION,
KR6095232F24,,NO_MARKET_DATA,
KR6166262FC1,,NO_MARKET_DATA,
KR6166262G17,,NO_MARKET_DATA,
KR6166262G58,,NO_MARKET_DATA,
KR6166263824,,NO_MARKET_DATA,
KR6166263B11,,NO_MARKET_DATA,
KR6166263C10,,NO_MARKET_DATA,
KR6166263D50,,NO_MARKET_DATA,
KR6166263D68,,NO_MARKET_DATA,
KR6166263E26,,NO_MARKET_DATA,
KR6166263E42,,NO_MARKET_DATA,
KR6213421BB7,,NO_MARKET_DATA,
KR6213501DA4,,NO_MARKET_DATA,
KR6213501DB2,,NO_MARKET_DATA,
KR6213501EA2,,NO_MARKET_DATA,
KR6213501F43,,NO_MARKET_DATA,
KR6213501F92,,NO_MARKET_DATA,
KR6213501G42,,NO_MARKET_DATA,
KR6213502EA0,,NO_MARKET_DATA,
KR6213502F42,,NO_MARKET_DATA,
KR6213502F91,,NO_MARKET_DATA,
KR60213HGG60,,NO_MARKET_DATA,
KR6140172G11,,NO_MARKET_DATA,
KR6140172G37,,NO_MARKET_DATA,
KR6140172G45,,NO_MARKET_DATA,
KR6140172G52,,NO_MARKET_DATA,
KR6140172G60,,NO_MARKET_DATA,
KR6140172G78,,NO_MARKET_DATA,
KR6174147D49,,NO_MARKET_DATA,
KR6174147D56,,NO_MARKET_DATA,
KR6174147E30,,NO_MARKET_DATA,
KR6174147E48,,NO_MARKET_DATA,
KR6051914E31,,NO_MARKET_DATA,
KR6051915B25,,NO_MARKET_DATA,
KR6052421FA4,,NO_MARKET_DATA,
KR6052422FA2,,NO_MARKET_DATA,
KR6052711EB9,,NO_MARKET_DATA,
KR6075941G35,,NO_MARKET_DATA,
KR6075941G43,,NO_MARKET_DATA,
KR6075941G50,,NO_MARKET_DATA,
KR6076081B95,,NO_MARKET_DATA,
KR6076491G52,,NO_MARKET_DATA,
KR6076591F86,,NO_MARKET_DATA,
KR6031322D22,,NO_MARKET_DATA,
KR6031322D55,,NO_MARKET_DATA,
KR6031322E88,,NO_MARKET_DATA,
KR6031322EC9,,NO_MARKET_DATA,
KR6031322F12,,NO_MARKET_DATA,
KR6031322F20,,NO_MARKET_DATA,
KR6031322F38,,NO_MARKET_DATA,
KR6031322F46,,NO_MARKET_DATA,
KR6031322F53,,NO_MARKET_DATA,
KR6031322F61,,NO_MARKET_DATA,
KR6055552C31,,NO_MARKET_DATA,
KR6063623765,,NO_MARKET_DATA,
KR6063623773,,NO_MARKET_DATA,
KR6063623849,,NO_MARKET_DATA,
KR6063623898,,NO_MARKET_DATA,
KR6086791B38,,NO_MARKET_DATA,
KR6086791B95,,NO_MARKET_DATA,
KR6086791C11,,NO_MARKET_DATA,
KR6086791C60,,EXCLUDED_PERPETUAL,
KR6086791D28,,NO_MARKET_DATA,
KR6119371EB3,,NO_MARKET_DATA,
KR6113576EA5,,NO_MARKET_DATA,
KR6113582F62,,NO_MARKET_DATA,
KR6113583F61,,NO_MARKET_DATA,
KR6150351F89,1.8274321660333088,CALCULATED,중간
KR6150351G21,2.2106589909961807,CALCULATED,중간
KR6150671C69,,NO_MARKET_DATA,
KR6150671D68,,NO_MARKET_DATA,
KR6150821EB7,,NO_MARKET_DATA,
KR6150941EB3,,NO_MARKET_DATA,
KR6151031EB2,,NO_MARKET_DATA,
KR6151081EA9,,NO_MARKET_DATA,
KR6087801EC5,,NO_MARKET_DATA,
KR6088291E44,,NO_MARKET_DATA,
KR6088291EB0,,NO_MARKET_DATA,
KR6088291G34,,NO_MARKET_DATA,
KR6088351C68,,EXCLUDED_OPTION,
KR6088351D83,,EXCLUDED_OPTION,
KR6157251F85,,NO_MARKET_DATA,
KR6158281EB6,,NO_MARKET_DATA,
KR6158281G52,,NO_MARKET_DATA,
KR6158281G60,,NO_MARKET_DATA,
KR6202021F62,,NO_MARKET_DATA,
KR6205496F87,,NO_MARKET_DATA,
KR6166263E83,,NO_MARKET_DATA,
KR6205495G46,,NO_MARKET_DATA,
KR6205495G53,,NO_MARKET_DATA,
KR6205496BA1,,NO_MARKET_DATA,
KR6205496C56,,NO_MARKET_DATA,
KR6205496D48,,NO_MARKET_DATA,
KR6205496E70,,NO_MARKET_DATA,
KR6205496E96,,NO_MARKET_DATA,
KR6205496EC1,,NO_MARKET_DATA,
KR6205496F12,,NO_MARKET_DATA,
KR60213HHG69,,NO_MARKET_DATA,
KR60213HJG67,,NO_MARKET_DATA,
KR60213HKG64,,NO_MARKET_DATA,
KR60213HLG63,,NO_MARKET_DATA,
KR60213HMG62,,NO_MARKET_DATA,
KR6029884D83,,NO_MARKET_DATA,
KR6029884D91,,NO_MARKET_DATA,
KR6029884DB6,,NO_MARKET_DATA,
KR6029884E25,,NO_MARKET_DATA,
KR6029884E41,,NO_MARKET_DATA,
KR6174147G53,,NO_MARKET_DATA,
KR6174147G61,,NO_MARKET_DATA,
KR60183NKG47,,NO_MARKET_DATA,
KR60183NLG46,,NO_MARKET_DATA,
KR60183NMG45,,NO_MARKET_DATA,
KR60183NNG44,,NO_MARKET_DATA,
KR60183NQG41,,NO_MARKET_DATA,
KR60183NRG40,,NO_MARKET_DATA,
KR60183NSG49,,NO_MARKET_DATA,
KR60183NTG48,,NO_MARKET_DATA,
KR6076611DA7,,NO_MARKET_DATA,
KR6076611E59,,NO_MARKET_DATA,
KR6076771F39,,NO_MARKET_DATA,
KR6076771G38,,NO_MARKET_DATA,
KR6076771G53,,NO_MARKET_DATA,
KR6097249E89,,NO_MARKET_DATA,
KR6097249E97,,NO_MARKET_DATA,
KR6097249F47,,NO_MARKET_DATA,
KR6097249FB4,,NO_MARKET_DATA,
KR6097249G20,,NO_MARKET_DATA,
KR6097249G38,,NO_MARKET_DATA,
KR6055552C49,,NO_MARKET_DATA,
KR6055552C56,,NO_MARKET_DATA,
KR6055552C72,,NO_MARKET_DATA,
KR6055552C80,,NO_MARKET_DATA,
KR6055552CB8,,NO_MARKET_DATA,
KR6055552D22,,NO_MARKET_DATA,
KR6055552D30,,NO_MARKET_DATA,
KR6055552D48,,NO_MARKET_DATA,
KR6055552D89,,NO_MARKET_DATA,
KR6055552D97,,NO_MARKET_DATA,
KR6079312F54,,NO_MARKET_DATA,
KR6086791D85,,EXCLUDED_PERPETUAL,
KR6086791E27,,NO_MARKET_DATA,
KR6086791E50,,NO_MARKET_DATA,
KR6086791EA3,,NO_MARKET_DATA,
KR6086791EB1,,NO_MARKET_DATA,
KR6119041EB2,,NO_MARKET_DATA,
KR6119071EB9,,NO_MARKET_DATA,
KR6119071FB6,,NO_MARKET_DATA,
KR6119311EA1,,NO_MARKET_DATA,
KR6119341EA8,,NO_MARKET_DATA,
KR6119341EB6,,NO_MARKET_DATA,
KR6151081F92,,NO_MARKET_DATA,
KR6151082F91,,NO_MARKET_DATA,
KR6197695EA2,,NO_MARKET_DATA,
KR6197695F69,,NO_MARKET_DATA,
KR6197711F51,,NO_MARKET_DATA,
KR6197711G43,,NO_MARKET_DATA,
KR6197731F57,,NO_MARKET_DATA,
KR6029273D90,,NO_MARKET_DATA,
KR6029481E97,,NO_MARKET_DATA,
KR6029482E96,,NO_MARKET_DATA,
KR6029681C30,,NO_MARKET_DATA,
KR6202131F36,,NO_MARKET_DATA,
KR6202151EB7,,NO_MARKET_DATA,
KR6202151G55,,NO_MARKET_DATA,
KR6202161F62,,NO_MARKET_DATA,
KR6202261F61,,NO_MARKET_DATA,
KR6202261FB1,,NO_MARKET_DATA,
KR6202301F63,,NO_MARKET_DATA,
KR6202311EB7,,NO_MARKET_DATA,
KR6202311G52,,NO_MARKET_DATA,
KR6202321F69,,NO_MARKET_DATA,
KR60198W1G57,,NO_MARKET_DATA,
KR6205496F61,,NO_MARKET_DATA,
KR60210W2GJ5,,NO_MARKET_DATA,
KR60210W3G66,,NO_MARKET_DATA,
KR60210W3GJ3,,NO_MARKET_DATA,
KR60210W4G65,,NO_MARKET_DATA,
KR60210W4GJ1,,NO_MARKET_DATA,
KR60210W5G64,,NO_MARKET_DATA,
KR60210W5GJ8,,NO_MARKET_DATA,
KR60210W6G63,,NO_MARKET_DATA,
KR6029884E58,,NO_MARKET_DATA,
KR6029884E74,,NO_MARKET_DATA,
KR6029884E90,,NO_MARKET_DATA,
KR6034482F87,,NO_MARKET_DATA,
KR6034482F95,,NO_MARKET_DATA,
KR6034482G60,,NO_MARKET_DATA,
KR6034483F86,,NO_MARKET_DATA,
KR6034483F94,,NO_MARKET_DATA,
KR6034484F85,,NO_MARKET_DATA,
KR6034531E22,,NO_MARKET_DATA,
KR6034611F40,,NO_MARKET_DATA,
KR602196BE45,,NO_MARKET_DATA,
KR60183NBG48,,NO_MARKET_DATA,
KR60183NCG47,,NO_MARKET_DATA,
KR60183NDG46,,NO_MARKET_DATA,
KR60183NFG44,,NO_MARKET_DATA,
KR60183NGG43,,NO_MARKET_DATA,
KR60183NHG42,,NO_MARKET_DATA,
KR60183NJG40,,NO_MARKET_DATA,
KR602196B741,,NO_MARKET_DATA,
KR602196BD46,,NO_MARKET_DATA,
KR609724AD76,,NO_MARKET_DATA,
KR609724AE91,,NO_MARKET_DATA,
KR609724AF41,,NO_MARKET_DATA,
KR609724AFB5,,NO_MARKET_DATA,
KR6140481G25,,EXCLUDED_UNSUPPORTED_TYPE,
KR6140481G66,,NO_MARKET_DATA,
KR6140482E59,,NO_MARKET_DATA,
KR6140483F24,0.1469633337208233,CALCULATED_HIGH_YTM,저민감
KR6140611C14,,NO_MARKET_DATA,
KR6140611C63,,NO_MARKET_DATA,
KR6140611E87,,NO_MARKET_DATA,
KR6079312F62,,NO_MARKET_DATA,
KR6079312F70,,NO_MARKET_DATA,
KR6079312F88,,NO_MARKET_DATA,
KR6079312F96,,NO_MARKET_DATA,
KR6079312FA4,,NO_MARKET_DATA,
KR6079312FB2,,NO_MARKET_DATA,
KR6079312FC0,,NO_MARKET_DATA,
KR6079312G12,,NO_MARKET_DATA,
KR6079312G20,,NO_MARKET_DATA,
KR6079312G38,,NO_MARKET_DATA,
KR6101053G17,,NO_MARKET_DATA,
KR6119401F43,,NO_MARKET_DATA,
KR6119431EA7,,NO_MARKET_DATA,
KR6119831E44,,NO_MARKET_DATA,
KR6119831G26,,NO_MARKET_DATA,
KR6157021F43,,NO_MARKET_DATA,
KR6157111F44,,NO_MARKET_DATA,
KR6157181C34,,EXCLUDED_OPTION,
KR6157181C42,,NO_MARKET_DATA,
KR6157181C91,,NO_MARKET_DATA,
KR6157181D17,,NO_MARKET_DATA,
KR6157182744,,NO_MARKET_DATA,
KR6029681EB4,,NO_MARKET_DATA,
KR6029681F37,,NO_MARKET_DATA,
KR6029691C79,,NO_MARKET_DATA,
KR6029691E51,,NO_MARKET_DATA,
KR6029691E69,,NO_MARKET_DATA,
KR6029691E77,,NO_MARKET_DATA,
KR6029691E85,,NO_MARKET_DATA,
KR6032715D74,,NO_MARKET_DATA,
KR6032715D82,,NO_MARKET_DATA,
KR6032715DA9,,NO_MARKET_DATA,
KR6032715DB7,,NO_MARKET_DATA,
KR60198Y1G53,,NO_MARKET_DATA,
KR60198Z1G50,,NO_MARKET_DATA,
KR6019991F74,,NO_MARKET_DATA,
KR60199A1G51,,NO_MARKET_DATA,
KR60199E1G53,,NO_MARKET_DATA,
KR60199F1G50,,NO_MARKET_DATA,
KR60199H1G56,,NO_MARKET_DATA,
KR60199K1G50,,NO_MARKET_DATA,
KR60199L1G58,,NO_MARKET_DATA,
KR60199M1G56,,NO_MARKET_DATA,
KR6029782FA9,,NO_MARKET_DATA,
KR60210W6GJ6,,NO_MARKET_DATA,
KR6029788D80,,NO_MARKET_DATA,
KR6029788E55,,NO_MARKET_DATA,
KR6029788EA9,,NO_MARKET_DATA,
KR6029788EB7,,NO_MARKET_DATA,
KR6029788EC5,,NO_MARKET_DATA,
KR6029788F13,,NO_MARKET_DATA,
KR6029788F39,,NO_MARKET_DATA,
KR6029788F47,,NO_MARKET_DATA,
KR6029788F54,,NO_MARKET_DATA,
KR6034611FB1,,NO_MARKET_DATA,
KR6034611G49,,NO_MARKET_DATA,
KR6034612F49,,NO_MARKET_DATA,
KR6065905FB9,,NO_MARKET_DATA,
KR6065905FC7,,NO_MARKET_DATA,
KR6065905G22,,NO_MARKET_DATA,
KR6065905G30,,NO_MARKET_DATA,
KR6065905G48,,NO_MARKET_DATA,
KR6065905G63,,NO_MARKET_DATA,
KR6065905G71,,NO_MARKET_DATA,
KR6065906A76,,NO_MARKET_DATA,
KR6021967E48,,NO_MARKET_DATA,
KR6021967E71,,NO_MARKET_DATA,
KR6021967EA7,,NO_MARKET_DATA,
KR602988A834,,NO_MARKET_DATA,
KR602988A867,,NO_MARKET_DATA,
KR602988AA91,,NO_MARKET_DATA,
KR602988ABB2,,NO_MARKET_DATA,
KR602988AC24,,NO_MARKET_DATA,
KR602988AC65,,NO_MARKET_DATA,
KR602988AE14,,NO_MARKET_DATA,
KR6140611E95,,NO_MARKET_DATA,
KR6140611EB5,,NO_MARKET_DATA,
KR6140861G66,,NO_MARKET_DATA,
KR6177221G63,,NO_MARKET_DATA,
KR6177241E95,,NO_MARKET_DATA,
KR6177251EA8,,NO_MARKET_DATA,
KR6177251EB6,,NO_MARKET_DATA,
KR6177271F55,,NO_MARKET_DATA,
KR6177271G39,,NO_MARKET_DATA,
KR6177331E39,,NO_MARKET_DATA,
KR6177351D68,,NO_MARKET_DATA,
KR6145761F91,,NO_MARKET_DATA,
KR6180641EA5,,NO_MARKET_DATA,
KR6101181875,,NO_MARKET_DATA,
KR6101181883,,NO_MARKET_DATA,
KR6101181A34,,NO_MARKET_DATA,
KR6101181AA6,,NO_MARKET_DATA,
KR6101181B66,,NO_MARKET_DATA,
KR6101181B74,,NO_MARKET_DATA,
KR6101181E22,,NO_MARKET_DATA,
KR6101181F21,,NO_MARKET_DATA,
KR6101181FB3,,NO_MARKET_DATA,
KR6019804F71,,NO_MARKET_DATA,
KR6019804F89,,NO_MARKET_DATA,
KR6019804F97,,NO_MARKET_DATA,
KR6019804FA3,,NO_MARKET_DATA,
KR6019804FB1,,NO_MARKET_DATA,
KR6019804FC9,,NO_MARKET_DATA,
KR6019804G13,,NO_MARKET_DATA,
KR6025622G69,,NO_MARKET_DATA,
KR6025623G68,,NO_MARKET_DATA,
KR6025624G67,,NO_MARKET_DATA,
KR6025751DA3,,NO_MARKET_DATA,
KR6032715DC5,,NO_MARKET_DATA,
KR6032715E16,,NO_MARKET_DATA,
KR6032715E40,,NO_MARKET_DATA,
KR6032715E57,,NO_MARKET_DATA,
KR6032715E65,,NO_MARKET_DATA,
KR6032715E73,,NO_MARKET_DATA,
KR6032715E99,,NO_MARKET_DATA,
KR6062101E64,,NO_MARKET_DATA,
KR6062111E96,,NO_MARKET_DATA,
KR6062161F60,,NO_MARKET_DATA,
KR6062531FA8,,NO_MARKET_DATA,
KR6029782FC5,,NO_MARKET_DATA,
KR6029782G18,,NO_MARKET_DATA,
KR6029782G26,,NO_MARKET_DATA,
KR6029782G34,,NO_MARKET_DATA,
KR6029782G42,,NO_MARKET_DATA,
KR6029782G59,,NO_MARKET_DATA,
KR6029782G67,,NO_MARKET_DATA,
KR6029782G75,,NO_MARKET_DATA,
KR6029783992,,NO_MARKET_DATA,
KR6029783B46,,NO_MARKET_DATA,
KR603271GE12,,NO_MARKET_DATA,
KR6029788F62,,NO_MARKET_DATA,
KR6029788F70,,NO_MARKET_DATA,
KR6033665C73,,NO_MARKET_DATA,
KR6033665DA5,,NO_MARKET_DATA,
KR6033665DB3,,NO_MARKET_DATA,
KR6033665DC1,,NO_MARKET_DATA,
KR6033665E14,,NO_MARKET_DATA,
KR6033665E22,,NO_MARKET_DATA,
KR6033665E63,,NO_MARKET_DATA,
KR6033665E71,,NO_MARKET_DATA,
KR6065906B75,,NO_MARKET_DATA,
KR6065906C25,,NO_MARKET_DATA,
KR6065906C41,,NO_MARKET_DATA,
KR6095571FB3,,NO_MARKET_DATA,
KR6095571G22,,NO_MARKET_DATA,
KR6095571G30,,NO_MARKET_DATA,
KR6095571G48,,NO_MARKET_DATA,
KR6095571G63,,NO_MARKET_DATA,
KR6095572EB4,,NO_MARKET_DATA,
KR6095572F22,,NO_MARKET_DATA,
KR6095572F48,,NO_MARKET_DATA,
KR602988JD16,,NO_MARKET_DATA,
KR602988JDB9,,NO_MARKET_DATA,
KR602988JF71,,NO_MARKET_DATA,
KR602988KDB7,,NO_MARKET_DATA,
KR602988LDB5,,NO_MARKET_DATA,
KR602988MDB3,,NO_MARKET_DATA,
KR602988NDB1,,NO_MARKET_DATA,
KR6042662F74,1.8129965038041853,CALCULATED,중간
KR6042662G24,2.2793463558250227,CALCULATED,중간
KR6042671F32,,NO_MARKET_DATA,
KR6177351FA3,,NO_MARKET_DATA,
KR6177441FA2,,NO_MARKET_DATA,
KR6177521G45,,NO_MARKET_DATA,
KR6019457E64,,NO_MARKET_DATA,
KR6023533989,,NO_MARKET_DATA,
KR6023533B42,,NO_MARKET_DATA,
KR6023533C90,,NO_MARKET_DATA,
KR6023533D24,,NO_MARKET_DATA,
KR6023533D73,,NO_MARKET_DATA,
KR6030624EC9,,NO_MARKET_DATA,
KR6030624F19,,NO_MARKET_DATA,
KR6101181FC1,,NO_MARKET_DATA,
KR6145761F83,,NO_MARKET_DATA,
KR6019457E80,,NO_MARKET_DATA,
KR6019457EA3,,NO_MARKET_DATA,
KR6019457EC9,,NO_MARKET_DATA,
KR6019457F14,,NO_MARKET_DATA,
KR6019457F48,,NO_MARKET_DATA,
KR6019457F55,,NO_MARKET_DATA,
KR6019457F63,,NO_MARKET_DATA,
KR6019457F71,,NO_MARKET_DATA,
KR6025751FB6,,NO_MARKET_DATA,
KR6025901E55,,NO_MARKET_DATA,
KR6025901EA2,,NO_MARKET_DATA,
KR6025901F39,0.5335177177664578,CALCULATED,중간
KR6025901F62,,NO_MARKET_DATA,
KR6025901G61,1.1600430381118525,CALCULATED,중간
KR6025981E74,,NO_MARKET_DATA,
KR6032713F74,,NO_MARKET_DATA,
KR6032713F82,,NO_MARKET_DATA,
KR6032713F90,,NO_MARKET_DATA,
KR6032713FA9,,NO_MARKET_DATA,
KR6062761BA0,,NO_MARKET_DATA,
KR6062761BB8,,NO_MARKET_DATA,
KR6062761C59,,NO_MARKET_DATA,
KR6062971G69,,NO_MARKET_DATA,
KR6063081EA6,,NO_MARKET_DATA,
KR6063081F32,,NO_MARKET_DATA,
KR6063081FB1,,NO_MARKET_DATA,
KR6079942EC7,,NO_MARKET_DATA,
KR6079981F88,,NO_MARKET_DATA,
KR6079981F96,,NO_MARKET_DATA,
KR6079981G20,,NO_MARKET_DATA,
KR603271GE61,,NO_MARKET_DATA,
KR603271HE11,,NO_MARKET_DATA,
KR603271HE60,,NO_MARKET_DATA,
KR603271JE68,,NO_MARKET_DATA,
KR6032761G25,,NO_MARKET_DATA,
KR6063623B72,,NO_MARKET_DATA,
KR6032791E39,,NO_MARKET_DATA,
KR6032791E62,,NO_MARKET_DATA,
KR6032791E88,,NO_MARKET_DATA,
KR6032791G60,,NO_MARKET_DATA,
KR6032792FC9,,NO_MARKET_DATA,
KR6033665E89,,NO_MARKET_DATA,
KR6033665E97,,NO_MARKET_DATA,
KR6205496FB0,,NO_MARKET_DATA,
KR6064985G69,,NO_MARKET_DATA,
KR6064986CB7,,NO_MARKET_DATA,
KR6064986G19,,NO_MARKET_DATA,
KR6064986G68,,NO_MARKET_DATA,
KR6065061F98,,NO_MARKET_DATA,
KR6065151D26,,NO_MARKET_DATA,
KR6065151D75,,NO_MARKET_DATA,
KR6065171BC5,,NO_MARKET_DATA,
KR6095572F97,,NO_MARKET_DATA,
KR60213HNG61,,NO_MARKET_DATA,
KR60213HPG69,,NO_MARKET_DATA,
KR60213HQG68,,NO_MARKET_DATA,
KR6029884D34,,NO_MARKET_DATA,
KR6029884D59,,NO_MARKET_DATA,
KR6029884D67,,NO_MARKET_DATA,
KR6095572G21,,NO_MARKET_DATA,
KR6136301E23,,NO_MARKET_DATA,
KR6136301E31,,NO_MARKET_DATA,
KR6039092E14,,NO_MARKET_DATA,
KR6039092E97,,NO_MARKET_DATA,
KR606590DG36,,NO_MARKET_DATA,
KR606590EB71,,NO_MARKET_DATA,
KR606590EC47,,NO_MARKET_DATA,
KR606590EC88,,NO_MARKET_DATA,
KR606590EE29,,NO_MARKET_DATA,
KR606590EE86,,NO_MARKET_DATA,
KR606590EEA0,,NO_MARKET_DATA,
KR606590EF10,,NO_MARKET_DATA,
KR606590EG35,,NO_MARKET_DATA,
KR6030624F27,,NO_MARKET_DATA,
KR6030624F43,,NO_MARKET_DATA,
KR6030624F50,,NO_MARKET_DATA,
KR60478029A6,,NO_MARKET_DATA,
KR6030624F68,,NO_MARKET_DATA,
KR6030624F76,,NO_MARKET_DATA,
KR6030624F92,,NO_MARKET_DATA,
KR6030624FA0,,NO_MARKET_DATA,
KR6030624FC6,,NO_MARKET_DATA,
KR6030624G18,,NO_MARKET_DATA,
KR6047801DA0,,NO_MARKET_DATA,
KR6019457F89,,NO_MARKET_DATA,
KR6030629E31,,NO_MARKET_DATA,
KR6023764F30,,NO_MARKET_DATA,
KR6023764F48,,NO_MARKET_DATA,
KR6023764F55,,NO_MARKET_DATA,
KR6023764F97,,NO_MARKET_DATA,
KR6023764FA3,,NO_MARKET_DATA,
KR6023764FC9,,NO_MARKET_DATA,
KR6023764G21,,NO_MARKET_DATA,
KR6023764G39,,NO_MARKET_DATA,
KR6023764G47,,NO_MARKET_DATA,
KR6032713FB7,,NO_MARKET_DATA,
KR6032713FC5,,NO_MARKET_DATA,
KR6032713G24,,NO_MARKET_DATA,
KR6032713G32,,NO_MARKET_DATA,
KR6032713G40,,NO_MARKET_DATA,
KR6032713G57,,NO_MARKET_DATA,
KR6032713G65,,NO_MARKET_DATA,
KR6060004G72,,NO_MARKET_DATA,
KR6060005A36,,NO_MARKET_DATA,
KR6060005A85,,NO_MARKET_DATA,
KR6060005C67,,EXCLUDED_PERPETUAL,
KR6079981G38,,NO_MARKET_DATA,
KR6079981G46,,NO_MARKET_DATA,
KR6079981G53,,NO_MARKET_DATA,
KR6080081DB5,,NO_MARKET_DATA,
KR6080081EB3,,NO_MARKET_DATA,
KR6080331F42,,NO_MARKET_DATA,
KR6108111F54,,NO_MARKET_DATA,
KR6080381E91,,NO_MARKET_DATA,
KR6107441G56,,NO_MARKET_DATA,
KR6107631F57,,NO_MARKET_DATA,
KR6107641F97,,NO_MARKET_DATA,
KR60636238B0,,NO_MARKET_DATA,
KR6063623A57,,NO_MARKET_DATA,
KR6063623A81,,NO_MARKET_DATA,
KR6063623AB1,,NO_MARKET_DATA,
KR6063623AC9,,NO_MARKET_DATA,
KR6063623B49,,NO_MARKET_DATA,
KR6063623BB9,,NO_MARKET_DATA,
KR6063623C30,,NO_MARKET_DATA,
KR6063623C55,,NO_MARKET_DATA,
KR6086791F26,,NO_MARKET_DATA,
KR6065171D63,,NO_MARKET_DATA,
KR6065171DA5,,NO_MARKET_DATA,
KR6065171F79,,NO_MARKET_DATA,
KR6092471F47,,NO_MARKET_DATA,
KR6092471F54,,NO_MARKET_DATA,
KR6092471F62,,NO_MARKET_DATA,
KR6092471F70,,NO_MARKET_DATA,
KR6092471F88,,NO_MARKET_DATA,
KR6092471F96,,NO_MARKET_DATA,
KR6092471FA1,,NO_MARKET_DATA,
KR6092471FB9,,NO_MARKET_DATA,
KR6092471FC7,,NO_MARKET_DATA,
KR6169376G63,,NO_MARKET_DATA,
KR6136301E49,,NO_MARKET_DATA,
KR6136301E56,,NO_MARKET_DATA,
KR6136301E64,,NO_MARKET_DATA,
KR6136301E72,,NO_MARKET_DATA,
KR6136301E80,,NO_MARKET_DATA,
KR6136301E98,,NO_MARKET_DATA,
KR6136301EA1,,NO_MARKET_DATA,
KR6136301F22,,NO_MARKET_DATA,
KR6169376G30,,NO_MARKET_DATA,
KR609592BD82,,NO_MARKET_DATA,
KR60665628A8,,NO_MARKET_DATA,
KR6066562929,,NO_MARKET_DATA,
KR6066562937,,NO_MARKET_DATA,
KR6066562952,,NO_MARKET_DATA,
KR6066562960,,NO_MARKET_DATA,
KR60665629A6,,NO_MARKET_DATA,
KR60665629B4,,NO_MARKET_DATA,
KR60665629C2,,NO_MARKET_DATA,
KR609592AG31,,NO_MARKET_DATA,
KR6047801E43,,NO_MARKET_DATA,
KR6047801F59,,NO_MARKET_DATA,
KR6047801G33,,NO_MARKET_DATA,
KR6047802956,,NO_MARKET_DATA,
KR6047802A61,,NO_MARKET_DATA,
KR6047802B45,,NO_MARKET_DATA,
KR6047802DA8,,NO_MARKET_DATA,
KR6047802E42,,NO_MARKET_DATA,
KR6069622F43,,NO_MARKET_DATA,
KR6069641EA1,,NO_MARKET_DATA,
KR6023764G62,,NO_MARKET_DATA,
KR6023764G70,,NO_MARKET_DATA,
KR6030629E72,,NO_MARKET_DATA,
KR6030629EA2,,NO_MARKET_DATA,
KR6030629EB0,,NO_MARKET_DATA,
KR6030629F55,,NO_MARKET_DATA,
KR6030629F63,,NO_MARKET_DATA,
KR6030629F71,,NO_MARKET_DATA,
KR6030629F97,,NO_MARKET_DATA,
KR6030629FC5,,NO_MARKET_DATA,
KR6030629G13,,NO_MARKET_DATA,
KR6060005E99,,NO_MARKET_DATA,
KR6060005F64,,NO_MARKET_DATA,
KR6060005F72,,NO_MARKET_DATA,
KR6060005F80,,NO_MARKET_DATA,
KR6060005F98,,NO_MARKET_DATA,
KR6060005FA5,,NO_MARKET_DATA,
KR6060005FB3,,NO_MARKET_DATA,
KR6079319G64,,NO_MARKET_DATA,
KR6079319G72,,NO_MARKET_DATA,
KR607931AD95,,NO_MARKET_DATA,
KR607931ADB3,,NO_MARKET_DATA,
KR6107801FB0,,NO_MARKET_DATA,
KR6107811F91,,NO_MARKET_DATA,
KR6107811FB9,,NO_MARKET_DATA,
KR6107891FB1,,NO_MARKET_DATA,
KR6107891G51,,NO_MARKET_DATA,
KR6107901F35,,NO_MARKET_DATA,
KR6108091G32,,NO_MARKET_DATA,
KR6146861G55,,NO_MARKET_DATA,
KR6146971D63,,NO_MARKET_DATA,
KR6146971F87,,NO_MARKET_DATA,
KR6146972EA7,,NO_MARKET_DATA,
KR6086791F34,,NO_MARKET_DATA,
KR6086791F67,,NO_MARKET_DATA,
KR6086791F75,,NO_MARKET_DATA,
KR6086791F83,,NO_MARKET_DATA,
KR6086791F91,,NO_MARKET_DATA,
KR6086791FA0,,NO_MARKET_DATA,
KR6086791FB8,,NO_MARKET_DATA,
KR6086791FC6,,NO_MARKET_DATA,
KR6086791G25,,NO_MARKET_DATA,
KR6119851F48,,NO_MARKET_DATA,
KR6092471G12,,NO_MARKET_DATA,
KR6092471G20,,NO_MARKET_DATA,
KR6092471G38,,NO_MARKET_DATA,
KR6127041E92,,NO_MARKET_DATA,
KR6127071F52,,NO_MARKET_DATA,
KR6127091G40,,NO_MARKET_DATA,
KR6127111EA5,,NO_MARKET_DATA,
KR6127121E12,,NO_MARKET_DATA,
KR6127121E61,,NO_MARKET_DATA,
KR6127121E79,,NO_MARKET_DATA,
KR6127121EC0,,NO_MARKET_DATA,
KR6169376G48,,NO_MARKET_DATA,
KR6169377B91,,NO_MARKET_DATA,
KR6169377D81,,NO_MARKET_DATA,
KR6169377E72,,NO_MARKET_DATA,
KR6169377E80,,NO_MARKET_DATA,
KR6169377EA1,,NO_MARKET_DATA,
KR6169377F30,,NO_MARKET_DATA,
KR6169377F48,,NO_MARKET_DATA,
KR6169377F89,,NO_MARKET_DATA,
KR6214191514,,NO_MARKET_DATA,
KR6214261F25,,NO_MARKET_DATA,
KR6095926F41,,NO_MARKET_DATA,
KR6095926F58,,NO_MARKET_DATA,
KR60178RBG41,,NO_MARKET_DATA,
KR6139992G52,,NO_MARKET_DATA,
KR6140071F97,,NO_MARKET_DATA,
KR6140071FA1,,NO_MARKET_DATA,
KR6140072FA9,,NO_MARKET_DATA,
KR6140081EA3,,NO_MARKET_DATA,
KR6140081F53,,NO_MARKET_DATA,
KR6140091E45,,NO_MARKET_DATA,
KR6140091F93,,NO_MARKET_DATA,
KR6069641F57,,NO_MARKET_DATA,
KR6069641FA8,,NO_MARKET_DATA,
KR6069641G15,,NO_MARKET_DATA,
KR6069641G31,,NO_MARKET_DATA,
KR6069641G56,,NO_MARKET_DATA,
KR6069921EC3,,NO_MARKET_DATA,
KR6069921FB2,,NO_MARKET_DATA,
KR6069921G32,,NO_MARKET_DATA,
KR6069961F42,,NO_MARKET_DATA,
KR6097245F74,,NO_MARKET_DATA,
KR6097245F82,,NO_MARKET_DATA,
KR6030629G54,,NO_MARKET_DATA,
KR6052771F14,,NO_MARKET_DATA,
KR6052901D27,,NO_MARKET_DATA,
KR6053031FB8,,NO_MARKET_DATA,
KR6053211E60,,NO_MARKET_DATA,
KR6053211G68,,NO_MARKET_DATA,
KR6053212E69,,NO_MARKET_DATA,
KR6053212G67,,NO_MARKET_DATA,
KR6053271BB9,,NO_MARKET_DATA,
KR6053271D92,,NO_MARKET_DATA,
KR6053272BB7,,NO_MARKET_DATA,
KR607931AE45,,NO_MARKET_DATA,
KR607931AE52,,NO_MARKET_DATA,
KR607931AE78,,NO_MARKET_DATA,
KR607931AEB1,,NO_MARKET_DATA,
KR607931AF44,,NO_MARKET_DATA,
KR607931AF77,,NO_MARKET_DATA,
KR6105562G79,,NO_MARKET_DATA,
KR6105563680,,NO_MARKET_DATA,
KR6105563789,,NO_MARKET_DATA,
KR6105563821,,NO_MARKET_DATA,
KR6146973EA5,,NO_MARKET_DATA,
KR6146974EA3,,NO_MARKET_DATA,
KR6146975EA0,,NO_MARKET_DATA,
KR6147021E94,,NO_MARKET_DATA,
KR6147091E99,,NO_MARKET_DATA,
KR6147091F64,,NO_MARKET_DATA,
KR6147101E97,,NO_MARKET_DATA,
KR6194021F46,,NO_MARKET_DATA,
KR6194021FA1,,NO_MARKET_DATA,
KR6194031F36,,NO_MARKET_DATA,
KR6194371B95,,NO_MARKET_DATA,
KR6119851F97,,NO_MARKET_DATA,
KR6119852F96,,NO_MARKET_DATA,
KR6119971FB7,,NO_MARKET_DATA,
KR6120111D93,,NO_MARKET_DATA,
KR6120111E92,,NO_MARKET_DATA,
KR6120111F67,,NO_MARKET_DATA,
KR6120111F91,,NO_MARKET_DATA,
KR6120111G25,,NO_MARKET_DATA,
KR6120112E42,0.6182138462580611,CALCULATED,중간
KR6120112F66,,NO_MARKET_DATA,
KR6158431C89,,NO_MARKET_DATA,
KR6127121F11,,NO_MARKET_DATA,
KR6127121F86,,NO_MARKET_DATA,
KR6127121F94,,NO_MARKET_DATA,
KR6127121FA1,,NO_MARKET_DATA,
KR6166263EA6,,NO_MARKET_DATA,
KR6166263F66,,NO_MARKET_DATA,
KR6166263F74,,NO_MARKET_DATA,
KR6166263G16,,NO_MARKET_DATA,
KR6166263G57,,NO_MARKET_DATA,
KR6166481D15,,NO_MARKET_DATA,
KR6166481E30,,NO_MARKET_DATA,
KR6214271E32,,NO_MARKET_DATA,
KR6214271EA1,,NO_MARKET_DATA,
KR6214271F15,,NO_MARKET_DATA,
KR6214341E20,,NO_MARKET_DATA,
KR6214341EA2,,NO_MARKET_DATA,
KR6214341EC8,,NO_MARKET_DATA,
KR6214341F29,,NO_MARKET_DATA,
KR6214341F37,0.408966033791359,CALCULATED,저민감
KR6214341F45,,NO_MARKET_DATA,
KR6021962FA5,,NO_MARKET_DATA,
KR6021962FB3,,NO_MARKET_DATA,
KR6140173C30,,NO_MARKET_DATA,
KR6140173C63,,NO_MARKET_DATA,
KR6140173C89,,NO_MARKET_DATA,
KR6140173D39,,NO_MARKET_DATA,
KR6140173D47,,NO_MARKET_DATA,
KR6140173D54,,NO_MARKET_DATA,
KR6140173D96,,NO_MARKET_DATA,
KR6174147F70,,NO_MARKET_DATA,
KR6174147FA8,,NO_MARKET_DATA,
KR6174147G46,,NO_MARKET_DATA,
KR6097245F90,,NO_MARKET_DATA,
KR6097245FA4,,NO_MARKET_DATA,
KR6097245FB2,,NO_MARKET_DATA,
KR6097245FC0,,NO_MARKET_DATA,
KR6097245G16,,NO_MARKET_DATA,
KR6097245G24,,NO_MARKET_DATA,
KR6097245G32,,NO_MARKET_DATA,
KR6097245G57,,NO_MARKET_DATA,
KR6140179FA2,,NO_MARKET_DATA,
KR6140179FC8,,NO_MARKET_DATA,
KR6053701D50,,NO_MARKET_DATA,
KR6076881F44,,NO_MARKET_DATA,
KR6076951F23,,NO_MARKET_DATA,
KR6076951FC8,,NO_MARKET_DATA,
KR6076952C25,,NO_MARKET_DATA,
KR6076952F22,,NO_MARKET_DATA,
KR60769539A2,,NO_MARKET_DATA,
KR6076953D23,,NO_MARKET_DATA,
KR6077101F46,,NO_MARKET_DATA,
KR6077101F53,,NO_MARKET_DATA,
KR614576DEC7,,NO_MARKET_DATA,
KR6105563847,,NO_MARKET_DATA,
KR6105563920,,NO_MARKET_DATA,
KR6105563A17,,NO_MARKET_DATA,
KR6105563A66,,NO_MARKET_DATA,
KR6105563B16,,NO_MARKET_DATA,
KR6105563B24,,EXCLUDED_PERPETUAL,
KR614576CE56,,NO_MARKET_DATA,
KR614576CEC9,,NO_MARKET_DATA,
KR614576DB25,,NO_MARKET_DATA,
KR614576DD15,,NO_MARKET_DATA,
KR6194371D93,,NO_MARKET_DATA,
KR6194371E50,,NO_MARKET_DATA,
KR6194371G74,,NO_MARKET_DATA,
KR6194372D92,,NO_MARKET_DATA,
KR6194372E59,,NO_MARKET_DATA,
KR6194372G73,,NO_MARKET_DATA,
KR6194481F98,,NO_MARKET_DATA,
KR6019806G37,,NO_MARKET_DATA,
KR6019806G45,,NO_MARKET_DATA,
KR6019806G52,,NO_MARKET_DATA,
KR6019806G60,,NO_MARKET_DATA,
KR6158431FB4,,NO_MARKET_DATA,
KR6158511F63,,NO_MARKET_DATA,
KR6158571EB0,,NO_MARKET_DATA,
KR6158571G44,,NO_MARKET_DATA,
KR6158601E32,,NO_MARKET_DATA,
KR6158631F92,,NO_MARKET_DATA,
KR6158711F61,,NO_MARKET_DATA,
KR6158731F59,,NO_MARKET_DATA,
KR6158731F67,,NO_MARKET_DATA,
KR6158731F91,,NO_MARKET_DATA,
KR6158761EB7,,NO_MARKET_DATA,
KR6166482D14,,NO_MARKET_DATA,
KR6166531EB4,,NO_MARKET_DATA,
KR6166551FA1,,NO_MARKET_DATA,
KR6166551G41,,NO_MARKET_DATA,
KR6205496FA2,,NO_MARKET_DATA,
KR6205496FC8,,NO_MARKET_DATA,
KR6205496G29,,NO_MARKET_DATA,
KR6205496G45,,NO_MARKET_DATA,
KR6205496G52,,NO_MARKET_DATA,
KR6205497C89,,NO_MARKET_DATA,
KR6205497D96,,NO_MARKET_DATA,
KR6021962FC1,,NO_MARKET_DATA,
KR6021962G17,,NO_MARKET_DATA,
KR6021962G25,,NO_MARKET_DATA,
KR6021962G33,,NO_MARKET_DATA,
KR6021962G41,,NO_MARKET_DATA,
KR6021962G58,,NO_MARKET_DATA,
KR6021962G66,,NO_MARKET_DATA,
KR6021962G74,,NO_MARKET_DATA,
KR6021963B94,,NO_MARKET_DATA,
KR6029884EA6,,NO_MARKET_DATA,
KR6029884EB4,,NO_MARKET_DATA,
KR6174144E33,,NO_MARKET_DATA,
KR6174144E41,,NO_MARKET_DATA,
KR6174144E66,,NO_MARKET_DATA,
KR60178RAG42,,NO_MARKET_DATA,
KR60178RCG40,,NO_MARKET_DATA,
KR60178RDG49,,NO_MARKET_DATA,
KR60178REG48,,NO_MARKET_DATA,
KR60178RFG47,,NO_MARKET_DATA,
KR60178RGG46,,NO_MARKET_DATA,
KR60178RHG45,,NO_MARKET_DATA,
KR6140179G55,,NO_MARKET_DATA,
KR6140179G71,,NO_MARKET_DATA,
KR614017A986,,NO_MARKET_DATA,
KR6176943E49,,NO_MARKET_DATA,
KR614017AE14,,NO_MARKET_DATA,
KR614017AE55,,NO_MARKET_DATA,
KR614017AEA2,,NO_MARKET_DATA,
KR614017AEB0,,NO_MARKET_DATA,
KR614017AEC8,,NO_MARKET_DATA,
KR6176942G55,,NO_MARKET_DATA,
KR6077241E97,,NO_MARKET_DATA,
KR609724AG24,,NO_MARKET_DATA,
KR609724AG32,,NO_MARKET_DATA,
KR609724BDB8,,NO_MARKET_DATA,
KR609724BE90,,NO_MARKET_DATA,
KR609724BF40,,NO_MARKET_DATA,
KR609724BFB3,,NO_MARKET_DATA,
KR609724BG23,,NO_MARKET_DATA,
KR609724BG31,,NO_MARKET_DATA,
KR609724CDA8,,NO_MARKET_DATA,
KR614576DE55,,NO_MARKET_DATA,
KR614576EB57,,NO_MARKET_DATA,
KR614576ED14,,NO_MARKET_DATA,
KR614576EDB9,,NO_MARKET_DATA,
KR614576EE13,,NO_MARKET_DATA,
KR614576EE54,,NO_MARKET_DATA,
KR6192531FC7,,NO_MARKET_DATA,
KR6192531G18,,NO_MARKET_DATA,
KR6192531G26,,NO_MARKET_DATA,
KR6192531G34,,NO_MARKET_DATA,
KR6192531G42,,NO_MARKET_DATA,
KR6019806G78,,NO_MARKET_DATA,
KR6019807D47,,NO_MARKET_DATA,
KR6019807DC7,,NO_MARKET_DATA,
KR6019807E38,,NO_MARKET_DATA,
KR6019807E46,,NO_MARKET_DATA,
KR6019807E79,,NO_MARKET_DATA,
KR6019807E87,,NO_MARKET_DATA,
KR6029691E93,,NO_MARKET_DATA,
KR6029691EA5,,NO_MARKET_DATA,
KR6029691EB3,,NO_MARKET_DATA,
KR6029691EC1,,NO_MARKET_DATA,
KR6202461F69,,NO_MARKET_DATA,
KR6202461G50,,NO_MARKET_DATA,
KR6202481F40,,NO_MARKET_DATA,
KR6202481F65,,NO_MARKET_DATA,
KR6202641E97,,NO_MARKET_DATA,
KR6202691F61,,NO_MARKET_DATA,
KR601980DEC6,,NO_MARKET_DATA,
KR6032821EA3,,NO_MARKET_DATA,
KR6202741F61,,NO_MARKET_DATA,
KR6202871F55,,NO_MARKET_DATA,
KR6203011F62,,NO_MARKET_DATA,
KR6205497E12,,NO_MARKET_DATA,
KR6205497EC9,,NO_MARKET_DATA,
KR6205497F60,,NO_MARKET_DATA,
KR60208TBG68,,NO_MARKET_DATA,
KR60208TCG67,,NO_MARKET_DATA,
KR6029788F88,,NO_MARKET_DATA,
KR6029788F96,,NO_MARKET_DATA,
KR6029788G12,,NO_MARKET_DATA,
KR6029788G46,,NO_MARKET_DATA,
KR6029788G53,,NO_MARKET_DATA,
KR6029884EC2,,NO_MARKET_DATA,
KR6029884F32,,NO_MARKET_DATA,
KR6029884F40,,NO_MARKET_DATA,
KR6029884F57,,NO_MARKET_DATA,
KR6029884F65,,NO_MARKET_DATA,
KR6029884F81,,NO_MARKET_DATA,
KR6029884F99,,NO_MARKET_DATA,
KR6029884FA3,,NO_MARKET_DATA,
KR6029884FB1,,NO_MARKET_DATA,
KR6034612G48,1.5326169188356722,CALCULATED,중간
KR6034731D96,,NO_MARKET_DATA,
KR6021967E97,,NO_MARKET_DATA,
KR6038501E86,,NO_MARKET_DATA,
KR60183P1G46,,NO_MARKET_DATA,
KR6018471D85,,NO_MARKET_DATA,
KR6021966G54,,NO_MARKET_DATA,
KR6021966G62,,NO_MARKET_DATA,
KR6021967593,,NO_MARKET_DATA,
KR6021967C57,,NO_MARKET_DATA,
KR6021967C81,,NO_MARKET_DATA,
KR6021967D72,,NO_MARKET_DATA,
KR6021967E30,,NO_MARKET_DATA,
KR6176942G63,,NO_MARKET_DATA,
KR6176942G71,,NO_MARKET_DATA,
KR6176942G89,,NO_MARKET_DATA,
KR6176943D81,,NO_MARKET_DATA,
KR6176943DC9,,NO_MARKET_DATA,
KR6176943E56,,NO_MARKET_DATA,
KR6176943E64,,NO_MARKET_DATA,
KR6176943E72,,NO_MARKET_DATA,
KR6176943F22,,NO_MARKET_DATA,
KR6019451G19,,NO_MARKET_DATA,
KR6019451G27,,NO_MARKET_DATA,
KR609724CDB6,,NO_MARKET_DATA,
KR6141021C73,,NO_MARKET_DATA,
KR6141081G76,,NO_MARKET_DATA,
KR6141261EB8,,NO_MARKET_DATA,
KR6141351EA9,,NO_MARKET_DATA,
KR6141351F54,,NO_MARKET_DATA,
KR6141491EB1,,NO_MARKET_DATA,
KR6141581F56,,NO_MARKET_DATA,
KR6141611F35,,NO_MARKET_DATA,
KR6141621G57,,NO_MARKET_DATA,
KR6141631G30,,NO_MARKET_DATA,
KR6192531G59,,NO_MARKET_DATA,
KR6192531G67,,NO_MARKET_DATA,
KR6192531G75,,NO_MARKET_DATA,
KR6192532F67,,NO_MARKET_DATA,
KR6192532F91,,NO_MARKET_DATA,
KR6192532FB7,,NO_MARKET_DATA,
KR6019801F58,,NO_MARKET_DATA,
KR6019801F66,,NO_MARKET_DATA,
KR6019801F74,,NO_MARKET_DATA,
KR6019801F82,,NO_MARKET_DATA,
KR6019801F90,,NO_MARKET_DATA,
KR6029691F27,,NO_MARKET_DATA,
KR6029691F35,,NO_MARKET_DATA,
KR6029691F43,,NO_MARKET_DATA,
KR6029691F50,,NO_MARKET_DATA,
KR6029691F68,,NO_MARKET_DATA,
KR6032715FA4,,NO_MARKET_DATA,
KR6080741F53,,NO_MARKET_DATA,
KR6029691F76,,NO_MARKET_DATA,
KR6029691F84,,NO_MARKET_DATA,
KR6032715EA7,,NO_MARKET_DATA,
KR6032715EB5,,NO_MARKET_DATA,
KR6203161EA7,,NO_MARKET_DATA,
KR6203161G69,,NO_MARKET_DATA,
KR601980DD87,,NO_MARKET_DATA,
KR601980DDC8,,NO_MARKET_DATA,
KR601980DE11,,NO_MARKET_DATA,
KR601980DE29,,NO_MARKET_DATA,
KR601980DE37,,NO_MARKET_DATA,
KR601980DEB8,,NO_MARKET_DATA,
KR6029783B87,,NO_MARKET_DATA,
KR6029783B95,,NO_MARKET_DATA,
KR6029783BA6,,NO_MARKET_DATA,
KR6029788G61,,NO_MARKET_DATA,
KR6029788G79,,NO_MARKET_DATA,
KR6029789D97,,NO_MARKET_DATA,
KR6029789DA9,,NO_MARKET_DATA,
KR6029789E54,,NO_MARKET_DATA,
KR6029789EC3,,NO_MARKET_DATA,
KR6033665EA3,,NO_MARKET_DATA,
KR6033665EB1,,NO_MARKET_DATA,
KR6033665EC9,,NO_MARKET_DATA,
KR6033665F13,,NO_MARKET_DATA,
KR6065906D32,,NO_MARKET_DATA,
KR6034731DC0,,NO_MARKET_DATA,
KR6034731E53,,NO_MARKET_DATA,
KR6034731E87,,NO_MARKET_DATA,
KR6034731EB0,,NO_MARKET_DATA,
KR6034731F37,,NO_MARKET_DATA,
KR6034731F52,,NO_MARKET_DATA,
KR6034731F86,,NO_MARKET_DATA,
KR6034731FB7,,NO_MARKET_DATA,
KR6034731G36,,NO_MARKET_DATA,
KR6065906C74,,NO_MARKET_DATA,
KR6021967G38,,NO_MARKET_DATA,
KR602988AEC4,,NO_MARKET_DATA,
KR602988AF47,,NO_MARKET_DATA,
KR602988AF62,,NO_MARKET_DATA,
KR602988AF70,,NO_MARKET_DATA,
KR602988AF96,,NO_MARKET_DATA,
KR602988AFA5,,NO_MARKET_DATA,
KR6039092G12,,NO_MARKET_DATA,
KR6039093E96,,NO_MARKET_DATA,
KR6039093F20,,NO_MARKET_DATA,
KR6019451G35,,NO_MARKET_DATA,
KR6019451G43,,NO_MARKET_DATA,
KR6019451G50,,NO_MARKET_DATA,
KR6019451G68,,NO_MARKET_DATA,
KR6019451G76,,NO_MARKET_DATA,
KR6019451G84,,NO_MARKET_DATA,
KR6019452D29,,NO_MARKET_DATA,
KR6019452DC2,,NO_MARKET_DATA,
KR6023533E15,,NO_MARKET_DATA,
KR6023533E49,,NO_MARKET_DATA,
KR6141771E81,,NO_MARKET_DATA,
KR6177551G55,,NO_MARKET_DATA,
KR6177571F37,,NO_MARKET_DATA,
KR6177601F31,,NO_MARKET_DATA,
KR6177601FA1,,NO_MARKET_DATA,
KR6177601G55,,NO_MARKET_DATA,
KR6177611G53,,NO_MARKET_DATA,
KR6177661E96,,NO_MARKET_DATA,
KR6177721G50,,NO_MARKET_DATA,
KR6177831E26,,NO_MARKET_DATA,
KR6177831G40,,NO_MARKET_DATA,
KR6019801FB7,,NO_MARKET_DATA,
KR6019801FC5,,NO_MARKET_DATA,
KR6019801G16,,NO_MARKET_DATA,
KR6019801G24,,NO_MARKET_DATA,
KR6019801G32,,NO_MARKET_DATA,
KR6019801G40,,NO_MARKET_DATA,
KR6025981G72,,NO_MARKET_DATA,
KR6026151E50,,NO_MARKET_DATA,
KR6026891G53,,NO_MARKET_DATA,
KR6027361F87,,NO_MARKET_DATA,
KR6027661EA0,,NO_MARKET_DATA,
KR6032715EC3,,NO_MARKET_DATA,
KR6032715F15,,NO_MARKET_DATA,
KR6032715F31,,NO_MARKET_DATA,
KR6032715F49,,NO_MARKET_DATA,
KR6032715F56,,NO_MARKET_DATA,
KR6032715F72,,NO_MARKET_DATA,
KR6032715F80,,NO_MARKET_DATA,
KR6063142E97,,NO_MARKET_DATA,
KR6063143A74,,NO_MARKET_DATA,
KR6063161D94,,NO_MARKET_DATA,
KR6063262A46,,NO_MARKET_DATA,
KR6029783C60,,NO_MARKET_DATA,
KR6029783D28,,NO_MARKET_DATA,
KR6029783D36,,NO_MARKET_DATA,
KR6029783D69,,NO_MARKET_DATA,
KR6029783D77,,NO_MARKET_DATA,
KR6029783D85,,NO_MARKET_DATA,
KR6032821DC1,,NO_MARKET_DATA,
KR6032821E82,,NO_MARKET_DATA,
KR6032821F40,,NO_MARKET_DATA,
KR6032821F73,,NO_MARKET_DATA,
KR6032821FB8,,NO_MARKET_DATA,
KR6033665F39,,NO_MARKET_DATA,
KR6033665F47,,NO_MARKET_DATA,
KR6033665F54,,NO_MARKET_DATA,
KR6033665F70,,NO_MARKET_DATA,
KR6033665F88,,NO_MARKET_DATA,
KR6033665F96,,NO_MARKET_DATA,
KR6065451E48,,NO_MARKET_DATA,
KR6065551E96,,NO_MARKET_DATA,
KR6065561C54,,NO_MARKET_DATA,
KR6065571C37,,NO_MARKET_DATA,
KR6065571D93,,NO_MARKET_DATA,
KR6065906C82,,NO_MARKET_DATA,
KR6065906D81,,NO_MARKET_DATA,
KR6065906D99,,NO_MARKET_DATA,
KR6065906DA4,,NO_MARKET_DATA,
KR6065906DB2,,NO_MARKET_DATA,
KR6065906E15,,NO_MARKET_DATA,
KR6065906E23,,NO_MARKET_DATA,
KR6065906E31,,NO_MARKET_DATA,
KR6065906E80,,NO_MARKET_DATA,
KR6095572G39,,NO_MARKET_DATA,
KR6095572G47,,NO_MARKET_DATA,
KR602988AE71,,NO_MARKET_DATA,
KR602988AEA8,,NO_MARKET_DATA,
KR602988AEB6,,NO_MARKET_DATA,
KR6038871G52,,NO_MARKET_DATA,
KR6039091E98,,NO_MARKET_DATA,
KR6039091F22,,NO_MARKET_DATA,
KR6039091F97,,NO_MARKET_DATA,
KR6039091G13,,NO_MARKET_DATA,
KR6039092C24,,NO_MARKET_DATA,
KR6039092D98,,NO_MARKET_DATA,
KR6023591E71,,NO_MARKET_DATA,
KR6023761895,,NO_MARKET_DATA,
KR6023761B94,,NO_MARKET_DATA,
KR6023761D84,,NO_MARKET_DATA,
KR6023761E34,,NO_MARKET_DATA,
KR6023761F25,,NO_MARKET_DATA,
KR6023761F33,,NO_MARKET_DATA,
KR6023761F41,,NO_MARKET_DATA,
KR6030624G34,,NO_MARKET_DATA,
KR6030624G59,,NO_MARKET_DATA,
KR6030624G75,,NO_MARKET_DATA,
KR6177841EB4,,NO_MARKET_DATA,
KR6019454F41,,NO_MARKET_DATA,
KR6019454F58,,NO_MARKET_DATA,
KR6019454F66,,NO_MARKET_DATA,
KR6019454F74,,NO_MARKET_DATA,
KR6019454F82,,NO_MARKET_DATA,
KR6019454F90,,NO_MARKET_DATA,
KR6019454FA7,,NO_MARKET_DATA,
KR6019454FB5,,NO_MARKET_DATA,
KR6019454FC3,,NO_MARKET_DATA,
KR6027661G59,,NO_MARKET_DATA,
KR6027711DB3,,NO_MARKET_DATA,
KR6028081F35,,NO_MARKET_DATA,
KR6028081F92,,NO_MARKET_DATA,
KR6028261E95,,NO_MARKET_DATA,
KR6028262C47,,NO_MARKET_DATA,
KR6032713G73,,NO_MARKET_DATA,
KR6032714B28,,NO_MARKET_DATA,
KR6032714BC2,,NO_MARKET_DATA,
KR6032714C27,,NO_MARKET_DATA,
KR6060006FB1,,NO_MARKET_DATA,
KR6063262C10,,NO_MARKET_DATA,
KR6080531D83,,NO_MARKET_DATA,
KR6080581D33,,NO_MARKET_DATA,
KR6080581D90,,NO_MARKET_DATA,
KR6080581G14,,NO_MARKET_DATA,
KR6080611G26,,NO_MARKET_DATA,
KR6080741F46,,NO_MARKET_DATA,
KR6080741F95,,NO_MARKET_DATA,
KR6080741G37,,NO_MARKET_DATA,
KR6081041EB6,,NO_MARKET_DATA,
KR6081451F44,,NO_MARKET_DATA,
KR6032921EA1,,NO_MARKET_DATA,
KR6032981E62,,NO_MARKET_DATA,
KR6033161EA3,,NO_MARKET_DATA,
KR6033161F61,,NO_MARKET_DATA,
KR6033161F87,,NO_MARKET_DATA,
KR6033161F95,,NO_MARKET_DATA,
KR6063623D47,,NO_MARKET_DATA,
KR6063623E12,,NO_MARKET_DATA,
KR6063623E61,,NO_MARKET_DATA,
KR6063623F29,,NO_MARKET_DATA,
KR6063623F37,,NO_MARKET_DATA,
KR6065591F89,,NO_MARKET_DATA,
KR6065591F97,,NO_MARKET_DATA,
KR6065651C63,,NO_MARKET_DATA,
KR6065651C89,,NO_MARKET_DATA,
KR6065651E79,,NO_MARKET_DATA,
KR6065651E95,,NO_MARKET_DATA,
KR6092471G46,,NO_MARKET_DATA,
KR6092471G53,,NO_MARKET_DATA,
KR6092471G61,,NO_MARKET_DATA,
KR6092471G79,,NO_MARKET_DATA,
KR6092472E96,,NO_MARKET_DATA,
KR6095572G62,,NO_MARKET_DATA,
KR6095573E22,,NO_MARKET_DATA,
KR6095573E71,,NO_MARKET_DATA,
KR6095573EB2,,NO_MARKET_DATA,
KR6095573F96,,NO_MARKET_DATA,
KR6095573G20,,NO_MARKET_DATA,
KR6095573G38,,NO_MARKET_DATA,
KR6095573G61,,NO_MARKET_DATA,
KR6095611F90,,NO_MARKET_DATA,
KR6136301F30,,NO_MARKET_DATA,
KR6136301F89,,NO_MARKET_DATA,
KR606590G9A7,,NO_MARKET_DATA,
KR606590GB61,,NO_MARKET_DATA,
KR606590GC45,,NO_MARKET_DATA,
KR606590GC86,,NO_MARKET_DATA,
KR606590GEA5,,NO_MARKET_DATA,
KR6095926F90,,NO_MARKET_DATA,
KR6095926FB9,,NO_MARKET_DATA,
KR6095926FC7,,NO_MARKET_DATA,
KR6095926G32,,NO_MARKET_DATA,
KR6095926G65,,NO_MARKET_DATA,
KR6030624G83,,NO_MARKET_DATA,
KR6030625A39,,NO_MARKET_DATA,
KR6030625E50,,NO_MARKET_DATA,
KR6047811F16,,NO_MARKET_DATA,
KR6030625E68,,NO_MARKET_DATA,
KR6030625E76,,EXCLUDED_OPTION,
KR6030625E84,,NO_MARKET_DATA,
KR6030625E92,,NO_MARKET_DATA,
KR6030625EA0,,NO_MARKET_DATA,
KR6047802F58,,NO_MARKET_DATA,
KR6047802G32,,NO_MARKET_DATA,
KR6019454G16,,NO_MARKET_DATA,
KR6023764G88,,NO_MARKET_DATA,
KR6023765F21,,NO_MARKET_DATA,
KR6023765F39,0.1136914517116049,CALCULATED,저민감
KR6023765F47,,NO_MARKET_DATA,
KR6023765F54,,NO_MARKET_DATA,
KR6023765FA0,,NO_MARKET_DATA,
KR6023765G20,,NO_MARKET_DATA,
KR6023765G38,,NO_MARKET_DATA,
KR6023765G46,,NO_MARKET_DATA,
KR6023765G61,,NO_MARKET_DATA,
KR6105563C80,,NO_MARKET_DATA,
KR6032714C35,,NO_MARKET_DATA,
KR6032714C50,,NO_MARKET_DATA,
KR6032714C76,,NO_MARKET_DATA,
KR6032714CB2,,NO_MARKET_DATA,
KR6032714D26,,NO_MARKET_DATA,
KR6032714D34,,NO_MARKET_DATA,
KR6060006E80,,NO_MARKET_DATA,
KR6060006E98,,NO_MARKET_DATA,
KR6060006EA6,,NO_MARKET_DATA,
KR6060006EB4,,NO_MARKET_DATA,
KR6081451FB4,,NO_MARKET_DATA,
KR6108231DB4,,NO_MARKET_DATA,
KR6108261B80,,EXCLUDED_OPTION,
KR6108261C63,,NO_MARKET_DATA,
KR6108491C65,,NO_MARKET_DATA,
KR6108492C64,,NO_MARKET_DATA,
KR6108671F49,,NO_MARKET_DATA,
KR6108671G14,,NO_MARKET_DATA,
KR6108672884,,NO_MARKET_DATA,
KR6108672B91,0.1309019774576322,CALCULATED,저민감
KR6108672C58,,NO_MARKET_DATA,
KR6063623F45,,NO_MARKET_DATA,
KR6063623F60,,NO_MARKET_DATA,
KR6063623F78,,NO_MARKET_DATA,
KR6063624797,,NO_MARKET_DATA,
KR6063624E60,,NO_MARKET_DATA,
KR6086791G41,,NO_MARKET_DATA,
KR6086791G58,,NO_MARKET_DATA,
KR6086791G66,,NO_MARKET_DATA,
KR6086791G74,,NO_MARKET_DATA,
KR6086792837,,NO_MARKET_DATA,
KR6092472EA2,,NO_MARKET_DATA,
KR6092472EC8,,NO_MARKET_DATA,
KR6092472F12,,NO_MARKET_DATA,
KR6092472F20,,NO_MARKET_DATA,
KR6092472F38,,NO_MARKET_DATA,
KR6127201F55,,NO_MARKET_DATA,
KR6127201G47,,NO_MARKET_DATA,
KR60208TEG65,,NO_MARKET_DATA,
KR60208TFG64,,NO_MARKET_DATA,
KR60208TGG63,,NO_MARKET_DATA,
KR60208THG62,,NO_MARKET_DATA,
KR6136302E55,,NO_MARKET_DATA,
KR6136302E71,,NO_MARKET_DATA,
KR6136302F47,,NO_MARKET_DATA,
KR6136311EB8,,NO_MARKET_DATA,
KR6136861EB2,,NO_MARKET_DATA,
KR6136911F40,,NO_MARKET_DATA,
KR6137141F99,,NO_MARKET_DATA,
KR6137171FB2,,NO_MARKET_DATA,
KR6169377FB6,,NO_MARKET_DATA,
KR6169377G21,,NO_MARKET_DATA,
KR606590FB62,,NO_MARKET_DATA,
KR606590FC46,,NO_MARKET_DATA,
KR6095926DB4,,NO_MARKET_DATA,
KR6095926DC2,,NO_MARKET_DATA,
KR6095926E26,,NO_MARKET_DATA,
KR6095926E59,,NO_MARKET_DATA,
KR6095926E75,,NO_MARKET_DATA,
KR6095926E83,,NO_MARKET_DATA,
KR6095926F25,,NO_MARKET_DATA,
KR6095926F33,,NO_MARKET_DATA,
KR6047803855,,NO_MARKET_DATA,
KR6047803D26,,NO_MARKET_DATA,
KR6047803F57,,NO_MARKET_DATA,
KR6047811F73,,NO_MARKET_DATA,
KR6069962F41,,NO_MARKET_DATA,
KR6069962G57,,NO_MARKET_DATA,
KR6070301F15,,NO_MARKET_DATA,
KR6070302F14,,NO_MARKET_DATA,
KR6070341E59,,NO_MARKET_DATA,
KR6070341F66,,NO_MARKET_DATA,
KR6070341F90,,NO_MARKET_DATA,
KR6023765G79,,NO_MARKET_DATA,
KR6054061EB7,,NO_MARKET_DATA,
KR603062AF77,,NO_MARKET_DATA,
KR603062AF93,,NO_MARKET_DATA,
KR603062BE51,,NO_MARKET_DATA,
KR603062BE77,,NO_MARKET_DATA,
KR603062BF50,,NO_MARKET_DATA,
KR6053701EA1,,NO_MARKET_DATA,
KR6053701F58,,NO_MARKET_DATA,
KR6053701F66,,NO_MARKET_DATA,
KR6053701FB6,,NO_MARKET_DATA,
KR6060006F97,,NO_MARKET_DATA,
KR607931AFB8,,NO_MARKET_DATA,
KR607931AFC6,,NO_MARKET_DATA,
KR607931AG68,,NO_MARKET_DATA,
KR607931AG76,,NO_MARKET_DATA,
KR607931BE44,,NO_MARKET_DATA,
KR607931BEB9,,NO_MARKET_DATA,
KR607931BF76,,NO_MARKET_DATA,
KR607931BFB6,,NO_MARKET_DATA,
KR607931BFC4,,NO_MARKET_DATA,
KR607931BG67,,NO_MARKET_DATA,
KR6108672E23,,NO_MARKET_DATA,
KR6147121E93,,NO_MARKET_DATA,
KR6147121F50,,NO_MARKET_DATA,
KR6147241EB4,,NO_MARKET_DATA,
KR6147241F48,,NO_MARKET_DATA,
KR6147251E53,,NO_MARKET_DATA,
KR6147251EB3,,NO_MARKET_DATA,
KR6147271FB8,,NO_MARKET_DATA,
KR6147291E63,,NO_MARKET_DATA,
KR6147401DA8,,NO_MARKET_DATA,
KR6147491F52,,NO_MARKET_DATA,
KR60867928C4,,NO_MARKET_DATA,
KR6086792985,,NO_MARKET_DATA,
KR6086792A79,,NO_MARKET_DATA,
KR6086792A87,,NO_MARKET_DATA,
KR6086792AA9,,NO_MARKET_DATA,
KR6120112F90,,NO_MARKET_DATA,
KR6120681G41,,NO_MARKET_DATA,
KR601980DF10,,NO_MARKET_DATA,
KR601980DF44,,NO_MARKET_DATA,
KR601980DF93,,NO_MARKET_DATA,
KR60208TJG60,,NO_MARKET_DATA,
KR60208TKG67,,NO_MARKET_DATA,
KR6092472F46,,NO_MARKET_DATA,
KR6092472F53,,NO_MARKET_DATA,
KR6127121G69,,NO_MARKET_DATA,
KR6127122G68,,NO_MARKET_DATA,
KR6127241F57,,NO_MARKET_DATA,
KR6127241FA7,,NO_MARKET_DATA,
KR6127271EA7,,NO_MARKET_DATA,
KR6127471F41,,NO_MARKET_DATA,
KR6127501FA4,,NO_MARKET_DATA,
KR6169377G39,,NO_MARKET_DATA,
KR6169378E55,,NO_MARKET_DATA,
KR6169378E89,,NO_MARKET_DATA,
KR6169378EA9,,NO_MARKET_DATA,
KR6169378F21,,NO_MARKET_DATA,
KR6169378F39,,NO_MARKET_DATA,
KR6169378F47,,NO_MARKET_DATA,
KR6169378F88,,NO_MARKET_DATA,
KR6169378FB4,,NO_MARKET_DATA,
KR6214341F60,0.337953791173913,CALCULATED,저민감
KR6214341FA9,,NO_MARKET_DATA,
KR6140171D31,,NO_MARKET_DATA,
KR6140171D49,,NO_MARKET_DATA,
KR6140171D64,,NO_MARKET_DATA,
KR6140171DC0,,NO_MARKET_DATA,
KR602988AFC1,,NO_MARKET_DATA,
KR602988B956,,NO_MARKET_DATA,
KR602988BA90,,NO_MARKET_DATA,
KR602988BAA4,,NO_MARKET_DATA,
KR6039092F21,,NO_MARKET_DATA,
KR6039092F96,,NO_MARKET_DATA,
KR6070831E23,,NO_MARKET_DATA,
KR6097245G65,,NO_MARKET_DATA,
KR6097245G73,,NO_MARKET_DATA,
KR6097246DA7,,NO_MARKET_DATA,
KR6097246E58,,NO_MARKET_DATA,
KR6097246E82,,NO_MARKET_DATA,
KR6097246E90,,NO_MARKET_DATA,
KR6097246EA5,,NO_MARKET_DATA,
KR6097246EB3,,NO_MARKET_DATA,
KR6097246EC1,,NO_MARKET_DATA,
KR6053951D81,,NO_MARKET_DATA,
KR6053951D99,,NO_MARKET_DATA,
KR6054161F67,,NO_MARKET_DATA,
KR6054161G66,,NO_MARKET_DATA,
KR6054211FB5,,NO_MARKET_DATA,
KR6054221DC7,,NO_MARKET_DATA,
KR6078091F53,,NO_MARKET_DATA,
KR6078091G37,,NO_MARKET_DATA,
KR6078141E96,,NO_MARKET_DATA,
KR6078151B88,,NO_MARKET_DATA,
KR6078161C36,,NO_MARKET_DATA,
KR6105563C64,,NO_MARKET_DATA,
KR6105563EA3,,NO_MARKET_DATA,
KR6105563F12,,NO_MARKET_DATA,
KR6105563G52,,NO_MARKET_DATA,
KR6105564753,,NO_MARKET_DATA,
KR6105564878,,NO_MARKET_DATA,
KR6105564A57,,NO_MARKET_DATA,
KR6105564A81,,NO_MARKET_DATA,
KR6105564B15,,NO_MARKET_DATA,
KR614576EE88,,NO_MARKET_DATA,
KR614576EEC5,,NO_MARKET_DATA,
KR6147521E99,,NO_MARKET_DATA,
KR6194611F75,,NO_MARKET_DATA,
KR6194612EA0,,NO_MARKET_DATA,
KR6194613EA8,,NO_MARKET_DATA,
KR6194614EA6,,NO_MARKET_DATA,
KR6194615EA3,,NO_MARKET_DATA,
KR6194701FC4,,NO_MARKET_DATA,
KR6032715FB2,,NO_MARKET_DATA,
KR6063081G15,,NO_MARKET_DATA,
KR6063082EC0,,NO_MARKET_DATA,
KR6063141E98,,NO_MARKET_DATA,
KR601980DFC3,,NO_MARKET_DATA,
KR6029783B53,,NO_MARKET_DATA,
KR6029783B61,,NO_MARKET_DATA,
KR6120291D61,,NO_MARKET_DATA,
KR6120331FB1,,NO_MARKET_DATA,
KR6120451EB0,,NO_MARKET_DATA,
KR6120541E84,,NO_MARKET_DATA,
KR6120661F95,,NO_MARKET_DATA,
KR6120711EB7,,NO_MARKET_DATA,
KR6120781FB7,,NO_MARKET_DATA,
KR6120831G57,,NO_MARKET_DATA,
KR6127511F50,,NO_MARKET_DATA,
KR6127661FA6,,NO_MARKET_DATA,
KR6166561FA0,,NO_MARKET_DATA,
KR6166681FA6,,NO_MARKET_DATA,
KR6166711EA4,,NO_MARKET_DATA,
KR6166931FA5,,NO_MARKET_DATA,
KR6167021F67,,NO_MARKET_DATA,
KR6167041F55,,NO_MARKET_DATA,
KR6167041FA2,,NO_MARKET_DATA,
KR6167071FA9,,NO_MARKET_DATA,
KR6167111FA3,,NO_MARKET_DATA,
KR60216F1G60,,NO_MARKET_DATA,
KR6029885987,,NO_MARKET_DATA,
KR6214341FC5,,NO_MARKET_DATA,
KR6214341G28,,NO_MARKET_DATA,
KR6214341G36,,NO_MARKET_DATA,
KR6214341G51,,NO_MARKET_DATA,
KR6214341G69,,NO_MARKET_DATA,
KR6214342B97,,NO_MARKET_DATA,
KR6214342BB4,,NO_MARKET_DATA,
KR6214342D87,,NO_MARKET_DATA,
KR6214342D95,,NO_MARKET_DATA,
KR6140091G43,,NO_MARKET_DATA,
KR6140091G50,,NO_MARKET_DATA,
KR6140111EA8,,NO_MARKET_DATA,
KR6174143G40,,NO_MARKET_DATA,
KR6174143G57,,NO_MARKET_DATA,
KR6174143G65,,NO_MARKET_DATA,
KR6174143G73,,NO_MARKET_DATA,
KR6174144C50,,NO_MARKET_DATA,
KR6174144D59,,NO_MARKET_DATA,
KR6174144D75,,NO_MARKET_DATA,
KR6174144E25,,NO_MARKET_DATA,
KR6097246F40,,NO_MARKET_DATA,
KR614017AF47,,NO_MARKET_DATA,
KR614017AF70,,NO_MARKET_DATA,
KR614017AFC5,,NO_MARKET_DATA,
KR614017AG53,,NO_MARKET_DATA,
KR614017AG79,,NO_MARKET_DATA,
KR614017BC15,,NO_MARKET_DATA,
KR614017BC31,,NO_MARKET_DATA,
KR614017BCB2,,NO_MARKET_DATA,
KR614017BD97,,NO_MARKET_DATA,
KR6078161C44,,NO_MARKET_DATA,
KR6078161FC2,,NO_MARKET_DATA,
KR6078161G16,,NO_MARKET_DATA,
KR6078162FC0,,NO_MARKET_DATA,
KR6078162G15,,NO_MARKET_DATA,
KR6078361EB3,,NO_MARKET_DATA,
KR609724CF49,,NO_MARKET_DATA,
KR609724CFB1,,NO_MARKET_DATA,
KR609724CG22,,NO_MARKET_DATA,
KR609724CG30,,NO_MARKET_DATA,
KR609724DDA6,,NO_MARKET_DATA,
KR614576FB80,,NO_MARKET_DATA,
KR614576FD13,,NO_MARKET_DATA,
KR614576FDB6,,NO_MARKET_DATA,
KR614576FE87,,NO_MARKET_DATA,
KR614576FEC2,,NO_MARKET_DATA,
KR614576GB30,,NO_MARKET_DATA,
KR614576GEC0,,NO_MARKET_DATA,
KR614576JB11,,NO_MARKET_DATA,
KR614576JD19,,NO_MARKET_DATA,
KR6192532G17,,NO_MARKET_DATA,
KR6192532G66,,NO_MARKET_DATA,
KR6063142B90,,NO_MARKET_DATA,
KR6063142D31,,NO_MARKET_DATA,
KR6194841F44,,NO_MARKET_DATA,
KR6194891G67,,NO_MARKET_DATA,
KR6194931E38,,NO_MARKET_DATA,
KR6194931G44,,NO_MARKET_DATA,
KR6194941F68,,NO_MARKET_DATA,
KR6019804DB6,,NO_MARKET_DATA,
KR6019804E23,,NO_MARKET_DATA,
KR6019804E31,,NO_MARKET_DATA,
KR6019804E56,,NO_MARKET_DATA,
KR6120851EA3,,NO_MARKET_DATA,
KR6158861F69,,NO_MARKET_DATA,
KR6158891F63,,NO_MARKET_DATA,
KR6158961EA5,,NO_MARKET_DATA,
KR6158961EB3,,NO_MARKET_DATA,
KR6159021F64,,NO_MARKET_DATA,
KR6159031F62,,NO_MARKET_DATA,
KR6159111EB4,,NO_MARKET_DATA,
KR6159221F62,,NO_MARKET_DATA,
KR6159221F96,,NO_MARKET_DATA,
KR6159241F68,,NO_MARKET_DATA,
KR6167161E35,,NO_MARKET_DATA,
KR6167161F18,,NO_MARKET_DATA,
KR6205497F86,,NO_MARKET_DATA,
KR6205497FA0,,NO_MARKET_DATA,
KR6205497FC6,,NO_MARKET_DATA,
KR6205497G28,,NO_MARKET_DATA,
KR6205497G44,,NO_MARKET_DATA,
KR6205498D87,,NO_MARKET_DATA,
KR6205498F69,,NO_MARKET_DATA,
KR6205498F85,,NO_MARKET_DATA,
KR6205498FC4,,NO_MARKET_DATA,
KR60215H2G67,,NO_MARKET_DATA,
KR60216C1G75,,NO_MARKET_DATA,
KR6021831FB0,,NO_MARKET_DATA,
KR6021831FC8,,NO_MARKET_DATA,
KR6029884FC9,,NO_MARKET_DATA,
KR6029884G31,,NO_MARKET_DATA,
KR6029884G56,,NO_MARKET_DATA,
KR6029884G64,,NO_MARKET_DATA,
KR6029884G72,,NO_MARKET_DATA,
KR6029884G80,,NO_MARKET_DATA,
KR6029885698,,NO_MARKET_DATA,
KR6174144FA5,,NO_MARKET_DATA,
KR6174144FC1,,NO_MARKET_DATA,
KR6174144G49,,NO_MARKET_DATA,
KR60185M6G43,,NO_MARKET_DATA,
KR60185M8G41,,NO_MARKET_DATA,
KR60185M9G40,,NO_MARKET_DATA,
KR60185MAG48,,NO_MARKET_DATA,
KR60185MBG47,,NO_MARKET_DATA,
KR60185MCG46,,NO_MARKET_DATA,
KR60185MDG45,,NO_MARKET_DATA,
KR614017BE13,,NO_MARKET_DATA,
KR6176943F30,,NO_MARKET_DATA,
KR6176943F48,,NO_MARKET_DATA,
KR6019454G40,,NO_MARKET_DATA,
KR6176943F63,,NO_MARKET_DATA,
KR6176943F71,,NO_MARKET_DATA,
KR6176943F97,,NO_MARKET_DATA,
KR6176943FB6,,NO_MARKET_DATA,
KR6176943FC4,,NO_MARKET_DATA,
KR6176943G13,,NO_MARKET_DATA,
KR6176943G47,,NO_MARKET_DATA,
KR609724DF48,,NO_MARKET_DATA,
KR609724DG21,,NO_MARKET_DATA,
KR609724DG39,,NO_MARKET_DATA,
KR609724EF47,,NO_MARKET_DATA,
KR609724EG20,,NO_MARKET_DATA,
KR6141771F56,,NO_MARKET_DATA,
KR6141972EA2,,NO_MARKET_DATA,
KR6141973EA0,,NO_MARKET_DATA,
KR6141974EA8,,NO_MARKET_DATA,
KR6141975EA5,,NO_MARKET_DATA,
KR6192532G74,,NO_MARKET_DATA,
KR6032714D59,,NO_MARKET_DATA,
KR6060005G14,,NO_MARKET_DATA,
KR6060005G22,,NO_MARKET_DATA,
KR6060005G48,,NO_MARKET_DATA,
KR6060005G63,,NO_MARKET_DATA,
KR6060005G71,,NO_MARKET_DATA,
KR6192533FB5,,NO_MARKET_DATA,
KR6192533G65,,NO_MARKET_DATA,
KR6192761E60,,NO_MARKET_DATA,
KR6192762EA5,,NO_MARKET_DATA,
KR6019804E64,,NO_MARKET_DATA,
KR6019804E80,,NO_MARKET_DATA,
KR6019804EA6,,NO_MARKET_DATA,
KR6019804EB4,,NO_MARKET_DATA,
KR6019804EC2,,NO_MARKET_DATA,
KR6019804F14,,NO_MARKET_DATA,
KR6029691G75,,NO_MARKET_DATA,
KR6019804F22,,NO_MARKET_DATA,
KR6029691F92,,NO_MARKET_DATA,
KR6029691FA2,,NO_MARKET_DATA,
KR6029691FB0,,NO_MARKET_DATA,
KR6159241G42,,NO_MARKET_DATA,
KR6203162G68,,NO_MARKET_DATA,
KR6203171F68,,NO_MARKET_DATA,
KR6203201F62,,NO_MARKET_DATA,
KR6203211D62,,NO_MARKET_DATA,
KR6203211F60,,NO_MARKET_DATA,
KR6203291F63,,NO_MARKET_DATA,
KR6203301E54,,NO_MARKET_DATA,
KR6203301F61,,NO_MARKET_DATA,
KR6203321F67,,NO_MARKET_DATA,
KR6203351F60,,NO_MARKET_DATA,
KR6205498G27,,NO_MARKET_DATA,
KR6205498G43,,NO_MARKET_DATA,
KR60210WBGJ3,,NO_MARKET_DATA,
KR60210WCG68,,NO_MARKET_DATA,
KR60210WCGJ1,,NO_MARKET_DATA,
KR60210WDG67,,NO_MARKET_DATA,
KR60210WDGJ9,,NO_MARKET_DATA,
KR60210WEG66,,NO_MARKET_DATA,
KR60210WFG65,,NO_MARKET_DATA,
KR60210WGG64,,NO_MARKET_DATA,
KR6029885854,,NO_MARKET_DATA,
KR6029885953,,NO_MARKET_DATA,
KR6034732A98,,NO_MARKET_DATA,
KR6034732AC4,,NO_MARKET_DATA,
KR6034732B97,,NO_MARKET_DATA,
KR6034732BB4,,NO_MARKET_DATA,
KR6034732C21,,NO_MARKET_DATA,
KR6034732C62,,NO_MARKET_DATA,
KR6034732D20,,NO_MARKET_DATA,
KR6034732D53,,NO_MARKET_DATA,
KR6034732D95,,NO_MARKET_DATA,
KR60178RJG43,,NO_MARKET_DATA,
KR6021967EB5,,NO_MARKET_DATA,
KR6021967EC3,,NO_MARKET_DATA,
KR6021967F47,,NO_MARKET_DATA,
KR6021967F62,,NO_MARKET_DATA,
KR6021967F70,,NO_MARKET_DATA,
KR6021967F88,,NO_MARKET_DATA,
KR6021967FB2,,NO_MARKET_DATA,
KR6021967FC0,,NO_MARKET_DATA,
KR6021967G12,,NO_MARKET_DATA,
KR6021967G20,,NO_MARKET_DATA,
KR6176943G54,,NO_MARKET_DATA,
KR6176943G62,,NO_MARKET_DATA,
KR6019454G24,,NO_MARKET_DATA,
KR6019454G32,,NO_MARKET_DATA,
KR6047811G15,,NO_MARKET_DATA,
KR6047811G31,,NO_MARKET_DATA,
KR6047812E40,,NO_MARKET_DATA,
KR6069961G58,,NO_MARKET_DATA,
KR6069962DA3,,NO_MARKET_DATA,
KR6069962E26,,NO_MARKET_DATA,
KR6142281EA7,,NO_MARKET_DATA,
KR603062AD38,,NO_MARKET_DATA,
KR603062AE45,,NO_MARKET_DATA,
KR603062AE52,,NO_MARKET_DATA,
KR603062AE78,,NO_MARKET_DATA,
KR603062AEA1,,NO_MARKET_DATA,
KR603062AF51,,NO_MARKET_DATA,
KR6142061G52,,NO_MARKET_DATA,
KR6142121F51,,NO_MARKET_DATA,
KR6142211F52,,NO_MARKET_DATA,
KR6142221EA3,,NO_MARKET_DATA,
KR6192763EA3,,NO_MARKET_DATA,
KR6192764EA1,,NO_MARKET_DATA,
KR6192765EA8,,NO_MARKET_DATA,
KR6192821F59,,NO_MARKET_DATA,
KR6019805E55,,NO_MARKET_DATA,
KR6019805E63,,NO_MARKET_DATA,
KR6019805E89,,NO_MARKET_DATA,
KR6019805EA3,,NO_MARKET_DATA,
KR6019805EB1,,NO_MARKET_DATA,
KR6019805F13,,NO_MARKET_DATA,
KR6019805F21,,NO_MARKET_DATA,
KR6029691FC8,,NO_MARKET_DATA,
KR6029691G18,,NO_MARKET_DATA,
KR6029691G26,,NO_MARKET_DATA,
KR6029691G34,,NO_MARKET_DATA,
KR6029691G42,,NO_MARKET_DATA,
KR6029691G59,,NO_MARKET_DATA,
KR6029691G67,,NO_MARKET_DATA,
KR6032715FC0,,NO_MARKET_DATA,
KR6032715G22,,NO_MARKET_DATA,
KR6032715G48,,NO_MARKET_DATA,
KR6032715G55,,NO_MARKET_DATA,
KR6203401D47,,NO_MARKET_DATA,
KR60200J1G58,,NO_MARKET_DATA,
KR60200K1G56,,NO_MARKET_DATA,
KR60200K1G64,,NO_MARKET_DATA,
KR60200M1G52,,NO_MARKET_DATA,
KR60200N1G50,,NO_MARKET_DATA,
KR60200P1G55,,NO_MARKET_DATA,
KR60200R1G51,,NO_MARKET_DATA,
KR60200S1G59,,NO_MARKET_DATA,
KR60200W1G51,,NO_MARKET_DATA,
KR60200Z1G54,,NO_MARKET_DATA,
KR60210WHG63,,NO_MARKET_DATA,
KR6029789F12,,NO_MARKET_DATA,
KR6029789F38,,NO_MARKET_DATA,
KR6029789F46,,NO_MARKET_DATA,
KR6029789F53,,NO_MARKET_DATA,
KR6033665G53,,NO_MARKET_DATA,
KR6029789F79,,NO_MARKET_DATA,
KR6029789G11,,NO_MARKET_DATA,
KR6029789G45,,NO_MARKET_DATA,
KR6029789G52,,NO_MARKET_DATA,
KR6034732DC8,,NO_MARKET_DATA,
KR6034732E29,,NO_MARKET_DATA,
KR6065906EA2,,NO_MARKET_DATA,
KR6065906EB0,,NO_MARKET_DATA,
KR6065906EC8,,NO_MARKET_DATA,
KR6065906F14,,NO_MARKET_DATA,
KR6065906F22,,NO_MARKET_DATA,
KR6065906F55,,NO_MARKET_DATA,
KR6065906F63,,NO_MARKET_DATA,
KR6065906F71,,NO_MARKET_DATA,
KR6065906F89,,NO_MARKET_DATA,
KR6021968EB3,,NO_MARKET_DATA,
KR602988BC23,,NO_MARKET_DATA,
KR602988BC64,,NO_MARKET_DATA,
KR602988BC98,,NO_MARKET_DATA,
KR602988BD30,,NO_MARKET_DATA,
KR602988BE13,,NO_MARKET_DATA,
KR602988BE70,,NO_MARKET_DATA,
KR602988BEA6,,NO_MARKET_DATA,
KR602988BF79,,NO_MARKET_DATA,
KR602988BF95,,NO_MARKET_DATA,
KR602988BFA3,,NO_MARKET_DATA,
KR6019454G57,,NO_MARKET_DATA,
KR6019454G65,,NO_MARKET_DATA,
KR6019454G73,,NO_MARKET_DATA,
KR6019454G81,,NO_MARKET_DATA,
KR6019455B69,,NO_MARKET_DATA,
KR6019455D42,,NO_MARKET_DATA,
KR6019455D91,,NO_MARKET_DATA,
KR6023761F58,,NO_MARKET_DATA,
KR6023761F66,,NO_MARKET_DATA,
KR6023761F74,,NO_MARKET_DATA,
KR6142221F84,,NO_MARKET_DATA,
KR6177891EB9,,NO_MARKET_DATA,
KR6177901F53,,NO_MARKET_DATA,
KR6177931EB3,,NO_MARKET_DATA,
KR6177951E95,,NO_MARKET_DATA,
KR6177951EB1,,NO_MARKET_DATA,
KR6177951G36,,NO_MARKET_DATA,
KR6177952EB9,,NO_MARKET_DATA,
KR6177952F69,,NO_MARKET_DATA,
KR6177953F68,,NO_MARKET_DATA,
KR6177954F67,,NO_MARKET_DATA,
KR6019805F39,,NO_MARKET_DATA,
KR6019805F47,,NO_MARKET_DATA,
KR6019805F54,,NO_MARKET_DATA,
KR6019805F62,,NO_MARKET_DATA,
KR6028262E94,,NO_MARKET_DATA,
KR6028301E30,,NO_MARKET_DATA,
KR6028301E71,,NO_MARKET_DATA,
KR6028301F88,,NO_MARKET_DATA,
KR6028301FA9,,NO_MARKET_DATA,
KR6028301G46,,NO_MARKET_DATA,
KR6028311G36,,NO_MARKET_DATA,
KR6032715G63,,NO_MARKET_DATA,
KR6032715G71,,NO_MARKET_DATA,
KR6032716997,,NO_MARKET_DATA,
KR6032716A76,,NO_MARKET_DATA,
KR6032716C41,,NO_MARKET_DATA,
KR6032716C82,,NO_MARKET_DATA,
KR6032716C90,,NO_MARKET_DATA,
KR6063263A86,,NO_MARKET_DATA,
KR6063301D61,,NO_MARKET_DATA,
KR6063301G35,,NO_MARKET_DATA,
KR6063302EA6,,NO_MARKET_DATA,
KR6020151G51,,NO_MARKET_DATA,
KR6029783DB0,,NO_MARKET_DATA,
KR6029783E35,,NO_MARKET_DATA,
KR6029783E43,,NO_MARKET_DATA,
KR6029783E50,,NO_MARKET_DATA,
KR6029783E68,,NO_MARKET_DATA,
KR6029783E76,,NO_MARKET_DATA,
KR6029783E84,,NO_MARKET_DATA,
KR6029783E92,,NO_MARKET_DATA,
KR6029783EA0,,NO_MARKET_DATA,
KR6029783EB8,,NO_MARKET_DATA,
KR6029789G60,,NO_MARKET_DATA,
KR6029789G78,,NO_MARKET_DATA,
KR602978AD74,,NO_MARKET_DATA,
KR6033665FC6,,NO_MARKET_DATA,
KR6033665G12,,NO_MARKET_DATA,
KR6033665G20,,NO_MARKET_DATA,
KR6033665G46,,NO_MARKET_DATA,
KR6033665G61,,NO_MARKET_DATA,
KR6033665G79,,NO_MARKET_DATA,
KR6033666E54,,NO_MARKET_DATA,
KR6065906FA9,,NO_MARKET_DATA,
KR6065906FB7,,NO_MARKET_DATA,
KR6095611FA9,,NO_MARKET_DATA,
KR6095691F44,,NO_MARKET_DATA,
KR6095692F43,,NO_MARKET_DATA,
KR6095701FA8,,NO_MARKET_DATA,
KR6095911D99,,NO_MARKET_DATA,
KR6095921948,,NO_MARKET_DATA,
KR60959219A1,2.971259499339539,CALCULATED,고민감
KR60959219B9,,NO_MARKET_DATA,
KR6095921A90,,NO_MARKET_DATA,
KR6039093G11,,NO_MARKET_DATA,
KR6039331F63,,NO_MARKET_DATA,
KR6039331F97,0.0794435946402832,CALCULATED_HIGH_YTM,저민감
KR606590GDB5,,NO_MARKET_DATA,
KR6039331G13,0.7348557123861558,CALCULATED,중간
KR6039331G47,1.3088630803798509,CALCULATED,중간
KR606590FC87,,NO_MARKET_DATA,
KR606590FE28,,NO_MARKET_DATA,
KR606590FEA7,,NO_MARKET_DATA,
KR606590FF19,,NO_MARKET_DATA,
KR606590FG34,,NO_MARKET_DATA,
KR6023761F82,,NO_MARKET_DATA,
KR6023761F90,,NO_MARKET_DATA,
KR6023761FA9,,NO_MARKET_DATA,
KR6023761FB7,,NO_MARKET_DATA,
KR6023761FC5,,NO_MARKET_DATA,
KR6023761G24,,NO_MARKET_DATA,
KR6023761G32,,NO_MARKET_DATA,
KR6023761G40,,NO_MARKET_DATA,
KR6030625EB8,,NO_MARKET_DATA,
KR6030625F18,,NO_MARKET_DATA,
KR6030625F26,,NO_MARKET_DATA,
KR6177955F66,,NO_MARKET_DATA,
KR6019458E97,,NO_MARKET_DATA,
KR6019458EA1,,NO_MARKET_DATA,
KR6019458EC7,,NO_MARKET_DATA,
KR6019458F13,,NO_MARKET_DATA,
KR6019458F47,,NO_MARKET_DATA,
KR6019458F54,,NO_MARKET_DATA,
KR6019458F62,,NO_MARKET_DATA,
KR6019458F70,,NO_MARKET_DATA,
KR6019458F96,,NO_MARKET_DATA,
KR6032714E74,,NO_MARKET_DATA,
KR6028312G35,,NO_MARKET_DATA,
KR6028671EA8,,NO_MARKET_DATA,
KR6028691E95,,NO_MARKET_DATA,
KR60288219A3,,NO_MARKET_DATA,
KR6032714D75,,NO_MARKET_DATA,
KR6032714DB0,,NO_MARKET_DATA,
KR6032714DC8,,NO_MARKET_DATA,
KR6032714E17,,NO_MARKET_DATA,
KR6032714E41,,NO_MARKET_DATA,
KR6032714E58,,NO_MARKET_DATA,
KR6063303EA4,,NO_MARKET_DATA,
KR6063304EA2,,NO_MARKET_DATA,
KR6063305EA9,,NO_MARKET_DATA,
KR6063321253,,NO_MARKET_DATA,
KR6063321A45,,NO_MARKET_DATA,
KR6063321BA2,,NO_MARKET_DATA,
KR6063321BB0,,NO_MARKET_DATA,
KR6081554QC0,,NO_MARKET_DATA,
KR6081581E63,,NO_MARKET_DATA,
KR6082211E51,,NO_MARKET_DATA,
KR6082211E93,,NO_MARKET_DATA,
KR6029783EC6,,NO_MARKET_DATA,
KR6033161FA0,,NO_MARKET_DATA,
KR6033161FB8,,NO_MARKET_DATA,
KR6033161G37,,NO_MARKET_DATA,
KR6033161G45,,NO_MARKET_DATA,
KR6033162G36,,NO_MARKET_DATA,
KR6033163G35,,NO_MARKET_DATA,
KR6033164G34,,NO_MARKET_DATA,
KR6033165G33,,NO_MARKET_DATA,
KR6033231D93,,NO_MARKET_DATA,
KR6033241E25,,NO_MARKET_DATA,
KR6033666E70,,NO_MARKET_DATA,
KR6033666E96,,NO_MARKET_DATA,
KR6065651F78,,NO_MARKET_DATA,
KR6065652F77,,NO_MARKET_DATA,
KR6065771G56,,NO_MARKET_DATA,
KR60659016B2,,NO_MARKET_DATA,
KR6065901BA9,,NO_MARKET_DATA,
KR6065901BB7,,NO_MARKET_DATA,
KR6065901D45,,NO_MARKET_DATA,
KR6065901E28,,NO_MARKET_DATA,
KR6065901E36,,NO_MARKET_DATA,
KR6039491G35,,NO_MARKET_DATA,
KR606590GF18,,NO_MARKET_DATA,
KR606590HC85,,NO_MARKET_DATA,
KR606590HEA3,,NO_MARKET_DATA,
KR606590JEA9,,NO_MARKET_DATA,
KR606590KC80,,NO_MARKET_DATA,
KR606590KEA7,,NO_MARKET_DATA,
KR606590LC89,,NO_MARKET_DATA,
KR606590LEA5,,NO_MARKET_DATA,
KR606590NEA1,,NO_MARKET_DATA,
KR606590PEA6,,NO_MARKET_DATA,
KR6030625F42,,NO_MARKET_DATA,
KR6030625F59,,NO_MARKET_DATA,
KR6030625F67,,NO_MARKET_DATA,
KR6047981EB6,,NO_MARKET_DATA,
KR6071052D99,,NO_MARKET_DATA,
KR6030625F75,,NO_MARKET_DATA,
KR6030625F91,,NO_MARKET_DATA,
KR6030625FC3,,NO_MARKET_DATA,
KR6030625G17,,NO_MARKET_DATA,
KR6030625G58,,NO_MARKET_DATA,
KR6047812F15,,NO_MARKET_DATA,
KR6019458FB6,,NO_MARKET_DATA,
KR6023766E88,,NO_MARKET_DATA,
KR6023766EC7,,NO_MARKET_DATA,
KR6023766F20,,NO_MARKET_DATA,
KR6023766F38,,NO_MARKET_DATA,
KR6023766F46,0.6770607575804831,CALCULATED,중간
KR6023766F53,,NO_MARKET_DATA,
KR6023766FA8,,NO_MARKET_DATA,
KR6023766G29,,NO_MARKET_DATA,
KR6023766G37,,NO_MARKET_DATA,
KR603062NDB4,,NO_MARKET_DATA,
KR6032714E66,,NO_MARKET_DATA,
KR6032714E82,,NO_MARKET_DATA,
KR6032714E90,,NO_MARKET_DATA,
KR6032714EA0,,NO_MARKET_DATA,
KR6060006G47,,NO_MARKET_DATA,
KR6060006G62,,NO_MARKET_DATA,
KR6060006G70,,NO_MARKET_DATA,
KR6060007D98,,NO_MARKET_DATA,
KR6060007F88,,NO_MARKET_DATA,
KR6060007F96,,NO_MARKET_DATA,
KR6060007FB9,,NO_MARKET_DATA,
KR6082211EA6,,NO_MARKET_DATA,
KR6082211G59,,NO_MARKET_DATA,
KR6082212G58,,NO_MARKET_DATA,
KR6082481C98,,EXCLUDED_OPTION,
KR6082481D30,,EXCLUDED_OPTION,
KR6082481E96,,EXCLUDED_OPTION,
KR6082481EC1,,EXCLUDED_OPTION,
KR6108672F48,,NO_MARKET_DATA,
KR6108672G13,,NO_MARKET_DATA,
KR6109461EA6,,NO_MARKET_DATA,
KR6109581F95,,NO_MARKET_DATA,
KR6033501BB4,,NO_MARKET_DATA,
KR6063624F44,,NO_MARKET_DATA,
KR6063624F77,,NO_MARKET_DATA,
KR6063625E10,,NO_MARKET_DATA,
KR6063625F43,,NO_MARKET_DATA,
KR6063626E19,,NO_MARKET_DATA,
KR6063861DB1,,NO_MARKET_DATA,
KR6063861E39,,NO_MARKET_DATA,
KR6086792E59,,NO_MARKET_DATA,
KR6063861F38,,NO_MARKET_DATA,
KR6063861G37,,NO_MARKET_DATA,
KR6065901E93,,NO_MARKET_DATA,
KR6065901EA3,,NO_MARKET_DATA,
KR6092472F61,,NO_MARKET_DATA,
KR6092472F87,,NO_MARKET_DATA,
KR6092472FC5,,NO_MARKET_DATA,
KR6092472G11,,NO_MARKET_DATA,
KR6092472G29,,NO_MARKET_DATA,
KR6092472G37,,NO_MARKET_DATA,
KR6092472G52,,NO_MARKET_DATA,
KR6092472G60,,NO_MARKET_DATA,
KR6092472G78,,NO_MARKET_DATA,
KR6095926G73,,NO_MARKET_DATA,
KR6095927986,,NO_MARKET_DATA,
KR6095927C84,,NO_MARKET_DATA,
KR6095927D67,,NO_MARKET_DATA,
KR6095927DA4,,NO_MARKET_DATA,
KR6140152EA2,,NO_MARKET_DATA,
KR6140153EA0,,NO_MARKET_DATA,
KR6140154EA8,,NO_MARKET_DATA,
KR6140155EA5,,NO_MARKET_DATA,
KR6140171C32,,NO_MARKET_DATA,
KR6140171C73,,NO_MARKET_DATA,
KR6047812F72,,NO_MARKET_DATA,
KR6047812G14,,NO_MARKET_DATA,
KR6047821F30,,NO_MARKET_DATA,
KR6047822F39,,NO_MARKET_DATA,
KR6047981EA8,,NO_MARKET_DATA,
KR6048411E50,,NO_MARKET_DATA,
KR6048411E68,,NO_MARKET_DATA,
KR6048411FA2,,NO_MARKET_DATA,
KR6048411G66,,NO_MARKET_DATA,
KR6070961F65,,NO_MARKET_DATA,
KR6071011DA5,,NO_MARKET_DATA,
KR6055551D80,,NO_MARKET_DATA,
KR6023766G45,,NO_MARKET_DATA,
KR6023766G60,,NO_MARKET_DATA,
KR603062BF76,,NO_MARKET_DATA,
KR603062CF59,,NO_MARKET_DATA,
KR603062CF75,,NO_MARKET_DATA,
KR603062DF58,,NO_MARKET_DATA,
KR603062EF57,,NO_MARKET_DATA,
KR603062FE57,,NO_MARKET_DATA,
KR603062GE15,,NO_MARKET_DATA,
KR603062GE56,,NO_MARKET_DATA,
KR6060007G46,,NO_MARKET_DATA,
KR6060008EA2,,NO_MARKET_DATA,
KR6060008FB7,,NO_MARKET_DATA,
KR6060008G45,,NO_MARKET_DATA,
KR607931BG75,,NO_MARKET_DATA,
KR607931CD85,,NO_MARKET_DATA,
KR607931CDC7,,NO_MARKET_DATA,
KR607931CE84,,NO_MARKET_DATA,
KR607931CEB7,,NO_MARKET_DATA,
KR607931CFB4,,NO_MARKET_DATA,
KR607931CFC2,,NO_MARKET_DATA,
KR6109611F32,,NO_MARKET_DATA,
KR6109611G56,,NO_MARKET_DATA,
KR6109641G43,,NO_MARKET_DATA,
KR6110111G34,,NO_MARKET_DATA,
KR6110621F61,,NO_MARKET_DATA,
KR6110751EA7,,NO_MARKET_DATA,
KR6110751F55,,NO_MARKET_DATA,
KR6147521EB9,,NO_MARKET_DATA,
KR6147541F52,,NO_MARKET_DATA,
KR6147601E92,,NO_MARKET_DATA,
KR6147601F42,,NO_MARKET_DATA,
KR6064161FB0,,NO_MARKET_DATA,
KR6064261EA3,,NO_MARKET_DATA,
KR6086792B11,,NO_MARKET_DATA,
KR6086792B94,,NO_MARKET_DATA,
KR6086792C44,,NO_MARKET_DATA,
KR6086792D43,,NO_MARKET_DATA,
KR6086792D50,,NO_MARKET_DATA,
KR6086792DB1,,NO_MARKET_DATA,
KR6086792E18,,NO_MARKET_DATA,
KR6086792F25,,NO_MARKET_DATA,
KR6092473E95,,NO_MARKET_DATA,
KR6092473EA0,,NO_MARKET_DATA,
KR6092473EC6,,NO_MARKET_DATA,
KR6127711C85,,NO_MARKET_DATA,
KR6127711E26,,NO_MARKET_DATA,
KR6127771EB4,,NO_MARKET_DATA,
KR6127771F55,,NO_MARKET_DATA,
KR6127921F96,,NO_MARKET_DATA,
KR6127921FB2,,NO_MARKET_DATA,
KR6127981G43,,NO_MARKET_DATA,
KR6128041F57,,NO_MARKET_DATA,
KR6140171E71,,NO_MARKET_DATA,
KR6140171E89,,NO_MARKET_DATA,
KR6140171E97,,NO_MARKET_DATA,
KR6140171EA2,,NO_MARKET_DATA,
KR6140171F21,,NO_MARKET_DATA,
KR6140171F39,,NO_MARKET_DATA,
KR6140171F47,,NO_MARKET_DATA,
KR6140171F54,,NO_MARKET_DATA,
KR6140171F62,,NO_MARKET_DATA,
KR6140171F70,,NO_MARKET_DATA,
KR6071011FB8,,NO_MARKET_DATA,
KR6071051F98,,NO_MARKET_DATA,
KR6071051G22,,NO_MARKET_DATA,
KR6071051G71,,NO_MARKET_DATA,
KR6071052B91,,NO_MARKET_DATA,
KR6071052F97,,NO_MARKET_DATA,
KR6071052G70,,NO_MARKET_DATA,
KR6097246F57,,NO_MARKET_DATA,
KR6097246F65,,NO_MARKET_DATA,
KR6097246F73,,NO_MARKET_DATA,
KR603062KE50,,NO_MARKET_DATA,
KR6030751D65,,NO_MARKET_DATA,
KR6054221E66,,NO_MARKET_DATA,
KR6054301F50,,NO_MARKET_DATA,
KR6054541FB5,,NO_MARKET_DATA,
KR6054542FB3,,NO_MARKET_DATA,
KR6054621EC6,,NO_MARKET_DATA,
KR6054921B39,,NO_MARKET_DATA,
KR6054941F56,,NO_MARKET_DATA,
KR6055551C16,,EXCLUDED_PERPETUAL,
KR6055551D15,,NO_MARKET_DATA,
KR607931CG66,,NO_MARKET_DATA,
KR607931CG74,,NO_MARKET_DATA,
KR607931DDC5,,NO_MARKET_DATA,
KR6105564C63,,NO_MARKET_DATA,
KR6106081EA5,,NO_MARKET_DATA,
KR6106081F21,,NO_MARKET_DATA,
KR6106081G12,,NO_MARKET_DATA,
KR6106081G46,,NO_MARKET_DATA,
KR6106082E21,,NO_MARKET_DATA,
KR6106241D53,,NO_MARKET_DATA,
KR6106241F77,,NO_MARKET_DATA,
KR6147631D97,,NO_MARKET_DATA,
KR6147631F95,,NO_MARKET_DATA,
KR6148191EB0,,NO_MARKET_DATA,
KR6148231EB4,,NO_MARKET_DATA,
KR6148251F27,,NO_MARKET_DATA,
KR6148251G34,,NO_MARKET_DATA,
KR6195231F49,,NO_MARKET_DATA,
KR6148371EB8,,NO_MARKET_DATA,
KR6194961F48,,NO_MARKET_DATA,
KR6194971E96,,NO_MARKET_DATA,
KR6194991F42,,NO_MARKET_DATA,
KR6086792F66,,NO_MARKET_DATA,
KR6120891EB7,,NO_MARKET_DATA,
KR6120941EB0,,NO_MARKET_DATA,
KR6120972EA7,,NO_MARKET_DATA,
KR6120973EA5,,NO_MARKET_DATA,
KR6120974EA3,,NO_MARKET_DATA,
KR6120975EA0,,NO_MARKET_DATA,
KR6121121EA0,,NO_MARKET_DATA,
KR6121121F55,,NO_MARKET_DATA,
KR6121271F95,,NO_MARKET_DATA,
KR6121291F34,,NO_MARKET_DATA,
KR6128051E97,,NO_MARKET_DATA,
KR6128051F96,,NO_MARKET_DATA,
KR6128171F59,,NO_MARKET_DATA,
KR6167161F42,,NO_MARKET_DATA,
KR6167161F83,,NO_MARKET_DATA,
KR6167161G41,,NO_MARKET_DATA,
KR6167161G58,,NO_MARKET_DATA,
KR6167162E83,,NO_MARKET_DATA,
KR6167162F82,,NO_MARKET_DATA,
KR6167451E91,,NO_MARKET_DATA,
KR6140171E48,,NO_MARKET_DATA,
KR6174144E74,,NO_MARKET_DATA,
KR6174144E90,,NO_MARKET_DATA,
KR60185M7G42,,NO_MARKET_DATA,
KR6174144EA8,,NO_MARKET_DATA,
KR6174144EC4,,NO_MARKET_DATA,
KR6174144F16,,NO_MARKET_DATA,
KR6174144F40,,NO_MARKET_DATA,
KR6174144F57,,NO_MARKET_DATA,
KR6174144F73,,NO_MARKET_DATA,
KR6097246F81,,NO_MARKET_DATA,
KR6097246F99,,NO_MARKET_DATA,
KR6097246FA2,,NO_MARKET_DATA,
KR6097246FB0,,NO_MARKET_DATA,
KR6097246G15,,NO_MARKET_DATA,
KR6097246G23,,NO_MARKET_DATA,
KR6097246G31,,NO_MARKET_DATA,
KR614017BE54,,NO_MARKET_DATA,
KR614017BEA0,,NO_MARKET_DATA,
KR614017BEB8,,NO_MARKET_DATA,
KR6055551D72,,EXCLUDED_PERPETUAL,
KR6078361F56,,NO_MARKET_DATA,
KR6078501D91,,NO_MARKET_DATA,
KR6078591EC3,,NO_MARKET_DATA,
KR6078601BB8,,NO_MARKET_DATA,
KR6078601DB4,,NO_MARKET_DATA,
KR6078601E65,,NO_MARKET_DATA,
KR6078602E64,,NO_MARKET_DATA,
KR6078891B67,,NO_MARKET_DATA,
KR6078891F55,,NO_MARKET_DATA,
KR6078891G62,,NO_MARKET_DATA,
KR6106281F45,,NO_MARKET_DATA,
KR6106281FA8,,NO_MARKET_DATA,
KR6106301F41,,NO_MARKET_DATA,
KR614576JDB8,,NO_MARKET_DATA,
KR614576KB18,,NO_MARKET_DATA,
KR614576KB59,,NO_MARKET_DATA,
KR614576KC82,,NO_MARKET_DATA,
KR614576KD16,,NO_MARKET_DATA,
KR614576MDB2,,NO_MARKET_DATA,
KR614576ND13,,NO_MARKET_DATA,
KR614576PD11,,NO_MARKET_DATA,
KR6195011F45,,NO_MARKET_DATA,
KR6195051F46,,NO_MARKET_DATA,
KR6195071E84,,NO_MARKET_DATA,
KR6195151F45,,NO_MARKET_DATA,
KR6195151F94,,NO_MARKET_DATA,
KR6195161F35,,NO_MARKET_DATA,
KR6195161FA4,,NO_MARKET_DATA,
KR6019807FC2,,NO_MARKET_DATA,
KR6019807G10,,NO_MARKET_DATA,
KR6019807G36,,NO_MARKET_DATA,
KR6019807G44,,NO_MARKET_DATA,
KR6121311G62,,NO_MARKET_DATA,
KR6159421F60,,NO_MARKET_DATA,
KR6159462F60,,NO_MARKET_DATA,
KR6159463F69,,NO_MARKET_DATA,
KR6159464F68,,NO_MARKET_DATA,
KR6159465F67,,NO_MARKET_DATA,
KR6159911F18,,NO_MARKET_DATA,
KR6159911F26,,NO_MARKET_DATA,
KR6159911FC2,,NO_MARKET_DATA,
KR6159911G33,,NO_MARKET_DATA,
KR6159911G58,,NO_MARKET_DATA,
KR6167471F39,,NO_MARKET_DATA,
KR6167471FA1,,NO_MARKET_DATA,
KR6167501EB6,,NO_MARKET_DATA,
KR6167571FA8,,NO_MARKET_DATA,
KR6205499C53,,NO_MARKET_DATA,
KR6205499D86,,NO_MARKET_DATA,
KR6205499E77,,NO_MARKET_DATA,
KR6205499FC2,,NO_MARKET_DATA,
KR6205499G26,,NO_MARKET_DATA,
KR620549AD84,,NO_MARKET_DATA,
KR620549AFC9,,NO_MARKET_DATA,
KR6174145E81,,NO_MARKET_DATA,
KR6174145E99,,NO_MARKET_DATA,
KR60178RKG40,,NO_MARKET_DATA,
KR6017942B98,,NO_MARKET_DATA,
KR6017942E12,,NO_MARKET_DATA,
KR6017961F41,,NO_MARKET_DATA,
KR6017962F40,,NO_MARKET_DATA,
KR6018001EC6,,NO_MARKET_DATA,
KR6018001G65,,NO_MARKET_DATA,
KR60180D1G30,,NO_MARKET_DATA,
KR60180D2G39,,NO_MARKET_DATA,
KR614017BEC6,,NO_MARKET_DATA,
KR614017BF46,,NO_MARKET_DATA,
KR614017BF79,,NO_MARKET_DATA,
KR614017BFC3,,NO_MARKET_DATA,
KR614017BG52,,NO_MARKET_DATA,
KR614017BG78,,NO_MARKET_DATA,
KR614017CC14,,NO_MARKET_DATA,
KR6176943G70,,NO_MARKET_DATA,
KR6176944BB3,,NO_MARKET_DATA,
KR6176944D80,,NO_MARKET_DATA,
KR6078932BA9,,NO_MARKET_DATA,
KR609724FDB9,,NO_MARKET_DATA,
KR609724GDB7,,NO_MARKET_DATA,
KR6097531EA0,,NO_MARKET_DATA,
KR6097801D80,,NO_MARKET_DATA,
KR60979518C8,,NO_MARKET_DATA,
KR6097951E12,,NO_MARKET_DATA,
KR6097951F45,,NO_MARKET_DATA,
KR6097951G10,,NO_MARKET_DATA,
KR60979528C7,,NO_MARKET_DATA,
KR614576QD10,,NO_MARKET_DATA,
KR6145861G57,,NO_MARKET_DATA,
KR6145991C21,,NO_MARKET_DATA,
KR6192901G51,,NO_MARKET_DATA,
KR6193031FA1,,NO_MARKET_DATA,
KR6193031FB9,,NO_MARKET_DATA,
KR6193031G37,,NO_MARKET_DATA,
KR6193031G86,,NO_MARKET_DATA,
KR6193032F86,,NO_MARKET_DATA,
KR6193251F49,,NO_MARKET_DATA,
KR6193251F80,,NO_MARKET_DATA,
KR6019807G51,,NO_MARKET_DATA,
KR6019807G69,,NO_MARKET_DATA,
KR6019807G77,,NO_MARKET_DATA,
KR6019808E29,,NO_MARKET_DATA,
KR6019808E45,,NO_MARKET_DATA,
KR6019808E52,,NO_MARKET_DATA,
KR6019808E60,,NO_MARKET_DATA,
KR6029692AA1,,NO_MARKET_DATA,
KR6029692BC5,,NO_MARKET_DATA,
KR6029692E50,0.7353986566931814,CALCULATED,중간
KR6029692E68,,NO_MARKET_DATA,
KR6159911G74,,NO_MARKET_DATA,
KR6159912FC0,,NO_MARKET_DATA,
KR6203401E46,,NO_MARKET_DATA,
KR6203541E47,,NO_MARKET_DATA,
KR6203561E91,,NO_MARKET_DATA,
KR6203561G65,,NO_MARKET_DATA,
KR6203651E43,,NO_MARKET_DATA,
KR6203651FA4,,NO_MARKET_DATA,
KR6203651G41,,NO_MARKET_DATA,
KR6203651G74,,NO_MARKET_DATA,
KR6203652F66,,NO_MARKET_DATA,
KR620549BD83,,NO_MARKET_DATA,
KR620549BFC7,,NO_MARKET_DATA,
KR620549FD89,,NO_MARKET_DATA,
KR620549GD88,,NO_MARKET_DATA,
KR60209J1G67,,NO_MARKET_DATA,
KR60209K2G64,,NO_MARKET_DATA,
KR60209K3G63,,NO_MARKET_DATA,
KR60209K4G62,,NO_MARKET_DATA,
KR60209K5G61,,NO_MARKET_DATA,
KR602978AEC5,,NO_MARKET_DATA,
KR60185MEG44,,NO_MARKET_DATA,
KR6021967G46,,NO_MARKET_DATA,
KR6021967G53,,NO_MARKET_DATA,
KR6021968C49,,NO_MARKET_DATA,
KR6021968CB7,,NO_MARKET_DATA,
KR6021968D89,,NO_MARKET_DATA,
KR6021968DB5,,NO_MARKET_DATA,
KR6021968E47,,NO_MARKET_DATA,
KR6021968E54,,NO_MARKET_DATA,
KR6021968E96,,NO_MARKET_DATA,
KR6021968EA5,,NO_MARKET_DATA,
KR6176944D98,,NO_MARKET_DATA,
KR6176944DB9,,NO_MARKET_DATA,
KR6176944DC7,,NO_MARKET_DATA,
KR6176944E48,,NO_MARKET_DATA,
KR6176944E55,,NO_MARKET_DATA,
KR6019452G26,,NO_MARKET_DATA,
KR6176944E63,,NO_MARKET_DATA,
KR6176944F21,,NO_MARKET_DATA,
KR6176944F47,,NO_MARKET_DATA,
KR6019452F76,,NO_MARKET_DATA,
KR6097952B97,,NO_MARKET_DATA,
KR6142421F66,,NO_MARKET_DATA,
KR6142421G57,,NO_MARKET_DATA,
KR6142581FB5,,NO_MARKET_DATA,
KR6142581G53,,NO_MARKET_DATA,
KR6142591G51,,NO_MARKET_DATA,
KR6142761BC0,,NO_MARKET_DATA,
KR6142761E16,,NO_MARKET_DATA,
KR6142761E32,,NO_MARKET_DATA,
KR6142761EC4,,NO_MARKET_DATA,
KR6142841F92,,NO_MARKET_DATA,
KR6193251FB3,,NO_MARKET_DATA,
KR6193251G14,,NO_MARKET_DATA,
KR6193251G30,,NO_MARKET_DATA,
KR6193301F31,,NO_MARKET_DATA,
KR6019802F40,,NO_MARKET_DATA,
KR6019802F57,,NO_MARKET_DATA,
KR6019802F65,,NO_MARKET_DATA,
KR6019802F73,,NO_MARKET_DATA,
KR6019802F81,,NO_MARKET_DATA,
KR6019802F99,,NO_MARKET_DATA,
KR6019802FA7,,NO_MARKET_DATA,
KR6029692E76,,NO_MARKET_DATA,
KR6029692E84,,NO_MARKET_DATA,
KR6029692E92,,NO_MARKET_DATA,
KR6029692EA3,,NO_MARKET_DATA,
KR6029692EB1,,NO_MARKET_DATA,
KR6029692EC9,,NO_MARKET_DATA,
KR6029692F26,,NO_MARKET_DATA,
KR6032716D24,,NO_MARKET_DATA,
KR6032716D32,,NO_MARKET_DATA,
KR6032716D65,,NO_MARKET_DATA,
KR6032716D81,,NO_MARKET_DATA,
KR6203691DC1,,NO_MARKET_DATA,
KR6204161790,,NO_MARKET_DATA,
KR601980EFC1,,NO_MARKET_DATA,
KR601980EG59,,NO_MARKET_DATA,
KR601980EG75,,NO_MARKET_DATA,
KR601980FD93,,NO_MARKET_DATA,
KR601980FDC3,,NO_MARKET_DATA,
KR601980FE84,,NO_MARKET_DATA,
KR601980FE92,,NO_MARKET_DATA,
KR601980FF18,,NO_MARKET_DATA,
KR601980FG74,,NO_MARKET_DATA,
KR602978AF31,,NO_MARKET_DATA,
KR602978AF49,,NO_MARKET_DATA,
KR602978AF56,,NO_MARKET_DATA,
KR602978AF72,,NO_MARKET_DATA,
KR602978AG14,,NO_MARKET_DATA,
KR602978AG48,,NO_MARKET_DATA,
KR602978AG55,,NO_MARKET_DATA,
KR602978AG63,,NO_MARKET_DATA,
KR602978AG71,,NO_MARKET_DATA,
KR6033666EA1,,NO_MARKET_DATA,
KR602988BFC9,,NO_MARKET_DATA,
KR602988CAA2,,NO_MARKET_DATA,
KR602988CC22,,NO_MARKET_DATA,
KR602988CC63,,NO_MARKET_DATA,
KR602988CD39,,NO_MARKET_DATA,
KR602988CD62,,NO_MARKET_DATA,
KR6039491G76,,NO_MARKET_DATA,
KR6039492BA2,,NO_MARKET_DATA,
KR6039492D94,,NO_MARKET_DATA,
KR6039492E36,,NO_MARKET_DATA,
KR6039492E44,,NO_MARKET_DATA,
KR6019452F84,,NO_MARKET_DATA,
KR6019452F92,,NO_MARKET_DATA,
KR6019452FA1,,NO_MARKET_DATA,
KR6019452FB9,,NO_MARKET_DATA,
KR6019452FC7,,NO_MARKET_DATA,
KR6019452G18,,NO_MARKET_DATA,
KR6019452G34,,NO_MARKET_DATA,
KR6019452G42,,NO_MARKET_DATA,
KR6023761G57,,NO_MARKET_DATA,
KR6023761G65,,NO_MARKET_DATA,
KR6142841G67,,NO_MARKET_DATA,
KR6177961EB0,,NO_MARKET_DATA,
KR6177961F50,,NO_MARKET_DATA,
KR6178011EB3,,NO_MARKET_DATA,
KR6178011F90,,NO_MARKET_DATA,
KR6178011FB0,,NO_MARKET_DATA,
KR6178091EB5,,NO_MARKET_DATA,
KR6178141EB8,,NO_MARKET_DATA,
KR6178151EB7,,NO_MARKET_DATA,
KR6178171EB5,,NO_MARKET_DATA,
KR6178191EA5,,NO_MARKET_DATA,
KR6019802FB5,,NO_MARKET_DATA,
KR6019802FC3,,NO_MARKET_DATA,
KR6019802G15,,NO_MARKET_DATA,
KR6019802G23,,NO_MARKET_DATA,
KR6028821E56,,NO_MARKET_DATA,
KR6028821F30,,NO_MARKET_DATA,
KR6028821F55,,NO_MARKET_DATA,
KR6028821F71,,NO_MARKET_DATA,
KR6028821G47,,NO_MARKET_DATA,
KR6028821G70,,NO_MARKET_DATA,
KR6028822AA5,,NO_MARKET_DATA,
KR6032716D99,,NO_MARKET_DATA,
KR6032716DA7,,NO_MARKET_DATA,
KR6032716DB5,,NO_MARKET_DATA,
KR6032716DC3,,NO_MARKET_DATA,
KR6032716E15,,NO_MARKET_DATA,
KR6032716E49,,NO_MARKET_DATA,
KR6032716E56,,NO_MARKET_DATA,
KR6063321C27,,NO_MARKET_DATA,
KR6063321C35,,NO_MARKET_DATA,
KR6063321C43,,NO_MARKET_DATA,
KR6063321D67,,NO_MARKET_DATA,
KR601980GDC1,,NO_MARKET_DATA,
KR601980GE83,,NO_MARKET_DATA,
KR6029783F18,,NO_MARKET_DATA,
KR6029783F83,,NO_MARKET_DATA,
KR6029783F91,,NO_MARKET_DATA,
KR6029783FA7,,NO_MARKET_DATA,
KR6029783FC3,,NO_MARKET_DATA,
KR6033631DA7,,NO_MARKET_DATA,
KR6033631E15,,NO_MARKET_DATA,
KR60643116C7,,NO_MARKET_DATA,
KR6033631EC1,,NO_MARKET_DATA,
KR6033666EC7,,NO_MARKET_DATA,
KR6033666F12,,NO_MARKET_DATA,
KR6033666F38,,NO_MARKET_DATA,
KR6033666F46,,NO_MARKET_DATA,
KR6033666F53,,NO_MARKET_DATA,
KR6033666F79,,NO_MARKET_DATA,
KR6033666F87,,NO_MARKET_DATA,
KR6033666F95,,NO_MARKET_DATA,
KR6033666FC4,,NO_MARKET_DATA,
KR6065901EB1,,NO_MARKET_DATA,
KR6039331G54,,NO_MARKET_DATA,
KR6039332F39,,NO_MARKET_DATA,
KR6039491A64,,NO_MARKET_DATA,
KR606590JC83,,NO_MARKET_DATA,
KR6039491E94,,NO_MARKET_DATA,
KR6039491F36,,NO_MARKET_DATA,
KR6039491F44,,NO_MARKET_DATA,
KR6039491F51,,NO_MARKET_DATA,
KR6039491F93,,NO_MARKET_DATA,
KR6039491FB3,,NO_MARKET_DATA,
KR6039491G19,,NO_MARKET_DATA,
KR6023761G73,,NO_MARKET_DATA,
KR6023761G81,,NO_MARKET_DATA,
KR6023762DC8,,NO_MARKET_DATA,
KR6023762EA0,,NO_MARKET_DATA,
KR6023762EB8,,NO_MARKET_DATA,
KR6023762F16,,NO_MARKET_DATA,
KR6023762F24,,NO_MARKET_DATA,
KR6023762F32,,NO_MARKET_DATA,
KR6023762F40,,NO_MARKET_DATA,
KR6030625G74,,NO_MARKET_DATA,
KR6030626C85,,NO_MARKET_DATA,
KR6178191EB3,,NO_MARKET_DATA,
KR6019455E33,,NO_MARKET_DATA,
KR6019455E58,,NO_MARKET_DATA,
KR6019455E74,,NO_MARKET_DATA,
KR6019455E90,,NO_MARKET_DATA,
KR6019455EA7,,NO_MARKET_DATA,
KR6019455EB5,,NO_MARKET_DATA,
KR6019455EC3,,NO_MARKET_DATA,
KR6019455F16,,NO_MARKET_DATA,
KR6019455F32,,NO_MARKET_DATA,
KR6028822B90,,NO_MARKET_DATA,
KR6028822E30,,NO_MARKET_DATA,
KR6032714F81,,NO_MARKET_DATA,
KR6028822E97,,NO_MARKET_DATA,
KR6028822F39,,NO_MARKET_DATA,
KR6032714EB8,,NO_MARKET_DATA,
KR6032714EC6,,NO_MARKET_DATA,
KR6032714F16,,NO_MARKET_DATA,
KR6032714F24,,NO_MARKET_DATA,
KR6032714F32,,NO_MARKET_DATA,
KR6032714F40,,NO_MARKET_DATA,
KR6082481F38,,NO_MARKET_DATA,
KR6082641EA4,,NO_MARKET_DATA,
KR6082641FB9,,NO_MARKET_DATA,
KR6082801EC0,,NO_MARKET_DATA,
KR6082804A17,,NO_MARKET_DATA,
KR6110791E74,,NO_MARKET_DATA,
KR6148751G47,,NO_MARKET_DATA,
KR6082971D29,,NO_MARKET_DATA,
KR6082971D78,,NO_MARKET_DATA,
KR6082971D94,,NO_MARKET_DATA,
KR6082971E69,,NO_MARKET_DATA,
KR6033631F48,,NO_MARKET_DATA,
KR6033631F63,,NO_MARKET_DATA,
KR6033631G21,,NO_MARKET_DATA,
KR6033631G62,,NO_MARKET_DATA,
KR6033632C16,,NO_MARKET_DATA,
KR6033632DA5,,NO_MARKET_DATA,
KR6033632E14,,NO_MARKET_DATA,
KR6064291DC8,,NO_MARKET_DATA,
KR6064291FB5,,NO_MARKET_DATA,
KR6064311899,,NO_MARKET_DATA,
KR6065901EC9,,NO_MARKET_DATA,
KR6065901F19,,NO_MARKET_DATA,
KR6065901F27,,NO_MARKET_DATA,
KR6065901F43,,NO_MARKET_DATA,
KR6065901F50,,NO_MARKET_DATA,
KR6065901F68,,NO_MARKET_DATA,
KR6065901F76,,NO_MARKET_DATA,
KR6065901F84,,NO_MARKET_DATA,
KR6065901FA0,,NO_MARKET_DATA,
KR6065901FB8,,NO_MARKET_DATA,
KR6092473F52,,NO_MARKET_DATA,
KR6066561863,,NO_MARKET_DATA,
KR6066561871,,NO_MARKET_DATA,
KR6066561897,,NO_MARKET_DATA,
KR6095927FC5,,NO_MARKET_DATA,
KR6095927G31,,NO_MARKET_DATA,
KR6095927G64,,NO_MARKET_DATA,
KR6095927G72,,NO_MARKET_DATA,
KR6095928968,,NO_MARKET_DATA,
KR6095928984,,NO_MARKET_DATA,
KR6095928A28,,NO_MARKET_DATA,
KR6030626C93,,NO_MARKET_DATA,
KR6030626D35,,NO_MARKET_DATA,
KR6030626E26,,NO_MARKET_DATA,
KR6030626E34,,NO_MARKET_DATA,
KR6030626E42,,NO_MARKET_DATA,
KR6030626E83,,NO_MARKET_DATA,
KR6030626E91,,NO_MARKET_DATA,
KR6030626EA8,,NO_MARKET_DATA,
KR6030626EB6,,NO_MARKET_DATA,
KR6048531G79,,NO_MARKET_DATA,
KR6048711EA8,0.1730179311135563,CALCULATED,저민감
KR6019455F40,,NO_MARKET_DATA,
KR6023766G78,,NO_MARKET_DATA,
KR6023767E12,,NO_MARKET_DATA,
KR6023767E87,,NO_MARKET_DATA,
KR6023767F37,,NO_MARKET_DATA,
KR6023767G28,,NO_MARKET_DATA,
KR6023767G44,,NO_MARKET_DATA,
KR6023767G69,,NO_MARKET_DATA,
KR6023767G77,,NO_MARKET_DATA,
KR6023768D53,,NO_MARKET_DATA,
KR6023768G27,,NO_MARKET_DATA,
KR6032714F57,,NO_MARKET_DATA,
KR6032714F65,,NO_MARKET_DATA,
KR6032714F73,,NO_MARKET_DATA,
KR6060281G43,,NO_MARKET_DATA,
KR6060311EC6,,NO_MARKET_DATA,
KR6060371FC7,,NO_MARKET_DATA,
KR6060721F91,,NO_MARKET_DATA,
KR6060901E29,,NO_MARKET_DATA,
KR6060901FA5,,NO_MARKET_DATA,
KR6060901G68,,NO_MARKET_DATA,
KR607931DE34,,NO_MARKET_DATA,
KR6082971E77,,NO_MARKET_DATA,
KR6082971E85,,NO_MARKET_DATA,
KR6110751F97,,NO_MARKET_DATA,
KR6110752F62,,NO_MARKET_DATA,
KR6110753F61,,NO_MARKET_DATA,
KR6110754F60,,NO_MARKET_DATA,
KR6110755F69,,NO_MARKET_DATA,
KR6110792E73,,NO_MARKET_DATA,
KR6110861F45,,NO_MARKET_DATA,
KR6110981EA0,,NO_MARKET_DATA,
KR6110981F99,,NO_MARKET_DATA,
KR6064311980,,NO_MARKET_DATA,
KR60643119B3,,NO_MARKET_DATA,
KR60643119C1,,NO_MARKET_DATA,
KR6064311B69,,NO_MARKET_DATA,
KR6064311B77,,NO_MARKET_DATA,
KR6064311BB0,,NO_MARKET_DATA,
KR6086792F74,,NO_MARKET_DATA,
KR6086792F90,,NO_MARKET_DATA,
KR6086792FA8,,NO_MARKET_DATA,
KR6086792FC4,,NO_MARKET_DATA,
KR6092473F86,,NO_MARKET_DATA,
KR6092473G10,,NO_MARKET_DATA,
KR6092473G77,,NO_MARKET_DATA,
KR6092474EA8,,NO_MARKET_DATA,
KR6092474F51,,NO_MARKET_DATA,
KR6092475EA5,,NO_MARKET_DATA,
KR6092781E50,,NO_MARKET_DATA,
KR6092781E92,,NO_MARKET_DATA,
KR6092781F59,,NO_MARKET_DATA,
KR6092781FA3,,NO_MARKET_DATA,
KR6128371F57,,NO_MARKET_DATA,
KR6095927DB2,,NO_MARKET_DATA,
KR6095927E25,,NO_MARKET_DATA,
KR6095927E41,,NO_MARKET_DATA,
KR6095927E90,,NO_MARKET_DATA,
KR6095927EA2,,NO_MARKET_DATA,
KR6095927F24,,NO_MARKET_DATA,
KR6095927F32,,NO_MARKET_DATA,
KR6095927F40,,NO_MARKET_DATA,
KR6095927F57,,NO_MARKET_DATA,
KR6095927FB7,,NO_MARKET_DATA,
KR6048711F80,,NO_MARKET_DATA,
KR6048712EA6,1.075254296753701,CALCULATED,중간
KR6048871DC8,,NO_MARKET_DATA,
KR6048911F21,,NO_MARKET_DATA,
KR6049071FA3,,NO_MARKET_DATA,
KR6049121CA3,,NO_MARKET_DATA,
KR6049121D92,,NO_MARKET_DATA,
KR6049121EC5,,NO_MARKET_DATA,
KR6049121F74,,NO_MARKET_DATA,
KR6071053A26,,NO_MARKET_DATA,
KR6071053A91,,NO_MARKET_DATA,
KR6023768G68,,NO_MARKET_DATA,
KR6030751DB4,,NO_MARKET_DATA,
KR6030751E98,,NO_MARKET_DATA,
KR6030752F39,,NO_MARKET_DATA,
KR6030752G46,,NO_MARKET_DATA,
KR6030752G61,,NO_MARKET_DATA,
KR6055551D98,,NO_MARKET_DATA,
KR6055551DA0,,NO_MARKET_DATA,
KR6055551E14,,NO_MARKET_DATA,
KR6055551E30,,NO_MARKET_DATA,
KR6055551E48,,NO_MARKET_DATA,
KR607931DE42,,NO_MARKET_DATA,
KR607931DE83,,NO_MARKET_DATA,
KR607931DG65,,NO_MARKET_DATA,
KR607931ED67,,NO_MARKET_DATA,
KR607931EDC3,,NO_MARKET_DATA,
KR607931EE33,,NO_MARKET_DATA,
KR607931EE41,,NO_MARKET_DATA,
KR607931EE82,,NO_MARKET_DATA,
KR607931EG64,,NO_MARKET_DATA,
KR6106401E90,,NO_MARKET_DATA,
KR6106551E98,,NO_MARKET_DATA,
KR6111131EB9,,NO_MARKET_DATA,
KR6148401G66,,NO_MARKET_DATA,
KR6148511F31,,NO_MARKET_DATA,
KR6148581EB2,,NO_MARKET_DATA,
KR6148721EB4,,NO_MARKET_DATA,
KR6148731F68,,NO_MARKET_DATA,
KR6148751G39,,NO_MARKET_DATA,
KR6148771EB9,,NO_MARKET_DATA,
KR6148861EB8,,NO_MARKET_DATA,
KR6148861F60,,NO_MARKET_DATA,
KR6148861G44,,NO_MARKET_DATA,
KR6086792G40,,NO_MARKET_DATA,
KR6086792G65,,NO_MARKET_DATA,
KR60867936A1,,NO_MARKET_DATA,
KR60867937C5,,NO_MARKET_DATA,
KR6086793819,,NO_MARKET_DATA,
KR6086793B69,,NO_MARKET_DATA,
KR6121321G52,,NO_MARKET_DATA,
KR6121341F42,,NO_MARKET_DATA,
KR6121381EB8,,NO_MARKET_DATA,
KR6205493FA9,,NO_MARKET_DATA,
KR6128821C56,,NO_MARKET_DATA,
KR6209751G54,,NO_MARKET_DATA,
KR6209871EB3,,NO_MARKET_DATA,
KR6209901FB5,,NO_MARKET_DATA,
KR6209921D94,,NO_MARKET_DATA,
KR6209921F50,,NO_MARKET_DATA,
KR6209921FB3,,NO_MARKET_DATA,
KR6065904B93,,NO_MARKET_DATA,
KR6065904BB1,,NO_MARKET_DATA,
KR6065904C19,,NO_MARKET_DATA,
KR6065904C35,,NO_MARKET_DATA,
KR6140171G53,,NO_MARKET_DATA,
KR6140171G61,,NO_MARKET_DATA,
KR6140171G79,,NO_MARKET_DATA,
KR6174145EA5,,NO_MARKET_DATA,
KR6174145EC1,,NO_MARKET_DATA,
KR6030622F52,,NO_MARKET_DATA,
KR6030622F60,,NO_MARKET_DATA,
KR6046297G10,,NO_MARKET_DATA,
KR6046297G28,,NO_MARKET_DATA,
KR6046297G51,,NO_MARKET_DATA,
KR6046297G77,,NO_MARKET_DATA,
KR6071842G42,,NO_MARKET_DATA,
KR6071951E90,,NO_MARKET_DATA,
KR6097246G56,,NO_MARKET_DATA,
KR6097246G64,,NO_MARKET_DATA,
KR6097246G72,,NO_MARKET_DATA,
KR6097247A36,,NO_MARKET_DATA,
KR614017CEB6,,NO_MARKET_DATA,
KR6097247B92,,NO_MARKET_DATA,
KR6097247D58,,NO_MARKET_DATA,
KR6097247E81,,NO_MARKET_DATA,
KR6055551E55,,NO_MARKET_DATA,
KR6055551E71,,NO_MARKET_DATA,
KR6055551E89,,NO_MARKET_DATA,
KR6055551E97,,NO_MARKET_DATA,
KR6055551EA8,,NO_MARKET_DATA,
KR6055551EB6,,NO_MARKET_DATA,
KR6079161C75,,EXCLUDED_OPTION,
KR6079161F56,,NO_MARKET_DATA,
KR6079161F72,0.4220824822971513,CALCULATED,저민감
KR6079161F98,,NO_MARKET_DATA,
KR6106551FB2,,NO_MARKET_DATA,
KR6106552F62,,NO_MARKET_DATA,
KR6106553F61,,NO_MARKET_DATA,
KR6106554F60,,NO_MARKET_DATA,
KR6106555F69,,NO_MARKET_DATA,
KR6106571G43,,NO_MARKET_DATA,
KR6106611E96,,NO_MARKET_DATA,
KR6106741EA4,,NO_MARKET_DATA,
KR6106741EB2,,NO_MARKET_DATA,
KR6145991F36,,NO_MARKET_DATA,
KR6145992A30,,NO_MARKET_DATA,
KR6195261F91,,NO_MARKET_DATA,
KR6195262F66,,NO_MARKET_DATA,
KR6195263F65,,NO_MARKET_DATA,
KR6195264F64,,NO_MARKET_DATA,
KR6195265F63,,NO_MARKET_DATA,
KR6195371E99,,NO_MARKET_DATA,
KR6195371F49,,NO_MARKET_DATA,
KR6029698E21,,NO_MARKET_DATA,
KR6029698E47,,NO_MARKET_DATA,
KR6029698F12,,NO_MARKET_DATA,
KR6032719DA1,,NO_MARKET_DATA,
KR6205493FB7,,NO_MARKET_DATA,
KR6205493FC5,,NO_MARKET_DATA,
KR6205493G22,,NO_MARKET_DATA,
KR6205493G30,,NO_MARKET_DATA,
KR6205493G48,,NO_MARKET_DATA,
KR60649822B6,,NO_MARKET_DATA,
KR6089862F16,,NO_MARKET_DATA,
KR6089862F73,,NO_MARKET_DATA,
KR6089863B27,,NO_MARKET_DATA,
KR6089863B92,,NO_MARKET_DATA,
KR6089981D55,,NO_MARKET_DATA,
KR6095234F63,,NO_MARKET_DATA,
KR6095234F71,,NO_MARKET_DATA,
KR6095234F97,,NO_MARKET_DATA,
KR6095234FB8,,NO_MARKET_DATA,
KR6095234FC6,,NO_MARKET_DATA,
KR6095234G21,,NO_MARKET_DATA,
KR6095234G47,,NO_MARKET_DATA,
KR6095234G70,,NO_MARKET_DATA,
KR6095235EB8,,NO_MARKET_DATA,
KR6095235F13,,NO_MARKET_DATA,
KR6174144G56,,NO_MARKET_DATA,
KR6174144G64,,NO_MARKET_DATA,
KR6174144G72,,NO_MARKET_DATA,
KR6017942E79,,NO_MARKET_DATA,
KR6021968FC8,,NO_MARKET_DATA,
KR6174145D58,,NO_MARKET_DATA,
KR6174145D74,,NO_MARKET_DATA,
KR6174145E24,,NO_MARKET_DATA,
KR6174145E40,,NO_MARKET_DATA,
KR6174145E65,,NO_MARKET_DATA,
KR6174145E73,,NO_MARKET_DATA,
KR6097247E99,,NO_MARKET_DATA,
KR6097247EA3,,NO_MARKET_DATA,
KR6097247EB1,,NO_MARKET_DATA,
KR614017CD88,,NO_MARKET_DATA,
KR614017CE12,,NO_MARKET_DATA,
KR614017CE53,,NO_MARKET_DATA,
KR614017CEA8,,NO_MARKET_DATA,
KR614017CEC4,,NO_MARKET_DATA,
KR614017CF45,,NO_MARKET_DATA,
KR614017CF78,,NO_MARKET_DATA,
KR6079161FC1,,NO_MARKET_DATA,
KR6079161G48,,NO_MARKET_DATA,
KR6079161G55,,NO_MARKET_DATA,
KR6079162AA4,,NO_MARKET_DATA,
KR6079162BC8,,NO_MARKET_DATA,
KR6079162E31,,NO_MARKET_DATA,
KR6097952C13,,NO_MARKET_DATA,
KR6097952D20,,NO_MARKET_DATA,
KR6097952E11,,NO_MARKET_DATA,
KR6097952F44,,NO_MARKET_DATA,
KR6145992C20,,NO_MARKET_DATA,
KR6145992F35,,NO_MARKET_DATA,
KR6146061G61,,NO_MARKET_DATA,
KR6146101F98,,NO_MARKET_DATA,
KR6146131D94,,NO_MARKET_DATA,
KR6146131F68,,NO_MARKET_DATA,
KR6146161FA4,,NO_MARKET_DATA,
KR6146291F31,,NO_MARKET_DATA,
KR6146321F27,,NO_MARKET_DATA,
KR6193381F34,,NO_MARKET_DATA,
KR6193381FB8,,NO_MARKET_DATA,
KR6032719DB9,,NO_MARKET_DATA,
KR6032719DC7,,NO_MARKET_DATA,
KR6152252E11,,NO_MARKET_DATA,
KR6152252EA5,,NO_MARKET_DATA,
KR6152252F28,,NO_MARKET_DATA,
KR6152252F93,,NO_MARKET_DATA,
KR6152252G27,,NO_MARKET_DATA,
KR6153581F51,,NO_MARKET_DATA,
KR6153581G35,,NO_MARKET_DATA,
KR6198781F54,,NO_MARKET_DATA,
KR6198831FB7,,NO_MARKET_DATA,
KR6089981FA4,,NO_MARKET_DATA,
KR6089981G52,,NO_MARKET_DATA,
KR6090151D81,,NO_MARKET_DATA,
KR6090151E23,,NO_MARKET_DATA,
KR6090151E56,,NO_MARKET_DATA,
KR6125101F50,,NO_MARKET_DATA,
KR6125201F42,,NO_MARKET_DATA,
KR6125211E90,,NO_MARKET_DATA,
KR6125211G64,,NO_MARKET_DATA,
KR6125221F48,,NO_MARKET_DATA,
KR6125311EA3,,NO_MARKET_DATA,
KR6169373G33,,NO_MARKET_DATA,
KR6210121G55,,NO_MARKET_DATA,
KR6133371G56,,NO_MARKET_DATA,
KR6133401F93,,NO_MARKET_DATA,
KR6133401G68,,NO_MARKET_DATA,
KR6133481F47,,NO_MARKET_DATA,
KR6133481F96,,NO_MARKET_DATA,
KR6133541F94,,NO_MARKET_DATA,
KR6133541G44,,NO_MARKET_DATA,
KR6133822D70,,NO_MARKET_DATA,
KR6133931FB3,,NO_MARKET_DATA,
KR6019453E50,,NO_MARKET_DATA,
KR6019453E76,,NO_MARKET_DATA,
KR6019453E84,,NO_MARKET_DATA,
KR6019453E92,,NO_MARKET_DATA,
KR60228J9G85,,NO_MARKET_DATA,
KR60228JAG83,,NO_MARKET_DATA,
KR60228JBG82,,NO_MARKET_DATA,
KR60228JCG81,,NO_MARKET_DATA,
KR60228JDG80,,NO_MARKET_DATA,
KR60228JEG89,,NO_MARKET_DATA,
KR614017CFC1,,NO_MARKET_DATA,
KR614017CG51,,NO_MARKET_DATA,
KR6176944F62,,NO_MARKET_DATA,
KR6176944F70,,NO_MARKET_DATA,
KR6176944F96,,NO_MARKET_DATA,
KR6176944FB4,,NO_MARKET_DATA,
KR6176944FC2,,NO_MARKET_DATA,
KR6176944G46,,NO_MARKET_DATA,
KR6176944G53,,NO_MARKET_DATA,
KR6176944G61,,NO_MARKET_DATA,
KR6176945D97,,NO_MARKET_DATA,
KR6097952G19,,NO_MARKET_DATA,
KR6097953B47,,NO_MARKET_DATA,
KR6097953B96,,NO_MARKET_DATA,
KR6097953C12,,NO_MARKET_DATA,
KR6097954913,,NO_MARKET_DATA,
KR6097991E63,,NO_MARKET_DATA,
KR6142851F65,,NO_MARKET_DATA,
KR6142881E86,,NO_MARKET_DATA,
KR6142951F23,,NO_MARKET_DATA,
KR6142951F64,,NO_MARKET_DATA,
KR6142951FB0,,NO_MARKET_DATA,
KR6193391E33,,NO_MARKET_DATA,
KR6193421F36,,NO_MARKET_DATA,
KR6193422F68,,NO_MARKET_DATA,
KR6032712EA4,,NO_MARKET_DATA,
KR6032712EB2,,NO_MARKET_DATA,
KR6032712EC0,,NO_MARKET_DATA,
KR6032712F18,,NO_MARKET_DATA,
KR6032712F26,,NO_MARKET_DATA,
KR6032712F34,,NO_MARKET_DATA,
KR6145767F79,,NO_MARKET_DATA,
KR6145767F95,,NO_MARKET_DATA,
KR6198861E33,,NO_MARKET_DATA,
KR6198911FB7,,NO_MARKET_DATA,
KR6198921FB6,,NO_MARKET_DATA,
KR6198941F36,,NO_MARKET_DATA,
KR6198941F51,,NO_MARKET_DATA,
KR6198941F69,,NO_MARKET_DATA,
KR6198941G50,,NO_MARKET_DATA,
KR6199001F56,,NO_MARKET_DATA,
KR6199011F54,,NO_MARKET_DATA,
KR6019808E86,,NO_MARKET_DATA,
KR6019808E94,,NO_MARKET_DATA,
KR6125311F56,,NO_MARKET_DATA,
KR6125401D91,,NO_MARKET_DATA,
KR6125401F40,,NO_MARKET_DATA,
KR6125401G49,,NO_MARKET_DATA,
KR6125611F38,,NO_MARKET_DATA,
KR6165691F94,,NO_MARKET_DATA,
KR6165741F94,,NO_MARKET_DATA,
KR6165811F40,,NO_MARKET_DATA,
KR6165811F99,,NO_MARKET_DATA,
KR6165831DB1,,NO_MARKET_DATA,
KR6165841G43,,NO_MARKET_DATA,
KR6133931FC1,,NO_MARKET_DATA,
KR6133931G67,,NO_MARKET_DATA,
KR6169373G41,,NO_MARKET_DATA,
KR6169373G58,,NO_MARKET_DATA,
KR6169373G66,,NO_MARKET_DATA,
KR6169373G74,,NO_MARKET_DATA,
KR6169374B94,,NO_MARKET_DATA,
KR6169374D50,,NO_MARKET_DATA,
KR6169374D92,,NO_MARKET_DATA,
KR6169374E83,,NO_MARKET_DATA,
KR6169374E91,,NO_MARKET_DATA,
KR60180S1G46,,NO_MARKET_DATA,
KR6021968F46,,NO_MARKET_DATA,
KR6021968F61,,NO_MARKET_DATA,
KR6021968F79,,NO_MARKET_DATA,
KR6021968F87,,NO_MARKET_DATA,
KR6021968G11,,NO_MARKET_DATA,
KR6021968G29,,NO_MARKET_DATA,
KR6021968G37,,NO_MARKET_DATA,
KR6021968G45,,NO_MARKET_DATA,
KR6021968G52,,NO_MARKET_DATA,
KR6021969CC3,,NO_MARKET_DATA,
KR6176945E13,,NO_MARKET_DATA,
KR6176945F38,,NO_MARKET_DATA,
KR6019455F57,,NO_MARKET_DATA,
KR6019455F65,,NO_MARKET_DATA,
KR6019455F73,,NO_MARKET_DATA,
KR6019455F81,,NO_MARKET_DATA,
KR6019455F99,,NO_MARKET_DATA,
KR6019455FA4,,NO_MARKET_DATA,
KR617414BG47,,NO_MARKET_DATA,
KR617414BG70,,NO_MARKET_DATA,
KR6143441G69,,NO_MARKET_DATA,
KR6143761F54,,NO_MARKET_DATA,
KR6023784CB6,,NO_MARKET_DATA,
KR6023784D95,,NO_MARKET_DATA,
KR6023784DA6,,NO_MARKET_DATA,
KR6023784E11,,NO_MARKET_DATA,
KR6023784E29,,NO_MARKET_DATA,
KR6023784E37,,NO_MARKET_DATA,
KR6101531G35,,NO_MARKET_DATA,
KR6102121E80,,NO_MARKET_DATA,
KR6102122E89,,NO_MARKET_DATA,
KR6145767FC5,,NO_MARKET_DATA,
KR6145767G45,,NO_MARKET_DATA,
KR61457689C6,,NO_MARKET_DATA,
KR6145768D13,,NO_MARKET_DATA,
KR6189011EB0,,NO_MARKET_DATA,
KR6189031E94,,NO_MARKET_DATA,
KR6189031EB8,,NO_MARKET_DATA,
KR6189091EB2,,NO_MARKET_DATA,
KR6189111EB8,,NO_MARKET_DATA,
KR6189121EB7,,NO_MARKET_DATA,
KR6189131F92,,NO_MARKET_DATA,
KR6019808EA7,,NO_MARKET_DATA,
KR6019808EB5,,NO_MARKET_DATA,
KR6019808EC3,,NO_MARKET_DATA,
KR6019808F10,,NO_MARKET_DATA,
KR6019808F28,,NO_MARKET_DATA,
KR6019808F44,,NO_MARKET_DATA,
KR6019808F51,,NO_MARKET_DATA,
KR6019808F69,,NO_MARKET_DATA,
KR6029698G78,,NO_MARKET_DATA,
KR6029699E46,,NO_MARKET_DATA,
KR6029699F11,,NO_MARKET_DATA,
KR6165851EA9,,NO_MARKET_DATA,
KR6165861F64,,NO_MARKET_DATA,
KR6166261869,,NO_MARKET_DATA,
KR6166261B96,,NO_MARKET_DATA,
KR6166261C38,,NO_MARKET_DATA,
KR6205494BA6,,NO_MARKET_DATA,
KR6205494D99,,NO_MARKET_DATA,
KR6205494DA2,,NO_MARKET_DATA,
KR6205494DB0,,NO_MARKET_DATA,
KR6205494E23,,NO_MARKET_DATA,
KR6205494E31,,NO_MARKET_DATA,
KR6169374EA8,,NO_MARKET_DATA,
KR6210121F15,,NO_MARKET_DATA,
KR6210123EC4,,NO_MARKET_DATA,
KR6210321E30,,NO_MARKET_DATA,
KR6210521F11,,NO_MARKET_DATA,
KR62105224C6,,NO_MARKET_DATA,
KR6210522F10,,NO_MARKET_DATA,
KR6210981F30,,NO_MARKET_DATA,
KR6210981F48,,NO_MARKET_DATA,
KR6210982F39,,NO_MARKET_DATA,
KR6210982F47,,NO_MARKET_DATA,
KR60228JFG88,,NO_MARKET_DATA,
KR60228JGG87,,NO_MARKET_DATA,
KR6030622G85,,NO_MARKET_DATA,
KR60681738B3,,NO_MARKET_DATA,
KR60228JHG86,,NO_MARKET_DATA,
KR6030622F78,,NO_MARKET_DATA,
KR6030622F86,,NO_MARKET_DATA,
KR6030622F94,,NO_MARKET_DATA,
KR6030622FA4,,NO_MARKET_DATA,
KR6030622FC0,,NO_MARKET_DATA,
KR617414CE71,,NO_MARKET_DATA,
KR617414CE89,,NO_MARKET_DATA,
KR617414CE97,,NO_MARKET_DATA,
KR617414CF47,,NO_MARKET_DATA,
KR6046292G72,,NO_MARKET_DATA,
KR6066572738,,NO_MARKET_DATA,
KR60665727B6,,NO_MARKET_DATA,
KR6066572811,,NO_MARKET_DATA,
KR6066572837,,NO_MARKET_DATA,
KR6066572852,,NO_MARKET_DATA,
KR6102371C97,,NO_MARKET_DATA,
KR6102461EA3,,NO_MARKET_DATA,
KR6102601E71,,NO_MARKET_DATA,
KR6145763EC7,,NO_MARKET_DATA,
KR6145763F16,,NO_MARKET_DATA,
KR6145763F24,,NO_MARKET_DATA,
KR6145763F32,,NO_MARKET_DATA,
KR6145763F40,,NO_MARKET_DATA,
KR6145763F65,,NO_MARKET_DATA,
KR6145763F73,,NO_MARKET_DATA,
KR6145763F81,,NO_MARKET_DATA,
KR6189191EB0,,NO_MARKET_DATA,
KR6189301F96,,NO_MARKET_DATA,
KR6189981F85,,NO_MARKET_DATA,
KR6190371E90,,NO_MARKET_DATA,
KR6019802G31,,NO_MARKET_DATA,
KR6019802G49,,NO_MARKET_DATA,
KR6019802G56,,NO_MARKET_DATA,
KR6019802G64,,NO_MARKET_DATA,
KR6019802G72,,NO_MARKET_DATA,
KR6019803E32,,NO_MARKET_DATA,
KR6019803E40,,NO_MARKET_DATA,
KR602969AE41,,NO_MARKET_DATA,
KR602969AF16,,NO_MARKET_DATA,
KR602969BE40,,NO_MARKET_DATA,
KR602969BF15,,NO_MARKET_DATA,
KR602969CE49,,NO_MARKET_DATA,
KR602969DE48,0.6794739860634467,CALCULATED,중간
KR6029781996,,NO_MARKET_DATA,
KR60297819C5,,NO_MARKET_DATA,
KR6032719EC5,,NO_MARKET_DATA,
KR6032719F37,,NO_MARKET_DATA,
KR6032719F45,,NO_MARKET_DATA,
KR6205494E49,,NO_MARKET_DATA,
KR6205494E64,,NO_MARKET_DATA,
KR6205494E80,,NO_MARKET_DATA,
KR6205494E98,,NO_MARKET_DATA,
KR6205494EA0,,NO_MARKET_DATA,
KR60209KBG66,,NO_MARKET_DATA,
KR60209KCG65,,NO_MARKET_DATA,
KR60209KDG64,,NO_MARKET_DATA,
KR60209KEG63,,NO_MARKET_DATA,
KR60209KFG62,,NO_MARKET_DATA,
KR6021831G24,,NO_MARKET_DATA,
KR6021831G32,,NO_MARKET_DATA,
KR6021831G40,,NO_MARKET_DATA,
KR6021831G57,,NO_MARKET_DATA,
KR6021831G65,,NO_MARKET_DATA,
KR6021832F24,,NO_MARKET_DATA,
KR6021832F99,,NO_MARKET_DATA,
KR6021832G23,,NO_MARKET_DATA,
KR6021832G31,,NO_MARKET_DATA,
KR6021832G56,,NO_MARKET_DATA,
KR6021833F23,,NO_MARKET_DATA,
KR6039492E51,,NO_MARKET_DATA,
KR6039492E93,,NO_MARKET_DATA,
KR6039492F43,,NO_MARKET_DATA,
KR6039492F92,,NO_MARKET_DATA,
KR606590QEA4,,NO_MARKET_DATA,
KR606590REA2,,NO_MARKET_DATA,
KR6065951B87,,NO_MARKET_DATA,
KR6065951F91,,NO_MARKET_DATA,
KR6066561731,,NO_MARKET_DATA,
KR6066561780,,NO_MARKET_DATA,
KR60665617B9,,NO_MARKET_DATA,
KR6066572A28,,NO_MARKET_DATA,
KR6066572B50,,NO_MARKET_DATA,
KR6066572D33,,NO_MARKET_DATA,
KR6066572G55,,NO_MARKET_DATA,
KR6066573744,,NO_MARKET_DATA,
KR6097241F11,,NO_MARKET_DATA,
KR6097241F29,,NO_MARKET_DATA,
KR6097241F37,,NO_MARKET_DATA,
KR6097241F45,,NO_MARKET_DATA,
KR6097241F52,,NO_MARKET_DATA,
KR6145763F99,,NO_MARKET_DATA,
KR6145763FA8,,NO_MARKET_DATA,
KR6145763FC4,,NO_MARKET_DATA,
KR6184231E51,,NO_MARKET_DATA,
KR6184231FC4,,NO_MARKET_DATA,
KR6184251E98,,NO_MARKET_DATA,
KR6184351F47,,NO_MARKET_DATA,
KR6184371E93,,NO_MARKET_DATA,
KR6184371G59,,NO_MARKET_DATA,
KR6184391E99,,NO_MARKET_DATA,
KR6184421FA5,,NO_MARKET_DATA,
KR6019803E57,,NO_MARKET_DATA,
KR6019803E65,,NO_MARKET_DATA,
KR6023962FC9,,NO_MARKET_DATA,
KR6019803E81,,NO_MARKET_DATA,
KR6019803EA8,,NO_MARKET_DATA,
KR602378BD79,,NO_MARKET_DATA,
KR602378BD95,,NO_MARKET_DATA,
KR602378BDB0,,NO_MARKET_DATA,
KR602378BG68,,NO_MARKET_DATA,
KR602378CG67,,NO_MARKET_DATA,
KR602378DG66,,NO_MARKET_DATA,
KR6032719F52,,NO_MARKET_DATA,
KR6032719F78,,NO_MARKET_DATA,
KR6032719FA6,,NO_MARKET_DATA,
KR6032719FB4,,NO_MARKET_DATA,
KR603271AA38,,NO_MARKET_DATA,
KR603271AA61,,NO_MARKET_DATA,
KR603271AAA6,,NO_MARKET_DATA,
KR603271ABA4,,NO_MARKET_DATA,
KR6063323DA4,,NO_MARKET_DATA,
KR6063323DB2,,NO_MARKET_DATA,
KR6063323E31,,NO_MARKET_DATA,
KR60209KGG61,,NO_MARKET_DATA,
KR60209KHG60,,NO_MARKET_DATA,
KR60209KJG68,,NO_MARKET_DATA,
KR60209KKG65,,NO_MARKET_DATA,
KR6029786E81,,NO_MARKET_DATA,
KR6029786E99,,NO_MARKET_DATA,
KR6029786EA3,,NO_MARKET_DATA,
KR6029786EB1,,NO_MARKET_DATA,
KR6029786EC9,,NO_MARKET_DATA,
KR6029786F15,,NO_MARKET_DATA,
KR6029882F67,,NO_MARKET_DATA,
KR6029882F75,,NO_MARKET_DATA,
KR6029882F83,,NO_MARKET_DATA,
KR6029882F91,,NO_MARKET_DATA,
KR6029882FA7,,NO_MARKET_DATA,
KR6029882FB5,,NO_MARKET_DATA,
KR6029882FC3,,NO_MARKET_DATA,
KR6029882G17,,NO_MARKET_DATA,
KR6029882G33,,NO_MARKET_DATA,
KR6029882G58,,NO_MARKET_DATA,
KR6029882G66,,NO_MARKET_DATA,
KR6030622G10,,NO_MARKET_DATA,
KR6030622G36,,NO_MARKET_DATA,
KR6030622G51,,NO_MARKET_DATA,
KR6030622G69,,NO_MARKET_DATA,
KR6030622G77,,NO_MARKET_DATA,
KR6046298G50,,NO_MARKET_DATA,
KR6046298G76,,NO_MARKET_DATA,
KR6046299F19,,NO_MARKET_DATA,
KR6046299F27,,NO_MARKET_DATA,
KR6046299FA3,,NO_MARKET_DATA,
KR6046299FB1,,NO_MARKET_DATA,
KR6097241F60,,NO_MARKET_DATA,
KR6097241F78,,NO_MARKET_DATA,
KR6097241F86,,NO_MARKET_DATA,
KR6097241F94,,NO_MARKET_DATA,
KR6097241FA3,,NO_MARKET_DATA,
KR6140174EB4,,NO_MARKET_DATA,
KR6140174EC2,,NO_MARKET_DATA,
KR6140174F28,,NO_MARKET_DATA,
KR6140174F44,,NO_MARKET_DATA,
KR6140174F51,,NO_MARKET_DATA,
KR6184501E96,,NO_MARKET_DATA,
KR6184501F95,,NO_MARKET_DATA,
KR6184531G56,,NO_MARKET_DATA,
KR60194HYG53,,NO_MARKET_DATA,
KR60194HZG52,,NO_MARKET_DATA,
KR6019541EA4,,NO_MARKET_DATA,
KR6019571E40,,NO_MARKET_DATA,
KR6019571E57,,NO_MARKET_DATA,
KR6019571G55,,NO_MARKET_DATA,
KR6019571G63,,NO_MARKET_DATA,
KR6019572E49,,NO_MARKET_DATA,
KR602378EG65,,NO_MARKET_DATA,
KR6023791C30,,NO_MARKET_DATA,
KR6023961FC1,,NO_MARKET_DATA,
KR6024341F97,,NO_MARKET_DATA,
KR6032712F75,,NO_MARKET_DATA,
KR6032712F83,,NO_MARKET_DATA,
KR6032712F91,,NO_MARKET_DATA,
KR6032712FA1,,NO_MARKET_DATA,
KR6032712FB9,,NO_MARKET_DATA,
KR6032712FC7,,NO_MARKET_DATA,
KR6032712G17,,NO_MARKET_DATA,
KR6063323E56,,NO_MARKET_DATA,
KR6063323E64,,NO_MARKET_DATA,
KR6063324836,,NO_MARKET_DATA,
KR6063324A42,,NO_MARKET_DATA,
KR6063324C40,,NO_MARKET_DATA,
KR6063324E30,,NO_MARKET_DATA,
KR6063325A41,,NO_MARKET_DATA,
KR6083181EB8,,NO_MARKET_DATA,
KR6083421F96,,NO_MARKET_DATA,
KR6083471DB5,,NO_MARKET_DATA,
KR6083471E47,,NO_MARKET_DATA,
KR6029786F23,,NO_MARKET_DATA,
KR6029786F31,,NO_MARKET_DATA,
KR6029786F49,,NO_MARKET_DATA,
KR6029786F56,,NO_MARKET_DATA,
KR6029786F64,,NO_MARKET_DATA,
KR6033663F56,,NO_MARKET_DATA,
KR6033663F72,,NO_MARKET_DATA,
KR6033663F80,,NO_MARKET_DATA,
KR6033663F98,,NO_MARKET_DATA,
KR6033663FC1,,NO_MARKET_DATA,
