date,treasury_3y,treasury_5y,treasury_10y,corporate_aa_3y,base_rate,yield_spread,credit_spread,policy_spread
2015-01-02,2.135,2.322,2.66,2.464,2.0,0.5250000000000004,0.3290000000000002,0.1349999999999998
2015-01-05,2.118,2.292,2.622,2.446,2.0,0.504,0.3280000000000003,0.11799999999999988
2015-01-06,2.079,2.234,2.555,2.408,2.0,0.476,0.32899999999999974,0.07900000000000018
2015-01-07,2.076,2.236,2.56,2.408,2.0,0.484,0.33199999999999985,0.07600000000000007
2015-01-08,2.072,2.229,2.552,2.403,2.0,0.48,0.33099999999999996,0.07200000000000006
2015-01-09,2.056,2.221,2.536,2.391,2.0,0.48,0.33499999999999996,0.05600000000000005
2015-01-12,2.006,2.152,2.449,2.339,2.0,0.44300000000000006,0.3330000000000002,0.005999999999999783
2015-01-13,2.024,2.156,2.433,2.343,2.0,0.4089999999999998,0.31899999999999995,0.02400000000000002
2015-01-14,1.974,2.089,2.369,2.296,2.0,0.39500000000000024,0.32199999999999984,-0.026000000000000023
2015-01-15,2.044,2.171,2.45,2.362,2.0,0.40600000000000014,0.31800000000000006,0.04400000000000004
2015-01-16,2.012,2.098,2.344,2.33,2.0,0.33199999999999985,0.31800000000000006,0.01200000000000001
2015-01-19,2.038,2.13,2.385,2.359,2.0,0.347,0.3210000000000002,0.03799999999999981
2015-01-20,2.031,2.122,2.36,2.346,2.0,0.32899999999999974,0.31499999999999995,0.03100000000000014
2015-01-21,2.045,2.148,2.372,2.361,2.0,0.32699999999999996,0.3160000000000003,0.04499999999999993
2015-01-22,2.063,2.175,2.405,2.377,2.0,0.34199999999999964,0.3139999999999996,0.06300000000000017
2015-01-23,2.027,2.125,2.329,2.333,2.0,0.30200000000000005,0.30600000000000005,0.027000000000000135
2015-01-26,2.024,2.11,2.3,2.322,2.0,0.2759999999999998,0.29800000000000004,0.02400000000000002
2015-01-27,2.029,2.108,2.3,2.325,2.0,0.2709999999999999,0.29600000000000026,0.028999999999999915
2015-01-28,2.004,2.079,2.259,2.303,2.0,0.2549999999999999,0.29899999999999993,0.0040000000000000036
2015-01-29,1.998,2.067,2.227,2.296,2.0,0.22899999999999987,0.2979999999999998,-0.0020000000000000018
2015-01-30,1.97,2.048,2.24,2.274,2.0,0.27000000000000024,0.30400000000000005,-0.030000000000000027
2015-02-02,1.985,2.055,2.245,2.28,2.0,0.26,0.2949999999999997,-0.014999999999999902
2015-02-03,1.935,2.005,2.211,2.241,2.0,0.2759999999999998,0.30600000000000005,-0.06499999999999995
2015-02-04,1.961,2.04,2.249,2.258,2.0,0.28800000000000003,0.29699999999999993,-0.038999999999999924
2015-02-05,1.975,2.057,2.278,2.266,2.0,0.30299999999999994,0.2909999999999999,-0.02499999999999991
2015-02-06,1.962,2.05,2.273,2.251,2.0,0.31100000000000017,0.2889999999999999,-0.038000000000000034
2015-02-09,1.977,2.075,2.295,2.264,2.0,0.31799999999999984,0.2869999999999997,-0.02299999999999991
2015-02-10,2.056,2.156,2.356,2.321,2.0,0.2999999999999998,0.2650000000000001,0.05600000000000005
2015-02-11,2.051,2.149,2.352,2.318,2.0,0.3009999999999997,0.2669999999999999,0.051000000000000156
2015-02-12,2.075,2.175,2.406,2.34,2.0,0.33099999999999996,0.2649999999999997,0.07500000000000018
2015-02-13,2.05,2.155,2.4,2.321,2.0,0.3500000000000001,0.27100000000000035,0.04999999999999982
2015-02-16,2.091,2.214,2.477,2.356,2.0,0.3859999999999997,0.2649999999999997,0.09100000000000019
2015-02-17,2.054,2.149,2.383,2.323,2.0,0.3290000000000002,0.26900000000000013,0.053999999999999826
2015-02-23,2.061,2.167,2.426,2.332,2.0,0.3650000000000002,0.2709999999999999,0.06099999999999994
2015-02-24,2.063,2.171,2.434,2.334,2.0,0.371,0.2709999999999999,0.06300000000000017
2015-02-25,2.037,2.131,2.375,2.307,2.0,0.3380000000000001,0.27,0.03699999999999992
2015-02-26,2.04,2.125,2.366,2.302,2.0,0.32600000000000007,0.262,0.040000000000000036
2015-02-27,2.034,2.103,2.353,2.291,2.0,0.3190000000000004,0.2570000000000001,0.03399999999999981
2015-03-02,2.0,2.076,2.33,2.263,2.0,0.33000000000000007,0.2629999999999999,0.0
2015-03-03,1.99,2.087,2.352,2.258,2.0,0.3619999999999999,0.268,-0.010000000000000009
2015-03-04,1.98,2.089,2.367,2.25,2.0,0.387,0.27,-0.020000000000000018
2015-03-05,1.978,2.074,2.355,2.246,2.0,0.377,0.268,-0.02200000000000002
2015-03-06,1.943,2.037,2.329,2.214,2.0,0.3860000000000001,0.2709999999999999,-0.05699999999999994
2015-03-09,1.924,2.057,2.371,2.202,2.0,0.44700000000000006,0.278,-0.07600000000000007
2015-03-10,1.937,2.076,2.387,2.206,2.0,0.44999999999999996,0.2689999999999999,-0.06299999999999994
2015-03-11,1.907,2.009,2.316,2.166,2.0,0.4089999999999998,0.2589999999999999,-0.09299999999999997
2015-03-12,1.896,2.021,2.347,2.154,1.75,0.45100000000000007,0.258,0.1459999999999999
2015-03-13,1.869,2.013,2.356,2.129,1.75,0.4869999999999999,0.26,0.119
2015-03-16,1.856,1.985,2.315,2.115,1.75,0.45899999999999985,0.2590000000000001,0.1060000000000001
2015-03-17,1.872,1.994,2.319,2.126,1.75,0.44699999999999984,0.2539999999999998,0.12200000000000011
2015-03-18,1.859,1.973,2.282,2.114,1.75,0.42300000000000004,0.2549999999999999,0.10899999999999999
2015-03-19,1.825,1.926,2.212,2.083,1.75,0.38700000000000023,0.25800000000000023,0.07499999999999996
2015-03-20,1.797,1.9,2.207,2.062,1.75,0.4099999999999999,0.2649999999999999,0.04699999999999993
2015-03-23,1.793,1.891,2.194,2.058,1.75,0.401,0.2649999999999999,0.04299999999999993
2015-03-24,1.795,1.892,2.193,2.055,1.75,0.39800000000000013,0.26000000000000023,0.04499999999999993
2015-03-25,1.785,1.871,2.171,2.045,1.75,0.3859999999999999,0.26,0.03499999999999992
2015-03-26,1.779,1.871,2.178,2.043,1.75,0.399,0.26400000000000023,0.028999999999999915
2015-03-27,1.77,1.85,2.18,2.03,1.75,0.41000000000000014,0.2599999999999998,0.020000000000000018
2015-03-30,1.748,1.823,2.152,2.011,1.75,0.40400000000000014,0.2630000000000001,-0.0020000000000000018
2015-03-31,1.721,1.802,2.16,1.992,1.75,0.43900000000000006,0.2709999999999999,-0.028999999999999915
2015-04-01,1.72,1.803,2.15,1.99,1.75,0.42999999999999994,0.27,-0.030000000000000027
2015-04-02,1.721,1.797,2.119,1.988,1.75,0.39800000000000013,0.2669999999999999,-0.028999999999999915
2015-04-03,1.714,1.799,2.086,1.98,1.75,0.3719999999999999,0.266,-0.03600000000000003
2015-04-06,1.714,1.793,2.068,1.971,1.75,0.3540000000000001,0.2570000000000001,-0.03600000000000003
2015-04-07,1.721,1.807,2.104,1.975,1.75,0.383,0.254,-0.028999999999999915
2015-04-08,1.727,1.821,2.112,1.978,1.75,0.385,0.2509999999999999,-0.02299999999999991
2015-04-09,1.698,1.784,2.077,1.951,1.75,0.379,0.2530000000000001,-0.052000000000000046
2015-04-10,1.714,1.796,2.07,1.963,1.75,0.35599999999999987,0.2490000000000001,-0.03600000000000003
2015-04-13,1.732,1.831,2.103,1.975,1.75,0.3710000000000002,0.2430000000000001,-0.018000000000000016
2015-04-14,1.731,1.84,2.121,1.978,1.75,0.3899999999999999,0.2469999999999999,-0.018999999999999906
2015-04-15,1.721,1.828,2.122,1.972,1.75,0.4009999999999998,0.2509999999999999,-0.028999999999999915
2015-04-16,1.724,1.84,2.157,1.976,1.75,0.43300000000000005,0.252,-0.026000000000000023
2015-04-17,1.691,1.799,2.112,1.944,1.75,0.42100000000000004,0.2529999999999999,-0.05899999999999994
2015-04-20,1.693,1.813,2.143,1.948,1.75,0.44999999999999973,0.2549999999999999,-0.05699999999999994
2015-04-21,1.71,1.832,2.174,1.958,1.75,0.46399999999999997,0.248,-0.040000000000000036
2015-04-22,1.71,1.831,2.175,1.959,1.75,0.46499999999999986,0.2490000000000001,-0.040000000000000036
2015-04-23,1.745,1.9,2.266,1.983,1.75,0.5209999999999999,0.238,-0.004999999999999893
2015-04-24,1.771,1.929,2.285,2.008,1.75,0.5140000000000002,0.2370000000000001,0.020999999999999908
2015-04-27,1.786,1.942,2.29,2.019,1.75,0.504,0.2330000000000001,0.03600000000000003
2015-04-28,1.829,2.003,2.367,2.062,1.75,0.538,0.23299999999999987,0.07899999999999996
2015-04-29,1.842,2.025,2.38,2.079,1.75,0.5379999999999998,0.2370000000000001,0.09200000000000008
2015-04-30,1.843,2.037,2.414,2.08,1.75,0.5710000000000002,0.2370000000000001,0.09299999999999997
2015-05-04,1.896,2.103,2.486,2.131,1.75,0.5900000000000003,0.23499999999999988,0.1459999999999999
2015-05-06,1.969,2.197,2.569,2.193,1.75,0.5999999999999999,0.22399999999999998,0.21900000000000008
2015-05-07,1.966,2.214,2.551,2.189,1.75,0.5850000000000002,0.2230000000000001,0.21599999999999997
2015-05-08,1.888,2.082,2.415,2.109,1.75,0.5270000000000001,0.22100000000000009,0.1379999999999999
2015-05-11,1.876,2.111,2.46,2.103,1.75,0.5840000000000001,0.2270000000000003,0.1259999999999999
2015-05-12,1.942,2.215,2.597,2.177,1.75,0.655,0.2350000000000001,0.19199999999999995
2015-05-13,1.864,2.142,2.538,2.107,1.75,0.6739999999999997,0.2430000000000001,0.1140000000000001
2015-05-14,1.857,2.102,2.498,2.098,1.75,0.6410000000000002,0.24099999999999988,0.10699999999999998
2015-05-15,1.881,2.124,2.508,2.121,1.75,0.627,0.24,0.131
2015-05-18,1.889,2.13,2.517,2.129,1.75,0.6279999999999999,0.24,0.139
2015-05-19,1.903,2.15,2.547,2.142,1.75,0.6440000000000001,0.23899999999999988,0.15300000000000002
2015-05-20,1.878,2.113,2.495,2.119,1.75,0.6170000000000002,0.24100000000000033,0.1279999999999999
2015-05-21,1.88,2.121,2.511,2.122,1.75,0.6310000000000002,0.242,0.1299999999999999
2015-05-22,1.871,2.097,2.48,2.114,1.75,0.609,0.24299999999999988,0.121
2015-05-26,1.846,2.092,2.489,2.095,1.75,0.6429999999999998,0.2490000000000001,0.09600000000000009
2015-05-27,1.809,2.054,2.447,2.062,1.75,0.6380000000000001,0.2529999999999999,0.05899999999999994
2015-05-28,1.798,2.016,2.41,2.054,1.75,0.6120000000000001,0.2559999999999998,0.04800000000000004
2015-05-29,1.745,1.917,2.308,2.006,1.75,0.5629999999999997,0.2609999999999997,-0.004999999999999893
2015-06-01,1.746,1.941,2.343,2.008,1.75,0.597,0.262,-0.0040000000000000036
2015-06-02,1.726,1.928,2.333,1.991,1.75,0.6070000000000002,0.2650000000000001,-0.02400000000000002
2015-06-03,1.757,2.012,2.429,2.018,1.75,0.6719999999999999,0.2609999999999999,0.006999999999999895
2015-06-04,1.767,2.044,2.482,2.027,1.75,0.7150000000000003,0.26000000000000023,0.016999999999999904
2015-06-05,1.741,2.01,2.468,2.0,1.75,0.7269999999999999,0.2589999999999999,-0.008999999999999897
2015-06-08,1.729,2.024,2.483,1.993,1.75,0.754,0.264,-0.020999999999999908
2015-06-09,1.733,1.995,2.434,1.99,1.75,0.7010000000000001,0.2569999999999999,-0.016999999999999904
2015-06-10,1.773,2.026,2.465,2.011,1.75,0.692,0.2380000000000002,0.02299999999999991
2015-06-11,1.797,2.087,2.526,2.035,1.5,0.7289999999999999,0.2380000000000002,0.29699999999999993
2015-06-12,1.762,2.031,2.463,2.003,1.5,0.7010000000000001,0.2410000000000001,0.262
2015-06-15,1.764,2.04,2.5,2.0,1.5,0.736,0.236,0.264
2015-06-16,1.766,2.04,2.508,2.001,1.5,0.742,0.23499999999999988,0.266
2015-06-17,1.8,2.097,2.557,2.03,1.5,0.7569999999999999,0.22999999999999976,0.30000000000000004
2015-06-18,1.778,2.052,2.516,2.013,1.5,0.738,0.23499999999999988,0.278
2015-06-19,1.77,2.014,2.445,1.998,1.5,0.6749999999999998,0.22799999999999998,0.27
2015-06-22,1.787,2.059,2.506,2.015,1.5,0.7189999999999999,0.2280000000000002,0.2869999999999999
2015-06-23,1.795,2.057,2.48,2.02,1.5,0.685,0.2250000000000001,0.29499999999999993
2015-06-24,1.806,2.077,2.469,2.028,1.5,0.6629999999999998,0.22199999999999998,0.30600000000000005
2015-06-25,1.814,2.097,2.494,2.031,1.5,0.6800000000000002,0.21700000000000008,0.31400000000000006
2015-06-26,1.818,2.101,2.495,2.03,1.5,0.677,0.21199999999999974,0.31800000000000006
2015-06-29,1.793,2.07,2.45,2.009,1.5,0.6570000000000003,0.21599999999999997,0.2929999999999999
2015-06-30,1.793,2.07,2.451,2.007,1.5,0.6580000000000001,0.2140000000000002,0.2929999999999999
2015-07-01,1.805,2.085,2.471,2.019,1.5,0.6660000000000001,0.2140000000000002,0.30499999999999994
2015-07-02,1.828,2.134,2.53,2.042,1.5,0.7019999999999997,0.21399999999999975,0.32800000000000007
2015-07-03,1.826,2.131,2.522,2.037,1.5,0.6959999999999997,0.21099999999999985,0.32600000000000007
2015-07-06,1.829,2.094,2.465,2.033,1.5,0.6359999999999999,0.20399999999999996,0.32899999999999996
2015-07-07,1.825,2.101,2.497,2.031,1.5,0.6719999999999999,0.20600000000000018,0.32499999999999996
2015-07-08,1.807,2.073,2.469,2.015,1.5,0.6619999999999999,0.20800000000000018,0.30699999999999994
2015-07-09,1.802,2.085,2.484,2.017,1.5,0.6819999999999999,0.21499999999999986,0.30200000000000005
2015-07-10,1.806,2.104,2.502,2.023,1.5,0.6959999999999997,0.21700000000000008,0.30600000000000005
2015-07-13,1.804,2.103,2.508,2.021,1.5,0.704,0.21699999999999986,0.30400000000000005
2015-07-14,1.796,2.092,2.504,2.017,1.5,0.708,0.22099999999999986,0.29600000000000004
2015-07-15,1.795,2.082,2.495,2.015,1.5,0.7000000000000002,0.2200000000000002,0.29499999999999993
2015-07-16,1.789,2.068,2.481,2.012,1.5,0.692,0.2230000000000001,0.2889999999999999
2015-07-17,1.784,2.053,2.47,2.008,1.5,0.6860000000000002,0.22399999999999998,0.28400000000000003
2015-07-20,1.775,2.046,2.467,2.002,1.5,0.6920000000000002,0.22699999999999987,0.2749999999999999
2015-07-21,1.771,2.038,2.454,2.0,1.5,0.6830000000000003,0.2290000000000001,0.2709999999999999
2015-07-22,1.749,2.007,2.421,1.983,1.5,0.6719999999999997,0.23399999999999999,0.2490000000000001
2015-07-23,1.716,1.957,2.37,1.955,1.5,0.6540000000000001,0.2390000000000001,0.21599999999999997
2015-07-24,1.706,1.935,2.336,1.945,1.5,0.6299999999999999,0.2390000000000001,0.20599999999999996
2015-07-27,1.703,1.946,2.351,1.942,1.5,0.6479999999999999,0.23899999999999988,0.20300000000000007
2015-07-28,1.731,1.982,2.383,1.969,1.5,0.6519999999999999,0.238,0.2310000000000001
2015-07-29,1.716,1.967,2.362,1.959,1.5,0.6460000000000001,0.2430000000000001,0.21599999999999997
2015-07-30,1.735,1.993,2.39,1.979,1.5,0.655,0.244,0.2350000000000001
2015-07-31,1.768,2.031,2.428,2.01,1.5,0.6599999999999999,0.24199999999999977,0.268
2015-08-03,1.76,2.016,2.402,2.0,1.5,0.6420000000000001,0.24,0.26
2015-08-04,1.774,2.036,2.409,2.01,1.5,0.6349999999999998,0.23599999999999977,0.274
2015-08-05,1.792,2.053,2.423,2.026,1.5,0.631,0.23399999999999976,0.29200000000000004
2015-08-06,1.786,2.041,2.408,2.019,1.5,0.6219999999999999,0.2330000000000001,0.28600000000000003
2015-08-07,1.783,2.039,2.41,2.017,1.5,0.6270000000000002,0.23399999999999999,0.2829999999999999
2015-08-10,1.763,1.989,2.356,1.996,1.5,0.593,0.2330000000000001,0.2629999999999999
2015-08-11,1.737,1.963,2.323,1.977,1.5,0.5859999999999999,0.24,0.2370000000000001
2015-08-12,1.705,1.916,2.257,1.945,1.5,0.552,0.24,0.20500000000000007
2015-08-13,1.729,1.945,2.294,1.971,1.5,0.565,0.242,0.2290000000000001
2015-08-17,1.723,1.933,2.279,1.968,1.5,0.5559999999999998,0.24499999999999988,0.2230000000000001
2015-08-18,1.716,1.923,2.273,1.96,1.5,0.5570000000000002,0.244,0.21599999999999997
2015-08-19,1.73,1.938,2.307,1.974,1.5,0.577,0.244,0.22999999999999998
2015-08-20,1.714,1.902,2.276,1.962,1.5,0.5619999999999998,0.248,0.21399999999999997
2015-08-21,1.709,1.88,2.256,1.959,1.5,0.5469999999999997,0.25,0.20900000000000007
2015-08-24,1.693,1.848,2.189,1.947,1.5,0.496,0.254,0.19300000000000006
2015-08-25,1.708,1.873,2.222,1.963,1.5,0.514,0.2550000000000001,0.20799999999999996
2015-08-26,1.719,1.9,2.249,1.975,1.5,0.53,0.256,0.21900000000000008
2015-08-27,1.705,1.894,2.252,1.965,1.5,0.5469999999999997,0.26,0.20500000000000007
2015-08-28,1.718,1.912,2.285,1.978,1.5,0.5670000000000002,0.26,0.21799999999999997
2015-08-31,1.735,1.925,2.295,1.994,1.5,0.5599999999999998,0.2589999999999999,0.2350000000000001
2015-09-01,1.725,1.932,2.303,1.989,1.5,0.5779999999999998,0.264,0.2250000000000001
2015-09-02,1.696,1.891,2.266,1.965,1.5,0.5700000000000001,0.26900000000000013,0.19599999999999995
2015-09-03,1.674,1.886,2.28,1.949,1.5,0.6059999999999999,0.27500000000000013,0.17399999999999993
2015-09-04,1.645,1.839,2.241,1.925,1.5,0.5960000000000001,0.28,0.14500000000000002
2015-09-07,1.651,1.842,2.224,1.93,1.5,0.5730000000000002,0.2789999999999999,0.15100000000000002
2015-09-08,1.668,1.853,2.227,1.947,1.5,0.5589999999999999,0.27900000000000014,0.16799999999999993
2015-09-09,1.68,1.869,2.253,1.962,1.5,0.5730000000000002,0.28200000000000003,0.17999999999999994
2015-09-10,1.65,1.856,2.225,1.94,1.5,0.5750000000000002,0.29000000000000004,0.1499999999999999
2015-09-11,1.655,1.871,2.237,1.949,1.5,0.5820000000000001,0.29400000000000004,0.15500000000000003
2015-09-14,1.667,1.903,2.27,1.964,1.5,0.603,0.29699999999999993,0.16700000000000004
2015-09-15,1.653,1.88,2.252,1.952,1.5,0.5989999999999998,0.29899999999999993,0.15300000000000002
2015-09-16,1.67,1.9,2.274,1.97,1.5,0.6040000000000001,0.30000000000000004,0.16999999999999993
2015-09-17,1.683,1.903,2.271,1.982,1.5,0.5879999999999999,0.29899999999999993,0.18300000000000005
2015-09-18,1.635,1.827,2.195,1.94,1.5,0.5599999999999998,0.30499999999999994,0.135
2015-09-21,1.617,1.789,2.158,1.925,1.5,0.5409999999999999,0.30800000000000005,0.11699999999999999
2015-09-22,1.624,1.794,2.148,1.931,1.5,0.524,0.30699999999999994,0.12400000000000011
2015-09-23,1.619,1.784,2.136,1.928,1.5,0.5170000000000001,0.30899999999999994,0.119
2015-09-24,1.63,1.801,2.16,1.942,1.5,0.5300000000000002,0.31200000000000006,0.1299999999999999
2015-09-25,1.615,1.785,2.134,1.93,1.5,0.5189999999999999,0.31499999999999995,0.11499999999999999
2015-09-30,1.568,1.723,2.061,1.893,1.5,0.4929999999999999,0.32499999999999996,0.06800000000000006
2015-10-01,1.596,1.761,2.107,1.922,1.5,0.5110000000000001,0.32599999999999985,0.09600000000000009
2015-10-02,1.584,1.743,2.082,1.911,1.5,0.4979999999999998,0.32699999999999996,0.08400000000000007
2015-10-05,1.577,1.721,2.042,1.904,1.5,0.46499999999999986,0.32699999999999996,0.07699999999999996
2015-10-06,1.591,1.738,2.05,1.919,1.5,0.45899999999999985,0.32800000000000007,0.09099999999999997
2015-10-07,1.614,1.778,2.087,1.942,1.5,0.4730000000000001,0.32799999999999985,0.1140000000000001
2015-10-08,1.615,1.781,2.091,1.943,1.5,0.4760000000000002,0.32800000000000007,0.11499999999999999
2015-10-12,1.646,1.833,2.149,1.976,1.5,0.5030000000000001,0.33000000000000007,0.1459999999999999
2015-10-13,1.638,1.817,2.124,1.968,1.5,0.4860000000000002,0.33000000000000007,0.1379999999999999
2015-10-14,1.657,1.825,2.124,1.98,1.5,0.4670000000000001,0.32299999999999995,0.15700000000000003
2015-10-15,1.623,1.774,2.06,1.955,1.5,0.43700000000000006,0.3320000000000001,0.123
2015-10-16,1.622,1.771,2.064,1.956,1.5,0.44199999999999995,0.33399999999999985,0.12200000000000011
2015-10-19,1.622,1.778,2.076,1.96,1.5,0.45399999999999996,0.33799999999999986,0.12200000000000011
2015-10-20,1.64,1.804,2.099,1.977,1.5,0.4590000000000003,0.3370000000000002,0.1399999999999999
2015-10-21,1.649,1.813,2.109,1.985,1.5,0.45999999999999996,0.3360000000000001,0.14900000000000002
2015-10-22,1.654,1.822,2.122,1.992,1.5,0.46799999999999997,0.3380000000000001,0.15399999999999991
2015-10-23,1.65,1.811,2.105,1.991,1.5,0.45500000000000007,0.3410000000000002,0.1499999999999999
2015-10-26,1.645,1.799,2.097,1.989,1.5,0.45199999999999996,0.3440000000000001,0.14500000000000002
2015-10-27,1.63,1.775,2.064,1.976,1.5,0.43400000000000016,0.3460000000000001,0.1299999999999999
2015-10-28,1.626,1.761,2.036,1.975,1.5,0.41000000000000014,0.3490000000000002,0.1259999999999999
2015-10-29,1.641,1.772,2.053,1.988,1.5,0.4119999999999999,0.347,0.14100000000000001
2015-10-30,1.657,1.793,2.111,2.003,1.5,0.4540000000000002,0.3460000000000001,0.15700000000000003
2015-11-02,1.658,1.806,2.118,2.006,1.5,0.45999999999999996,0.34799999999999986,0.15799999999999992
2015-11-03,1.665,1.837,2.153,2.019,1.5,0.488,0.3540000000000001,0.16500000000000004
2015-11-04,1.677,1.85,2.165,2.032,1.5,0.488,0.355,0.17700000000000005
2015-11-05,1.691,1.856,2.157,2.047,1.5,0.46599999999999997,0.3560000000000001,0.19100000000000006
2015-11-06,1.729,1.916,2.208,2.083,1.5,0.4790000000000001,0.3540000000000001,0.2290000000000001
2015-11-09,1.803,2.009,2.306,2.157,1.5,0.5030000000000001,0.3540000000000001,0.30299999999999994
2015-11-10,1.781,1.975,2.274,2.137,1.5,0.4930000000000001,0.3560000000000001,0.2809999999999999
2015-11-11,1.798,1.998,2.308,2.157,1.5,0.5099999999999998,0.359,0.29800000000000004
2015-11-12,1.787,1.999,2.326,2.151,1.5,0.5390000000000001,0.3639999999999999,0.2869999999999999
2015-11-13,1.778,1.999,2.332,2.145,1.5,0.5539999999999998,0.367,0.278
2015-11-16,1.749,1.959,2.283,2.119,1.5,0.5339999999999998,0.3700000000000001,0.2490000000000001
2015-11-17,1.758,1.975,2.304,2.129,1.5,0.5459999999999998,0.371,0.258
2015-11-18,1.752,1.964,2.292,2.123,1.5,0.5399999999999998,0.3710000000000002,0.252
2015-11-19,1.736,1.935,2.26,2.109,1.5,0.5239999999999998,0.373,0.236
2015-11-20,1.762,1.959,2.269,2.134,1.5,0.5070000000000001,0.3719999999999999,0.262
2015-11-23,1.761,1.969,2.288,2.137,1.5,0.5269999999999999,0.3760000000000001,0.2609999999999999
2015-11-24,1.767,1.968,2.279,2.145,1.5,0.512,0.3780000000000001,0.2669999999999999
2015-11-25,1.769,1.959,2.25,2.147,1.5,0.4810000000000001,0.3779999999999999,0.2689999999999999
2015-11-26,1.778,1.956,2.239,2.157,1.5,0.46099999999999985,0.379,0.278
2015-11-27,1.798,1.984,2.271,2.179,1.5,0.47299999999999986,0.3809999999999998,0.29800000000000004
2015-11-30,1.785,1.963,2.247,2.168,1.5,0.46199999999999997,0.38300000000000023,0.2849999999999999
2015-12-01,1.772,1.986,2.275,2.162,1.5,0.5029999999999999,0.3899999999999999,0.272
2015-12-02,1.762,1.977,2.256,2.156,1.5,0.4939999999999998,0.39400000000000013,0.262
2015-12-03,1.755,1.981,2.264,2.15,1.5,0.5089999999999999,0.395,0.2549999999999999
2015-12-04,1.781,2.01,2.301,2.178,1.5,0.5200000000000002,0.397,0.2809999999999999
2015-12-07,1.787,1.999,2.299,2.182,1.5,0.512,0.395,0.2869999999999999
2015-12-08,1.763,1.944,2.23,2.167,1.5,0.4670000000000001,0.4039999999999999,0.2629999999999999
2015-12-09,1.762,1.935,2.21,2.166,1.5,0.44799999999999995,0.4039999999999999,0.262
2015-12-10,1.745,1.925,2.216,2.155,1.5,0.4710000000000001,0.4099999999999997,0.2450000000000001
2015-12-11,1.748,1.943,2.243,2.162,1.5,0.4949999999999999,0.4139999999999999,0.248
2015-12-14,1.732,1.928,2.221,2.154,1.5,0.4890000000000001,0.42199999999999993,0.23199999999999998
2015-12-15,1.733,1.925,2.21,2.156,1.5,0.47699999999999987,0.42300000000000004,0.2330000000000001
2015-12-16,1.748,1.935,2.218,2.172,1.5,0.47,0.42400000000000015,0.248
2015-12-17,1.726,1.899,2.162,2.153,1.5,0.43599999999999994,0.42700000000000005,0.22599999999999998
2015-12-18,1.693,1.853,2.118,2.128,1.5,0.4249999999999998,0.43500000000000005,0.19300000000000006
2015-12-21,1.658,1.827,2.1,2.102,1.5,0.44200000000000017,0.44399999999999995,0.15799999999999992
2015-12-22,1.672,1.836,2.114,2.119,1.5,0.44199999999999995,0.4470000000000003,0.17199999999999993
2015-12-23,1.668,1.834,2.114,2.115,1.5,0.44599999999999995,0.4470000000000003,0.16799999999999993
2015-12-24,1.662,1.836,2.102,2.112,1.5,0.43999999999999995,0.4500000000000002,0.16199999999999992
2015-12-28,1.677,1.836,2.097,2.121,1.5,0.41999999999999993,0.44399999999999995,0.17700000000000005
2015-12-29,1.655,1.805,2.07,2.106,1.5,0.4149999999999998,0.45099999999999985,0.15500000000000003
2015-12-30,1.662,1.814,2.076,2.113,1.5,0.41400000000000015,0.45100000000000007,0.16199999999999992
2015-12-31,1.662,1.814,2.076,2.113,1.5,0.41400000000000015,0.45100000000000007,0.16199999999999992
2016-01-04,1.634,1.778,2.039,2.093,1.5,0.40500000000000025,0.4590000000000001,0.1339999999999999
2016-01-05,1.643,1.792,2.057,2.103,1.5,0.4139999999999999,0.4600000000000002,0.14300000000000002
2016-01-06,1.639,1.788,2.035,2.099,1.5,0.39600000000000013,0.4600000000000002,0.139
2016-01-07,1.639,1.78,2.015,2.097,1.5,0.3760000000000001,0.45799999999999996,0.139
2016-01-08,1.665,1.813,2.057,2.121,1.5,0.3919999999999999,0.45599999999999996,0.16500000000000004
2016-01-11,1.635,1.775,2.025,2.094,1.5,0.3899999999999999,0.45899999999999985,0.135
2016-01-12,1.638,1.784,2.036,2.097,1.5,0.39800000000000013,0.4590000000000001,0.1379999999999999
2016-01-13,1.633,1.78,2.025,2.094,1.5,0.3919999999999999,0.46099999999999985,0.133
2016-01-14,1.648,1.795,2.033,2.106,1.5,0.385,0.45799999999999996,0.1479999999999999
2016-01-15,1.648,1.793,2.024,2.106,1.5,0.3760000000000001,0.45799999999999996,0.1479999999999999
2016-01-18,1.646,1.798,2.039,2.107,1.5,0.39300000000000024,0.4610000000000003,0.1459999999999999
2016-01-19,1.644,1.807,2.065,2.108,1.5,0.42100000000000004,0.4640000000000002,0.1439999999999999
2016-01-20,1.617,1.76,2.002,2.083,1.5,0.3849999999999998,0.4660000000000002,0.11699999999999999
2016-01-21,1.611,1.75,1.995,2.077,1.5,0.3840000000000001,0.46599999999999997,0.11099999999999999
2016-01-22,1.621,1.76,2.037,2.087,1.5,0.4159999999999999,0.4660000000000002,0.121
2016-01-25,1.621,1.758,2.02,2.088,1.5,0.399,0.4670000000000001,0.121
2016-01-26,1.599,1.734,1.99,2.067,1.5,0.391,0.4680000000000002,0.09899999999999998
2016-01-27,1.604,1.744,2.013,2.072,1.5,0.4089999999999998,0.46799999999999997,0.10400000000000009
2016-01-28,1.618,1.756,2.018,2.085,1.5,0.3999999999999997,0.46699999999999986,0.1180000000000001
2016-01-29,1.564,1.7,1.979,2.038,1.5,0.41500000000000004,0.47399999999999975,0.06400000000000006
2016-02-01,1.525,1.645,1.922,2.0,1.5,0.397,0.4750000000000001,0.02499999999999991
2016-02-02,1.516,1.64,1.916,1.993,1.5,0.3999999999999999,0.4770000000000001,0.016000000000000014
2016-02-03,1.496,1.61,1.865,1.968,1.5,0.369,0.472,-0.0040000000000000036
2016-02-04,1.494,1.608,1.862,1.964,1.5,0.3680000000000001,0.47,-0.006000000000000005
2016-02-05,1.506,1.626,1.882,1.975,1.5,0.3759999999999999,0.4690000000000001,0.006000000000000005
2016-02-11,1.45,1.539,1.766,1.915,1.5,0.31600000000000006,0.4650000000000001,-0.050000000000000044
2016-02-12,1.475,1.576,1.8,1.94,1.5,0.32499999999999996,0.46499999999999986,-0.02499999999999991
2016-02-15,1.484,1.604,1.825,1.955,1.5,0.34099999999999997,0.4710000000000001,-0.016000000000000014
2016-02-16,1.431,1.552,1.781,1.909,1.5,0.34999999999999987,0.478,-0.06899999999999995
2016-02-17,1.435,1.552,1.784,1.915,1.5,0.349,0.48,-0.06499999999999995
2016-02-18,1.451,1.568,1.805,1.93,1.5,0.35399999999999987,0.47899999999999987,-0.04899999999999993
2016-02-19,1.468,1.579,1.814,1.944,1.5,0.3460000000000001,0.476,-0.03200000000000003
2016-02-22,1.48,1.596,1.83,1.959,1.5,0.3500000000000001,0.4790000000000001,-0.020000000000000018
2016-02-23,1.481,1.595,1.831,1.96,1.5,0.34999999999999987,0.47899999999999987,-0.018999999999999906
2016-02-24,1.469,1.578,1.814,1.95,1.5,0.345,0.48099999999999987,-0.030999999999999917
2016-02-25,1.464,1.568,1.802,1.948,1.5,0.3380000000000001,0.484,-0.03600000000000003
2016-02-26,1.452,1.553,1.778,1.938,1.5,0.32600000000000007,0.486,-0.04800000000000004
2016-02-29,1.454,1.555,1.786,1.939,1.5,0.3320000000000001,0.4850000000000001,-0.04600000000000004
2016-03-02,1.469,1.578,1.827,1.953,1.5,0.3579999999999999,0.484,-0.030999999999999917
2016-03-03,1.504,1.616,1.87,1.986,1.5,0.3660000000000001,0.482,0.0040000000000000036
2016-03-04,1.522,1.631,1.882,2.001,1.5,0.3599999999999999,0.47899999999999987,0.02200000000000002
2016-03-07,1.502,1.616,1.867,1.983,1.5,0.365,0.4810000000000001,0.0020000000000000018
2016-03-08,1.481,1.6,1.845,1.966,1.5,0.3639999999999999,0.4849999999999999,-0.018999999999999906
2016-03-09,1.47,1.6,1.85,1.955,1.5,0.3800000000000001,0.4850000000000001,-0.030000000000000027
2016-03-10,1.5,1.619,1.863,1.977,1.5,0.363,0.4770000000000001,0.0
2016-03-11,1.55,1.674,1.922,2.027,1.5,0.3719999999999999,0.4770000000000001,0.050000000000000044
2016-03-14,1.532,1.662,1.915,2.014,1.5,0.383,0.48199999999999976,0.03200000000000003
2016-03-15,1.533,1.661,1.907,2.014,1.5,0.3740000000000001,0.48099999999999987,0.03299999999999992
2016-03-16,1.542,1.668,1.912,2.023,1.5,0.3699999999999999,0.4810000000000001,0.04200000000000004
2016-03-17,1.515,1.624,1.862,1.994,1.5,0.3470000000000002,0.4790000000000001,0.014999999999999902
2016-03-18,1.499,1.604,1.835,1.981,1.5,0.33599999999999985,0.482,-0.0009999999999998899
2016-03-21,1.496,1.596,1.828,1.974,1.5,0.3320000000000001,0.478,-0.0040000000000000036
2016-03-22,1.512,1.613,1.847,1.99,1.5,0.33499999999999996,0.478,0.01200000000000001
2016-03-23,1.512,1.62,1.867,1.992,1.5,0.355,0.48,0.01200000000000001
2016-03-24,1.5,1.608,1.848,1.981,1.5,0.3480000000000001,0.4810000000000001,0.0
2016-03-25,1.495,1.6,1.835,1.972,1.5,0.33999999999999986,0.47699999999999987,-0.004999999999999893
2016-03-28,1.479,1.589,1.834,1.962,1.5,0.355,0.4829999999999999,-0.020999999999999908
2016-03-29,1.449,1.556,1.798,1.934,1.5,0.349,0.4849999999999999,-0.050999999999999934
2016-03-30,1.45,1.553,1.781,1.934,1.5,0.33099999999999996,0.484,-0.050000000000000044
2016-03-31,1.444,1.55,1.793,1.932,1.5,0.349,0.488,-0.05600000000000005
2016-04-01,1.448,1.55,1.796,1.932,1.5,0.3480000000000001,0.484,-0.052000000000000046
2016-04-04,1.44,1.536,1.766,1.923,1.5,0.32600000000000007,0.4830000000000001,-0.06000000000000005
2016-04-05,1.453,1.547,1.787,1.93,1.5,0.33399999999999985,0.47699999999999987,-0.04699999999999993
2016-04-06,1.458,1.55,1.787,1.934,1.5,0.32899999999999996,0.476,-0.04200000000000004
2016-04-07,1.468,1.564,1.801,1.943,1.5,0.33299999999999996,0.4750000000000001,-0.03200000000000003
2016-04-08,1.463,1.564,1.794,1.938,1.5,0.33099999999999996,0.47499999999999987,-0.03699999999999992
2016-04-11,1.466,1.566,1.794,1.938,1.5,0.32800000000000007,0.472,-0.03400000000000003
2016-04-12,1.465,1.565,1.791,1.938,1.5,0.32599999999999985,0.47299999999999986,-0.03499999999999992
2016-04-14,1.502,1.607,1.844,1.972,1.5,0.3420000000000001,0.47,0.0020000000000000018
2016-04-15,1.494,1.6,1.84,1.965,1.5,0.3460000000000001,0.4710000000000001,-0.006000000000000005
2016-04-18,1.507,1.606,1.845,1.975,1.5,0.3380000000000001,0.4680000000000002,0.006999999999999895
2016-04-19,1.501,1.602,1.838,1.969,1.5,0.3370000000000002,0.4680000000000002,0.0009999999999998899
2016-04-20,1.474,1.568,1.804,1.941,1.5,0.33000000000000007,0.4670000000000001,-0.026000000000000023
2016-04-21,1.483,1.58,1.825,1.951,1.5,0.34199999999999986,0.46799999999999997,-0.016999999999999904
2016-04-22,1.472,1.576,1.828,1.944,1.5,0.3560000000000001,0.472,-0.028000000000000025
2016-04-25,1.455,1.568,1.831,1.929,1.5,0.3759999999999999,0.474,-0.04499999999999993
2016-04-26,1.452,1.564,1.816,1.924,1.5,0.3640000000000001,0.472,-0.04800000000000004
2016-04-27,1.456,1.559,1.811,1.923,1.5,0.355,0.4670000000000001,-0.04400000000000004
2016-04-28,1.45,1.552,1.801,1.914,1.5,0.351,0.46399999999999997,-0.050000000000000044
2016-04-29,1.453,1.55,1.794,1.915,1.5,0.34099999999999997,0.46199999999999997,-0.04699999999999993
2016-05-02,1.465,1.563,1.807,1.925,1.5,0.34199999999999986,0.45999999999999996,-0.03499999999999992
2016-05-03,1.445,1.553,1.795,1.909,1.5,0.34999999999999987,0.46399999999999997,-0.05499999999999994
2016-05-04,1.434,1.534,1.773,1.895,1.5,0.33899999999999997,0.4610000000000001,-0.06600000000000006
2016-05-09,1.413,1.522,1.767,1.879,1.5,0.35399999999999987,0.46599999999999997,-0.08699999999999997
2016-05-10,1.412,1.521,1.768,1.877,1.5,0.3560000000000001,0.4650000000000001,-0.08800000000000008
2016-05-11,1.417,1.52,1.765,1.875,1.5,0.34799999999999986,0.45799999999999996,-0.08299999999999996
2016-05-12,1.422,1.522,1.764,1.878,1.5,0.3420000000000001,0.45599999999999996,-0.07800000000000007
2016-05-13,1.442,1.533,1.768,1.892,1.5,0.32600000000000007,0.44999999999999996,-0.05800000000000005
2016-05-16,1.443,1.539,1.774,1.894,1.5,0.33099999999999996,0.45099999999999985,-0.05699999999999994
2016-05-17,1.455,1.55,1.791,1.905,1.5,0.33599999999999985,0.44999999999999996,-0.04499999999999993
2016-05-18,1.472,1.569,1.801,1.92,1.5,0.32899999999999996,0.44799999999999995,-0.028000000000000025
2016-05-19,1.492,1.589,1.829,1.941,1.5,0.33699999999999997,0.44900000000000007,-0.008000000000000007
2016-05-20,1.471,1.566,1.803,1.925,1.5,0.33199999999999985,0.45399999999999996,-0.028999999999999915
2016-05-23,1.467,1.564,1.8,1.924,1.5,0.33299999999999996,0.45699999999999985,-0.03299999999999992
2016-05-24,1.444,1.539,1.767,1.904,1.5,0.32299999999999995,0.45999999999999996,-0.05600000000000005
2016-05-25,1.461,1.553,1.785,1.917,1.5,0.32399999999999984,0.45599999999999996,-0.038999999999999924
2016-05-26,1.468,1.557,1.79,1.92,1.5,0.32200000000000006,0.45199999999999996,-0.03200000000000003
2016-05-27,1.468,1.552,1.778,1.92,1.5,0.31000000000000005,0.45199999999999996,-0.03200000000000003
2016-05-30,1.503,1.589,1.813,1.951,1.5,0.31000000000000005,0.4480000000000002,0.0029999999999998916
2016-05-31,1.496,1.584,1.811,1.949,1.5,0.31499999999999995,0.45300000000000007,-0.0040000000000000036
2016-06-01,1.438,1.525,1.757,1.89,1.5,0.31899999999999995,0.45199999999999996,-0.062000000000000055
2016-06-02,1.443,1.532,1.763,1.894,1.5,0.31999999999999984,0.45099999999999985,-0.05699999999999994
2016-06-03,1.423,1.513,1.738,1.876,1.5,0.31499999999999995,0.45299999999999985,-0.07699999999999996
2016-06-07,1.405,1.494,1.715,1.855,1.5,0.31000000000000005,0.44999999999999996,-0.09499999999999997
2016-06-08,1.378,1.469,1.697,1.833,1.5,0.3190000000000002,0.45500000000000007,-0.12200000000000011
2016-06-09,1.345,1.425,1.66,1.8,1.25,0.31499999999999995,0.45500000000000007,0.09499999999999997
2016-06-10,1.322,1.419,1.652,1.79,1.25,0.32999999999999985,0.46799999999999997,0.07200000000000006
2016-06-13,1.311,1.394,1.615,1.78,1.25,0.30400000000000005,0.4690000000000001,0.06099999999999994
2016-06-14,1.337,1.416,1.635,1.803,1.25,0.29800000000000004,0.46599999999999997,0.08699999999999997
2016-06-15,1.339,1.409,1.622,1.8,1.25,0.28300000000000014,0.4610000000000001,0.08899999999999997
2016-06-16,1.318,1.383,1.579,1.779,1.25,0.2609999999999999,0.46099999999999985,0.06800000000000006
2016-06-17,1.334,1.402,1.596,1.793,1.25,0.262,0.45899999999999985,0.08400000000000007
2016-06-20,1.359,1.431,1.641,1.817,1.25,0.28200000000000003,0.45799999999999996,0.10899999999999999
2016-06-21,1.343,1.415,1.616,1.803,1.25,0.27300000000000013,0.45999999999999996,0.09299999999999997
2016-06-22,1.355,1.426,1.638,1.815,1.25,0.2829999999999999,0.45999999999999996,0.10499999999999998
2016-06-23,1.337,1.408,1.627,1.797,1.25,0.29000000000000004,0.45999999999999996,0.08699999999999997
2016-06-24,1.249,1.304,1.5,1.7,1.25,0.2509999999999999,0.45099999999999985,-0.0009999999999998899
2016-06-27,1.236,1.289,1.484,1.68,1.25,0.248,0.44399999999999995,-0.014000000000000012
2016-06-28,1.248,1.301,1.486,1.688,1.25,0.238,0.43999999999999995,-0.0020000000000000018
2016-06-29,1.238,1.284,1.459,1.677,1.25,0.22100000000000009,0.43900000000000006,-0.01200000000000001
2016-06-30,1.247,1.297,1.469,1.689,1.25,0.22199999999999998,0.44199999999999995,-0.0029999999999998916
2016-07-01,1.21,1.255,1.409,1.653,1.25,0.19900000000000007,0.44300000000000006,-0.040000000000000036
2016-07-04,1.224,1.266,1.415,1.662,1.25,0.19100000000000006,0.43799999999999994,-0.026000000000000023
2016-07-05,1.217,1.267,1.421,1.657,1.25,0.20399999999999996,0.43999999999999995,-0.03299999999999992
2016-07-06,1.203,1.245,1.383,1.643,1.25,0.17999999999999994,0.43999999999999995,-0.04699999999999993
2016-07-07,1.208,1.244,1.38,1.645,1.25,0.17199999999999993,0.43700000000000006,-0.04200000000000004
2016-07-08,1.216,1.248,1.388,1.648,1.25,0.17199999999999993,0.43199999999999994,-0.03400000000000003
2016-07-11,1.213,1.236,1.38,1.644,1.25,0.16699999999999982,0.4309999999999998,-0.03699999999999992
2016-07-12,1.217,1.239,1.388,1.649,1.25,0.17099999999999982,0.43199999999999994,-0.03299999999999992
2016-07-13,1.211,1.237,1.393,1.646,1.25,0.18199999999999994,0.43499999999999983,-0.038999999999999924
2016-07-14,1.205,1.224,1.374,1.64,1.25,0.16900000000000004,0.43499999999999983,-0.04499999999999993
2016-07-15,1.221,1.241,1.392,1.652,1.25,0.17099999999999982,0.4309999999999998,-0.028999999999999915
2016-07-18,1.229,1.253,1.415,1.661,1.25,0.18599999999999994,0.43199999999999994,-0.020999999999999908
2016-07-19,1.227,1.254,1.426,1.657,1.25,0.19899999999999984,0.42999999999999994,-0.02299999999999991
2016-07-20,1.221,1.247,1.418,1.654,1.25,0.19699999999999984,0.43299999999999983,-0.028999999999999915
2016-07-21,1.233,1.264,1.439,1.665,1.25,0.20599999999999996,0.43199999999999994,-0.016999999999999904
2016-07-22,1.227,1.252,1.418,1.655,1.25,0.19099999999999984,0.42799999999999994,-0.02299999999999991
2016-07-25,1.225,1.257,1.425,1.655,1.25,0.19999999999999996,0.42999999999999994,-0.02499999999999991
2016-07-26,1.22,1.248,1.411,1.65,1.25,0.19100000000000006,0.42999999999999994,-0.030000000000000027
2016-07-27,1.222,1.246,1.403,1.649,1.25,0.18100000000000005,0.42700000000000005,-0.028000000000000025
2016-07-28,1.203,1.217,1.357,1.63,1.25,0.15399999999999991,0.4269999999999998,-0.04699999999999993
2016-07-29,1.216,1.235,1.386,1.642,1.25,0.16999999999999993,0.42599999999999993,-0.03400000000000003
2016-08-01,1.212,1.223,1.363,1.637,1.25,0.15100000000000002,0.42500000000000004,-0.038000000000000034
2016-08-02,1.212,1.23,1.378,1.638,1.25,0.16599999999999993,0.42599999999999993,-0.038000000000000034
2016-08-03,1.247,1.275,1.425,1.658,1.25,0.17799999999999994,0.4109999999999998,-0.0029999999999998916
2016-08-04,1.238,1.266,1.413,1.651,1.25,0.17500000000000004,0.41300000000000003,-0.01200000000000001
2016-08-05,1.225,1.246,1.388,1.64,1.25,0.1629999999999998,0.4149999999999998,-0.02499999999999991
2016-08-08,1.246,1.273,1.429,1.658,1.25,0.18300000000000005,0.4119999999999999,-0.0040000000000000036
2016-08-09,1.247,1.272,1.427,1.656,1.25,0.17999999999999994,0.4089999999999998,-0.0029999999999998916
2016-08-10,1.215,1.24,1.391,1.628,1.25,0.17599999999999993,0.4129999999999998,-0.03499999999999992
2016-08-11,1.222,1.248,1.396,1.632,1.25,0.17399999999999993,0.4099999999999999,-0.028000000000000025
2016-08-12,1.23,1.255,1.41,1.638,1.25,0.17999999999999994,0.4079999999999999,-0.020000000000000018
2016-08-16,1.219,1.243,1.395,1.628,1.25,0.17599999999999993,0.4089999999999998,-0.030999999999999917
2016-08-17,1.233,1.265,1.434,1.641,1.25,0.20099999999999985,0.4079999999999999,-0.016999999999999904
2016-08-18,1.228,1.25,1.415,1.633,1.25,0.18700000000000006,0.405,-0.02200000000000002
2016-08-19,1.231,1.256,1.422,1.635,1.25,0.19099999999999984,0.4039999999999999,-0.018999999999999906
2016-08-22,1.232,1.258,1.435,1.638,1.25,0.20300000000000007,0.4059999999999999,-0.018000000000000016
2016-08-23,1.228,1.251,1.422,1.632,1.25,0.19399999999999995,0.4039999999999999,-0.02200000000000002
2016-08-24,1.229,1.255,1.418,1.632,1.25,0.18899999999999983,0.4029999999999998,-0.020999999999999908
2016-08-25,1.236,1.263,1.422,1.637,1.25,0.18599999999999994,0.401,-0.014000000000000012
2016-08-26,1.241,1.27,1.423,1.64,1.25,0.18199999999999994,0.3989999999999998,-0.008999999999999897
2016-08-29,1.272,1.301,1.445,1.668,1.25,0.17300000000000004,0.3959999999999999,0.02200000000000002
2016-08-30,1.283,1.31,1.449,1.671,1.25,0.16600000000000015,0.3880000000000001,0.03299999999999992
2016-08-31,1.308,1.354,1.478,1.694,1.25,0.16999999999999993,0.3859999999999999,0.05800000000000005
2016-09-01,1.333,1.38,1.524,1.713,1.25,0.19100000000000006,0.3800000000000001,0.08299999999999996
2016-09-02,1.326,1.38,1.53,1.708,1.25,0.20399999999999996,0.3819999999999999,0.07600000000000007
2016-09-05,1.307,1.355,1.511,1.693,1.25,0.20399999999999996,0.3860000000000001,0.05699999999999994
2016-09-06,1.3,1.345,1.506,1.687,1.25,0.20599999999999996,0.387,0.050000000000000044
2016-09-07,1.278,1.31,1.459,1.666,1.25,0.18100000000000005,0.3879999999999999,0.028000000000000025
2016-09-08,1.288,1.327,1.469,1.675,1.25,0.18100000000000005,0.387,0.038000000000000034
2016-09-09,1.328,1.376,1.512,1.706,1.25,0.18399999999999994,0.3779999999999999,0.07800000000000007
2016-09-12,1.356,1.401,1.567,1.735,1.25,0.21099999999999985,0.379,0.1060000000000001
2016-09-13,1.35,1.405,1.572,1.733,1.25,0.22199999999999998,0.383,0.10000000000000009
2016-09-19,1.345,1.404,1.582,1.734,1.25,0.2370000000000001,0.389,0.09499999999999997
2016-09-20,1.336,1.392,1.575,1.728,1.25,0.23899999999999988,0.3919999999999999,0.08600000000000008
2016-09-21,1.327,1.386,1.592,1.722,1.25,0.2650000000000001,0.395,0.07699999999999996
2016-09-22,1.296,1.326,1.519,1.696,1.25,0.22299999999999986,0.3999999999999999,0.04600000000000004
2016-09-23,1.303,1.326,1.5,1.7,1.25,0.19700000000000006,0.397,0.052999999999999936
2016-09-26,1.308,1.34,1.495,1.706,1.25,0.18700000000000006,0.3979999999999999,0.05800000000000005
2016-09-27,1.305,1.342,1.494,1.706,1.25,0.18900000000000006,0.401,0.05499999999999994
2016-09-28,1.304,1.335,1.468,1.704,1.25,0.16399999999999992,0.3999999999999999,0.05400000000000005
2016-09-29,1.297,1.32,1.456,1.701,1.25,0.15900000000000003,0.40400000000000014,0.04699999999999993
2016-09-30,1.247,1.254,1.398,1.669,1.25,0.1509999999999998,0.42199999999999993,-0.0029999999999998916
2016-10-04,1.276,1.284,1.455,1.694,1.25,0.17900000000000005,0.4179999999999999,0.026000000000000023
2016-10-05,1.316,1.329,1.51,1.727,1.25,0.19399999999999995,0.41100000000000003,0.06600000000000006
2016-10-06,1.321,1.341,1.536,1.732,1.25,0.21500000000000008,0.41100000000000003,0.07099999999999995
2016-10-07,1.326,1.343,1.531,1.737,1.25,0.20499999999999985,0.41100000000000003,0.07600000000000007
2016-10-10,1.335,1.378,1.546,1.75,1.25,0.21100000000000008,0.41500000000000004,0.08499999999999996
2016-10-11,1.373,1.437,1.616,1.783,1.25,0.2430000000000001,0.4099999999999999,0.123
2016-10-12,1.353,1.416,1.595,1.774,1.25,0.242,0.42100000000000004,0.10299999999999998
2016-10-13,1.323,1.37,1.543,1.749,1.25,0.21999999999999997,0.42600000000000016,0.07299999999999995
2016-10-14,1.319,1.364,1.55,1.75,1.25,0.2310000000000001,0.43100000000000005,0.06899999999999995
2016-10-17,1.35,1.419,1.615,1.78,1.25,0.2649999999999999,0.42999999999999994,0.10000000000000009
2016-10-18,1.353,1.428,1.616,1.78,1.25,0.2630000000000001,0.42700000000000005,0.10299999999999998
2016-10-19,1.352,1.422,1.612,1.78,1.25,0.26,0.42799999999999994,0.10200000000000009
2016-10-20,1.354,1.423,1.613,1.781,1.25,0.2589999999999999,0.4269999999999998,0.10400000000000009
2016-10-21,1.381,1.443,1.626,1.804,1.25,0.24499999999999988,0.42300000000000004,0.131
2016-10-24,1.385,1.437,1.612,1.808,1.25,0.2270000000000001,0.42300000000000004,0.135
2016-10-25,1.398,1.46,1.64,1.824,1.25,0.242,0.42600000000000016,0.1479999999999999
2016-10-26,1.405,1.454,1.633,1.829,1.25,0.22799999999999998,0.42399999999999993,0.15500000000000003
2016-10-27,1.418,1.479,1.669,1.835,1.25,0.2510000000000001,0.41700000000000004,0.16799999999999993
2016-10-28,1.438,1.521,1.718,1.856,1.25,0.28,0.41800000000000015,0.18799999999999994
2016-10-31,1.438,1.501,1.688,1.852,1.25,0.25,0.41400000000000015,0.18799999999999994
2016-11-01,1.451,1.527,1.73,1.868,1.25,0.2789999999999999,0.41700000000000004,0.20100000000000007
2016-11-02,1.436,1.503,1.694,1.854,1.25,0.258,0.41800000000000015,0.18599999999999994
2016-11-03,1.428,1.49,1.679,1.85,1.25,0.2510000000000001,0.42200000000000015,0.17799999999999994
2016-11-04,1.431,1.507,1.694,1.852,1.25,0.2629999999999999,0.42100000000000004,0.18100000000000005
2016-11-07,1.426,1.525,1.707,1.848,1.25,0.28100000000000014,0.42200000000000015,0.17599999999999993
2016-11-08,1.425,1.514,1.702,1.844,1.25,0.2769999999999999,0.41900000000000004,0.17500000000000004
2016-11-09,1.402,1.493,1.671,1.823,1.25,0.26900000000000013,0.42100000000000004,0.1519999999999999
2016-11-10,1.465,1.587,1.819,1.884,1.25,0.35399999999999987,0.4189999999999998,0.21500000000000008
2016-11-11,1.508,1.67,1.938,1.924,1.25,0.42999999999999994,0.4159999999999999,0.258
2016-11-14,1.61,1.798,2.061,2.013,1.25,0.45099999999999985,0.4029999999999998,0.3600000000000001
2016-11-15,1.635,1.787,2.043,2.025,1.25,0.40800000000000014,0.3899999999999999,0.385
2016-11-16,1.689,1.827,2.084,2.074,1.25,0.395,0.3849999999999998,0.43900000000000006
2016-11-17,1.713,1.857,2.086,2.097,1.25,0.3729999999999998,0.3839999999999999,0.4630000000000001
2016-11-18,1.736,1.868,2.132,2.132,1.25,0.39600000000000013,0.39600000000000013,0.486
2016-11-21,1.725,1.87,2.12,2.132,1.25,0.395,0.40700000000000003,0.4750000000000001
2016-11-22,1.735,1.878,2.124,2.141,1.25,0.389,0.4059999999999999,0.4850000000000001
2016-11-23,1.775,1.909,2.139,2.172,1.25,0.3639999999999999,0.39700000000000024,0.5249999999999999
2016-11-24,1.811,1.96,2.182,2.215,1.25,0.371,0.4039999999999999,0.5609999999999999
2016-11-25,1.811,1.954,2.184,2.219,1.25,0.3730000000000002,0.4079999999999999,0.5609999999999999
2016-11-28,1.764,1.93,2.153,2.18,1.25,0.389,0.41600000000000015,0.514
2016-11-29,1.709,1.903,2.141,2.152,1.25,0.43199999999999994,0.44300000000000006,0.4590000000000001
2016-11-30,1.71,1.897,2.144,2.152,1.25,0.43400000000000016,0.44200000000000017,0.45999999999999996
2016-12-01,1.726,1.927,2.202,2.175,1.25,0.476,0.44899999999999984,0.476
2016-12-02,1.745,1.973,2.258,2.194,1.25,0.5129999999999999,0.44899999999999984,0.4950000000000001
2016-12-05,1.727,1.931,2.19,2.177,1.25,0.46299999999999986,0.44999999999999996,0.4770000000000001
2016-12-06,1.737,1.934,2.203,2.189,1.25,0.46599999999999975,0.45199999999999996,0.4870000000000001
2016-12-07,1.736,1.93,2.199,2.188,1.25,0.46299999999999986,0.4520000000000002,0.486
2016-12-08,1.714,1.89,2.163,2.167,1.25,0.44899999999999984,0.45299999999999985,0.46399999999999997
2016-12-09,1.735,1.93,2.207,2.187,1.25,0.47199999999999975,0.45199999999999974,0.4850000000000001
2016-12-12,1.734,1.965,2.27,2.197,1.25,0.536,0.4630000000000001,0.484
2016-12-13,1.676,1.904,2.202,2.153,1.25,0.526,0.4770000000000001,0.42599999999999993
2016-12-14,1.644,1.838,2.131,2.125,1.25,0.4869999999999999,0.4810000000000001,0.3939999999999999
2016-12-15,1.697,1.888,2.196,2.169,1.25,0.4990000000000001,0.472,0.44700000000000006
2016-12-16,1.688,1.867,2.167,2.159,1.25,0.47899999999999987,0.47099999999999986,0.43799999999999994
2016-12-19,1.694,1.865,2.168,2.164,1.25,0.4740000000000002,0.4700000000000002,0.44399999999999995
2016-12-20,1.714,1.877,2.163,2.172,1.25,0.44899999999999984,0.4580000000000002,0.46399999999999997
2016-12-21,1.687,1.832,2.11,2.156,1.25,0.4229999999999998,0.4690000000000001,0.43700000000000006
2016-12-22,1.657,1.804,2.102,2.14,1.25,0.44499999999999984,0.4830000000000001,0.40700000000000003
2016-12-23,1.665,1.812,2.114,2.149,1.25,0.44899999999999984,0.484,0.41500000000000004
2016-12-26,1.669,1.822,2.114,2.155,1.25,0.44499999999999984,0.48599999999999977,0.41900000000000004
2016-12-27,1.654,1.824,2.117,2.147,1.25,0.4630000000000001,0.4929999999999999,0.4039999999999999
2016-12-28,1.643,1.803,2.084,2.135,1.25,0.44100000000000006,0.49199999999999977,0.393
2016-12-29,1.638,1.799,2.074,2.128,1.25,0.43599999999999994,0.4900000000000002,0.3879999999999999
2016-12-30,1.638,1.799,2.074,2.128,1.25,0.43599999999999994,0.4900000000000002,0.3879999999999999
2017-01-02,1.638,1.79,2.055,2.12,1.25,0.41700000000000026,0.4820000000000002,0.3879999999999999
2017-01-03,1.617,1.782,2.061,2.097,1.25,0.44399999999999995,0.48,0.367
2017-01-04,1.63,1.807,2.096,2.095,1.25,0.4660000000000002,0.4650000000000003,0.3799999999999999
2017-01-05,1.607,1.779,2.064,2.072,1.25,0.4570000000000001,0.4650000000000001,0.357
2017-01-06,1.626,1.79,2.077,2.086,1.25,0.45100000000000007,0.45999999999999996,0.3759999999999999
2017-01-09,1.663,1.849,2.132,2.115,1.25,0.4690000000000001,0.4520000000000002,0.41300000000000003
2017-01-10,1.647,1.828,2.104,2.098,1.25,0.4570000000000001,0.45099999999999985,0.397
2017-01-11,1.653,1.838,2.126,2.105,1.25,0.47299999999999986,0.45199999999999996,0.403
2017-01-12,1.624,1.791,2.066,2.075,1.25,0.4419999999999997,0.45100000000000007,0.3740000000000001
2017-01-13,1.635,1.81,2.096,2.089,1.25,0.4610000000000001,0.45399999999999996,0.385
2017-01-16,1.633,1.814,2.119,2.092,1.25,0.4860000000000002,0.4590000000000001,0.383
2017-01-17,1.628,1.808,2.102,2.083,1.25,0.474,0.4550000000000003,0.3779999999999999
2017-01-18,1.649,1.827,2.123,2.102,1.25,0.4740000000000002,0.45299999999999985,0.399
2017-01-19,1.677,1.876,2.169,2.135,1.25,0.492,0.45799999999999974,0.42700000000000005
2017-01-20,1.655,1.845,2.129,2.117,1.25,0.474,0.46199999999999997,0.405
2017-01-23,1.64,1.827,2.125,2.104,1.25,0.4850000000000001,0.4640000000000002,0.3899999999999999
2017-01-24,1.628,1.801,2.102,2.093,1.25,0.474,0.4650000000000001,0.3779999999999999
2017-01-25,1.647,1.823,2.133,2.111,1.25,0.486,0.4640000000000002,0.397
2017-01-26,1.687,1.876,2.193,2.151,1.25,0.506,0.46399999999999975,0.43700000000000006
2017-01-31,1.675,1.85,2.155,2.14,1.25,0.47999999999999976,0.4650000000000001,0.42500000000000004
2017-02-01,1.685,1.867,2.173,2.151,1.25,0.488,0.46599999999999975,0.43500000000000005
2017-02-02,1.674,1.86,2.155,2.139,1.25,0.48099999999999987,0.46499999999999986,0.42399999999999993
2017-02-03,1.685,1.883,2.184,2.149,1.25,0.4990000000000001,0.46399999999999997,0.43500000000000005
2017-02-06,1.662,1.857,2.156,2.126,1.25,0.4940000000000002,0.46399999999999997,0.4119999999999999
2017-02-07,1.641,1.826,2.134,2.105,1.25,0.4929999999999999,0.46399999999999997,0.391
2017-02-08,1.652,1.834,2.13,2.112,1.25,0.478,0.4600000000000002,0.4019999999999999
2017-02-09,1.648,1.823,2.122,2.109,1.25,0.474,0.4610000000000001,0.3979999999999999
2017-02-10,1.668,1.856,2.151,2.127,1.25,0.4829999999999999,0.45899999999999985,0.4179999999999999
2017-02-13,1.663,1.85,2.15,2.123,1.25,0.4869999999999999,0.4600000000000002,0.41300000000000003
2017-02-14,1.653,1.841,2.135,2.113,1.25,0.48199999999999976,0.45999999999999996,0.403
2017-02-15,1.661,1.858,2.153,2.126,1.25,0.492,0.46499999999999986,0.41100000000000003
2017-02-16,1.656,1.85,2.144,2.121,1.25,0.4880000000000002,0.4650000000000001,0.4059999999999999
2017-02-17,1.655,1.847,2.135,2.121,1.25,0.47999999999999976,0.46599999999999997,0.405
2017-02-20,1.67,1.88,2.184,2.135,1.25,0.5140000000000002,0.46499999999999986,0.41999999999999993
2017-02-21,1.671,1.886,2.202,2.137,1.25,0.5309999999999999,0.46599999999999997,0.42100000000000004
2017-02-22,1.69,1.925,2.246,2.155,1.25,0.556,0.46499999999999986,0.43999999999999995
2017-02-23,1.676,1.892,2.206,2.141,1.25,0.53,0.4650000000000001,0.42599999999999993
2017-02-24,1.666,1.863,2.175,2.133,1.25,0.5089999999999999,0.4670000000000001,0.4159999999999999
2017-02-27,1.663,1.858,2.172,2.129,1.25,0.5090000000000001,0.46599999999999997,0.41300000000000003
2017-02-28,1.67,1.858,2.162,2.138,1.25,0.492,0.46799999999999997,0.41999999999999993
2017-03-02,1.713,1.913,2.224,2.18,1.25,0.5110000000000001,0.4670000000000001,0.4630000000000001
2017-03-03,1.713,1.912,2.231,2.182,1.25,0.5179999999999998,0.46899999999999986,0.4630000000000001
2017-03-06,1.746,1.949,2.264,2.217,1.25,0.5179999999999998,0.4710000000000001,0.496
2017-03-07,1.784,1.993,2.31,2.257,1.25,0.526,0.4730000000000001,0.534
2017-03-08,1.784,1.989,2.302,2.256,1.25,0.518,0.47199999999999975,0.534
2017-03-09,1.789,2.003,2.318,2.265,1.25,0.5290000000000001,0.4760000000000002,0.5389999999999999
2017-03-10,1.78,1.995,2.318,2.258,1.25,0.538,0.478,0.53
2017-03-13,1.765,1.992,2.301,2.248,1.25,0.5360000000000003,0.4830000000000003,0.5149999999999999
2017-03-14,1.758,1.99,2.29,2.244,1.25,0.532,0.4860000000000002,0.508
2017-03-15,1.759,1.978,2.272,2.247,1.25,0.5129999999999999,0.488,0.5089999999999999
2017-03-16,1.695,1.881,2.176,2.196,1.25,0.4810000000000001,0.5010000000000001,0.44500000000000006
2017-03-17,1.675,1.868,2.179,2.187,1.25,0.5039999999999998,0.5119999999999998,0.42500000000000004
2017-03-20,1.67,1.862,2.185,2.188,1.25,0.5150000000000001,0.5180000000000002,0.41999999999999993
2017-03-21,1.67,1.863,2.186,2.187,1.25,0.516,0.5169999999999999,0.41999999999999993
2017-03-22,1.663,1.85,2.153,2.179,1.25,0.49,0.5159999999999998,0.41300000000000003
2017-03-23,1.666,1.85,2.151,2.184,1.25,0.4849999999999999,0.5180000000000002,0.4159999999999999
2017-03-24,1.678,1.873,2.175,2.199,1.25,0.4969999999999999,0.5209999999999999,0.42799999999999994
2017-03-27,1.65,1.843,2.15,2.174,1.25,0.5,0.524,0.3999999999999999
2017-03-28,1.657,1.849,2.161,2.18,1.25,0.504,0.5230000000000001,0.40700000000000003
2017-03-29,1.653,1.843,2.159,2.179,1.25,0.5059999999999998,0.5259999999999998,0.403
2017-03-30,1.665,1.86,2.184,2.186,1.25,0.5190000000000001,0.5209999999999999,0.41500000000000004
2017-03-31,1.662,1.847,2.177,2.183,1.25,0.5150000000000001,0.5209999999999999,0.4119999999999999
2017-04-03,1.668,1.833,2.177,2.184,1.25,0.5090000000000001,0.5160000000000002,0.4179999999999999
2017-04-04,1.646,1.808,2.139,2.161,1.25,0.4929999999999999,0.5150000000000001,0.3959999999999999
2017-04-05,1.654,1.824,2.141,2.169,1.25,0.4870000000000001,0.5150000000000001,0.4039999999999999
2017-04-06,1.679,1.86,2.182,2.192,1.25,0.5029999999999999,0.5130000000000001,0.42900000000000005
2017-04-07,1.681,1.871,2.193,2.198,1.25,0.512,0.5169999999999999,0.43100000000000005
2017-04-10,1.722,1.926,2.253,2.234,1.25,0.5310000000000001,0.512,0.472
2017-04-11,1.693,1.887,2.204,2.205,1.25,0.5110000000000001,0.512,0.44300000000000006
2017-04-12,1.686,1.885,2.205,2.199,1.25,0.5190000000000001,0.5129999999999999,0.43599999999999994
2017-04-13,1.674,1.855,2.172,2.187,1.25,0.4980000000000002,0.5129999999999999,0.42399999999999993
2017-04-14,1.677,1.859,2.185,2.19,1.25,0.508,0.5129999999999999,0.42700000000000005
2017-04-17,1.673,1.85,2.173,2.187,1.25,0.5,0.5139999999999998,0.42300000000000004
2017-04-18,1.676,1.85,2.174,2.191,1.25,0.498,0.5149999999999999,0.42599999999999993
2017-04-19,1.67,1.833,2.144,2.185,1.25,0.4740000000000002,0.5150000000000001,0.41999999999999993
2017-04-20,1.674,1.841,2.144,2.191,1.25,0.4700000000000002,0.5169999999999999,0.42399999999999993
2017-04-21,1.684,1.853,2.165,2.202,1.25,0.4810000000000001,0.518,0.43399999999999994
2017-04-24,1.701,1.882,2.205,2.22,1.25,0.504,0.5190000000000001,0.45100000000000007
2017-04-25,1.677,1.864,2.194,2.203,1.25,0.5169999999999999,0.5259999999999998,0.42700000000000005
2017-04-26,1.682,1.871,2.207,2.207,1.25,0.5249999999999999,0.5249999999999999,0.43199999999999994
2017-04-27,1.673,1.861,2.196,2.199,1.25,0.5230000000000001,0.5259999999999998,0.42300000000000004
2017-04-28,1.675,1.865,2.196,2.2,1.25,0.5210000000000001,0.5250000000000001,0.42500000000000004
2017-05-02,1.69,1.894,2.236,2.216,1.25,0.5460000000000003,0.5260000000000002,0.43999999999999995
2017-05-04,1.681,1.884,2.211,2.206,1.25,0.5299999999999998,0.5249999999999999,0.43100000000000005
2017-05-08,1.707,1.912,2.242,2.231,1.25,0.5349999999999999,0.5239999999999998,0.4570000000000001
2017-05-10,1.733,1.952,2.299,2.256,1.25,0.5659999999999998,0.5229999999999997,0.4830000000000001
2017-05-11,1.727,1.953,2.306,2.252,1.25,0.579,0.5249999999999997,0.4770000000000001
2017-05-12,1.71,1.935,2.289,2.237,1.25,0.5790000000000002,0.5270000000000001,0.45999999999999996
2017-05-15,1.71,1.939,2.301,2.237,1.25,0.5910000000000002,0.5270000000000001,0.45999999999999996
2017-05-16,1.717,1.942,2.301,2.24,1.25,0.5840000000000001,0.5230000000000001,0.4670000000000001
2017-05-17,1.684,1.901,2.249,2.207,1.25,0.5650000000000002,0.5229999999999999,0.43399999999999994
2017-05-18,1.683,1.9,2.248,2.207,1.25,0.5650000000000002,0.5239999999999998,0.43300000000000005
2017-05-19,1.671,1.875,2.238,2.195,1.25,0.567,0.5239999999999998,0.42100000000000004
2017-05-22,1.685,1.901,2.272,2.211,1.25,0.5869999999999997,0.5259999999999998,0.43500000000000005
2017-05-23,1.676,1.89,2.249,2.202,1.25,0.5730000000000002,0.526,0.42599999999999993
2017-05-24,1.691,1.912,2.269,2.216,1.25,0.5780000000000001,0.5250000000000001,0.44100000000000006
2017-05-25,1.681,1.898,2.246,2.207,1.25,0.565,0.5259999999999998,0.43100000000000005
2017-05-26,1.677,1.889,2.237,2.204,1.25,0.56,0.5270000000000001,0.42700000000000005
2017-05-29,1.672,1.89,2.245,2.202,1.25,0.5730000000000002,0.53,0.42199999999999993
2017-05-30,1.658,1.869,2.223,2.189,1.25,0.565,0.5310000000000001,0.4079999999999999
2017-05-31,1.661,1.876,2.23,2.193,1.25,0.569,0.532,0.41100000000000003
2017-06-01,1.645,1.86,2.212,2.179,1.25,0.5670000000000002,0.5339999999999998,0.395
2017-06-02,1.63,1.851,2.209,2.166,1.25,0.5790000000000002,0.536,0.3799999999999999
2017-06-05,1.623,1.831,2.177,2.158,1.25,0.554,0.5349999999999999,0.373
2017-06-07,1.621,1.829,2.16,2.157,1.25,0.5390000000000001,0.536,0.371
2017-06-08,1.637,1.849,2.173,2.173,1.25,0.536,0.536,0.387
2017-06-09,1.632,1.85,2.173,2.17,1.25,0.5410000000000001,0.538,0.3819999999999999
2017-06-12,1.697,1.915,2.222,2.225,1.25,0.5249999999999999,0.528,0.44700000000000006
2017-06-13,1.661,1.865,2.177,2.194,1.25,0.516,0.5329999999999999,0.41100000000000003
2017-06-14,1.681,1.871,2.17,2.213,1.25,0.4889999999999999,0.532,0.43100000000000005
2017-06-15,1.682,1.852,2.123,2.212,1.25,0.4410000000000003,0.5300000000000002,0.43199999999999994
2017-06-16,1.695,1.867,2.153,2.227,1.25,0.45799999999999996,0.5319999999999998,0.44500000000000006
2017-06-19,1.683,1.857,2.158,2.216,1.25,0.47499999999999987,0.5330000000000001,0.43300000000000005
2017-06-20,1.685,1.85,2.142,2.218,1.25,0.45699999999999985,0.5329999999999999,0.43500000000000005
2017-06-21,1.692,1.854,2.138,2.225,1.25,0.44599999999999995,0.5330000000000001,0.44199999999999995
2017-06-22,1.701,1.87,2.135,2.235,1.25,0.4339999999999997,0.5339999999999998,0.45100000000000007
2017-06-23,1.688,1.857,2.129,2.223,1.25,0.44100000000000006,0.5349999999999999,0.43799999999999994
2017-06-26,1.686,1.853,2.124,2.222,1.25,0.43800000000000017,0.536,0.43599999999999994
2017-06-27,1.681,1.853,2.118,2.218,1.25,0.43699999999999983,0.5369999999999999,0.43100000000000005
2017-06-28,1.711,1.904,2.178,2.246,1.25,0.46699999999999986,0.5349999999999999,0.4610000000000001
2017-06-29,1.7,1.898,2.184,2.241,1.25,0.4840000000000002,0.5410000000000001,0.44999999999999996
2017-06-30,1.698,1.908,2.214,2.24,1.25,0.516,0.5420000000000003,0.44799999999999995
2017-07-03,1.716,1.921,2.235,2.256,1.25,0.5189999999999999,0.5399999999999998,0.46599999999999997
2017-07-04,1.74,1.949,2.272,2.28,1.25,0.5319999999999998,0.5399999999999998,0.49
2017-07-05,1.745,1.958,2.277,2.285,1.25,0.532,0.54,0.4950000000000001
2017-07-06,1.75,1.97,2.281,2.29,1.25,0.5310000000000001,0.54,0.5
2017-07-07,1.781,2.0,2.323,2.318,1.25,0.542,0.5370000000000001,0.5309999999999999
2017-07-10,1.756,1.969,2.289,2.295,1.25,0.5330000000000001,0.5389999999999999,0.506
2017-07-11,1.762,1.961,2.28,2.3,1.25,0.5179999999999998,0.5379999999999998,0.512
2017-07-12,1.762,1.958,2.272,2.299,1.25,0.5099999999999998,0.5369999999999999,0.512
2017-07-13,1.745,1.937,2.238,2.28,1.25,0.4929999999999999,0.5349999999999997,0.4950000000000001
2017-07-14,1.75,1.944,2.249,2.285,1.25,0.4990000000000001,0.5350000000000001,0.5
2017-07-17,1.754,1.962,2.272,2.292,1.25,0.5179999999999998,0.5379999999999998,0.504
2017-07-18,1.746,1.943,2.256,2.285,1.25,0.5099999999999998,0.5390000000000001,0.496
2017-07-19,1.747,1.945,2.258,2.285,1.25,0.5109999999999999,0.538,0.4970000000000001
2017-07-20,1.74,1.935,2.237,2.279,1.25,0.4970000000000001,0.5389999999999999,0.49
2017-07-21,1.721,1.917,2.219,2.262,1.25,0.4979999999999998,0.5409999999999999,0.4710000000000001
2017-07-24,1.72,1.914,2.22,2.259,1.25,0.5000000000000002,0.5389999999999999,0.47
2017-07-25,1.709,1.903,2.207,2.248,1.25,0.4979999999999998,0.5390000000000001,0.4590000000000001
2017-07-26,1.729,1.932,2.245,2.264,1.25,0.516,0.5349999999999997,0.4790000000000001
2017-07-27,1.712,1.908,2.215,2.25,1.25,0.5029999999999999,0.538,0.46199999999999997
2017-07-28,1.723,1.922,2.229,2.257,1.25,0.506,0.534,0.4730000000000001
2017-07-31,1.724,1.926,2.226,2.26,1.25,0.502,0.5359999999999998,0.474
2017-08-01,1.733,1.95,2.258,2.271,1.25,0.5249999999999999,0.5379999999999998,0.4830000000000001
2017-08-02,1.73,1.948,2.247,2.27,1.25,0.5169999999999999,0.54,0.48
2017-08-03,1.737,1.954,2.25,2.276,1.25,0.5129999999999999,0.5389999999999997,0.4870000000000001
2017-08-04,1.742,1.949,2.251,2.279,1.25,0.5089999999999999,0.5369999999999999,0.492
2017-08-07,1.772,1.978,2.285,2.307,1.25,0.5130000000000001,0.5349999999999999,0.522
2017-08-08,1.805,2.006,2.311,2.331,1.25,0.506,0.526,0.5549999999999999
2017-08-09,1.833,2.038,2.338,2.363,1.25,0.5050000000000001,0.53,0.583
2017-08-10,1.824,2.024,2.322,2.353,1.25,0.498,0.5290000000000001,0.5740000000000001
2017-08-11,1.804,2.004,2.302,2.338,1.25,0.498,0.534,0.554
2017-08-14,1.802,2.002,2.301,2.338,1.25,0.4990000000000001,0.536,0.552
2017-08-16,1.821,2.028,2.332,2.359,1.25,0.5109999999999999,0.538,0.571
2017-08-17,1.801,2.011,2.32,2.34,1.25,0.5189999999999999,0.5389999999999999,0.5509999999999999
2017-08-18,1.777,1.999,2.314,2.323,1.25,0.5370000000000001,0.546,0.5269999999999999
2017-08-21,1.784,1.997,2.304,2.325,1.25,0.5199999999999998,0.5410000000000001,0.534
2017-08-22,1.803,2.01,2.308,2.341,1.25,0.5049999999999999,0.5380000000000003,0.5529999999999999
2017-08-23,1.797,2.002,2.297,2.336,1.25,0.5000000000000002,0.5389999999999999,0.5469999999999999
2017-08-24,1.801,1.998,2.289,2.339,1.25,0.4880000000000002,0.538,0.5509999999999999
2017-08-25,1.755,1.96,2.253,2.306,1.25,0.4980000000000002,0.5510000000000002,0.5049999999999999
2017-08-28,1.758,1.963,2.251,2.308,1.25,0.4929999999999999,0.5499999999999998,0.508
2017-08-29,1.772,1.975,2.261,2.322,1.25,0.4890000000000001,0.55,0.522
2017-08-30,1.752,1.958,2.249,2.307,1.25,0.4970000000000001,0.5549999999999999,0.502
2017-08-31,1.747,1.968,2.262,2.304,1.25,0.5149999999999999,0.5569999999999997,0.4970000000000001
2017-09-01,1.747,1.966,2.271,2.302,1.25,0.5239999999999998,0.5549999999999999,0.4970000000000001
2017-09-04,1.782,2.001,2.305,2.335,1.25,0.5230000000000001,0.5529999999999999,0.532
2017-09-05,1.78,1.996,2.306,2.333,1.25,0.526,0.5530000000000002,0.53
2017-09-06,1.775,1.983,2.28,2.324,1.25,0.5049999999999999,0.5489999999999999,0.5249999999999999
2017-09-07,1.782,1.98,2.275,2.326,1.25,0.4929999999999999,0.544,0.532
2017-09-08,1.758,1.948,2.24,2.301,1.25,0.4820000000000002,0.5430000000000001,0.508
2017-09-11,1.757,1.954,2.251,2.303,1.25,0.494,0.546,0.5069999999999999
2017-09-12,1.753,1.955,2.251,2.301,1.25,0.498,0.5480000000000003,0.5029999999999999
2017-09-13,1.742,1.949,2.242,2.291,1.25,0.5,0.5489999999999999,0.492
2017-09-14,1.742,1.945,2.244,2.291,1.25,0.5020000000000002,0.5489999999999999,0.492
2017-09-15,1.739,1.949,2.248,2.29,1.25,0.5090000000000001,0.5509999999999999,0.4890000000000001
2017-09-18,1.742,1.96,2.265,2.294,1.25,0.5230000000000001,0.552,0.492
2017-09-19,1.779,1.989,2.294,2.326,1.25,0.5150000000000001,0.5470000000000002,0.5289999999999999
2017-09-20,1.775,1.983,2.28,2.322,1.25,0.5049999999999999,0.5470000000000002,0.5249999999999999
2017-09-21,1.781,1.979,2.28,2.329,1.25,0.4989999999999999,0.5480000000000003,0.5309999999999999
2017-09-22,1.775,1.972,2.268,2.322,1.25,0.4929999999999999,0.5470000000000002,0.5249999999999999
2017-09-25,1.786,1.982,2.27,2.334,1.25,0.484,0.548,0.536
2017-09-26,1.832,2.02,2.31,2.375,1.25,0.478,0.5429999999999999,0.5820000000000001
2017-09-27,1.887,2.087,2.36,2.426,1.25,0.47299999999999986,0.5390000000000001,0.637
2017-09-28,1.888,2.09,2.394,2.431,1.25,0.5060000000000002,0.5430000000000001,0.6379999999999999
2017-09-29,1.888,2.09,2.379,2.429,1.25,0.4910000000000001,0.5409999999999999,0.6379999999999999
2017-10-10,1.938,2.142,2.418,2.476,1.25,0.4800000000000002,0.538,0.688
2017-10-11,1.929,2.135,2.418,2.469,1.25,0.4890000000000001,0.5399999999999998,0.679
2017-10-12,1.9,2.111,2.388,2.443,1.25,0.488,0.5430000000000001,0.6499999999999999
2017-10-13,1.916,2.117,2.391,2.46,1.25,0.4750000000000001,0.544,0.6659999999999999
2017-10-16,1.927,2.13,2.398,2.473,1.25,0.4710000000000001,0.5459999999999998,0.677
2017-10-17,1.947,2.146,2.401,2.489,1.25,0.45399999999999974,0.5419999999999998,0.6970000000000001
2017-10-18,1.935,2.139,2.392,2.477,1.25,0.45699999999999985,0.5419999999999998,0.685
2017-10-19,2.006,2.21,2.429,2.55,1.25,0.42300000000000004,0.544,0.7559999999999998
2017-10-20,2.088,2.299,2.471,2.63,1.25,0.383,0.5419999999999998,0.8380000000000001
2017-10-23,2.032,2.267,2.454,2.584,1.25,0.42200000000000015,0.552,0.782
2017-10-24,2.057,2.292,2.456,2.61,1.25,0.399,0.5529999999999999,0.8069999999999999
2017-10-25,2.094,2.341,2.5,2.648,1.25,0.40600000000000014,0.5540000000000003,0.8439999999999999
2017-10-26,2.182,2.418,2.543,2.729,1.25,0.3610000000000002,0.5470000000000002,0.9319999999999999
2017-10-27,2.164,2.411,2.536,2.716,1.25,0.3719999999999999,0.552,0.9140000000000001
2017-10-30,2.137,2.39,2.521,2.697,1.25,0.3839999999999999,0.56,0.887
2017-10-31,2.164,2.398,2.571,2.728,1.25,0.40700000000000003,0.5640000000000001,0.9140000000000001
2017-11-01,2.14,2.373,2.547,2.705,1.25,0.40700000000000003,0.565,0.8900000000000001
2017-11-02,2.126,2.35,2.526,2.688,1.25,0.3999999999999999,0.5620000000000003,0.8759999999999999
2017-11-03,2.133,2.366,2.526,2.694,1.25,0.3929999999999998,0.5609999999999999,0.883
2017-11-06,2.152,2.387,2.549,2.711,1.25,0.3969999999999998,0.5589999999999997,0.9020000000000001
2017-11-07,2.133,2.357,2.539,2.695,1.25,0.40600000000000014,0.5619999999999998,0.883
2017-11-08,2.151,2.362,2.538,2.709,1.25,0.387,0.5580000000000003,0.9009999999999998
2017-11-09,2.147,2.35,2.537,2.709,1.25,0.3900000000000001,0.5620000000000003,0.8969999999999998
2017-11-10,2.157,2.35,2.564,2.72,1.25,0.40700000000000003,0.5630000000000002,0.907
2017-11-13,2.18,2.385,2.583,2.742,1.25,0.403,0.5619999999999998,0.9300000000000002
2017-11-14,2.211,2.417,2.61,2.771,1.25,0.399,0.56,0.9609999999999999
2017-11-15,2.177,2.38,2.571,2.739,1.25,0.39400000000000013,0.5619999999999998,0.927
2017-11-16,2.171,2.375,2.564,2.735,1.25,0.39300000000000024,0.5640000000000001,0.9209999999999998
2017-11-17,2.174,2.383,2.569,2.732,1.25,0.395,0.5580000000000003,0.9239999999999999
2017-11-20,2.156,2.358,2.546,2.713,1.25,0.3899999999999997,0.5569999999999999,0.9060000000000001
2017-11-21,2.156,2.355,2.543,2.714,1.25,0.387,0.5579999999999998,0.9060000000000001
2017-11-22,2.17,2.362,2.541,2.724,1.25,0.371,0.5540000000000003,0.9199999999999999
2017-11-23,2.134,2.32,2.521,2.696,1.25,0.387,0.5620000000000003,0.8839999999999999
2017-11-24,2.169,2.349,2.537,2.722,1.25,0.3679999999999999,0.5529999999999999,0.919
2017-11-27,2.153,2.345,2.531,2.706,1.25,0.3780000000000001,0.5529999999999999,0.903
2017-11-28,2.119,2.311,2.484,2.676,1.25,0.36499999999999977,0.5569999999999999,0.8690000000000002
2017-11-29,2.112,2.303,2.48,2.668,1.25,0.3679999999999999,0.556,0.8620000000000001
2017-11-30,2.075,2.262,2.477,2.631,1.5,0.4019999999999997,0.5559999999999996,0.5750000000000002
2017-12-01,2.081,2.275,2.489,2.637,1.5,0.4079999999999999,0.556,0.581
2017-12-04,2.083,2.27,2.485,2.635,1.5,0.4019999999999997,0.5519999999999996,0.5830000000000002
2017-12-05,2.112,2.296,2.502,2.663,1.5,0.3899999999999997,0.5509999999999997,0.6120000000000001
2017-12-06,2.084,2.271,2.467,2.637,1.5,0.383,0.5529999999999999,0.5840000000000001
2017-12-07,2.094,2.284,2.482,2.645,1.5,0.38800000000000034,0.5510000000000002,0.5939999999999999
2017-12-08,2.094,2.29,2.486,2.645,1.5,0.39200000000000035,0.5510000000000002,0.5939999999999999
2017-12-11,2.087,2.301,2.482,2.64,1.5,0.395,0.5529999999999999,0.5870000000000002
2017-12-12,2.077,2.286,2.456,2.628,1.5,0.379,0.5510000000000002,0.577
2017-12-13,2.078,2.27,2.453,2.628,1.5,0.375,0.5500000000000003,0.5779999999999998
2017-12-14,2.08,2.269,2.45,2.628,1.5,0.3700000000000001,0.548,0.5800000000000001
2017-12-15,2.078,2.261,2.433,2.625,1.5,0.355,0.5470000000000002,0.5779999999999998
2017-12-18,2.09,2.271,2.433,2.636,1.5,0.34299999999999997,0.5460000000000003,0.5899999999999999
2017-12-19,2.097,2.294,2.451,2.643,1.5,0.3540000000000001,0.5459999999999998,0.597
2017-12-20,2.087,2.298,2.467,2.638,1.5,0.3799999999999999,0.5509999999999997,0.5870000000000002
2017-12-21,2.094,2.308,2.483,2.643,1.5,0.38900000000000023,0.5489999999999999,0.5939999999999999
2017-12-22,2.131,2.338,2.496,2.678,1.5,0.3650000000000002,0.5470000000000002,0.6309999999999998
2017-12-26,2.129,2.33,2.491,2.678,1.5,0.3620000000000001,0.5489999999999999,0.629
2017-12-27,2.15,2.36,2.497,2.693,1.5,0.347,0.5430000000000001,0.6499999999999999
2017-12-28,2.134,2.343,2.469,2.678,1.5,0.33499999999999996,0.544,0.6339999999999999
2017-12-29,2.135,2.343,2.469,2.678,1.5,0.3340000000000001,0.5430000000000001,0.6349999999999998
2018-01-02,2.119,2.338,2.489,2.662,1.5,0.36999999999999966,0.5429999999999997,0.6190000000000002
2018-01-03,2.127,2.344,2.508,2.664,1.5,0.3810000000000002,0.5370000000000004,0.6269999999999998
2018-01-04,2.142,2.359,2.523,2.676,1.5,0.3810000000000002,0.5340000000000003,0.6419999999999999
2018-01-05,2.099,2.343,2.518,2.644,1.5,0.4189999999999996,0.5449999999999999,0.5990000000000002
2018-01-08,2.135,2.358,2.54,2.671,1.5,0.40500000000000025,0.536,0.6349999999999998
2018-01-09,2.149,2.38,2.565,2.684,1.5,0.4159999999999999,0.5350000000000001,0.649
2018-01-10,2.172,2.449,2.637,2.707,1.5,0.46499999999999986,0.5349999999999997,0.6720000000000002
2018-01-11,2.152,2.41,2.589,2.69,1.5,0.43699999999999983,0.5379999999999998,0.6520000000000001
2018-01-12,2.174,2.43,2.623,2.707,1.5,0.4490000000000003,0.5329999999999999,0.6739999999999999
2018-01-15,2.223,2.483,2.658,2.75,1.5,0.43500000000000005,0.5270000000000001,0.7229999999999999
2018-01-16,2.225,2.468,2.641,2.745,1.5,0.4159999999999999,0.52,0.7250000000000001
2018-01-17,2.227,2.469,2.636,2.745,1.5,0.40900000000000025,0.5180000000000002,0.7269999999999999
2018-01-18,2.172,2.43,2.62,2.701,1.5,0.44799999999999995,0.5289999999999999,0.6720000000000002
2018-01-19,2.17,2.443,2.638,2.701,1.5,0.46799999999999997,0.5310000000000001,0.6699999999999999
2018-01-22,2.203,2.461,2.652,2.731,1.5,0.4490000000000003,0.528,0.7029999999999998
2018-01-23,2.192,2.461,2.654,2.725,1.5,0.46199999999999974,0.5329999999999999,0.6920000000000002
2018-01-24,2.197,2.459,2.644,2.731,1.5,0.44700000000000006,0.5339999999999998,0.6970000000000001
2018-01-25,2.215,2.48,2.661,2.748,1.5,0.4460000000000002,0.5330000000000004,0.7149999999999999
2018-01-26,2.222,2.492,2.679,2.757,1.5,0.45699999999999985,0.5350000000000001,0.722
2018-01-29,2.281,2.559,2.744,2.81,1.5,0.4630000000000001,0.5289999999999999,0.7810000000000001
2018-01-30,2.304,2.592,2.784,2.833,1.5,0.48,0.5290000000000004,0.8039999999999998
2018-01-31,2.274,2.57,2.769,2.809,1.5,0.4950000000000001,0.5350000000000001,0.774
2018-02-01,2.249,2.538,2.756,2.789,1.5,0.5069999999999997,0.54,0.7490000000000001
2018-02-02,2.25,2.535,2.756,2.786,1.5,0.5059999999999998,0.536,0.75
2018-02-05,2.287,2.557,2.803,2.817,1.5,0.516,0.5300000000000002,0.7869999999999999
2018-02-06,2.253,2.504,2.749,2.788,1.5,0.496,0.5349999999999997,0.7530000000000001
2018-02-07,2.248,2.494,2.718,2.779,1.5,0.46999999999999975,0.5309999999999997,0.7480000000000002
2018-02-08,2.272,2.516,2.744,2.802,1.5,0.4720000000000004,0.5300000000000002,0.7719999999999998
2018-02-09,2.278,2.525,2.757,2.808,1.5,0.4790000000000001,0.5299999999999998,0.778
2018-02-12,2.302,2.566,2.806,2.835,1.5,0.504,0.5329999999999999,0.802
2018-02-13,2.278,2.541,2.78,2.816,1.5,0.5019999999999998,0.5379999999999998,0.778
2018-02-14,2.265,2.531,2.763,2.807,1.5,0.4979999999999998,0.5419999999999998,0.7650000000000001
2018-02-19,2.302,2.565,2.798,2.841,1.5,0.496,0.5390000000000001,0.802
2018-02-20,2.316,2.571,2.807,2.852,1.5,0.4910000000000001,0.536,0.8159999999999998
2018-02-21,2.306,2.563,2.801,2.845,1.5,0.4950000000000001,0.5390000000000001,0.806
2018-02-22,2.303,2.561,2.803,2.842,1.5,0.5,0.5390000000000001,0.8029999999999999
2018-02-23,2.285,2.542,2.792,2.831,1.5,0.5069999999999997,0.5459999999999998,0.7850000000000001
2018-02-26,2.263,2.521,2.763,2.813,1.5,0.5,0.5500000000000003,0.7629999999999999
2018-02-27,2.258,2.508,2.73,2.809,1.5,0.472,0.5510000000000002,0.758
2018-02-28,2.266,2.519,2.736,2.817,1.5,0.4700000000000002,0.5510000000000002,0.766
2018-03-02,2.29,2.544,2.741,2.84,1.5,0.45100000000000007,0.5499999999999998,0.79
2018-03-05,2.311,2.55,2.737,2.853,1.5,0.42600000000000016,0.5420000000000003,0.8109999999999999
2018-03-06,2.312,2.549,2.759,2.858,1.5,0.44700000000000006,0.5460000000000003,0.8119999999999998
2018-03-07,2.297,2.526,2.727,2.845,1.5,0.4299999999999997,0.548,0.7970000000000002
2018-03-08,2.286,2.519,2.73,2.837,1.5,0.44399999999999995,0.5510000000000002,0.786
2018-03-09,2.293,2.533,2.744,2.846,1.5,0.45100000000000007,0.5529999999999999,0.7930000000000001
2018-03-12,2.305,2.564,2.759,2.857,1.5,0.45399999999999974,0.552,0.8050000000000002
2018-03-13,2.301,2.555,2.746,2.853,1.5,0.44499999999999984,0.552,0.8010000000000002
2018-03-14,2.274,2.512,2.711,2.833,1.5,0.43699999999999983,0.5590000000000002,0.774
2018-03-15,2.268,2.494,2.704,2.827,1.5,0.4360000000000004,0.5590000000000002,0.7679999999999998
2018-03-16,2.276,2.5,2.713,2.835,1.5,0.4370000000000003,0.5590000000000002,0.7759999999999998
2018-03-19,2.275,2.5,2.724,2.838,1.5,0.4490000000000003,0.5630000000000002,0.7749999999999999
2018-03-20,2.286,2.513,2.732,2.848,1.5,0.4460000000000002,0.5619999999999998,0.786
2018-03-21,2.291,2.512,2.723,2.85,1.5,0.43199999999999994,0.5590000000000002,0.7909999999999999
2018-03-22,2.256,2.484,2.694,2.823,1.5,0.43800000000000017,0.5670000000000002,0.7559999999999998
2018-03-23,2.223,2.434,2.648,2.797,1.5,0.42500000000000027,0.5740000000000003,0.7229999999999999
2018-03-26,2.244,2.464,2.687,2.815,1.5,0.4429999999999996,0.5709999999999997,0.7440000000000002
2018-03-27,2.232,2.462,2.676,2.807,1.5,0.44399999999999995,0.5749999999999997,0.7320000000000002
2018-03-28,2.222,2.436,2.64,2.796,1.5,0.41800000000000015,0.5739999999999998,0.722
2018-03-29,2.227,2.444,2.642,2.799,1.5,0.41500000000000004,0.5720000000000001,0.7269999999999999
2018-03-30,2.216,2.427,2.624,2.795,1.5,0.4079999999999999,0.5789999999999997,0.7160000000000002
2018-04-02,2.225,2.443,2.643,2.802,1.5,0.4179999999999997,0.577,0.7250000000000001
2018-04-03,2.193,2.422,2.634,2.785,1.5,0.44099999999999984,0.5920000000000001,0.6930000000000001
2018-04-04,2.168,2.394,2.617,2.764,1.5,0.44899999999999984,0.5959999999999996,0.6680000000000001
2018-04-05,2.175,2.408,2.633,2.777,1.5,0.4580000000000002,0.6020000000000003,0.6749999999999998
2018-04-06,2.156,2.384,2.607,2.763,1.5,0.45100000000000007,0.6069999999999998,0.6560000000000001
2018-04-09,2.167,2.402,2.613,2.774,1.5,0.4460000000000002,0.6070000000000002,0.6669999999999998
2018-04-10,2.185,2.418,2.622,2.785,1.5,0.43699999999999983,0.6000000000000001,0.685
2018-04-11,2.165,2.391,2.596,2.77,1.5,0.43100000000000005,0.605,0.665
2018-04-12,2.156,2.379,2.58,2.762,1.5,0.42399999999999993,0.6059999999999999,0.6560000000000001
2018-04-13,2.155,2.385,2.603,2.764,1.5,0.4480000000000004,0.609,0.6549999999999998
2018-04-16,2.169,2.408,2.625,2.777,1.5,0.45599999999999996,0.6080000000000001,0.669
2018-04-17,2.178,2.42,2.636,2.785,1.5,0.4580000000000002,0.6070000000000002,0.6779999999999999
2018-04-18,2.196,2.441,2.652,2.795,1.5,0.45599999999999996,0.5989999999999998,0.6960000000000002
2018-04-19,2.195,2.434,2.647,2.798,1.5,0.45199999999999996,0.6030000000000002,0.6949999999999998
2018-04-20,2.2,2.45,2.671,2.806,1.5,0.47099999999999964,0.6059999999999999,0.7000000000000002
2018-04-23,2.235,2.492,2.725,2.837,1.5,0.4900000000000002,0.6020000000000003,0.7349999999999999
2018-04-24,2.227,2.493,2.726,2.83,1.5,0.4990000000000001,0.6030000000000002,0.7269999999999999
2018-04-25,2.246,2.521,2.762,2.849,1.5,0.516,0.6030000000000002,0.746
2018-04-26,2.234,2.51,2.749,2.835,1.5,0.5150000000000001,0.601,0.734
2018-04-27,2.201,2.471,2.7,2.806,1.5,0.4990000000000001,0.605,0.7010000000000001
2018-04-30,2.216,2.486,2.713,2.819,1.5,0.4969999999999999,0.6029999999999998,0.7160000000000002
2018-05-02,2.237,2.517,2.751,2.839,1.5,0.5139999999999998,0.6019999999999999,0.7370000000000001
2018-05-03,2.246,2.525,2.751,2.847,1.5,0.5049999999999999,0.601,0.746
2018-05-04,2.28,2.556,2.761,2.876,1.5,0.4810000000000003,0.5960000000000001,0.7799999999999998
2018-05-08,2.311,2.584,2.787,2.901,1.5,0.476,0.5899999999999999,0.8109999999999999
2018-05-09,2.309,2.583,2.805,2.904,1.5,0.496,0.5949999999999998,0.8090000000000002
2018-05-10,2.276,2.55,2.772,2.881,1.5,0.496,0.605,0.7759999999999998
2018-05-11,2.286,2.563,2.785,2.891,1.5,0.4990000000000001,0.605,0.786
2018-05-14,2.309,2.586,2.795,2.909,1.5,0.48599999999999977,0.5999999999999996,0.8090000000000002
2018-05-15,2.312,2.593,2.814,2.912,1.5,0.5020000000000002,0.6000000000000001,0.8119999999999998
2018-05-16,2.285,2.566,2.794,2.892,1.5,0.5089999999999999,0.6069999999999998,0.7850000000000001
2018-05-17,2.262,2.551,2.796,2.872,1.5,0.5339999999999998,0.6099999999999999,0.762
2018-05-18,2.231,2.514,2.765,2.844,1.5,0.5340000000000003,0.613,0.7309999999999999
2018-05-21,2.251,2.532,2.769,2.863,1.5,0.5180000000000002,0.6120000000000001,0.7509999999999999
2018-05-23,2.235,2.513,2.747,2.85,1.5,0.512,0.6150000000000002,0.7349999999999999
2018-05-24,2.191,2.48,2.72,2.818,1.5,0.5290000000000004,0.6270000000000002,0.6909999999999998
2018-05-25,2.198,2.482,2.716,2.823,1.5,0.5180000000000002,0.625,0.698
2018-05-28,2.208,2.497,2.726,2.829,1.5,0.5179999999999998,0.621,0.7080000000000002
2018-05-29,2.189,2.479,2.693,2.813,1.5,0.504,0.6240000000000001,0.6890000000000001
2018-05-30,2.192,2.488,2.697,2.817,1.5,0.5049999999999999,0.625,0.6920000000000002
2018-05-31,2.195,2.479,2.695,2.816,1.5,0.5,0.621,0.6949999999999998
2018-06-01,2.193,2.479,2.703,2.814,1.5,0.5099999999999998,0.621,0.6930000000000001
2018-06-04,2.213,2.504,2.733,2.834,1.5,0.52,0.621,0.7130000000000001
2018-06-05,2.201,2.497,2.716,2.827,1.5,0.5150000000000001,0.6259999999999999,0.7010000000000001
2018-06-07,2.217,2.522,2.75,2.842,1.5,0.5329999999999999,0.625,0.7170000000000001
2018-06-08,2.189,2.485,2.714,2.818,1.5,0.5249999999999999,0.629,0.6890000000000001
2018-06-11,2.223,2.499,2.732,2.833,1.5,0.5090000000000003,0.6100000000000003,0.7229999999999999
2018-06-12,2.223,2.497,2.721,2.833,1.5,0.4980000000000002,0.6100000000000003,0.7229999999999999
2018-06-14,2.227,2.502,2.711,2.846,1.5,0.484,0.6190000000000002,0.7269999999999999
2018-06-15,2.186,2.467,2.672,2.815,1.5,0.4860000000000002,0.629,0.6859999999999999
2018-06-18,2.178,2.451,2.65,2.807,1.5,0.472,0.629,0.6779999999999999
2018-06-19,2.164,2.417,2.62,2.795,1.5,0.45599999999999996,0.6309999999999998,0.6640000000000001
2018-06-20,2.163,2.411,2.618,2.797,1.5,0.45500000000000007,0.6340000000000003,0.6629999999999998
2018-06-21,2.149,2.392,2.594,2.786,1.5,0.44499999999999984,0.637,0.649
2018-06-22,2.147,2.399,2.608,2.788,1.5,0.4610000000000003,0.641,0.6469999999999998
2018-06-25,2.143,2.399,2.605,2.784,1.5,0.4620000000000002,0.641,0.6429999999999998
2018-06-26,2.148,2.403,2.618,2.788,1.5,0.46999999999999975,0.6399999999999997,0.6480000000000001
2018-06-27,2.122,2.364,2.576,2.767,1.5,0.4540000000000002,0.645,0.6219999999999999
2018-06-28,2.115,2.354,2.558,2.762,1.5,0.4429999999999996,0.6469999999999998,0.6150000000000002
2018-06-29,2.122,2.352,2.556,2.766,1.5,0.43400000000000016,0.6440000000000001,0.6219999999999999
2018-07-02,2.123,2.34,2.53,2.766,1.5,0.4069999999999996,0.6429999999999998,0.6230000000000002
2018-07-03,2.138,2.378,2.577,2.781,1.5,0.43900000000000006,0.6430000000000002,0.6379999999999999
2018-07-04,2.116,2.348,2.547,2.761,1.5,0.43100000000000005,0.645,0.6160000000000001
2018-07-05,2.093,2.334,2.545,2.742,1.5,0.45199999999999996,0.649,0.593
2018-07-06,2.101,2.352,2.555,2.749,1.5,0.4540000000000002,0.6480000000000001,0.601
2018-07-09,2.107,2.353,2.558,2.755,1.5,0.4509999999999996,0.6479999999999997,0.6070000000000002
2018-07-10,2.095,2.346,2.553,2.745,1.5,0.45799999999999974,0.6499999999999999,0.5950000000000002
2018-07-11,2.054,2.301,2.512,2.708,1.5,0.4580000000000002,0.6540000000000004,0.5539999999999998
2018-07-12,2.09,2.331,2.542,2.744,1.5,0.45199999999999996,0.6540000000000004,0.5899999999999999
2018-07-13,2.105,2.341,2.556,2.755,1.5,0.45100000000000007,0.6499999999999999,0.605
2018-07-16,2.088,2.328,2.546,2.741,1.5,0.45799999999999974,0.653,0.5880000000000001
2018-07-17,2.094,2.334,2.552,2.746,1.5,0.4580000000000002,0.6520000000000001,0.5939999999999999
2018-07-18,2.087,2.319,2.53,2.74,1.5,0.4429999999999996,0.653,0.5870000000000002
2018-07-19,2.089,2.329,2.54,2.744,1.5,0.45100000000000007,0.6550000000000002,0.589
2018-07-20,2.077,2.315,2.522,2.732,1.5,0.44499999999999984,0.6550000000000002,0.577
2018-07-23,2.077,2.32,2.535,2.735,1.5,0.4580000000000002,0.6579999999999999,0.577
2018-07-24,2.092,2.344,2.575,2.748,1.5,0.4830000000000001,0.6560000000000001,0.5920000000000001
2018-07-25,2.079,2.323,2.546,2.739,1.5,0.46699999999999964,0.6599999999999997,0.5790000000000002
2018-07-26,2.071,2.323,2.55,2.732,1.5,0.47899999999999965,0.661,0.5710000000000002
2018-07-27,2.112,2.359,2.571,2.771,1.5,0.4590000000000001,0.6589999999999998,0.6120000000000001
2018-07-30,2.128,2.368,2.573,2.786,1.5,0.44499999999999984,0.6579999999999999,0.6280000000000001
2018-07-31,2.123,2.36,2.567,2.781,1.5,0.44399999999999995,0.6579999999999999,0.6230000000000002
2018-08-01,2.124,2.375,2.589,2.78,1.5,0.46499999999999986,0.6559999999999997,0.6240000000000001
2018-08-02,2.113,2.362,2.574,2.77,1.5,0.46099999999999985,0.657,0.613
2018-08-03,2.108,2.361,2.58,2.765,1.5,0.472,0.657,0.6080000000000001
2018-08-06,2.097,2.338,2.561,2.755,1.5,0.46399999999999997,0.6579999999999999,0.597
2018-08-07,2.082,2.326,2.557,2.743,1.5,0.4750000000000001,0.661,0.5819999999999999
2018-08-08,2.07,2.321,2.557,2.732,1.5,0.4870000000000001,0.6620000000000004,0.5699999999999998
2018-08-09,2.05,2.29,2.521,2.714,1.5,0.4710000000000001,0.6640000000000001,0.5499999999999998
2018-08-10,2.04,2.263,2.49,2.703,1.5,0.4500000000000002,0.6629999999999998,0.54
2018-08-13,2.051,2.28,2.505,2.711,1.5,0.45399999999999974,0.6599999999999997,0.5510000000000002
2018-08-14,2.063,2.288,2.503,2.721,1.5,0.43999999999999995,0.6579999999999999,0.5630000000000002
2018-08-16,2.05,2.268,2.475,2.707,1.5,0.42500000000000027,0.657,0.5499999999999998
2018-08-17,1.997,2.208,2.431,2.659,1.5,0.43399999999999994,0.6619999999999997,0.4970000000000001
2018-08-20,1.985,2.184,2.407,2.65,1.5,0.42199999999999993,0.6649999999999998,0.4850000000000001
2018-08-21,1.919,2.132,2.381,2.592,1.5,0.46199999999999974,0.673,0.41900000000000004
2018-08-22,1.962,2.169,2.402,2.626,1.5,0.44000000000000017,0.6639999999999999,0.46199999999999997
2018-08-23,1.963,2.174,2.395,2.625,1.5,0.43199999999999994,0.6619999999999999,0.4630000000000001
2018-08-24,1.963,2.173,2.381,2.624,1.5,0.4179999999999997,0.661,0.4630000000000001
2018-08-27,1.963,2.178,2.371,2.581,1.5,0.4079999999999999,0.6179999999999999,0.4630000000000001
2018-08-28,1.965,2.172,2.354,2.546,1.5,0.389,0.5809999999999997,0.4650000000000001
2018-08-29,1.955,2.161,2.362,2.507,1.5,0.40700000000000003,0.552,0.45500000000000007
2018-08-30,1.98,2.179,2.367,2.5,1.5,0.387,0.52,0.48
2018-08-31,1.916,2.113,2.311,2.416,1.5,0.395,0.5,0.4159999999999999
2018-09-03,1.922,2.103,2.292,2.404,1.5,0.3699999999999999,0.482,0.42199999999999993
2018-09-04,1.917,2.101,2.298,2.386,1.5,0.381,0.4690000000000001,0.41700000000000004
2018-09-05,1.9,2.081,2.269,2.358,1.5,0.3690000000000002,0.4580000000000002,0.3999999999999999
2018-09-06,1.912,2.085,2.274,2.366,1.5,0.3620000000000001,0.4540000000000002,0.4119999999999999
2018-09-07,1.919,2.081,2.268,2.365,1.5,0.34899999999999975,0.4460000000000002,0.41900000000000004
2018-09-10,1.918,2.083,2.258,2.367,1.5,0.3400000000000001,0.44900000000000007,0.4179999999999999
2018-09-11,1.923,2.092,2.273,2.373,1.5,0.3500000000000001,0.4500000000000002,0.42300000000000004
2018-09-12,1.893,2.062,2.254,2.343,1.5,0.361,0.44999999999999996,0.393
2018-09-13,1.921,2.083,2.262,2.37,1.5,0.34099999999999997,0.44900000000000007,0.42100000000000004
2018-09-14,1.96,2.124,2.309,2.406,1.5,0.3490000000000002,0.4460000000000002,0.45999999999999996
2018-09-17,1.967,2.135,2.316,2.413,1.5,0.34899999999999975,0.44599999999999973,0.4670000000000001
2018-09-18,1.98,2.152,2.337,2.422,1.5,0.3570000000000002,0.44200000000000017,0.48
2018-09-19,1.996,2.177,2.374,2.438,1.5,0.3780000000000001,0.44200000000000017,0.496
2018-09-20,2.035,2.233,2.428,2.476,1.5,0.3929999999999998,0.44099999999999984,0.5350000000000001
2018-09-21,2.022,2.221,2.412,2.463,1.5,0.3900000000000001,0.4410000000000003,0.5219999999999998
2018-09-27,2.006,2.193,2.375,2.45,1.5,0.3690000000000002,0.4440000000000004,0.5059999999999998
2018-09-28,2.005,2.175,2.357,2.449,1.5,0.3520000000000003,0.44399999999999995,0.5049999999999999
2018-10-01,2.022,2.195,2.384,2.464,1.5,0.3620000000000001,0.44200000000000017,0.5219999999999998
2018-10-02,2.015,2.182,2.371,2.46,1.5,0.35599999999999987,0.44499999999999984,0.5150000000000001
2018-10-04,2.066,2.242,2.445,2.506,1.5,0.379,0.43999999999999995,0.5659999999999998
2018-10-05,2.084,2.269,2.453,2.522,1.5,0.3689999999999998,0.4379999999999997,0.5840000000000001
2018-10-08,2.091,2.286,2.453,2.528,1.5,0.36199999999999966,0.43699999999999983,0.5910000000000002
2018-10-10,2.059,2.245,2.413,2.497,1.5,0.35399999999999965,0.4379999999999997,0.5590000000000002
2018-10-11,2.012,2.19,2.361,2.455,1.5,0.3490000000000002,0.44300000000000006,0.512
2018-10-12,2.05,2.233,2.399,2.486,1.5,0.3490000000000002,0.4360000000000004,0.5499999999999998
2018-10-15,2.051,2.224,2.38,2.485,1.5,0.32899999999999974,0.4339999999999997,0.5510000000000002
2018-10-16,2.048,2.217,2.38,2.482,1.5,0.33199999999999985,0.43400000000000016,0.548
2018-10-17,2.023,2.183,2.341,2.463,1.5,0.31800000000000006,0.43999999999999995,0.5230000000000001
2018-10-18,1.981,2.125,2.293,2.423,1.5,0.31200000000000006,0.44199999999999995,0.4810000000000001
2018-10-19,1.989,2.142,2.318,2.432,1.5,0.32899999999999996,0.44299999999999984,0.4890000000000001
2018-10-22,2.009,2.163,2.344,2.451,1.5,0.33499999999999996,0.44200000000000017,0.5089999999999999
2018-10-23,1.989,2.133,2.307,2.432,1.5,0.31799999999999984,0.44299999999999984,0.4890000000000001
2018-10-24,2.007,2.142,2.309,2.445,1.5,0.30200000000000005,0.4379999999999997,0.5070000000000001
2018-10-25,1.982,2.099,2.269,2.426,1.5,0.28700000000000014,0.4440000000000002,0.482
2018-10-26,1.968,2.079,2.248,2.413,1.5,0.28000000000000025,0.44499999999999984,0.46799999999999997
2018-10-29,1.894,1.997,2.171,2.344,1.5,0.2769999999999999,0.44999999999999996,0.3939999999999999
2018-10-30,1.931,2.039,2.221,2.384,1.5,0.29000000000000004,0.45299999999999985,0.43100000000000005
2018-10-31,1.939,2.066,2.243,2.393,1.5,0.3039999999999998,0.45399999999999974,0.43900000000000006
2018-11-01,1.942,2.08,2.251,2.394,1.5,0.30899999999999994,0.4520000000000002,0.44199999999999995
2018-11-02,1.982,2.118,2.283,2.431,1.5,0.30099999999999993,0.44900000000000007,0.482
2018-11-05,1.982,2.109,2.279,2.432,1.5,0.29699999999999993,0.44999999999999996,0.482
2018-11-06,1.984,2.116,2.295,2.436,1.5,0.31099999999999994,0.45199999999999996,0.484
2018-11-07,1.964,2.089,2.259,2.419,1.5,0.29499999999999993,0.45500000000000007,0.46399999999999997
2018-11-08,1.966,2.087,2.257,2.42,1.5,0.29100000000000015,0.45399999999999996,0.46599999999999997
2018-11-09,1.96,2.069,2.233,2.416,1.5,0.27300000000000013,0.45599999999999996,0.45999999999999996
2018-11-12,1.945,2.045,2.21,2.406,1.5,0.2649999999999999,0.4610000000000001,0.44500000000000006
2018-11-13,1.94,2.055,2.211,2.402,1.5,0.2709999999999999,0.4620000000000002,0.43999999999999995
2018-11-14,1.922,2.038,2.195,2.39,1.5,0.2729999999999999,0.4680000000000002,0.42199999999999993
2018-11-15,1.943,2.071,2.231,2.409,1.5,0.2879999999999998,0.46599999999999975,0.44300000000000006
2018-11-16,1.947,2.055,2.22,2.411,1.5,0.27300000000000013,0.46399999999999997,0.44700000000000006
2018-11-19,1.942,2.044,2.201,2.405,1.5,0.2590000000000001,0.46299999999999986,0.44199999999999995
2018-11-20,1.94,2.045,2.206,2.405,1.5,0.266,0.46499999999999986,0.43999999999999995
2018-11-21,1.946,2.046,2.209,2.409,1.5,0.2630000000000001,0.46299999999999986,0.44599999999999995
2018-11-22,1.942,2.042,2.206,2.406,1.5,0.264,0.4640000000000002,0.44199999999999995
2018-11-23,1.914,2.006,2.169,2.388,1.5,0.2550000000000001,0.474,0.4139999999999999
2018-11-26,1.914,2.005,2.167,2.388,1.5,0.2529999999999999,0.474,0.4139999999999999
2018-11-27,1.908,1.991,2.15,2.38,1.5,0.242,0.472,0.4079999999999999
2018-11-28,1.92,2.005,2.155,2.388,1.5,0.23499999999999988,0.46799999999999997,0.41999999999999993
2018-11-29,1.889,1.972,2.114,2.36,1.5,0.22499999999999987,0.47099999999999986,0.389
2018-11-30,1.897,1.972,2.106,2.367,1.75,0.20899999999999985,0.47,0.14700000000000002
2018-12-03,1.924,1.998,2.128,2.388,1.75,0.20400000000000018,0.46399999999999997,0.17399999999999993
2018-12-04,1.914,1.976,2.102,2.382,1.75,0.18799999999999994,0.4680000000000002,0.16399999999999992
2018-12-05,1.901,1.94,2.058,2.372,1.75,0.1569999999999998,0.47099999999999986,0.15100000000000002
2018-12-06,1.839,1.878,1.983,2.319,1.75,0.14400000000000013,0.48,0.08899999999999997
2018-12-07,1.834,1.885,1.993,2.313,1.75,0.15900000000000003,0.4790000000000001,0.08400000000000007
2018-12-10,1.803,1.873,1.978,2.293,1.75,0.17500000000000004,0.4900000000000002,0.052999999999999936
2018-12-11,1.792,1.877,1.98,2.284,1.75,0.18799999999999994,0.49199999999999977,0.04200000000000004
2018-12-12,1.803,1.907,2.01,2.292,1.75,0.20699999999999985,0.4889999999999999,0.052999999999999936
2018-12-13,1.795,1.907,2.018,2.288,1.75,0.22299999999999986,0.4929999999999999,0.04499999999999993
2018-12-14,1.781,1.896,2.002,2.277,1.75,0.22099999999999986,0.4960000000000002,0.030999999999999917
2018-12-17,1.795,1.886,2.004,2.283,1.75,0.20900000000000007,0.488,0.04499999999999993
2018-12-18,1.795,1.864,1.981,2.282,1.75,0.18600000000000017,0.4870000000000001,0.04499999999999993
2018-12-19,1.783,1.829,1.932,2.272,1.75,0.14900000000000002,0.4889999999999999,0.03299999999999992
2018-12-20,1.8,1.842,1.932,2.283,1.75,0.1319999999999999,0.4829999999999999,0.050000000000000044
2018-12-21,1.838,1.893,1.97,2.31,1.75,0.1319999999999999,0.472,0.08800000000000008
2018-12-24,1.846,1.903,1.99,2.313,1.75,0.1439999999999999,0.4670000000000001,0.09600000000000009
2018-12-26,1.807,1.87,1.948,2.279,1.75,0.14100000000000001,0.472,0.05699999999999994
2018-12-27,1.81,1.874,1.943,2.282,1.75,0.133,0.472,0.06000000000000005
2018-12-28,1.817,1.884,1.948,2.287,1.75,0.131,0.47,0.06699999999999995
2018-12-31,1.817,1.884,1.948,2.287,1.75,0.131,0.47,0.06699999999999995
2019-01-02,1.802,1.873,1.948,2.27,1.75,0.1459999999999999,0.46799999999999997,0.052000000000000046
2019-01-03,1.796,1.869,1.955,2.265,1.75,0.15900000000000003,0.4690000000000001,0.04600000000000004
2019-01-04,1.797,1.866,1.972,2.259,1.75,0.17500000000000004,0.46199999999999997,0.04699999999999993
2019-01-07,1.807,1.877,1.977,2.268,1.75,0.17000000000000015,0.46099999999999985,0.05699999999999994
2019-01-08,1.81,1.892,1.994,2.269,1.75,0.18399999999999994,0.4590000000000001,0.06000000000000005
2019-01-09,1.809,1.895,1.985,2.27,1.75,0.17600000000000016,0.4610000000000001,0.05899999999999994
2019-01-10,1.796,1.86,1.964,2.259,1.75,0.16799999999999993,0.46299999999999986,0.04600000000000004
2019-01-11,1.804,1.877,1.992,2.262,1.75,0.18799999999999994,0.45799999999999996,0.05400000000000005
2019-01-14,1.797,1.858,1.973,2.257,1.75,0.17600000000000016,0.4600000000000002,0.04699999999999993
2019-01-15,1.797,1.86,1.968,2.258,1.75,0.17100000000000004,0.4610000000000001,0.04699999999999993
2019-01-16,1.803,1.871,1.982,2.258,1.75,0.17900000000000005,0.45500000000000007,0.052999999999999936
2019-01-17,1.795,1.871,1.976,2.255,1.75,0.18100000000000005,0.45999999999999996,0.04499999999999993
2019-01-18,1.814,1.895,2.008,2.267,1.75,0.19399999999999995,0.45299999999999985,0.06400000000000006
2019-01-21,1.821,1.898,2.028,2.271,1.75,0.20700000000000007,0.44999999999999996,0.07099999999999995
2019-01-22,1.803,1.873,1.997,2.255,1.75,0.19400000000000017,0.45199999999999996,0.052999999999999936
2019-01-23,1.803,1.865,1.984,2.256,1.75,0.18100000000000005,0.45299999999999985,0.052999999999999936
2019-01-24,1.81,1.876,1.993,2.261,1.75,0.18300000000000005,0.45100000000000007,0.06000000000000005
2019-01-25,1.812,1.884,2.005,2.261,1.75,0.19299999999999984,0.44900000000000007,0.062000000000000055
2019-01-28,1.82,1.891,2.019,2.267,1.75,0.19900000000000007,0.44699999999999984,0.07000000000000006
2019-01-29,1.823,1.898,2.035,2.269,1.75,0.2120000000000002,0.4460000000000002,0.07299999999999995
2019-01-30,1.827,1.914,2.051,2.272,1.75,0.2240000000000002,0.44499999999999984,0.07699999999999996
2019-01-31,1.809,1.883,2.001,2.256,1.75,0.19199999999999995,0.44699999999999984,0.05899999999999994
2019-02-01,1.803,1.876,1.983,2.251,1.75,0.18000000000000016,0.44799999999999995,0.052999999999999936
2019-02-07,1.801,1.876,1.995,2.249,1.75,0.19400000000000017,0.4480000000000002,0.050999999999999934
2019-02-08,1.786,1.853,1.965,2.234,1.75,0.17900000000000005,0.44799999999999995,0.03600000000000003
2019-02-11,1.781,1.837,1.943,2.229,1.75,0.16200000000000014,0.4480000000000002,0.030999999999999917
2019-02-12,1.796,1.856,1.978,2.242,1.75,0.18199999999999994,0.44599999999999995,0.04600000000000004
2019-02-13,1.801,1.87,1.987,2.247,1.75,0.18600000000000017,0.44599999999999995,0.050999999999999934
2019-02-14,1.794,1.864,1.99,2.242,1.75,0.19599999999999995,0.44799999999999995,0.04400000000000004
2019-02-15,1.779,1.84,1.962,2.231,1.75,0.18300000000000005,0.45199999999999996,0.028999999999999915
2019-02-18,1.804,1.87,1.997,2.251,1.75,0.19300000000000006,0.44699999999999984,0.05400000000000005
2019-02-19,1.8,1.867,1.996,2.249,1.75,0.19599999999999995,0.44900000000000007,0.050000000000000044
2019-02-20,1.802,1.871,1.992,2.252,1.75,0.18999999999999995,0.44999999999999973,0.052000000000000046
2019-02-21,1.811,1.881,2.01,2.258,1.75,0.19899999999999984,0.44700000000000006,0.06099999999999994
2019-02-22,1.814,1.885,2.008,2.26,1.75,0.19399999999999995,0.44599999999999973,0.06400000000000006
2019-02-25,1.819,1.89,2.012,2.265,1.75,0.19300000000000006,0.4460000000000002,0.06899999999999995
2019-02-26,1.816,1.884,2.003,2.261,1.75,0.18700000000000006,0.44500000000000006,0.06600000000000006
2019-02-27,1.808,1.873,1.985,2.254,1.75,0.17700000000000005,0.44599999999999995,0.05800000000000005
2019-02-28,1.813,1.876,1.987,2.261,1.75,0.17400000000000015,0.4480000000000002,0.06299999999999994
2019-03-04,1.834,1.907,2.027,2.281,1.75,0.19300000000000006,0.44700000000000006,0.08400000000000007
2019-03-05,1.836,1.911,2.029,2.283,1.75,0.19299999999999984,0.44699999999999984,0.08600000000000008
2019-03-06,1.828,1.9,2.021,2.278,1.75,0.19299999999999984,0.44999999999999996,0.07800000000000007
2019-03-07,1.817,1.884,2.005,2.269,1.75,0.18799999999999994,0.4520000000000002,0.06699999999999995
2019-03-08,1.802,1.863,1.973,2.255,1.75,0.17100000000000004,0.45299999999999985,0.052000000000000046
2019-03-11,1.81,1.868,1.986,2.261,1.75,0.17599999999999993,0.45100000000000007,0.06000000000000005
2019-03-12,1.81,1.87,1.991,2.262,1.75,0.18100000000000005,0.45199999999999996,0.06000000000000005
2019-03-13,1.795,1.853,1.966,2.248,1.75,0.17100000000000004,0.4530000000000003,0.04499999999999993
2019-03-14,1.793,1.851,1.978,2.246,1.75,0.18500000000000005,0.45300000000000007,0.04299999999999993
2019-03-15,1.803,1.865,1.989,2.256,1.75,0.18600000000000017,0.45299999999999985,0.052999999999999936
2019-03-18,1.812,1.871,1.994,2.264,1.75,0.18199999999999994,0.45199999999999974,0.062000000000000055
2019-03-19,1.81,1.863,1.979,2.262,1.75,0.16900000000000004,0.45199999999999996,0.06000000000000005
2019-03-20,1.813,1.866,1.981,2.265,1.75,0.16800000000000015,0.4520000000000002,0.06299999999999994
2019-03-21,1.793,1.829,1.932,2.247,1.75,0.139,0.45399999999999996,0.04299999999999993
2019-03-22,1.8,1.827,1.934,2.254,1.75,0.1339999999999999,0.45399999999999996,0.050000000000000044
2019-03-25,1.77,1.785,1.888,2.225,1.75,0.11799999999999988,0.45500000000000007,0.020000000000000018
2019-03-26,1.763,1.788,1.905,2.217,1.75,0.14200000000000013,0.4540000000000002,0.0129999999999999
2019-03-27,1.722,1.743,1.845,2.187,1.75,0.123,0.46499999999999986,-0.028000000000000025
2019-03-28,1.679,1.703,1.81,2.151,1.75,0.131,0.47199999999999975,-0.07099999999999995
2019-03-29,1.69,1.708,1.833,2.163,1.75,0.14300000000000002,0.47299999999999986,-0.06000000000000005
2019-04-01,1.726,1.742,1.866,2.197,1.75,0.14000000000000012,0.4710000000000001,-0.02400000000000002
2019-04-02,1.706,1.73,1.856,2.178,1.75,0.15000000000000013,0.472,-0.04400000000000004
2019-04-03,1.72,1.754,1.889,2.193,1.75,0.16900000000000004,0.4730000000000001,-0.030000000000000027
2019-04-04,1.72,1.754,1.877,2.194,1.75,0.15700000000000003,0.474,-0.030000000000000027
2019-04-05,1.735,1.777,1.893,2.207,1.75,0.15799999999999992,0.47199999999999975,-0.014999999999999902
2019-04-08,1.723,1.76,1.868,2.196,1.75,0.14500000000000002,0.4730000000000001,-0.026999999999999913
2019-04-09,1.725,1.759,1.872,2.197,1.75,0.14700000000000002,0.472,-0.02499999999999991
2019-04-10,1.731,1.761,1.871,2.201,1.75,0.1399999999999999,0.47,-0.018999999999999906
2019-04-11,1.732,1.76,1.867,2.202,1.75,0.135,0.47,-0.018000000000000016
2019-04-12,1.733,1.769,1.881,2.204,1.75,0.1479999999999999,0.4710000000000001,-0.016999999999999904
2019-04-15,1.761,1.805,1.926,2.23,1.75,0.16500000000000004,0.4690000000000001,0.010999999999999899
2019-04-16,1.765,1.807,1.932,2.234,1.75,0.16700000000000004,0.4690000000000001,0.014999999999999902
2019-04-17,1.778,1.823,1.947,2.249,1.75,0.16900000000000004,0.4710000000000001,0.028000000000000025
2019-04-18,1.741,1.776,1.893,2.215,1.75,0.1519999999999999,0.47399999999999975,-0.008999999999999897
2019-04-19,1.756,1.788,1.899,2.228,1.75,0.14300000000000002,0.4720000000000002,0.006000000000000005
2019-04-22,1.769,1.815,1.929,2.241,1.75,0.16000000000000014,0.4720000000000002,0.018999999999999906
2019-04-23,1.768,1.806,1.923,2.238,1.75,0.15500000000000003,0.47,0.018000000000000016
2019-04-24,1.749,1.791,1.912,2.219,1.75,0.1629999999999998,0.46999999999999975,-0.0009999999999998899
2019-04-25,1.724,1.758,1.879,2.195,1.75,0.15500000000000003,0.47099999999999986,-0.026000000000000023
2019-04-26,1.72,1.751,1.876,2.191,1.75,0.15599999999999992,0.47099999999999986,-0.030000000000000027
2019-04-29,1.712,1.743,1.864,2.184,1.75,0.15200000000000014,0.4720000000000002,-0.038000000000000034
2019-04-30,1.699,1.728,1.845,2.171,1.75,0.1459999999999999,0.47199999999999975,-0.050999999999999934
2019-05-02,1.732,1.765,1.885,2.201,1.75,0.15300000000000002,0.4690000000000001,-0.018000000000000016
2019-05-03,1.739,1.775,1.9,2.204,1.75,0.1609999999999998,0.4650000000000001,-0.010999999999999899
2019-05-07,1.723,1.759,1.885,2.189,1.75,0.16199999999999992,0.46599999999999997,-0.026999999999999913
2019-05-08,1.717,1.755,1.878,2.184,1.75,0.1609999999999998,0.4670000000000001,-0.03299999999999992
2019-05-09,1.708,1.744,1.861,2.176,1.75,0.15300000000000002,0.4680000000000002,-0.04200000000000004
2019-05-10,1.719,1.762,1.873,2.187,1.75,0.15399999999999991,0.46799999999999975,-0.030999999999999917
2019-05-13,1.721,1.765,1.874,2.186,1.75,0.15300000000000002,0.46499999999999986,-0.028999999999999915
2019-05-14,1.711,1.759,1.868,2.177,1.75,0.15700000000000003,0.46599999999999997,-0.038999999999999924
2019-05-15,1.71,1.755,1.865,2.175,1.75,0.15500000000000003,0.46499999999999986,-0.040000000000000036
2019-05-16,1.675,1.711,1.82,2.146,1.75,0.14500000000000002,0.47099999999999986,-0.07499999999999996
2019-05-17,1.67,1.706,1.822,2.145,1.75,0.15200000000000014,0.4750000000000001,-0.08000000000000007
2019-05-20,1.681,1.724,1.847,2.157,1.75,0.16599999999999993,0.476,-0.06899999999999995
2019-05-21,1.663,1.707,1.83,2.142,1.75,0.16700000000000004,0.47899999999999987,-0.08699999999999997
2019-05-22,1.667,1.709,1.828,2.144,1.75,0.16100000000000003,0.4770000000000001,-0.08299999999999996
2019-05-23,1.648,1.69,1.808,2.131,1.75,0.16000000000000014,0.4829999999999999,-0.10200000000000009
2019-05-24,1.643,1.679,1.792,2.126,1.75,0.14900000000000002,0.4829999999999999,-0.10699999999999998
2019-05-27,1.652,1.687,1.797,2.131,1.75,0.14500000000000002,0.47899999999999987,-0.09800000000000009
2019-05-28,1.654,1.682,1.793,2.13,1.75,0.139,0.476,-0.09600000000000009
2019-05-29,1.619,1.642,1.741,2.103,1.75,0.12200000000000011,0.4840000000000002,-0.131
2019-05-30,1.626,1.651,1.741,2.11,1.75,0.11500000000000021,0.484,-0.12400000000000011
2019-05-31,1.587,1.605,1.682,2.075,1.75,0.09499999999999997,0.4880000000000002,-0.16300000000000003
2019-06-03,1.575,1.602,1.691,2.074,1.75,0.1160000000000001,0.4989999999999999,-0.17500000000000004
2019-06-04,1.57,1.594,1.684,2.07,1.75,0.11399999999999988,0.4999999999999998,-0.17999999999999994
2019-06-05,1.542,1.567,1.654,2.05,1.75,0.11199999999999988,0.5079999999999998,-0.20799999999999996
2019-06-07,1.537,1.566,1.656,2.047,1.75,0.119,0.5100000000000002,-0.21300000000000008
2019-06-10,1.533,1.577,1.661,2.048,1.75,0.1280000000000001,0.5150000000000001,-0.21700000000000008
2019-06-11,1.542,1.588,1.68,2.053,1.75,0.1379999999999999,0.5109999999999999,-0.20799999999999996
2019-06-12,1.469,1.51,1.6,1.999,1.75,0.131,0.53,-0.2809999999999999
2019-06-13,1.48,1.524,1.613,2.002,1.75,0.133,0.5219999999999998,-0.27
2019-06-14,1.47,1.5,1.591,1.989,1.75,0.121,0.5190000000000001,-0.28
2019-06-17,1.491,1.526,1.621,2.005,1.75,0.1299999999999999,0.5139999999999998,-0.2589999999999999
2019-06-18,1.493,1.526,1.614,2.007,1.75,0.121,0.514,-0.2569999999999999
2019-06-19,1.484,1.513,1.601,1.995,1.75,0.11699999999999999,0.5110000000000001,-0.266
2019-06-20,1.42,1.45,1.545,1.939,1.75,0.125,0.5190000000000001,-0.33000000000000007
2019-06-21,1.44,1.475,1.569,1.949,1.75,0.129,0.5090000000000001,-0.31000000000000005
2019-06-24,1.44,1.472,1.563,1.949,1.75,0.123,0.5090000000000001,-0.31000000000000005
2019-06-25,1.478,1.509,1.584,1.971,1.75,0.1060000000000001,0.4930000000000001,-0.272
2019-06-26,1.496,1.528,1.605,1.982,1.75,0.10899999999999999,0.486,-0.254
2019-06-27,1.494,1.531,1.616,1.984,1.75,0.12200000000000011,0.49,-0.256
2019-06-28,1.472,1.506,1.596,1.967,1.75,0.12400000000000011,0.4950000000000001,-0.278
2019-07-01,1.479,1.524,1.608,1.974,1.75,0.129,0.4949999999999999,-0.2709999999999999
2019-07-02,1.463,1.504,1.586,1.958,1.75,0.123,0.4949999999999999,-0.2869999999999999
2019-07-03,1.429,1.459,1.534,1.925,1.75,0.10499999999999998,0.496,-0.32099999999999995
2019-07-04,1.416,1.445,1.523,1.915,1.75,0.10699999999999998,0.4990000000000001,-0.3340000000000001
2019-07-05,1.423,1.452,1.533,1.923,1.75,0.10999999999999988,0.5,-0.32699999999999996
2019-07-08,1.422,1.45,1.53,1.922,1.75,0.1080000000000001,0.5,-0.32800000000000007
2019-07-09,1.424,1.454,1.538,1.923,1.75,0.1140000000000001,0.4990000000000001,-0.32600000000000007
2019-07-10,1.438,1.476,1.562,1.938,1.75,0.12400000000000011,0.5,-0.31200000000000006
2019-07-11,1.419,1.46,1.547,1.92,1.75,0.1279999999999999,0.5009999999999999,-0.33099999999999996
2019-07-12,1.424,1.475,1.569,1.927,1.75,0.14500000000000002,0.5030000000000001,-0.32600000000000007
2019-07-15,1.434,1.487,1.582,1.937,1.75,0.14800000000000013,0.5030000000000001,-0.31600000000000006
2019-07-16,1.431,1.483,1.573,1.934,1.75,0.1419999999999999,0.5029999999999999,-0.31899999999999995
2019-07-17,1.399,1.454,1.546,1.903,1.75,0.14700000000000002,0.504,-0.351
2019-07-18,1.345,1.383,1.472,1.85,1.5,0.127,0.5050000000000001,-0.15500000000000003
2019-07-19,1.327,1.363,1.456,1.832,1.5,0.129,0.5050000000000001,-0.17300000000000004
2019-07-22,1.333,1.376,1.465,1.837,1.5,0.13200000000000012,0.504,-0.16700000000000004
2019-07-23,1.339,1.383,1.472,1.843,1.5,0.133,0.504,-0.16100000000000003
2019-07-24,1.321,1.37,1.465,1.83,1.5,0.14400000000000013,0.5090000000000001,-0.17900000000000005
2019-07-25,1.302,1.343,1.431,1.809,1.5,0.129,0.5069999999999999,-0.19799999999999995
2019-07-26,1.308,1.346,1.426,1.817,1.5,0.11799999999999988,0.5089999999999999,-0.19199999999999995
2019-07-29,1.306,1.34,1.412,1.817,1.5,0.10599999999999987,0.5109999999999999,-0.19399999999999995
2019-07-30,1.301,1.338,1.409,1.812,1.5,0.1080000000000001,0.5110000000000001,-0.19900000000000007
2019-07-31,1.292,1.323,1.39,1.803,1.5,0.09799999999999986,0.5109999999999999,-0.20799999999999996
2019-08-01,1.309,1.346,1.41,1.822,1.5,0.10099999999999998,0.5130000000000001,-0.19100000000000006
2019-08-02,1.26,1.29,1.349,1.773,1.5,0.08899999999999997,0.5129999999999999,-0.24
2019-08-05,1.172,1.194,1.253,1.693,1.5,0.08099999999999996,0.5210000000000001,-0.32800000000000007
2019-08-06,1.163,1.184,1.256,1.688,1.5,0.09299999999999997,0.5249999999999999,-0.33699999999999997
2019-08-07,1.153,1.181,1.251,1.678,1.5,0.09799999999999986,0.5249999999999999,-0.347
2019-08-08,1.165,1.202,1.27,1.691,1.5,0.10499999999999998,0.526,-0.33499999999999996
2019-08-09,1.186,1.225,1.286,1.707,1.5,0.10000000000000009,0.5210000000000001,-0.31400000000000006
2019-08-12,1.182,1.223,1.285,1.706,1.5,0.10299999999999998,0.524,-0.31800000000000006
2019-08-13,1.15,1.177,1.229,1.678,1.5,0.07900000000000018,0.528,-0.3500000000000001
2019-08-14,1.149,1.182,1.231,1.678,1.5,0.08200000000000007,0.5289999999999999,-0.351
2019-08-16,1.095,1.127,1.172,1.626,1.5,0.07699999999999996,0.5309999999999999,-0.405
2019-08-19,1.093,1.131,1.184,1.628,1.5,0.09099999999999997,0.5349999999999999,-0.40700000000000003
2019-08-20,1.101,1.142,1.198,1.636,1.5,0.09699999999999998,0.5349999999999999,-0.399
2019-08-21,1.156,1.222,1.277,1.685,1.5,0.121,0.5290000000000001,-0.3440000000000001
2019-08-22,1.13,1.183,1.229,1.658,1.5,0.0990000000000002,0.528,-0.3700000000000001
2019-08-23,1.169,1.219,1.261,1.691,1.5,0.09199999999999986,0.522,-0.33099999999999996
2019-08-26,1.121,1.147,1.191,1.648,1.5,0.07000000000000006,0.5269999999999999,-0.379
2019-08-27,1.171,1.198,1.238,1.695,1.5,0.06699999999999995,0.524,-0.32899999999999996
2019-08-28,1.18,1.208,1.244,1.701,1.5,0.06400000000000006,0.5210000000000001,-0.32000000000000006
2019-08-29,1.167,1.216,1.248,1.691,1.5,0.08099999999999996,0.524,-0.33299999999999996
2019-08-30,1.168,1.232,1.276,1.693,1.5,0.1080000000000001,0.5250000000000001,-0.3320000000000001
2019-09-02,1.233,1.297,1.344,1.74,1.5,0.11099999999999999,0.5069999999999999,-0.2669999999999999
2019-09-03,1.228,1.29,1.331,1.734,1.5,0.10299999999999998,0.506,-0.272
2019-09-04,1.241,1.3,1.344,1.741,1.5,0.10299999999999998,0.5,-0.2589999999999999
2019-09-05,1.259,1.324,1.367,1.76,1.5,0.1080000000000001,0.5010000000000001,-0.2410000000000001
2019-09-06,1.265,1.33,1.381,1.769,1.5,0.1160000000000001,0.504,-0.2350000000000001
2019-09-09,1.235,1.302,1.353,1.742,1.5,0.11799999999999988,0.5069999999999999,-0.2649999999999999
2019-09-10,1.242,1.293,1.37,1.748,1.5,0.1280000000000001,0.506,-0.258
2019-09-11,1.258,1.315,1.397,1.764,1.5,0.139,0.506,-0.242
2019-09-16,1.348,1.438,1.536,1.85,1.5,0.18799999999999994,0.502,-0.1519999999999999
2019-09-17,1.315,1.408,1.5,1.822,1.5,0.18500000000000005,0.5070000000000001,-0.18500000000000005
2019-09-18,1.309,1.391,1.468,1.816,1.5,0.15900000000000003,0.5070000000000001,-0.19100000000000006
2019-09-19,1.329,1.391,1.463,1.835,1.5,0.13400000000000012,0.506,-0.17100000000000004
2019-09-20,1.332,1.397,1.455,1.836,1.5,0.123,0.504,-0.16799999999999993
2019-09-23,1.331,1.402,1.462,1.837,1.5,0.131,0.506,-0.16900000000000004
2019-09-24,1.325,1.393,1.454,1.829,1.5,0.129,0.504,-0.17500000000000004
2019-09-25,1.304,1.364,1.424,1.807,1.5,0.11999999999999988,0.5029999999999999,-0.19599999999999995
2019-09-26,1.301,1.366,1.433,1.806,1.5,0.13200000000000012,0.5050000000000001,-0.19900000000000007
2019-09-27,1.301,1.361,1.438,1.806,1.5,0.137,0.5050000000000001,-0.19900000000000007
2019-09-30,1.297,1.352,1.456,1.8,1.5,0.15900000000000003,0.5030000000000001,-0.20300000000000007
2019-10-01,1.323,1.381,1.498,1.824,1.5,0.17500000000000004,0.5010000000000001,-0.17700000000000005
2019-10-02,1.303,1.368,1.497,1.806,1.5,0.19400000000000017,0.5030000000000001,-0.19700000000000006
2019-10-04,1.21,1.249,1.373,1.717,1.5,0.16300000000000003,0.5070000000000001,-0.29000000000000004
2019-10-07,1.232,1.277,1.386,1.738,1.5,0.15399999999999991,0.506,-0.268
2019-10-08,1.264,1.311,1.429,1.766,1.5,0.16500000000000004,0.502,-0.236
2019-10-10,1.276,1.337,1.459,1.779,1.5,0.18300000000000005,0.5029999999999999,-0.22399999999999998
2019-10-11,1.281,1.35,1.488,1.785,1.5,0.20700000000000007,0.504,-0.21900000000000008
2019-10-14,1.281,1.358,1.488,1.787,1.5,0.20700000000000007,0.506,-0.21900000000000008
2019-10-15,1.281,1.362,1.499,1.791,1.5,0.2180000000000002,0.51,-0.21900000000000008
2019-10-16,1.32,1.399,1.53,1.827,1.25,0.20999999999999996,0.5069999999999999,0.07000000000000006
2019-10-17,1.375,1.454,1.578,1.879,1.25,0.20300000000000007,0.504,0.125
2019-10-18,1.375,1.46,1.587,1.88,1.25,0.21199999999999997,0.5049999999999999,0.125
2019-10-21,1.408,1.515,1.66,1.912,1.25,0.252,0.504,0.15799999999999992
2019-10-22,1.379,1.49,1.655,1.885,1.25,0.276,0.506,0.129
2019-10-23,1.388,1.493,1.654,1.894,1.25,0.266,0.506,0.1379999999999999
2019-10-24,1.396,1.497,1.641,1.905,1.25,0.2450000000000001,0.5090000000000001,0.1459999999999999
2019-10-25,1.435,1.538,1.677,1.943,1.25,0.242,0.508,0.18500000000000005
2019-10-28,1.523,1.629,1.765,2.018,1.25,0.242,0.4949999999999999,0.2729999999999999
2019-10-29,1.499,1.621,1.777,1.994,1.25,0.2779999999999998,0.4949999999999999,0.2490000000000001
2019-10-30,1.481,1.601,1.753,1.981,1.25,0.2719999999999998,0.5,0.2310000000000001
2019-10-31,1.466,1.583,1.728,1.973,1.25,0.262,0.5070000000000001,0.21599999999999997
2019-11-01,1.467,1.592,1.732,1.976,1.25,0.2649999999999999,0.5089999999999999,0.21700000000000008
2019-11-04,1.55,1.677,1.827,2.053,1.25,0.2769999999999999,0.5029999999999999,0.30000000000000004
2019-11-05,1.522,1.659,1.817,2.026,1.25,0.29499999999999993,0.5039999999999998,0.272
2019-11-06,1.53,1.665,1.82,2.033,1.25,0.29000000000000004,0.5029999999999999,0.28
2019-11-07,1.541,1.668,1.822,2.048,1.25,0.28100000000000014,0.5070000000000001,0.2909999999999999
2019-11-08,1.518,1.644,1.803,2.023,1.25,0.2849999999999999,0.5050000000000001,0.268
2019-11-11,1.5,1.625,1.788,2.011,1.25,0.28800000000000003,0.5110000000000001,0.25
2019-11-12,1.564,1.674,1.842,2.064,1.25,0.278,0.5,0.31400000000000006
2019-11-13,1.51,1.616,1.787,2.015,1.25,0.2769999999999999,0.5050000000000001,0.26
2019-11-14,1.515,1.61,1.785,2.016,1.25,0.27,0.5010000000000001,0.2649999999999999
2019-11-15,1.513,1.604,1.79,2.019,1.25,0.27700000000000014,0.5060000000000002,0.2629999999999999
2019-11-18,1.518,1.594,1.781,2.023,1.25,0.2629999999999999,0.5050000000000001,0.268
2019-11-19,1.485,1.564,1.734,1.995,1.25,0.2489999999999999,0.51,0.2350000000000001
2019-11-20,1.45,1.519,1.671,1.965,1.25,0.22100000000000009,0.5150000000000001,0.19999999999999996
2019-11-21,1.462,1.532,1.672,1.978,1.25,0.20999999999999996,0.516,0.21199999999999997
2019-11-22,1.456,1.541,1.687,1.972,1.25,0.2310000000000001,0.516,0.20599999999999996
2019-11-25,1.475,1.577,1.725,1.988,1.25,0.25,0.5129999999999999,0.2250000000000001
2019-11-26,1.475,1.564,1.707,1.989,1.25,0.23199999999999998,0.514,0.2250000000000001
2019-11-27,1.456,1.528,1.671,1.975,1.25,0.21500000000000008,0.5190000000000001,0.20599999999999996
2019-11-28,1.43,1.519,1.667,1.957,1.25,0.2370000000000001,0.5270000000000001,0.17999999999999994
2019-11-29,1.385,1.475,1.63,1.922,1.25,0.24499999999999988,0.5369999999999999,0.135
2019-12-02,1.425,1.522,1.688,1.957,1.25,0.2629999999999999,0.532,0.17500000000000004
2019-12-03,1.46,1.553,1.736,1.986,1.25,0.276,0.526,0.20999999999999996
2019-12-04,1.406,1.48,1.657,1.939,1.25,0.2510000000000001,0.5330000000000001,0.15599999999999992
2019-12-05,1.423,1.493,1.661,1.957,1.25,0.238,0.534,0.17300000000000004
2019-12-06,1.43,1.511,1.68,1.969,1.25,0.25,0.5390000000000001,0.17999999999999994
2019-12-09,1.412,1.488,1.664,1.955,1.25,0.252,0.5430000000000001,0.16199999999999992
2019-12-10,1.39,1.478,1.616,1.949,1.25,0.2260000000000002,0.5590000000000002,0.1399999999999999
2019-12-11,1.381,1.475,1.621,1.942,1.25,0.24,0.5609999999999999,0.131
2019-12-12,1.382,1.473,1.619,1.942,1.25,0.2370000000000001,0.56,0.1319999999999999
2019-12-13,1.402,1.498,1.649,1.962,1.25,0.2470000000000001,0.56,0.1519999999999999
2019-12-16,1.369,1.46,1.612,1.935,1.25,0.2430000000000001,0.5660000000000001,0.119
2019-12-17,1.363,1.45,1.605,1.93,1.25,0.242,0.567,0.11299999999999999
2019-12-18,1.357,1.444,1.606,1.927,1.25,0.2490000000000001,0.5700000000000001,0.10699999999999998
2019-12-19,1.383,1.467,1.655,1.949,1.25,0.272,0.5660000000000001,0.133
2019-12-20,1.392,1.474,1.673,1.959,1.25,0.28100000000000014,0.5670000000000002,0.1419999999999999
2019-12-23,1.38,1.462,1.642,1.951,1.25,0.262,0.5710000000000002,0.1299999999999999
2019-12-24,1.37,1.452,1.631,1.945,1.25,0.2609999999999999,0.575,0.1200000000000001
2019-12-26,1.367,1.467,1.641,1.941,1.25,0.274,0.5740000000000001,0.11699999999999999
2019-12-27,1.37,1.485,1.683,1.944,1.25,0.31299999999999994,0.5739999999999998,0.1200000000000001
2019-12-30,1.36,1.48,1.683,1.937,1.25,0.32299999999999995,0.577,0.1100000000000001
2019-12-31,1.36,1.48,1.683,1.937,1.25,0.32299999999999995,0.577,0.1100000000000001
2020-01-02,1.327,1.441,1.638,1.907,1.25,0.31099999999999994,0.5800000000000001,0.07699999999999996
2020-01-03,1.27,1.361,1.555,1.858,1.25,0.2849999999999999,0.5880000000000001,0.020000000000000018
2020-01-06,1.277,1.345,1.541,1.861,1.25,0.264,0.5840000000000001,0.026999999999999913
2020-01-07,1.331,1.42,1.613,1.911,1.25,0.28200000000000003,0.5800000000000001,0.08099999999999996
2020-01-08,1.363,1.46,1.63,1.939,1.25,0.2669999999999999,0.5760000000000001,0.11299999999999999
2020-01-09,1.416,1.516,1.687,1.983,1.25,0.27100000000000013,0.5670000000000002,0.16599999999999993
2020-01-10,1.425,1.546,1.706,1.991,1.25,0.2809999999999999,0.5660000000000001,0.17500000000000004
2020-01-13,1.418,1.55,1.729,1.989,1.25,0.31100000000000017,0.5710000000000002,0.16799999999999993
2020-01-14,1.386,1.513,1.716,1.968,1.25,0.33000000000000007,0.5820000000000001,0.1359999999999999
2020-01-15,1.391,1.502,1.695,1.972,1.25,0.30400000000000005,0.581,0.14100000000000001
2020-01-16,1.426,1.536,1.701,2.001,1.25,0.27500000000000013,0.575,0.17599999999999993
2020-01-17,1.433,1.553,1.741,2.01,1.25,0.30800000000000005,0.5769999999999997,0.18300000000000005
2020-01-20,1.455,1.583,1.762,2.034,1.25,0.30699999999999994,0.5789999999999997,0.20500000000000007
2020-01-21,1.395,1.514,1.689,1.986,1.25,0.29400000000000004,0.591,0.14500000000000002
2020-01-22,1.437,1.55,1.723,2.016,1.25,0.28600000000000003,0.579,0.18700000000000006
2020-01-23,1.424,1.537,1.704,2.006,1.25,0.28,0.5819999999999999,0.17399999999999993
2020-01-28,1.352,1.45,1.603,1.94,1.25,0.2509999999999999,0.5879999999999999,0.10200000000000009
2020-01-29,1.33,1.428,1.582,1.922,1.25,0.252,0.5919999999999999,0.08000000000000007
2020-01-30,1.301,1.39,1.553,1.897,1.25,0.252,0.5960000000000001,0.050999999999999934
2020-01-31,1.303,1.387,1.558,1.899,1.25,0.2550000000000001,0.5960000000000001,0.052999999999999936
2020-02-03,1.291,1.373,1.547,1.884,1.25,0.256,0.593,0.040999999999999925
2020-02-04,1.331,1.442,1.628,1.923,1.25,0.29699999999999993,0.5920000000000001,0.08099999999999996
2020-02-05,1.307,1.412,1.601,1.901,1.25,0.29400000000000004,0.5940000000000001,0.05699999999999994
2020-02-06,1.311,1.428,1.63,1.904,1.25,0.31899999999999995,0.593,0.06099999999999994
2020-02-07,1.28,1.398,1.601,1.874,1.25,0.32099999999999995,0.5940000000000001,0.030000000000000027
2020-02-10,1.296,1.41,1.603,1.886,1.25,0.30699999999999994,0.5899999999999999,0.04600000000000004
2020-02-11,1.299,1.408,1.602,1.888,1.25,0.30300000000000016,0.589,0.04899999999999993
2020-02-12,1.297,1.421,1.613,1.89,1.25,0.31600000000000006,0.593,0.04699999999999993
2020-02-13,1.275,1.404,1.609,1.873,1.25,0.3340000000000001,0.5980000000000001,0.02499999999999991
2020-02-14,1.33,1.454,1.653,1.913,1.25,0.32299999999999995,0.583,0.08000000000000007
2020-02-17,1.32,1.435,1.622,1.906,1.25,0.30200000000000005,0.5859999999999999,0.07000000000000006
2020-02-18,1.271,1.381,1.56,1.863,1.25,0.28900000000000015,0.5920000000000001,0.020999999999999908
2020-02-19,1.284,1.38,1.559,1.875,1.25,0.2749999999999999,0.591,0.03400000000000003
2020-02-20,1.234,1.331,1.515,1.833,1.25,0.2809999999999999,0.599,-0.016000000000000014
2020-02-21,1.182,1.267,1.443,1.782,1.25,0.2610000000000001,0.6000000000000001,-0.06800000000000006
2020-02-24,1.139,1.236,1.416,1.74,1.25,0.2769999999999999,0.601,-0.11099999999999999
2020-02-25,1.171,1.263,1.429,1.765,1.25,0.258,0.5939999999999999,-0.07899999999999996
2020-02-26,1.135,1.232,1.395,1.734,1.25,0.26,0.599,-0.11499999999999999
2020-02-27,1.194,1.29,1.443,1.79,1.25,0.2490000000000001,0.5960000000000001,-0.05600000000000005
2020-02-28,1.104,1.18,1.333,1.707,1.25,0.22899999999999987,0.603,-0.1459999999999999
2020-03-02,1.128,1.211,1.372,1.728,1.25,0.24400000000000022,0.6000000000000001,-0.12200000000000011
2020-03-03,1.11,1.198,1.371,1.718,1.25,0.2609999999999999,0.6079999999999999,-0.1399999999999999
2020-03-04,1.029,1.116,1.299,1.644,1.25,0.27,0.615,-0.22100000000000009
2020-03-05,1.051,1.143,1.337,1.666,1.25,0.28600000000000003,0.615,-0.19900000000000007
2020-03-06,1.078,1.182,1.37,1.692,1.25,0.29200000000000004,0.6139999999999999,-0.17199999999999993
2020-03-09,1.038,1.127,1.286,1.657,1.25,0.248,0.619,-0.21199999999999997
2020-03-10,1.082,1.183,1.355,1.708,1.25,0.2729999999999999,0.6259999999999999,-0.16799999999999993
2020-03-11,1.086,1.194,1.369,1.712,1.25,0.2829999999999999,0.6259999999999999,-0.16399999999999992
2020-03-12,1.062,1.187,1.387,1.707,1.25,0.32499999999999996,0.645,-0.18799999999999994
2020-03-13,1.149,1.314,1.57,1.81,1.25,0.42100000000000004,0.661,-0.10099999999999998
2020-03-16,1.099,1.268,1.524,1.765,1.25,0.42500000000000004,0.6659999999999999,-0.15100000000000002
2020-03-17,1.03,1.196,1.441,1.74,0.75,0.41100000000000003,0.71,0.28
2020-03-18,1.05,1.256,1.502,1.77,0.75,0.45199999999999996,0.72,0.30000000000000004
2020-03-19,1.193,1.434,1.657,1.947,0.75,0.46399999999999997,0.754,0.44300000000000006
2020-03-20,1.107,1.388,1.611,1.945,0.75,0.504,0.8380000000000001,0.357
2020-03-23,1.153,1.462,1.718,2.01,0.75,0.565,0.8569999999999998,0.403
2020-03-24,1.127,1.43,1.708,2.006,0.75,0.581,0.8789999999999998,0.377
2020-03-25,1.131,1.408,1.647,2.025,0.75,0.516,0.8939999999999999,0.381
2020-03-26,1.067,1.285,1.502,2.035,0.75,0.43500000000000005,0.9680000000000002,0.31699999999999995
2020-03-27,1.06,1.266,1.532,2.039,0.75,0.472,0.9790000000000001,0.31000000000000005
2020-03-30,1.098,1.316,1.562,2.074,0.75,0.46399999999999997,0.9759999999999998,0.3480000000000001
2020-03-31,1.07,1.296,1.551,2.077,0.75,0.48099999999999987,1.007,0.32000000000000006
2020-04-01,1.092,1.326,1.545,2.099,0.75,0.45299999999999985,1.0070000000000001,0.3420000000000001
2020-04-02,1.059,1.303,1.518,2.093,0.75,0.4590000000000001,1.034,0.30899999999999994
2020-04-03,1.066,1.329,1.548,2.1,0.75,0.482,1.034,0.31600000000000006
2020-04-06,1.052,1.302,1.543,2.1,0.75,0.4909999999999999,1.048,0.30200000000000005
2020-04-07,1.047,1.318,1.58,2.1,0.75,0.5330000000000001,1.0530000000000002,0.29699999999999993
2020-04-08,1.024,1.264,1.511,2.097,0.75,0.4869999999999999,1.073,0.274
2020-04-09,0.986,1.202,1.438,2.093,0.75,0.45199999999999996,1.107,0.236
2020-04-10,0.97,1.194,1.444,2.092,0.75,0.474,1.122,0.21999999999999997
2020-04-13,0.996,1.225,1.469,2.12,0.75,0.4730000000000001,1.124,0.246
2020-04-14,0.996,1.225,1.464,2.126,0.75,0.46799999999999997,1.13,0.246
2020-04-16,0.982,1.184,1.411,2.123,0.75,0.42900000000000005,1.1410000000000002,0.23199999999999998
2020-04-17,1.006,1.219,1.438,2.148,0.75,0.43199999999999994,1.1420000000000001,0.256
2020-04-20,1.013,1.217,1.444,2.153,0.75,0.43100000000000005,1.1400000000000001,0.2629999999999999
2020-04-21,1.035,1.23,1.458,2.188,0.75,0.42300000000000004,1.1530000000000002,0.2849999999999999
2020-04-22,1.046,1.269,1.532,2.203,0.75,0.486,1.1569999999999998,0.29600000000000004
2020-04-23,1.036,1.291,1.545,2.203,0.75,0.5089999999999999,1.1669999999999998,0.28600000000000003
2020-04-24,1.018,1.277,1.546,2.201,0.75,0.528,1.183,0.268
2020-04-27,1.026,1.288,1.576,2.215,0.75,0.55,1.1889999999999998,0.276
2020-04-28,1.033,1.288,1.56,2.224,0.75,0.5270000000000001,1.1910000000000003,0.2829999999999999
2020-04-29,1.006,1.246,1.518,2.218,0.75,0.512,1.212,0.256
2020-05-04,0.975,1.215,1.499,2.203,0.75,0.5240000000000001,1.2279999999999998,0.22499999999999998
2020-05-06,0.96,1.224,1.508,2.202,0.75,0.548,1.242,0.20999999999999996
2020-05-07,0.946,1.209,1.48,2.198,0.75,0.534,1.252,0.19599999999999995
2020-05-08,0.914,1.166,1.426,2.182,0.75,0.5119999999999999,1.2679999999999998,0.16400000000000003
2020-05-11,0.926,1.186,1.462,2.198,0.75,0.5359999999999999,1.2719999999999998,0.17600000000000005
2020-05-12,0.886,1.142,1.424,2.173,0.75,0.5379999999999999,1.287,0.136
2020-05-13,0.856,1.111,1.392,2.155,0.75,0.5359999999999999,1.299,0.10599999999999998
2020-05-14,0.869,1.122,1.381,2.17,0.75,0.512,1.301,0.119
2020-05-15,0.874,1.118,1.383,2.176,0.75,0.509,1.302,0.124
2020-05-18,0.887,1.128,1.394,2.188,0.75,0.5069999999999999,1.3010000000000002,0.137
2020-05-19,0.876,1.132,1.391,2.185,0.75,0.515,1.3090000000000002,0.126
2020-05-20,0.868,1.111,1.358,2.181,0.75,0.4900000000000001,1.3130000000000002,0.118
2020-05-21,0.856,1.097,1.342,2.177,0.75,0.4860000000000001,1.3210000000000002,0.10599999999999998
2020-05-22,0.837,1.082,1.347,2.165,0.75,0.51,1.328,0.08699999999999997
2020-05-25,0.815,1.05,1.316,2.152,0.75,0.5010000000000001,1.3370000000000002,0.06499999999999995
2020-05-26,0.839,1.08,1.328,2.176,0.75,0.4890000000000001,1.3370000000000002,0.08899999999999997
2020-05-27,0.863,1.096,1.34,2.196,0.75,0.4770000000000001,1.3330000000000002,0.11299999999999999
2020-05-28,0.818,1.076,1.343,2.157,0.5,0.525,1.339,0.31799999999999995
2020-05-29,0.826,1.097,1.374,2.158,0.5,0.5480000000000002,1.3319999999999999,0.32599999999999996
2020-06-01,0.831,1.119,1.395,2.164,0.5,0.5640000000000001,1.3330000000000002,0.33099999999999996
2020-06-02,0.851,1.127,1.378,2.182,0.5,0.5269999999999999,1.331,0.351
2020-06-03,0.866,1.15,1.426,2.199,0.5,0.5599999999999999,1.3329999999999997,0.366
2020-06-04,0.886,1.179,1.432,2.217,0.5,0.5459999999999999,1.331,0.386
2020-06-05,0.894,1.189,1.452,2.224,0.5,0.5579999999999999,1.33,0.394
2020-06-08,0.902,1.191,1.453,2.227,0.5,0.551,1.3249999999999997,0.402
2020-06-09,0.861,1.134,1.397,2.204,0.5,0.536,1.3430000000000002,0.361
2020-06-10,0.84,1.122,1.398,2.205,0.5,0.5579999999999999,1.3650000000000002,0.33999999999999997
2020-06-11,0.837,1.113,1.383,2.204,0.5,0.546,1.3670000000000002,0.33699999999999997
2020-06-12,0.841,1.125,1.388,2.21,0.5,0.5469999999999999,1.369,0.34099999999999997
2020-06-15,0.861,1.153,1.424,2.229,0.5,0.563,1.368,0.361
2020-06-16,0.86,1.131,1.402,2.225,0.5,0.5419999999999999,1.3650000000000002,0.36
2020-06-17,0.874,1.147,1.409,2.244,0.5,0.535,1.37,0.374
2020-06-18,0.842,1.105,1.37,2.225,0.5,0.5280000000000001,1.383,0.34199999999999997
2020-06-19,0.844,1.125,1.38,2.23,0.5,0.5359999999999999,1.3860000000000001,0.344
2020-06-22,0.846,1.124,1.39,2.232,0.5,0.5439999999999999,1.3860000000000001,0.346
2020-06-23,0.827,1.109,1.385,2.224,0.5,0.558,1.3970000000000002,0.32699999999999996
2020-06-24,0.819,1.09,1.363,2.221,0.5,0.544,1.4020000000000001,0.31899999999999995
2020-06-25,0.817,1.083,1.344,2.22,0.5,0.5270000000000001,1.4030000000000002,0.31699999999999995
2020-06-26,0.811,1.071,1.327,2.22,0.5,0.5159999999999999,1.4090000000000003,0.31100000000000005
2020-06-29,0.842,1.095,1.365,2.246,0.5,0.523,1.404,0.34199999999999997
2020-06-30,0.842,1.111,1.373,2.25,0.5,0.531,1.408,0.34199999999999997
2020-07-01,0.847,1.132,1.402,2.251,0.5,0.5549999999999999,1.404,0.347
2020-07-02,0.831,1.114,1.377,2.235,0.5,0.546,1.404,0.33099999999999996
2020-07-03,0.838,1.115,1.387,2.239,0.5,0.549,1.4009999999999998,0.33799999999999997
2020-07-06,0.854,1.136,1.41,2.249,0.5,0.5559999999999999,1.395,0.354
2020-07-07,0.843,1.116,1.388,2.236,0.5,0.5449999999999999,1.3930000000000002,0.34299999999999997
2020-07-08,0.839,1.105,1.377,2.232,0.5,0.538,1.3930000000000002,0.33899999999999997
2020-07-09,0.84,1.116,1.391,2.235,0.5,0.551,1.395,0.33999999999999997
2020-07-10,0.849,1.125,1.397,2.237,0.5,0.548,1.3880000000000001,0.349
2020-07-13,0.86,1.146,1.42,2.249,0.5,0.5599999999999999,1.3890000000000002,0.36
2020-07-14,0.854,1.149,1.418,2.246,0.5,0.564,1.392,0.354
2020-07-15,0.847,1.148,1.414,2.241,0.5,0.567,1.3940000000000001,0.347
2020-07-16,0.829,1.112,1.378,2.227,0.5,0.5489999999999999,1.398,0.32899999999999996
2020-07-17,0.812,1.08,1.348,2.214,0.5,0.536,1.402,0.31200000000000006
2020-07-20,0.801,1.066,1.334,2.205,0.5,0.533,1.404,0.30100000000000005
2020-07-21,0.818,1.084,1.356,2.216,0.5,0.5380000000000001,1.3980000000000001,0.31799999999999995
2020-07-22,0.81,1.071,1.346,2.209,0.5,0.536,1.399,0.31000000000000005
2020-07-23,0.798,1.048,1.318,2.194,0.5,0.52,1.396,0.29800000000000004
2020-07-24,0.799,1.049,1.305,2.189,0.5,0.5059999999999999,1.3900000000000001,0.29900000000000004
2020-07-27,0.803,1.053,1.304,2.188,0.5,0.501,1.3850000000000002,0.30300000000000005
2020-07-28,0.813,1.074,1.329,2.194,0.5,0.516,1.381,0.31299999999999994
2020-07-29,0.811,1.063,1.309,2.19,0.5,0.4979999999999999,1.379,0.31100000000000005
2020-07-30,0.799,1.037,1.281,2.181,0.5,0.4819999999999999,1.3820000000000001,0.29900000000000004
2020-07-31,0.796,1.031,1.296,2.177,0.5,0.5,1.381,0.29600000000000004
2020-08-03,0.799,1.04,1.306,2.177,0.5,0.507,1.3780000000000001,0.29900000000000004
2020-08-04,0.802,1.055,1.306,2.179,0.5,0.504,1.3769999999999998,0.30200000000000005
2020-08-05,0.795,1.045,1.293,2.168,0.5,0.4979999999999999,1.3730000000000002,0.29500000000000004
2020-08-06,0.807,1.053,1.306,2.172,0.5,0.499,1.3650000000000002,0.30700000000000005
2020-08-07,0.81,1.058,1.319,2.174,0.5,0.5089999999999999,1.3639999999999999,0.31000000000000005
2020-08-10,0.83,1.095,1.363,2.191,0.5,0.533,1.3609999999999998,0.32999999999999996
2020-08-11,0.818,1.077,1.345,2.183,0.5,0.527,1.3649999999999998,0.31799999999999995
2020-08-12,0.827,1.087,1.373,2.192,0.5,0.546,1.3650000000000002,0.32699999999999996
2020-08-13,0.815,1.075,1.362,2.184,0.5,0.5470000000000002,1.3690000000000002,0.31499999999999995
2020-08-14,0.828,1.096,1.396,2.195,0.5,0.568,1.367,0.32799999999999996
2020-08-18,0.81,1.07,1.357,2.182,0.5,0.5469999999999999,1.3719999999999999,0.31000000000000005
2020-08-19,0.805,1.061,1.347,2.177,0.5,0.5419999999999999,1.3719999999999999,0.30500000000000005
2020-08-20,0.813,1.08,1.379,2.183,0.5,0.5660000000000001,1.3699999999999999,0.31299999999999994
2020-08-21,0.854,1.126,1.41,2.204,0.5,0.5559999999999999,1.35,0.354
2020-08-24,0.824,1.093,1.378,2.185,0.5,0.5539999999999999,1.3610000000000002,0.32399999999999995
2020-08-25,0.825,1.1,1.387,2.188,0.5,0.562,1.3630000000000002,0.32499999999999996
2020-08-26,0.835,1.114,1.404,2.197,0.5,0.569,1.362,0.33499999999999996
2020-08-27,0.852,1.132,1.421,2.212,0.5,0.5690000000000001,1.3600000000000003,0.352
2020-08-28,0.893,1.175,1.486,2.24,0.5,0.593,1.3470000000000002,0.393
2020-08-31,0.94,1.21,1.516,2.264,0.5,0.5760000000000001,1.3239999999999998,0.43999999999999995
2020-09-01,0.977,1.273,1.582,2.291,0.5,0.6050000000000001,1.314,0.477
2020-09-02,0.923,1.228,1.539,2.261,0.5,0.6159999999999999,1.338,0.42300000000000004
2020-09-03,0.919,1.218,1.524,2.261,0.5,0.605,1.342,0.41900000000000004
2020-09-04,0.929,1.225,1.527,2.268,0.5,0.5979999999999999,1.3389999999999997,0.42900000000000005
2020-09-07,0.973,1.263,1.572,2.287,0.5,0.5990000000000001,1.314,0.473
2020-09-08,0.949,1.234,1.555,2.269,0.5,0.606,1.3200000000000003,0.44899999999999995
2020-09-09,0.915,1.19,1.518,2.244,0.5,0.603,1.3290000000000002,0.41500000000000004
2020-09-10,0.915,1.218,1.517,2.243,0.5,0.6019999999999999,1.3279999999999998,0.41500000000000004
2020-09-11,0.926,1.228,1.53,2.251,0.5,0.604,1.3249999999999997,0.42600000000000005
2020-09-14,0.919,1.217,1.517,2.247,0.5,0.5979999999999999,1.3279999999999998,0.41900000000000004
2020-09-15,0.907,1.198,1.503,2.238,0.5,0.5959999999999999,1.331,0.40700000000000003
2020-09-16,0.91,1.188,1.485,2.233,0.5,0.5750000000000001,1.323,0.41000000000000003
2020-09-17,0.914,1.197,1.508,2.236,0.5,0.594,1.322,0.41400000000000003
2020-09-18,0.907,1.198,1.503,2.232,0.5,0.5959999999999999,1.3250000000000002,0.40700000000000003
2020-09-21,0.904,1.197,1.493,2.232,0.5,0.5890000000000001,1.3280000000000003,0.404
2020-09-22,0.897,1.177,1.472,2.228,0.5,0.575,1.3310000000000002,0.397
2020-09-23,0.883,1.149,1.447,2.217,0.5,0.5640000000000001,1.334,0.383
2020-09-24,0.857,1.129,1.437,2.2,0.5,0.5800000000000001,1.3430000000000002,0.357
2020-09-25,0.855,1.125,1.424,2.2,0.5,0.569,1.3450000000000002,0.355
2020-09-28,0.843,1.117,1.426,2.192,0.5,0.583,1.3490000000000002,0.34299999999999997
2020-09-29,0.846,1.107,1.43,2.193,0.5,0.584,1.347,0.346
2020-10-05,0.881,1.147,1.479,2.221,0.5,0.5980000000000001,1.34,0.381
2020-10-06,0.905,1.199,1.531,2.242,0.5,0.6259999999999999,1.337,0.405
2020-10-07,0.91,1.2,1.533,2.244,0.5,0.6229999999999999,1.334,0.41000000000000003
2020-10-08,0.907,1.207,1.543,2.241,0.5,0.6359999999999999,1.334,0.40700000000000003
2020-10-12,0.925,1.225,1.553,2.251,0.5,0.6279999999999999,1.3259999999999998,0.42500000000000004
2020-10-13,0.923,1.211,1.527,2.248,0.5,0.6039999999999999,1.3250000000000002,0.42300000000000004
2020-10-14,0.901,1.194,1.513,2.237,0.5,0.6119999999999999,1.336,0.401
2020-10-15,0.877,1.163,1.478,2.22,0.5,0.601,1.3430000000000002,0.377
2020-10-16,0.888,1.178,1.493,2.23,0.5,0.6050000000000001,1.342,0.388
2020-10-19,0.891,1.148,1.441,2.229,0.5,0.55,1.338,0.391
2020-10-20,0.911,1.167,1.462,2.241,0.5,0.5509999999999999,1.33,0.41100000000000003
2020-10-21,0.934,1.224,1.522,2.259,0.5,0.588,1.3249999999999997,0.43400000000000005
2020-10-22,0.925,1.209,1.507,2.246,0.5,0.5819999999999999,1.321,0.42500000000000004
2020-10-23,0.91,1.191,1.495,2.235,0.5,0.5850000000000001,1.3249999999999997,0.41000000000000003
2020-10-26,0.908,1.192,1.482,2.231,0.5,0.574,1.323,0.40800000000000003
2020-10-27,0.917,1.206,1.503,2.239,0.5,0.5859999999999999,1.3219999999999998,0.41700000000000004
2020-10-28,0.914,1.202,1.497,2.232,0.5,0.5830000000000001,1.318,0.41400000000000003
2020-10-29,0.927,1.218,1.527,2.24,0.5,0.5999999999999999,1.3130000000000002,0.42700000000000005
2020-10-30,0.935,1.235,1.546,2.247,0.5,0.611,1.3119999999999998,0.43500000000000005
2020-11-02,0.971,1.288,1.602,2.273,0.5,0.6310000000000001,1.302,0.471
2020-11-03,0.98,1.296,1.607,2.276,0.5,0.627,1.2959999999999998,0.48
2020-11-04,0.955,1.266,1.569,2.257,0.5,0.614,1.302,0.45499999999999996
2020-11-05,0.927,1.223,1.527,2.237,0.5,0.5999999999999999,1.31,0.42700000000000005
2020-11-06,0.943,1.254,1.559,2.249,0.5,0.616,1.306,0.44299999999999995
2020-11-09,0.959,1.272,1.568,2.254,0.5,0.6090000000000001,1.295,0.45899999999999996
2020-11-10,0.976,1.306,1.624,2.269,0.5,0.6480000000000001,1.2930000000000001,0.476
2020-11-11,0.989,1.34,1.662,2.274,0.5,0.6729999999999999,1.2850000000000001,0.489
2020-11-12,0.969,1.319,1.65,2.256,0.5,0.6809999999999999,1.287,0.469
2020-11-13,0.965,1.298,1.627,2.253,0.5,0.662,1.2880000000000003,0.46499999999999997
2020-11-16,0.97,1.302,1.623,2.254,0.5,0.653,1.284,0.47
2020-11-17,0.96,1.297,1.62,2.25,0.5,0.6600000000000001,1.29,0.45999999999999996
2020-11-18,0.949,1.28,1.602,2.239,0.5,0.6530000000000001,1.29,0.44899999999999995
2020-11-19,0.955,1.292,1.608,2.237,0.5,0.6530000000000001,1.282,0.45499999999999996
2020-11-20,0.963,1.299,1.607,2.234,0.5,0.644,1.271,0.46299999999999997
2020-11-23,0.955,1.282,1.581,2.219,0.5,0.626,1.2639999999999998,0.45499999999999996
2020-11-24,0.963,1.289,1.598,2.224,0.5,0.6350000000000001,1.2610000000000001,0.46299999999999997
2020-11-25,0.971,1.308,1.629,2.233,0.5,0.658,1.262,0.471
2020-11-26,0.981,1.333,1.655,2.24,0.5,0.674,1.2590000000000003,0.481
2020-11-27,0.979,1.324,1.641,2.232,0.5,0.662,1.2530000000000001,0.479
2020-11-30,0.983,1.337,1.659,2.235,0.5,0.676,1.2519999999999998,0.483
2020-12-01,0.982,1.335,1.649,2.232,0.5,0.667,1.2500000000000002,0.482
2020-12-02,0.982,1.35,1.675,2.233,0.5,0.6930000000000001,1.2510000000000001,0.482
2020-12-03,0.975,1.337,1.669,2.226,0.5,0.6940000000000001,1.251,0.475
2020-12-04,0.966,1.323,1.655,2.22,0.5,0.6890000000000001,1.2540000000000002,0.46599999999999997
2020-12-07,0.961,1.319,1.646,2.215,0.5,0.6849999999999999,1.254,0.46099999999999997
2020-12-08,0.959,1.311,1.642,2.211,0.5,0.6829999999999999,1.2519999999999998,0.45899999999999996
2020-12-09,0.966,1.318,1.656,2.214,0.5,0.69,1.248,0.46599999999999997
2020-12-10,0.973,1.301,1.655,2.212,0.5,0.682,1.2390000000000003,0.473
2020-12-11,0.98,1.307,1.661,2.215,0.5,0.681,1.2349999999999999,0.48
2020-12-14,0.986,1.306,1.67,2.216,0.5,0.6839999999999999,1.2300000000000002,0.486
2020-12-15,0.984,1.317,1.671,2.215,0.5,0.687,1.2309999999999999,0.484
2020-12-16,0.989,1.339,1.692,2.221,0.5,0.703,1.2320000000000002,0.489
2020-12-17,0.999,1.367,1.732,2.229,0.5,0.733,1.23,0.499
2020-12-18,0.963,1.345,1.708,2.208,0.5,0.745,1.245,0.46299999999999997
2020-12-21,0.959,1.323,1.679,2.201,0.5,0.7200000000000001,1.242,0.45899999999999996
2020-12-22,0.945,1.302,1.657,2.19,0.5,0.7120000000000001,1.245,0.44499999999999995
2020-12-23,0.932,1.279,1.64,2.179,0.5,0.7079999999999999,1.2469999999999999,0.43200000000000005
2020-12-24,0.95,1.314,1.682,2.196,0.5,0.732,1.2460000000000002,0.44999999999999996
2020-12-28,0.958,1.316,1.681,2.196,0.5,0.7230000000000001,1.2380000000000002,0.45799999999999996
2020-12-29,0.973,1.327,1.698,2.202,0.5,0.725,1.229,0.473
2020-12-30,0.978,1.335,1.713,2.208,0.5,0.7350000000000001,1.2300000000000002,0.478
2020-12-31,0.976,1.335,1.713,2.208,0.5,0.7370000000000001,1.2320000000000002,0.476
2021-01-04,0.954,1.322,1.723,2.192,0.5,0.7690000000000001,1.2380000000000002,0.45399999999999996
2021-01-05,0.936,1.288,1.691,2.173,0.5,0.755,1.237,0.43600000000000005
2021-01-06,0.953,1.322,1.731,2.176,0.5,0.7780000000000001,1.2230000000000003,0.45299999999999996
2021-01-07,0.964,1.321,1.724,2.177,0.5,0.76,1.213,0.46399999999999997
2021-01-08,0.978,1.326,1.729,2.178,0.5,0.7510000000000001,1.2,0.478
2021-01-11,0.969,1.301,1.692,2.161,0.5,0.723,1.1920000000000002,0.469
2021-01-12,0.976,1.315,1.718,2.161,0.5,0.742,1.185,0.476
2021-01-13,0.979,1.31,1.719,2.158,0.5,0.7400000000000001,1.1789999999999998,0.479
2021-01-14,0.988,1.324,1.734,2.155,0.5,0.746,1.1669999999999998,0.488
2021-01-15,0.973,1.314,1.731,2.144,0.5,0.7580000000000001,1.1710000000000003,0.473
2021-01-18,0.968,1.303,1.714,2.137,0.5,0.746,1.169,0.46799999999999997
2021-01-19,0.974,1.297,1.711,2.132,0.5,0.7370000000000001,1.1580000000000001,0.474
2021-01-20,0.976,1.281,1.703,2.129,0.5,0.7270000000000001,1.153,0.476
2021-01-21,0.971,1.283,1.706,2.122,0.5,0.735,1.1509999999999998,0.471
2021-01-22,0.993,1.326,1.758,2.124,0.5,0.765,1.1310000000000002,0.493
2021-01-25,1.006,1.353,1.78,2.124,0.5,0.774,1.118,0.506
2021-01-26,1.007,1.348,1.77,2.122,0.5,0.7630000000000001,1.115,0.5069999999999999
2021-01-27,0.982,1.335,1.757,2.103,0.5,0.7749999999999999,1.1210000000000002,0.482
2021-01-28,0.977,1.329,1.764,2.097,0.5,0.787,1.12,0.477
2021-01-29,0.971,1.32,1.768,2.092,0.5,0.797,1.121,0.471
2021-02-01,0.994,1.346,1.803,2.09,0.5,0.8089999999999999,1.0959999999999999,0.494
2021-02-02,0.98,1.314,1.758,2.069,0.5,0.778,1.089,0.48
2021-02-03,0.978,1.316,1.768,2.064,0.5,0.79,1.086,0.478
2021-02-04,0.984,1.324,1.793,2.065,0.5,0.8089999999999999,1.081,0.484
2021-02-05,0.982,1.311,1.791,2.061,0.5,0.8089999999999999,1.079,0.482
2021-02-08,1.001,1.327,1.822,2.07,0.5,0.8210000000000002,1.069,0.5009999999999999
2021-02-09,0.99,1.319,1.813,2.054,0.5,0.823,1.0639999999999998,0.49
2021-02-10,0.995,1.337,1.831,2.055,0.5,0.836,1.06,0.495
2021-02-15,0.998,1.362,1.871,2.056,0.5,0.873,1.058,0.498
2021-02-16,0.984,1.337,1.85,2.041,0.5,0.8660000000000001,1.057,0.484
2021-02-17,0.986,1.344,1.862,2.043,0.5,0.8760000000000001,1.0570000000000002,0.486
2021-02-18,0.985,1.33,1.854,2.039,0.5,0.8690000000000001,1.0540000000000003,0.485
2021-02-19,0.996,1.344,1.875,2.043,0.5,0.879,1.0470000000000002,0.496
2021-02-22,1.02,1.389,1.922,2.059,0.5,0.9019999999999999,1.0390000000000001,0.52
2021-02-23,1.02,1.386,1.906,2.054,0.5,0.8859999999999999,1.0339999999999998,0.52
2021-02-24,1.006,1.356,1.851,2.032,0.5,0.845,1.026,0.506
2021-02-25,0.995,1.374,1.884,2.035,0.5,0.8889999999999999,1.04,0.495
2021-02-26,1.02,1.449,1.96,2.054,0.5,0.94,1.0339999999999998,0.52
2021-03-02,1.021,1.45,1.966,2.054,0.5,0.9450000000000001,1.033,0.5209999999999999
2021-03-03,1.019,1.423,1.951,2.051,0.5,0.9320000000000002,1.0320000000000003,0.5189999999999999
2021-03-04,1.03,1.422,1.972,2.058,0.5,0.942,1.0279999999999998,0.53
2021-03-05,1.066,1.438,1.992,2.08,0.5,0.9259999999999999,1.014,0.5660000000000001
2021-03-08,1.139,1.497,2.028,2.117,0.5,0.889,0.978,0.639
2021-03-09,1.206,1.592,2.034,2.159,0.5,0.8279999999999998,0.9529999999999998,0.706
2021-03-10,1.182,1.566,2.036,2.134,0.5,0.8540000000000001,0.952,0.6819999999999999
2021-03-11,1.179,1.525,2.027,2.123,0.5,0.8480000000000001,0.9440000000000002,0.679
2021-03-12,1.223,1.596,2.092,2.149,0.5,0.869,0.9259999999999999,0.7230000000000001
2021-03-15,1.238,1.621,2.152,2.153,0.5,0.9140000000000001,0.915,0.738
2021-03-16,1.177,1.602,2.098,2.114,0.5,0.9209999999999998,0.9369999999999998,0.677
2021-03-17,1.177,1.639,2.134,2.115,0.5,0.9569999999999999,0.9380000000000002,0.677
2021-03-18,1.133,1.63,2.15,2.083,0.5,1.017,0.9500000000000002,0.633
2021-03-19,1.146,1.578,2.099,2.092,0.5,0.9530000000000003,0.9460000000000002,0.6459999999999999
2021-03-22,1.13,1.615,2.057,2.079,0.5,0.927,0.9490000000000003,0.6299999999999999
2021-03-23,1.132,1.586,2.032,2.076,0.5,0.9000000000000001,0.9440000000000002,0.6319999999999999
2021-03-24,1.115,1.537,1.992,2.059,0.5,0.877,0.9440000000000002,0.615
2021-03-25,1.089,1.509,1.967,2.045,0.5,0.8780000000000001,0.956,0.589
2021-03-26,1.117,1.532,2.005,2.059,0.5,0.8879999999999999,0.9420000000000002,0.617
2021-03-29,1.119,1.53,1.98,2.059,0.5,0.861,0.9400000000000002,0.619
2021-03-30,1.155,1.607,2.063,2.078,0.5,0.9080000000000001,0.9229999999999998,0.655
2021-03-31,1.133,1.601,2.057,2.06,0.5,0.9239999999999999,0.927,0.633
2021-04-01,1.138,1.58,2.023,2.063,0.5,0.8850000000000002,0.9250000000000003,0.6379999999999999
2021-04-02,1.151,1.575,2.049,2.067,0.5,0.8979999999999999,0.9160000000000001,0.651
2021-04-05,1.202,1.636,2.094,2.095,0.5,0.8919999999999999,0.8930000000000002,0.702
2021-04-06,1.181,1.606,2.069,2.078,0.5,0.8879999999999999,0.8969999999999998,0.681
2021-04-07,1.181,1.584,2.064,2.073,0.5,0.883,0.8919999999999999,0.681
2021-04-08,1.152,1.543,2.012,2.051,0.5,0.8600000000000001,0.8990000000000002,0.6519999999999999
2021-04-09,1.168,1.578,2.029,2.056,0.5,0.861,0.8880000000000001,0.6679999999999999
2021-04-12,1.14,1.55,2.003,2.031,0.5,0.8630000000000002,0.8910000000000002,0.6399999999999999
2021-04-13,1.138,1.562,2.027,2.029,0.5,0.8890000000000002,0.891,0.6379999999999999
2021-04-14,1.102,1.524,1.99,2.003,0.5,0.8879999999999999,0.901,0.6020000000000001
2021-04-15,1.147,1.57,2.02,2.027,0.5,0.873,0.8800000000000001,0.647
2021-04-16,1.154,1.582,2.023,2.029,0.5,0.8690000000000002,0.875,0.6539999999999999
2021-04-19,1.129,1.548,1.981,1.914,0.5,0.8520000000000001,0.7849999999999999,0.629
2021-04-20,1.134,1.568,2.003,1.918,0.5,0.8690000000000002,0.784,0.6339999999999999
2021-04-21,1.11,1.554,2.005,1.899,0.5,0.8949999999999998,0.7889999999999999,0.6100000000000001
2021-04-22,1.105,1.544,1.989,1.896,0.5,0.8840000000000001,0.7909999999999999,0.605
2021-04-23,1.12,1.573,2.043,1.907,0.5,0.923,0.7869999999999999,0.6200000000000001
2021-04-26,1.119,1.602,2.089,1.903,0.5,0.97,0.784,0.619
2021-04-27,1.097,1.584,2.071,1.885,0.5,0.9740000000000002,0.788,0.597
2021-04-28,1.105,1.604,2.082,1.89,0.5,0.9769999999999999,0.7849999999999999,0.605
2021-04-29,1.121,1.601,2.098,1.9,0.5,0.9769999999999999,0.7789999999999999,0.621
2021-04-30,1.141,1.63,2.128,1.914,0.5,0.9870000000000001,0.7729999999999999,0.641
2021-05-03,1.149,1.636,2.124,1.917,0.5,0.9750000000000001,0.768,0.649
2021-05-04,1.158,1.643,2.13,1.92,0.5,0.972,0.762,0.6579999999999999
2021-05-06,1.14,1.629,2.102,1.9,0.5,0.962,0.76,0.6399999999999999
2021-05-07,1.137,1.643,2.123,1.9,0.5,0.9860000000000002,0.7629999999999999,0.637
2021-05-10,1.136,1.635,2.134,1.899,0.5,0.998,0.7630000000000001,0.6359999999999999
2021-05-11,1.128,1.627,2.139,1.892,0.5,1.011,0.764,0.6279999999999999
2021-05-12,1.121,1.625,2.125,1.888,0.5,1.004,0.7669999999999999,0.621
2021-05-13,1.123,1.651,2.156,1.888,0.5,1.0330000000000001,0.7649999999999999,0.623
2021-05-14,1.116,1.651,2.158,1.882,0.5,1.0419999999999998,0.7659999999999998,0.6160000000000001
2021-05-17,1.107,1.624,2.117,1.872,0.5,1.01,0.7650000000000001,0.607
2021-05-18,1.099,1.625,2.118,1.865,0.5,1.019,0.766,0.599
2021-05-20,1.103,1.642,2.135,1.869,0.5,1.0319999999999998,0.766,0.603
2021-05-21,1.095,1.629,2.123,1.861,0.5,1.0280000000000002,0.766,0.595
2021-05-24,1.116,1.651,2.12,1.876,0.5,1.004,0.7599999999999998,0.6160000000000001
2021-05-25,1.142,1.654,2.129,1.89,0.5,0.9870000000000001,0.748,0.6419999999999999
2021-05-26,1.161,1.672,2.128,1.902,0.5,0.9670000000000001,0.7409999999999999,0.661
2021-05-27,1.124,1.638,2.111,1.867,0.5,0.9870000000000001,0.7429999999999999,0.6240000000000001
2021-05-28,1.162,1.673,2.132,1.899,0.5,0.9700000000000002,0.7370000000000001,0.6619999999999999
2021-05-31,1.227,1.739,2.179,1.945,0.5,0.9519999999999997,0.718,0.7270000000000001
2021-06-01,1.213,1.726,2.186,1.929,0.5,0.9729999999999999,0.716,0.7130000000000001
2021-06-02,1.206,1.731,2.202,1.924,0.5,0.996,0.718,0.706
2021-06-03,1.191,1.715,2.195,1.911,0.5,1.0039999999999998,0.72,0.6910000000000001
2021-06-04,1.22,1.724,2.173,1.931,0.5,0.9530000000000001,0.7110000000000001,0.72
2021-06-07,1.201,1.699,2.156,1.911,0.5,0.9550000000000001,0.71,0.7010000000000001
2021-06-08,1.174,1.657,2.116,1.891,0.5,0.9420000000000002,0.7170000000000001,0.6739999999999999
2021-06-09,1.137,1.623,2.103,1.866,0.5,0.9660000000000002,0.7290000000000001,0.637
2021-06-10,1.282,1.638,2.085,1.88,0.5,0.8029999999999999,0.5979999999999999,0.782
2021-06-11,1.276,1.658,2.101,1.872,0.5,0.825,0.5960000000000001,0.776
2021-06-14,1.287,1.671,2.096,1.881,0.5,0.8090000000000002,0.5940000000000001,0.7869999999999999
2021-06-15,1.307,1.693,2.071,1.896,0.5,0.7640000000000002,0.589,0.8069999999999999
2021-06-16,1.286,1.686,2.07,1.879,0.5,0.7839999999999998,0.593,0.786
2021-06-17,1.327,1.71,2.079,1.9,0.5,0.7520000000000002,0.573,0.827
2021-06-18,1.313,1.678,2.041,1.888,0.5,0.728,0.575,0.813
2021-06-21,1.351,1.674,2.006,1.906,0.5,0.6549999999999998,0.5549999999999999,0.851
2021-06-22,1.331,1.684,2.05,1.889,0.5,0.7189999999999999,0.558,0.831
2021-06-23,1.338,1.677,2.041,1.893,0.5,0.7029999999999998,0.5549999999999999,0.8380000000000001
2021-06-24,1.384,1.706,2.06,1.929,0.5,0.6760000000000002,0.5450000000000002,0.8839999999999999
2021-06-25,1.441,1.764,2.1,1.969,0.5,0.659,0.528,0.9410000000000001
2021-06-28,1.47,1.793,2.137,1.993,0.5,0.667,0.5230000000000001,0.97
2021-06-29,1.459,1.765,2.109,1.977,0.5,0.6499999999999999,0.518,0.9590000000000001
2021-06-30,1.448,1.739,2.092,1.966,0.5,0.6440000000000001,0.518,0.948
2021-07-01,1.469,1.756,2.09,1.975,0.5,0.6209999999999998,0.506,0.9690000000000001
2021-07-02,1.484,1.781,2.101,1.984,0.5,0.617,0.5,0.984
2021-07-05,1.462,1.751,2.089,1.962,0.5,0.627,0.5,0.962
2021-07-06,1.465,1.768,2.119,1.964,0.5,0.6540000000000001,0.4989999999999999,0.9650000000000001
2021-07-07,1.41,1.699,2.039,1.915,0.5,0.6290000000000002,0.5050000000000001,0.9099999999999999
2021-07-08,1.358,1.656,2.002,1.865,0.5,0.6439999999999997,0.5069999999999999,0.8580000000000001
2021-07-09,1.375,1.684,2.033,1.874,0.5,0.6579999999999999,0.4990000000000001,0.875
2021-07-12,1.384,1.688,2.022,1.877,0.5,0.6379999999999999,0.4930000000000001,0.8839999999999999
2021-07-13,1.424,1.719,2.035,1.896,0.5,0.6110000000000002,0.472,0.9239999999999999
2021-07-14,1.39,1.689,2.008,1.869,0.5,0.6180000000000001,0.4790000000000001,0.8899999999999999
2021-07-15,1.497,1.753,2.024,1.938,0.5,0.5269999999999999,0.44099999999999984,0.9970000000000001
2021-07-16,1.451,1.718,2.008,1.908,0.5,0.5569999999999999,0.45699999999999985,0.9510000000000001
2021-07-19,1.459,1.703,1.972,1.908,0.5,0.5129999999999999,0.44899999999999984,0.9590000000000001
2021-07-20,1.41,1.647,1.893,1.864,0.5,0.4830000000000001,0.4540000000000002,0.9099999999999999
2021-07-21,1.383,1.628,1.878,1.835,0.5,0.4949999999999999,0.45199999999999996,0.883
2021-07-22,1.397,1.662,1.921,1.843,0.5,0.524,0.44599999999999995,0.897
2021-07-23,1.393,1.639,1.888,1.841,0.5,0.4949999999999999,0.44799999999999995,0.893
2021-07-26,1.369,1.609,1.863,1.821,0.5,0.494,0.45199999999999996,0.869
2021-07-27,1.38,1.617,1.868,1.83,0.5,0.4880000000000002,0.4500000000000002,0.8799999999999999
2021-07-28,1.419,1.64,1.862,1.853,0.5,0.44300000000000006,0.43399999999999994,0.919
2021-07-29,1.431,1.657,1.889,1.862,0.5,0.45799999999999996,0.43100000000000005,0.931
2021-07-30,1.417,1.638,1.874,1.847,0.5,0.4570000000000001,0.42999999999999994,0.917
2021-08-02,1.435,1.653,1.907,1.858,0.5,0.472,0.42300000000000004,0.935
2021-08-03,1.442,1.663,1.89,1.863,0.5,0.44799999999999995,0.42100000000000004,0.942
2021-08-04,1.418,1.636,1.866,1.841,0.5,0.4480000000000002,0.42300000000000004,0.9179999999999999
2021-08-05,1.414,1.646,1.878,1.836,0.5,0.46399999999999997,0.42200000000000015,0.9139999999999999
2021-08-06,1.433,1.674,1.9,1.855,0.5,0.46699999999999986,0.42199999999999993,0.933
2021-08-09,1.436,1.671,1.914,1.859,0.5,0.478,0.42300000000000004,0.9359999999999999
2021-08-10,1.432,1.662,1.916,1.855,0.5,0.484,0.42300000000000004,0.9319999999999999
2021-08-11,1.419,1.665,1.934,1.845,0.5,0.5149999999999999,0.42599999999999993,0.919
2021-08-12,1.413,1.664,1.922,1.84,0.5,0.5089999999999999,0.42700000000000005,0.913
2021-08-13,1.407,1.666,1.924,1.834,0.5,0.5169999999999999,0.42700000000000005,0.907
2021-08-17,1.402,1.646,1.886,1.83,0.5,0.484,0.42800000000000016,0.9019999999999999
2021-08-18,1.389,1.632,1.881,1.817,0.5,0.492,0.42799999999999994,0.889
2021-08-19,1.36,1.604,1.868,1.79,0.5,0.508,0.42999999999999994,0.8600000000000001
2021-08-20,1.364,1.597,1.853,1.794,0.5,0.4889999999999999,0.42999999999999994,0.8640000000000001
2021-08-23,1.389,1.636,1.889,1.82,0.5,0.5,0.43100000000000005,0.889
2021-08-24,1.438,1.688,1.939,1.862,0.5,0.5010000000000001,0.42400000000000015,0.938
2021-08-25,1.435,1.686,1.936,1.863,0.5,0.5009999999999999,0.42799999999999994,0.935
2021-08-26,1.398,1.658,1.928,1.836,0.75,0.53,0.43800000000000017,0.6479999999999999
2021-08-27,1.408,1.667,1.939,1.842,0.75,0.5310000000000001,0.43400000000000016,0.6579999999999999
2021-08-30,1.398,1.652,1.913,1.832,0.75,0.5150000000000001,0.43400000000000016,0.6479999999999999
2021-08-31,1.395,1.651,1.912,1.829,0.75,0.5169999999999999,0.43399999999999994,0.645
2021-09-01,1.417,1.675,1.942,1.848,0.75,0.5249999999999999,0.43100000000000005,0.667
2021-09-02,1.422,1.684,1.941,1.855,0.75,0.5190000000000001,0.43300000000000005,0.6719999999999999
2021-09-03,1.437,1.696,1.943,1.865,0.75,0.506,0.42799999999999994,0.687
2021-09-06,1.459,1.719,1.97,1.881,0.75,0.5109999999999999,0.42199999999999993,0.7090000000000001
2021-09-07,1.464,1.716,1.975,1.888,0.75,0.5110000000000001,0.42399999999999993,0.714
2021-09-08,1.489,1.745,2.016,1.908,0.75,0.5269999999999999,0.4189999999999998,0.7390000000000001
2021-09-09,1.499,1.75,2.0,1.921,0.75,0.5009999999999999,0.42199999999999993,0.7490000000000001
2021-09-10,1.501,1.75,2.006,1.936,0.75,0.5049999999999999,0.43500000000000005,0.7509999999999999
2021-09-13,1.525,1.76,2.037,1.962,0.75,0.512,0.43700000000000006,0.7749999999999999
2021-09-14,1.535,1.775,2.06,1.975,0.75,0.5250000000000001,0.44000000000000017,0.7849999999999999
2021-09-15,1.492,1.738,2.025,1.942,0.75,0.5329999999999999,0.44999999999999996,0.742
2021-09-16,1.51,1.762,2.043,1.958,0.75,0.5330000000000001,0.44799999999999995,0.76
2021-09-17,1.535,1.79,2.068,1.978,0.75,0.5330000000000001,0.44300000000000006,0.7849999999999999
2021-09-23,1.558,1.815,2.099,1.996,0.75,0.5410000000000001,0.43799999999999994,0.808
2021-09-24,1.575,1.859,2.152,2.017,0.75,0.5770000000000002,0.44199999999999995,0.825
2021-09-27,1.566,1.888,2.168,2.015,0.75,0.6020000000000001,0.44900000000000007,0.8160000000000001
2021-09-28,1.609,1.95,2.256,2.061,0.75,0.6469999999999998,0.45199999999999996,0.859
2021-09-29,1.603,1.933,2.223,2.057,0.75,0.6199999999999999,0.45399999999999996,0.853
2021-09-30,1.593,1.929,2.237,2.049,0.75,0.6440000000000001,0.45599999999999996,0.843
2021-10-01,1.633,1.961,2.258,2.087,0.75,0.625,0.4540000000000002,0.883
2021-10-05,1.65,1.989,2.291,2.101,0.75,0.641,0.45100000000000007,0.8999999999999999
2021-10-06,1.719,2.082,2.399,2.171,0.75,0.6799999999999999,0.45199999999999974,0.9690000000000001
2021-10-07,1.704,2.066,2.387,2.158,0.75,0.683,0.45399999999999996,0.954
2021-10-08,1.701,2.049,2.374,2.156,0.75,0.673,0.45500000000000007,0.9510000000000001
2021-10-12,1.815,2.135,2.447,2.262,0.75,0.6320000000000001,0.44700000000000006,1.065
2021-10-13,1.824,2.13,2.401,2.27,0.75,0.5769999999999997,0.44599999999999995,1.074
2021-10-14,1.813,2.101,2.351,2.261,0.75,0.538,0.4480000000000002,1.063
2021-10-15,1.795,2.098,2.356,2.249,0.75,0.5609999999999999,0.4540000000000002,1.045
2021-10-18,1.875,2.17,2.4,2.333,0.75,0.5249999999999999,0.4580000000000002,1.125
2021-10-19,1.866,2.134,2.379,2.325,0.75,0.5129999999999999,0.4590000000000001,1.116
2021-10-20,1.847,2.146,2.392,2.318,0.75,0.5449999999999999,0.4710000000000001,1.097
2021-10-21,1.836,2.154,2.388,2.31,0.75,0.5519999999999998,0.474,1.086
2021-10-22,1.889,2.203,2.411,2.362,0.75,0.522,0.4730000000000001,1.139
2021-10-25,1.919,2.24,2.426,2.387,0.75,0.5070000000000001,0.46799999999999997,1.169
2021-10-26,1.947,2.256,2.457,2.423,0.75,0.5099999999999998,0.476,1.197
2021-10-27,2.044,2.338,2.487,2.506,0.75,0.44300000000000006,0.46199999999999974,1.294
2021-10-28,2.017,2.277,2.397,2.487,0.75,0.3799999999999999,0.4700000000000002,1.267
2021-10-29,2.103,2.405,2.575,2.573,0.75,0.472,0.46999999999999975,1.3530000000000002
2021-11-01,2.108,2.376,2.506,2.58,0.75,0.3979999999999997,0.472,1.358
2021-11-02,2.038,2.301,2.48,2.542,0.75,0.44200000000000017,0.504,1.2879999999999998
2021-11-03,2.036,2.289,2.47,2.539,0.75,0.43400000000000016,0.5030000000000001,1.286
2021-11-04,2.04,2.252,2.428,2.544,0.75,0.3879999999999999,0.504,1.29
2021-11-05,1.944,2.166,2.35,2.468,0.75,0.40600000000000014,0.524,1.194
2021-11-08,1.906,2.146,2.329,2.438,0.75,0.42300000000000026,0.5320000000000003,1.156
2021-11-09,1.865,2.117,2.293,2.403,0.75,0.42800000000000016,0.538,1.115
2021-11-10,1.877,2.113,2.309,2.417,0.75,0.43200000000000016,0.5399999999999998,1.127
2021-11-11,1.913,2.13,2.341,2.453,0.75,0.42800000000000016,0.5399999999999998,1.163
2021-11-12,1.968,2.166,2.344,2.499,0.75,0.3759999999999999,0.5310000000000001,1.218
2021-11-15,1.912,2.119,2.298,2.457,0.75,0.3860000000000001,0.5449999999999999,1.162
2021-11-16,1.963,2.14,2.333,2.505,0.75,0.3700000000000001,0.5419999999999998,1.213
2021-11-17,1.974,2.159,2.359,2.517,0.75,0.385,0.5429999999999999,1.224
2021-11-18,1.953,2.156,2.338,2.501,0.75,0.385,0.5479999999999998,1.203
2021-11-19,1.966,2.188,2.372,2.513,0.75,0.4059999999999999,0.5469999999999999,1.216
2021-11-22,2.018,2.238,2.386,2.563,0.75,0.3680000000000003,0.5450000000000004,1.2679999999999998
2021-11-23,2.031,2.253,2.4,2.582,0.75,0.3689999999999998,0.5509999999999997,1.2810000000000001
2021-11-24,2.013,2.237,2.394,2.569,0.75,0.3810000000000002,0.556,1.263
2021-11-25,1.933,2.168,2.348,2.499,1.0,0.4149999999999998,0.5660000000000001,0.933
2021-11-26,1.863,2.05,2.255,2.433,1.0,0.3919999999999999,0.5699999999999998,0.863
2021-11-29,1.844,2.05,2.266,2.418,1.0,0.42199999999999993,0.5740000000000001,0.8440000000000001
2021-11-30,1.799,2.008,2.213,2.373,1.0,0.41400000000000015,0.5740000000000003,0.7989999999999999
2021-12-01,1.813,1.968,2.182,2.385,1.0,0.369,0.5719999999999998,0.813
2021-12-02,1.845,1.986,2.198,2.406,1.0,0.353,0.5610000000000002,0.845
2021-12-03,1.9,2.027,2.234,2.464,1.0,0.3340000000000001,0.5640000000000001,0.8999999999999999
2021-12-06,1.865,2.013,2.213,2.436,1.0,0.3480000000000001,0.571,0.865
2021-12-07,1.872,2.043,2.24,2.446,1.0,0.3680000000000001,0.5740000000000001,0.8720000000000001
2021-12-08,1.831,2.002,2.185,2.409,1.0,0.3540000000000001,0.5779999999999998,0.831
2021-12-09,1.794,1.972,2.188,2.385,1.0,0.39400000000000013,0.5909999999999997,0.794
2021-12-10,1.805,2.0,2.201,2.399,1.0,0.39600000000000013,0.5940000000000001,0.8049999999999999
2021-12-13,1.79,1.982,2.169,2.402,1.0,0.379,0.6120000000000001,0.79
2021-12-14,1.784,1.977,2.169,2.402,1.0,0.385,0.6180000000000001,0.784
2021-12-15,1.808,1.983,2.166,2.43,1.0,0.3579999999999999,0.6220000000000001,0.808
2021-12-16,1.766,1.938,2.147,2.398,1.0,0.3809999999999998,0.6320000000000001,0.766
2021-12-17,1.767,1.94,2.153,2.398,1.0,0.3860000000000001,0.6310000000000002,0.7669999999999999
2021-12-20,1.74,1.91,2.107,2.372,1.0,0.3670000000000002,0.6319999999999999,0.74
2021-12-21,1.72,1.892,2.099,2.355,1.0,0.3790000000000002,0.635,0.72
2021-12-22,1.757,1.938,2.147,2.392,1.0,0.3899999999999999,0.635,0.7569999999999999
2021-12-23,1.805,2.013,2.212,2.441,1.0,0.40700000000000025,0.6359999999999999,0.8049999999999999
2021-12-24,1.798,1.997,2.206,2.438,1.0,0.4079999999999999,0.6400000000000001,0.798
2021-12-27,1.776,1.989,2.211,2.411,1.0,0.43499999999999983,0.635,0.776
2021-12-28,1.786,1.991,2.198,2.417,1.0,0.4119999999999999,0.6309999999999998,0.786
2021-12-29,1.783,1.974,2.18,2.409,1.0,0.39700000000000024,0.6259999999999999,0.7829999999999999
2021-12-30,1.799,2.014,2.248,2.417,1.0,0.4490000000000003,0.6179999999999999,0.7989999999999999
2021-12-31,1.798,2.011,2.25,2.415,1.0,0.45199999999999996,0.617,0.798
2022-01-03,1.855,2.08,2.325,2.46,1.0,0.4700000000000002,0.605,0.855
2022-01-04,1.868,2.091,2.32,2.474,1.0,0.45199999999999974,0.6060000000000001,0.8680000000000001
2022-01-05,1.913,2.152,2.375,2.506,1.0,0.46199999999999997,0.5929999999999997,0.913
2022-01-06,2.013,2.293,2.481,2.59,1.0,0.46799999999999997,0.577,1.013
2022-01-07,2.015,2.255,2.458,2.593,1.0,0.44300000000000006,0.5779999999999998,1.0150000000000001
2022-01-10,2.058,2.26,2.484,2.624,1.0,0.42600000000000016,0.5660000000000003,1.0579999999999998
2022-01-11,2.038,2.25,2.485,2.611,1.0,0.44700000000000006,0.5730000000000004,1.0379999999999998
2022-01-12,1.998,2.187,2.428,2.576,1.0,0.42999999999999994,0.5780000000000001,0.998
2022-01-13,1.953,2.159,2.397,2.537,1.0,0.44399999999999973,0.5839999999999999,0.9530000000000001
2022-01-14,2.044,2.239,2.453,2.6,1.25,0.4089999999999998,0.556,0.794
2022-01-17,2.148,2.351,2.568,2.699,1.25,0.41999999999999993,0.5509999999999997,0.8980000000000001
2022-01-18,2.127,2.333,2.553,2.685,1.25,0.42600000000000016,0.5580000000000003,0.8769999999999998
2022-01-19,2.073,2.301,2.537,2.645,1.25,0.46399999999999997,0.5720000000000001,0.823
2022-01-20,2.119,2.346,2.558,2.684,1.25,0.4389999999999996,0.565,0.8690000000000002
2022-01-21,2.132,2.352,2.54,2.693,1.25,0.4079999999999999,0.5609999999999999,0.8820000000000001
2022-01-24,2.112,2.336,2.54,2.675,1.25,0.42799999999999994,0.5629999999999997,0.8620000000000001
2022-01-25,2.174,2.393,2.576,2.725,1.25,0.40200000000000014,0.5510000000000002,0.9239999999999999
2022-01-26,2.156,2.367,2.573,2.713,1.25,0.4169999999999998,0.5569999999999999,0.9060000000000001
2022-01-27,2.217,2.432,2.612,2.781,1.25,0.395,0.5640000000000001,0.9670000000000001
2022-01-28,2.189,2.396,2.586,2.765,1.25,0.3969999999999998,0.5760000000000001,0.9390000000000001
2022-02-03,2.158,2.373,2.566,2.733,1.25,0.4079999999999999,0.5750000000000002,0.9079999999999999
2022-02-04,2.194,2.418,2.619,2.771,1.25,0.42500000000000027,0.577,0.944
2022-02-07,2.237,2.466,2.638,2.815,1.25,0.4009999999999998,0.5779999999999998,0.9870000000000001
2022-02-08,2.303,2.563,2.733,2.867,1.25,0.43000000000000016,0.5640000000000001,1.053
2022-02-09,2.279,2.507,2.691,2.857,1.25,0.4119999999999999,0.5780000000000003,1.029
2022-02-10,2.264,2.485,2.686,2.85,1.25,0.42200000000000015,0.5860000000000003,1.0139999999999998
2022-02-11,2.343,2.564,2.747,2.921,1.25,0.4039999999999999,0.5779999999999998,1.093
2022-02-14,2.347,2.541,2.714,2.926,1.25,0.367,0.5790000000000002,1.097
2022-02-15,2.345,2.524,2.71,2.928,1.25,0.36499999999999977,0.5829999999999997,1.0950000000000002
2022-02-16,2.325,2.5,2.702,2.913,1.25,0.3769999999999998,0.5879999999999996,1.0750000000000002
2022-02-17,2.295,2.483,2.708,2.895,1.25,0.41300000000000026,0.6000000000000001,1.045
2022-02-18,2.322,2.51,2.728,2.916,1.25,0.40600000000000014,0.5939999999999999,1.072
2022-02-21,2.363,2.566,2.77,2.949,1.25,0.40700000000000003,0.5859999999999999,1.113
2022-02-22,2.327,2.524,2.717,2.916,1.25,0.3900000000000001,0.589,1.077
2022-02-23,2.317,2.522,2.722,2.913,1.25,0.4049999999999998,0.5959999999999996,1.0670000000000002
2022-02-24,2.226,2.423,2.624,2.83,1.25,0.39800000000000013,0.6040000000000001,0.976
2022-02-25,2.244,2.468,2.671,2.854,1.25,0.4269999999999996,0.6099999999999999,0.9940000000000002
2022-02-28,2.242,2.468,2.675,2.855,1.25,0.43299999999999983,0.613,0.992
2022-03-02,2.187,2.406,2.613,2.813,1.25,0.42600000000000016,0.6260000000000003,0.9369999999999998
2022-03-03,2.195,2.441,2.648,2.835,1.25,0.4530000000000003,0.6400000000000001,0.9449999999999998
2022-03-04,2.214,2.463,2.658,2.848,1.25,0.44399999999999995,0.6339999999999999,0.964
2022-03-07,2.288,2.525,2.707,2.922,1.25,0.41900000000000004,0.6340000000000003,1.0379999999999998
2022-03-08,2.287,2.523,2.722,2.931,1.25,0.43500000000000005,0.6440000000000001,1.037
2022-03-10,2.267,2.516,2.726,2.933,1.25,0.4590000000000001,0.6659999999999999,1.017
2022-03-11,2.255,2.485,2.7,2.92,1.25,0.4450000000000003,0.665,1.005
2022-03-14,2.283,2.525,2.739,2.947,1.25,0.45599999999999996,0.6640000000000001,1.033
2022-03-15,2.285,2.534,2.753,2.965,1.25,0.46799999999999997,0.6799999999999997,1.0350000000000001
2022-03-16,2.268,2.526,2.768,2.948,1.25,0.5,0.6800000000000002,1.0179999999999998
2022-03-17,2.217,2.469,2.704,2.902,1.25,0.4870000000000001,0.685,0.9670000000000001
2022-03-18,2.231,2.495,2.737,2.911,1.25,0.5060000000000002,0.6800000000000002,0.9809999999999999
2022-03-21,2.268,2.53,2.741,2.944,1.25,0.4730000000000003,0.6760000000000002,1.0179999999999998
2022-03-22,2.399,2.631,2.832,3.045,1.25,0.43299999999999983,0.6459999999999999,1.149
2022-03-23,2.426,2.646,2.828,3.073,1.25,0.4019999999999997,0.6469999999999998,1.1760000000000002
2022-03-24,2.455,2.661,2.856,3.104,1.25,0.4009999999999998,0.649,1.205
2022-03-25,2.505,2.713,2.871,3.163,1.25,0.3660000000000001,0.6579999999999999,1.255
2022-03-28,2.747,2.97,3.031,3.394,1.25,0.28400000000000025,0.6470000000000002,1.4969999999999999
2022-03-29,2.7,2.89,2.972,3.361,1.25,0.2719999999999998,0.661,1.4500000000000002
2022-03-30,2.615,2.801,2.885,3.291,1.25,0.2699999999999996,0.6759999999999997,1.3650000000000002
2022-03-31,2.663,2.856,2.969,3.34,1.25,0.30600000000000005,0.677,1.4129999999999998
2022-04-01,2.784,2.942,3.007,3.458,1.25,0.2230000000000003,0.6740000000000004,1.5339999999999998
2022-04-04,2.837,3.019,3.065,3.499,1.25,0.22799999999999976,0.6619999999999999,1.5870000000000002
2022-04-05,2.879,3.029,3.08,3.542,1.25,0.20100000000000007,0.6629999999999998,1.629
2022-04-06,2.941,3.097,3.129,3.592,1.25,0.18800000000000017,0.6510000000000002,1.6909999999999998
2022-04-07,2.905,3.046,3.128,3.562,1.25,0.2230000000000003,0.657,1.6549999999999998
2022-04-08,2.987,3.116,3.169,3.636,1.25,0.18199999999999994,0.649,1.737
2022-04-11,3.186,3.303,3.305,3.813,1.25,0.11900000000000022,0.6270000000000002,1.936
2022-04-12,3.105,3.27,3.313,3.774,1.25,0.20800000000000018,0.669,1.855
2022-04-13,3.001,3.196,3.287,3.688,1.25,0.28600000000000003,0.6870000000000003,1.751
2022-04-14,2.888,3.107,3.22,3.583,1.5,0.3320000000000003,0.6950000000000003,1.388
2022-04-15,2.944,3.166,3.301,3.64,1.5,0.3570000000000002,0.6960000000000002,1.444
2022-04-18,2.99,3.227,3.355,3.689,1.5,0.36499999999999977,0.6989999999999998,1.4900000000000002
2022-04-19,2.981,3.212,3.35,3.671,1.5,0.3690000000000002,0.69,1.4809999999999999
2022-04-20,2.957,3.203,3.313,3.662,1.5,0.3560000000000003,0.7050000000000001,1.4569999999999999
2022-04-21,2.927,3.177,3.296,3.647,1.5,0.3689999999999998,0.7199999999999998,1.427
2022-04-22,2.971,3.219,3.314,3.688,1.5,0.34299999999999997,0.7170000000000001,1.471
2022-04-25,2.857,3.097,3.188,3.602,1.5,0.33099999999999996,0.7449999999999997,1.3570000000000002
2022-04-26,2.83,3.085,3.19,3.584,1.5,0.3599999999999999,0.754,1.33
2022-04-27,2.899,3.122,3.185,3.595,1.5,0.28600000000000003,0.6960000000000002,1.399
2022-04-28,2.925,3.135,3.166,3.636,1.5,0.2410000000000001,0.7110000000000003,1.4249999999999998
2022-04-29,2.958,3.172,3.242,3.68,1.5,0.2839999999999998,0.722,1.4580000000000002
2022-05-02,3.086,3.311,3.38,3.794,1.5,0.29400000000000004,0.7080000000000002,1.5859999999999999
2022-05-03,3.139,3.353,3.406,3.855,1.5,0.26700000000000035,0.7160000000000002,1.6389999999999998
2022-05-04,3.178,3.393,3.434,3.887,1.5,0.2560000000000002,0.7090000000000001,1.678
2022-05-06,3.146,3.369,3.431,3.873,1.5,0.28500000000000014,0.7270000000000003,1.646
2022-05-09,3.062,3.319,3.414,3.8,1.5,0.3520000000000003,0.738,1.5619999999999998
2022-05-10,3.046,3.297,3.403,3.783,1.5,0.3570000000000002,0.7370000000000001,1.5459999999999998
2022-05-11,2.928,3.16,3.269,3.691,1.5,0.3410000000000002,0.7629999999999999,1.428
2022-05-12,2.9,3.098,3.169,3.657,1.5,0.26900000000000013,0.7570000000000001,1.4
2022-05-13,2.911,3.122,3.221,3.673,1.5,0.31000000000000005,0.762,1.411
2022-05-16,3.046,3.225,3.277,3.781,1.5,0.23100000000000032,0.7350000000000003,1.5459999999999998
2022-05-17,3.031,3.23,3.287,3.784,1.5,0.2559999999999998,0.7529999999999997,1.5310000000000001
2022-05-18,3.069,3.269,3.32,3.832,1.5,0.2509999999999999,0.7629999999999999,1.569
2022-05-19,3.046,3.251,3.307,3.821,1.5,0.2610000000000001,0.7750000000000004,1.5459999999999998
2022-05-20,3.011,3.203,3.245,3.784,1.5,0.23399999999999999,0.7729999999999997,1.5110000000000001
2022-05-23,3.018,3.205,3.258,3.796,1.5,0.2400000000000002,0.778,1.5179999999999998
2022-05-24,2.967,3.152,3.214,3.742,1.5,0.2469999999999999,0.7749999999999999,1.467
2022-05-25,2.946,3.116,3.177,3.72,1.5,0.23099999999999987,0.774,1.4460000000000002
2022-05-26,2.955,3.149,3.238,3.733,1.75,0.2829999999999999,0.778,1.205
2022-05-27,2.947,3.135,3.212,3.728,1.75,0.2650000000000001,0.7810000000000001,1.197
2022-05-30,2.942,3.144,3.211,3.724,1.75,0.2689999999999997,0.782,1.1920000000000002
2022-05-31,3.027,3.256,3.326,3.807,1.75,0.29899999999999993,0.7799999999999998,1.2770000000000001
2022-06-02,3.125,3.366,3.421,3.897,1.75,0.2959999999999998,0.7719999999999998,1.375
2022-06-03,3.121,3.365,3.405,3.896,1.75,0.2839999999999998,0.7749999999999999,1.371
2022-06-07,3.232,3.502,3.538,4.001,1.75,0.3059999999999996,0.7690000000000001,1.4820000000000002
2022-06-08,3.209,3.447,3.472,3.982,1.75,0.2629999999999999,0.7730000000000001,1.459
2022-06-09,3.171,3.414,3.471,3.958,1.75,0.30000000000000027,0.7870000000000004,1.4209999999999998
2022-06-10,3.275,3.452,3.495,3.996,1.75,0.2200000000000002,0.7210000000000001,1.525
2022-06-13,3.514,3.679,3.654,4.222,1.75,0.14000000000000012,0.7080000000000006,1.7639999999999998
2022-06-14,3.548,3.703,3.691,4.27,1.75,0.1429999999999998,0.7219999999999995,1.798
2022-06-15,3.666,3.822,3.795,4.371,1.75,0.129,0.7050000000000005,1.916
2022-06-16,3.728,3.837,3.767,4.437,1.75,0.0389999999999997,0.7090000000000001,1.9780000000000002
2022-06-17,3.745,3.855,3.795,4.468,1.75,0.04999999999999982,0.7229999999999999,1.995
2022-06-20,3.675,3.834,3.784,4.414,1.75,0.10899999999999999,0.7389999999999999,1.9249999999999998
2022-06-21,3.663,3.834,3.775,4.402,1.75,0.1120000000000001,0.7390000000000003,1.9129999999999998
2022-06-22,3.522,3.707,3.682,4.275,1.75,0.16000000000000014,0.7530000000000006,1.7719999999999998
2022-06-23,3.608,3.769,3.726,4.363,1.75,0.11799999999999988,0.7550000000000003,1.858
2022-06-24,3.523,3.666,3.635,4.297,1.75,0.11199999999999966,0.7739999999999996,1.7730000000000001
2022-06-27,3.568,3.726,3.72,4.344,1.75,0.15200000000000014,0.7760000000000002,1.818
2022-06-28,3.552,3.7,3.68,4.339,1.75,0.1280000000000001,0.7870000000000004,1.802
2022-06-29,3.552,3.685,3.667,4.359,1.75,0.11499999999999977,0.8069999999999999,1.802
2022-06-30,3.55,3.653,3.636,4.361,1.75,0.0860000000000003,0.8109999999999999,1.7999999999999998
2022-07-01,3.439,3.495,3.49,4.257,1.75,0.051000000000000156,0.8179999999999996,1.689
2022-07-04,3.43,3.497,3.489,4.247,1.75,0.05899999999999972,0.8169999999999997,1.6800000000000002
2022-07-05,3.301,3.367,3.379,4.128,1.75,0.07799999999999985,0.827,1.5510000000000002
2022-07-06,3.239,3.283,3.295,4.086,1.75,0.05600000000000005,0.8470000000000004,1.4889999999999999
2022-07-07,3.262,3.297,3.307,4.113,1.75,0.04499999999999993,0.8510000000000004,1.512
2022-07-08,3.315,3.345,3.36,4.186,1.75,0.04499999999999993,0.871,1.565
2022-07-11,3.324,3.376,3.385,4.198,1.75,0.06099999999999994,0.8740000000000006,1.5739999999999998
2022-07-12,3.291,3.345,3.349,4.158,1.75,0.058000000000000274,0.8670000000000004,1.541
2022-07-13,3.211,3.278,3.301,4.094,2.25,0.0900000000000003,0.8830000000000005,0.9609999999999999
2022-07-14,3.26,3.317,3.295,4.139,2.25,0.03500000000000014,0.8790000000000004,1.0099999999999998
2022-07-15,3.205,3.271,3.242,4.091,2.25,0.03699999999999992,0.8860000000000001,0.9550000000000001
2022-07-18,3.212,3.282,3.27,4.104,2.25,0.05799999999999983,0.8919999999999999,0.9620000000000002
2022-07-19,3.192,3.258,3.253,4.092,2.25,0.06099999999999994,0.8999999999999995,0.9420000000000002
2022-07-20,3.296,3.372,3.36,4.197,2.25,0.06400000000000006,0.9010000000000002,1.0459999999999998
2022-07-21,3.294,3.373,3.374,4.202,2.25,0.08000000000000007,0.9079999999999999,1.044
2022-07-22,3.218,3.299,3.302,4.135,2.25,0.08400000000000007,0.9169999999999998,0.968
2022-07-25,3.153,3.225,3.211,4.082,2.25,0.05799999999999983,0.9289999999999998,0.903
2022-07-26,3.121,3.201,3.183,4.063,2.25,0.06199999999999983,0.9419999999999997,0.871
2022-07-27,3.09,3.15,3.121,4.033,2.25,0.03100000000000014,0.9430000000000005,0.8399999999999999
2022-07-28,3.13,3.182,3.201,4.082,2.25,0.07100000000000017,0.952,0.8799999999999999
2022-07-29,3.009,3.067,3.127,3.969,2.25,0.11799999999999988,0.96,0.7589999999999999
2022-08-01,3.081,3.13,3.184,4.043,2.25,0.1030000000000002,0.9620000000000002,0.831
2022-08-02,3.012,3.049,3.088,3.983,2.25,0.07600000000000007,0.9710000000000001,0.762
2022-08-03,3.065,3.108,3.131,4.045,2.25,0.06599999999999984,0.98,0.815
2022-08-04,3.114,3.134,3.152,4.091,2.25,0.038000000000000256,0.9770000000000003,0.8639999999999999
2022-08-05,3.079,3.099,3.124,4.056,2.25,0.04499999999999993,0.9769999999999999,0.8290000000000002
2022-08-08,3.134,3.151,3.177,4.113,2.25,0.04300000000000015,0.9790000000000005,0.8839999999999999
2022-08-09,3.134,3.152,3.166,4.119,2.25,0.03200000000000003,0.9849999999999999,0.8839999999999999
2022-08-10,3.154,3.181,3.207,4.133,2.25,0.052999999999999936,0.9790000000000001,0.9039999999999999
2022-08-11,3.124,3.172,3.219,4.111,2.25,0.09499999999999975,0.9869999999999997,0.8740000000000001
2022-08-12,3.181,3.239,3.282,4.159,2.25,0.10099999999999998,0.9779999999999998,0.931
2022-08-16,3.078,3.123,3.156,4.057,2.25,0.07800000000000029,0.9790000000000005,0.8279999999999998
2022-08-17,3.087,3.142,3.188,4.076,2.25,0.10099999999999998,0.9889999999999994,0.8370000000000002
2022-08-18,3.125,3.188,3.221,4.114,2.25,0.09600000000000009,0.9889999999999999,0.875
2022-08-19,3.197,3.276,3.31,4.186,2.25,0.11299999999999999,0.9889999999999999,0.9470000000000001
2022-08-22,3.245,3.316,3.342,4.235,2.25,0.09699999999999998,0.9900000000000002,0.9950000000000001
2022-08-23,3.281,3.343,3.361,4.27,2.25,0.08000000000000007,0.9889999999999994,1.0310000000000001
2022-08-24,3.311,3.39,3.433,4.298,2.25,0.12199999999999989,0.9870000000000001,1.061
2022-08-25,3.531,3.598,3.593,4.507,2.5,0.06199999999999983,0.9759999999999995,1.0310000000000001
2022-08-26,3.525,3.615,3.616,4.499,2.5,0.09100000000000019,0.9739999999999998,1.025
2022-08-29,3.653,3.761,3.715,4.621,2.5,0.06199999999999983,0.9680000000000004,1.153
2022-08-30,3.642,3.742,3.695,4.618,2.5,0.052999999999999936,0.9760000000000004,1.142
2022-08-31,3.685,3.781,3.721,4.658,2.5,0.03600000000000003,0.9730000000000003,1.185
2022-09-01,3.778,3.868,3.805,4.747,2.5,0.027000000000000135,0.9689999999999999,1.278
2022-09-02,3.678,3.769,3.738,4.655,2.5,0.06000000000000005,0.9770000000000003,1.178
2022-09-05,3.616,3.686,3.67,4.596,2.5,0.053999999999999826,0.98,1.116
2022-09-06,3.682,3.736,3.712,4.662,2.5,0.03000000000000025,0.98,1.182
2022-09-07,3.685,3.753,3.736,4.668,2.5,0.051000000000000156,0.9830000000000001,1.185
2022-09-08,3.543,3.607,3.622,4.541,2.5,0.07899999999999974,0.9980000000000002,1.0430000000000001
2022-09-13,3.536,3.596,3.62,4.525,2.5,0.08400000000000007,0.9890000000000003,1.036
2022-09-14,3.585,3.619,3.651,4.579,2.5,0.06599999999999984,0.9939999999999998,1.085
2022-09-15,3.77,3.778,3.791,4.759,2.5,0.020999999999999908,0.9890000000000003,1.27
2022-09-16,3.767,3.767,3.772,4.758,2.5,0.004999999999999893,0.9910000000000001,1.267
2022-09-19,3.759,3.782,3.794,4.751,2.5,0.03500000000000014,0.9920000000000004,1.259
2022-09-20,3.823,3.83,3.836,4.806,2.5,0.0129999999999999,0.9830000000000001,1.323
2022-09-21,3.847,3.905,3.891,4.843,2.5,0.04400000000000004,0.996,1.347
2022-09-22,4.104,4.114,3.997,5.092,2.5,-0.1070000000000002,0.9879999999999995,1.604
2022-09-23,4.199,4.193,4.112,5.189,2.5,-0.08699999999999974,0.9900000000000002,1.6989999999999998
2022-09-26,4.548,4.563,4.335,5.528,2.5,-0.21300000000000008,0.9799999999999995,2.048
2022-09-27,4.304,4.348,4.208,5.308,2.5,-0.09600000000000009,1.0039999999999996,1.8040000000000003
2022-09-28,4.338,4.374,4.332,5.342,2.5,-0.006000000000000227,1.0039999999999996,1.838
2022-09-29,4.303,4.335,4.229,5.378,2.5,-0.07399999999999984,1.0750000000000002,1.803
2022-09-30,4.186,4.175,4.096,5.28,2.5,-0.08999999999999986,1.0940000000000003,1.686
2022-10-04,4.081,4.049,4.006,5.175,2.5,-0.07500000000000018,1.0939999999999994,1.5810000000000004
2022-10-05,4.157,4.132,4.102,5.242,2.5,-0.054999999999999716,1.085,1.657
2022-10-06,4.145,4.13,4.102,5.231,2.5,-0.04299999999999926,1.0860000000000003,1.6449999999999996
2022-10-07,4.276,4.22,4.214,5.358,2.5,-0.06199999999999939,1.0819999999999999,1.7759999999999998
2022-10-11,4.342,4.306,4.306,5.436,2.5,-0.03599999999999959,1.0940000000000003,1.8419999999999996
2022-10-12,4.107,4.118,4.11,5.21,3.0,0.0030000000000001137,1.1029999999999998,1.1070000000000002
2022-10-13,4.203,4.221,4.239,5.31,3.0,0.03599999999999959,1.1069999999999993,1.2030000000000003
2022-10-14,4.207,4.207,4.181,5.32,3.0,-0.0259999999999998,1.1130000000000004,1.2069999999999999
2022-10-17,4.239,4.245,4.215,5.373,3.0,-0.02400000000000002,1.1340000000000003,1.2389999999999999
2022-10-18,4.242,4.293,4.277,5.408,3.0,0.03500000000000014,1.1660000000000004,1.242
2022-10-19,4.331,4.406,4.396,5.533,3.0,0.0649999999999995,1.202,1.3310000000000004
2022-10-20,4.35,4.463,4.439,5.588,3.0,0.08900000000000041,1.2380000000000004,1.3499999999999996
2022-10-21,4.495,4.638,4.632,5.736,3.0,0.13699999999999957,1.2409999999999997,1.495
2022-10-24,4.305,4.491,4.503,5.592,3.0,0.1980000000000004,1.287,1.3049999999999997
2022-10-25,4.221,4.383,4.346,5.528,3.0,0.125,1.3069999999999995,1.221
2022-10-26,4.208,4.32,4.279,5.553,3.0,0.07099999999999973,1.3449999999999998,1.2080000000000002
2022-10-27,4.254,4.359,4.313,5.62,3.0,0.05900000000000016,1.3660000000000005,1.2539999999999996
2022-10-28,4.112,4.192,4.167,5.487,3.0,0.054999999999999716,1.375,1.112
2022-10-31,4.185,4.263,4.242,5.58,3.0,0.057000000000000384,1.3950000000000005,1.1849999999999996
2022-11-01,4.068,4.121,4.135,5.486,3.0,0.06700000000000017,1.4180000000000001,1.0679999999999996
2022-11-02,4.095,4.158,4.143,5.533,3.0,0.04800000000000004,1.4380000000000006,1.0949999999999998
2022-11-03,4.158,4.24,4.197,5.616,3.0,0.0389999999999997,1.4579999999999993,1.1580000000000004
2022-11-04,4.118,4.2,4.182,5.591,3.0,0.06400000000000006,1.4729999999999999,1.1180000000000003
2022-11-07,4.186,4.284,4.258,5.662,3.0,0.07200000000000006,1.476,1.186
2022-11-08,4.156,4.256,4.236,5.642,3.0,0.08000000000000007,1.4860000000000007,1.1559999999999997
2022-11-09,4.086,4.179,4.177,5.594,3.0,0.0909999999999993,1.508,1.0860000000000003
2022-11-10,4.033,4.097,4.07,5.551,3.0,0.03699999999999992,1.5179999999999998,1.0330000000000004
2022-11-11,3.834,3.894,3.894,5.361,3.0,0.06000000000000005,1.5269999999999997,0.8340000000000001
2022-11-14,3.85,3.928,3.928,5.42,3.0,0.07799999999999985,1.5699999999999998,0.8500000000000001
2022-11-15,3.753,3.816,3.861,5.346,3.0,0.1080000000000001,1.593,0.7530000000000001
2022-11-16,3.808,3.866,3.896,5.416,3.0,0.08800000000000008,1.6080000000000005,0.8079999999999998
2022-11-17,3.804,3.867,3.853,5.427,3.0,0.04900000000000038,1.6229999999999998,0.8039999999999998
2022-11-18,3.787,3.85,3.801,5.429,3.0,0.014000000000000234,1.6420000000000003,0.7869999999999999
2022-11-21,3.837,3.863,3.764,5.492,3.0,-0.0730000000000004,1.6549999999999998,0.8370000000000002
2022-11-22,3.844,3.854,3.773,5.516,3.0,-0.07099999999999973,1.6720000000000002,0.8439999999999999
2022-11-23,3.849,3.864,3.774,5.536,3.0,-0.07500000000000018,1.6869999999999994,0.8490000000000002
2022-11-24,3.689,3.718,3.622,5.402,3.25,-0.06700000000000017,1.713,0.43900000000000006
2022-11-25,3.644,3.67,3.623,5.376,3.25,-0.020999999999999908,1.7320000000000002,0.39400000000000013
2022-11-28,3.669,3.673,3.606,5.405,3.25,-0.06300000000000017,1.7360000000000002,0.41900000000000004
2022-11-29,3.723,3.723,3.673,5.468,3.25,-0.04999999999999982,1.745,0.47299999999999986
2022-11-30,3.689,3.697,3.667,5.445,3.25,-0.02200000000000024,1.7560000000000002,0.43900000000000006
2022-12-01,3.65,3.682,3.663,5.422,3.25,0.0129999999999999,1.7719999999999998,0.3999999999999999
2022-12-02,3.616,3.632,3.583,5.386,3.25,-0.03299999999999992,1.77,0.3660000000000001
2022-12-05,3.609,3.607,3.549,5.37,3.25,-0.06000000000000005,1.7610000000000001,0.359
2022-12-06,3.633,3.597,3.504,5.387,3.25,-0.129,1.7539999999999996,0.383
2022-12-07,3.672,3.62,3.523,5.411,3.25,-0.14900000000000002,1.7389999999999994,0.42200000000000015
2022-12-08,3.676,3.614,3.53,5.412,3.25,-0.14600000000000035,1.7359999999999998,0.42600000000000016
2022-12-09,3.657,3.566,3.491,5.391,3.25,-0.16599999999999993,1.734,0.40700000000000003
2022-12-12,3.623,3.578,3.448,5.383,3.25,-0.17500000000000027,1.7599999999999998,0.3730000000000002
2022-12-13,3.623,3.583,3.469,5.374,3.25,-0.15400000000000036,1.7509999999999994,0.3730000000000002
2022-12-14,3.53,3.471,3.406,5.272,3.25,-0.12399999999999967,1.7420000000000004,0.2799999999999998
2022-12-15,3.536,3.44,3.38,5.263,3.25,-0.15600000000000014,1.7269999999999999,0.28600000000000003
2022-12-16,3.539,3.442,3.36,5.227,3.25,-0.17900000000000027,1.6880000000000002,0.28900000000000015
2022-12-19,3.545,3.445,3.395,5.217,3.25,-0.1499999999999999,1.6719999999999997,0.29499999999999993
2022-12-20,3.685,3.618,3.603,5.333,3.25,-0.08199999999999985,1.6480000000000001,0.43500000000000005
2022-12-21,3.638,3.546,3.566,5.272,3.25,-0.07200000000000006,1.6340000000000003,0.3879999999999999
2022-12-22,3.567,3.491,3.495,5.192,3.25,-0.07200000000000006,1.625,0.31700000000000017
2022-12-23,3.623,3.567,3.552,5.215,3.25,-0.07100000000000017,1.5919999999999996,0.3730000000000002
2022-12-26,3.663,3.636,3.639,5.235,3.25,-0.02400000000000002,1.5720000000000005,0.4129999999999998
2022-12-27,3.662,3.646,3.611,5.219,3.25,-0.05099999999999971,1.5570000000000004,0.4119999999999999
2022-12-28,3.668,3.676,3.673,5.203,3.25,0.004999999999999893,1.5350000000000001,0.41800000000000015
2022-12-29,3.719,3.745,3.726,5.238,3.25,0.007000000000000117,1.5190000000000006,0.46899999999999986
2022-12-30,3.722,3.743,3.73,5.231,3.25,0.008000000000000007,1.509,0.472
2023-01-02,3.782,3.809,3.811,5.262,3.25,0.028999999999999915,1.4799999999999995,0.532
2023-01-03,3.661,3.674,3.661,5.131,3.25,0.0,1.4700000000000002,0.41100000000000003
2023-01-04,3.632,3.616,3.597,5.078,3.25,-0.03500000000000014,1.4460000000000002,0.3820000000000001
2023-01-05,3.644,3.607,3.571,5.06,3.25,-0.07299999999999995,1.4159999999999995,0.39400000000000013
2023-01-06,3.681,3.624,3.573,5.062,3.25,-0.1080000000000001,1.3810000000000002,0.43100000000000005
2023-01-09,3.577,3.494,3.477,4.93,3.25,-0.10000000000000009,1.3529999999999998,0.32699999999999996
2023-01-10,3.556,3.485,3.462,4.887,3.25,-0.09399999999999986,1.3309999999999995,0.30600000000000005
2023-01-11,3.472,3.401,3.417,4.784,3.25,-0.05500000000000016,1.3119999999999998,0.22199999999999998
2023-01-12,3.466,3.403,3.412,4.73,3.25,-0.05400000000000027,1.2640000000000002,0.2160000000000002
2023-01-13,3.369,3.275,3.3,4.62,3.5,-0.0690000000000004,1.251,-0.13099999999999978
2023-01-16,3.454,3.365,3.383,4.661,3.5,-0.07100000000000017,1.2069999999999994,-0.04599999999999982
2023-01-17,3.484,3.446,3.444,4.677,3.5,-0.040000000000000036,1.1929999999999996,-0.016000000000000014
2023-01-18,3.39,3.353,3.337,4.56,3.5,-0.052999999999999936,1.1699999999999995,-0.10999999999999988
2023-01-19,3.248,3.223,3.222,4.403,3.5,-0.026000000000000245,1.1549999999999994,-0.2519999999999998
2023-01-20,3.33,3.295,3.279,4.453,3.5,-0.051000000000000156,1.1230000000000002,-0.16999999999999993
2023-01-25,3.285,3.241,3.229,4.4,3.5,-0.05600000000000005,1.1150000000000002,-0.21499999999999986
2023-01-26,3.273,3.233,3.231,4.361,3.5,-0.04200000000000026,1.0879999999999996,-0.22699999999999987
2023-01-27,3.304,3.268,3.283,4.364,3.5,-0.020999999999999908,1.06,-0.19600000000000017
2023-01-30,3.271,3.24,3.238,4.31,3.5,-0.03299999999999992,1.0389999999999997,-0.2290000000000001
2023-01-31,3.325,3.299,3.297,4.344,3.5,-0.028000000000000025,1.0190000000000001,-0.17499999999999982
2023-02-01,3.263,3.243,3.239,4.268,3.5,-0.02400000000000002,1.005,-0.2370000000000001
2023-02-02,3.183,3.174,3.207,4.177,3.5,0.02400000000000002,0.9939999999999998,-0.31700000000000017
2023-02-03,3.11,3.096,3.148,4.081,3.5,0.038000000000000256,0.9710000000000005,-0.3900000000000001
2023-02-06,3.283,3.268,3.283,4.237,3.5,0.0,0.9540000000000002,-0.21700000000000008
2023-02-07,3.315,3.29,3.297,4.244,3.5,-0.017999999999999794,0.9289999999999998,-0.18500000000000005
2023-02-08,3.339,3.323,3.32,4.244,3.5,-0.019000000000000128,0.9049999999999998,-0.16100000000000003
2023-02-09,3.401,3.389,3.362,4.254,3.5,-0.0389999999999997,0.8529999999999998,-0.0990000000000002
2023-02-10,3.398,3.386,3.365,4.231,3.5,-0.03299999999999992,0.8329999999999997,-0.10199999999999987
2023-02-13,3.452,3.462,3.43,4.252,3.5,-0.021999999999999797,0.7999999999999998,-0.04800000000000004
2023-02-14,3.429,3.421,3.398,4.207,3.5,-0.030999999999999694,0.778,-0.07100000000000017
2023-02-15,3.502,3.5,3.471,4.255,3.5,-0.030999999999999694,0.7530000000000001,0.0019999999999997797
2023-02-16,3.504,3.504,3.476,4.239,3.5,-0.028000000000000025,0.7349999999999999,0.0040000000000000036
2023-02-17,3.639,3.651,3.626,4.345,3.5,-0.0129999999999999,0.706,0.1389999999999998
2023-02-20,3.677,3.685,3.641,4.369,3.5,-0.03600000000000003,0.6919999999999997,0.17700000000000005
2023-02-21,3.623,3.639,3.6,4.324,3.5,-0.02300000000000013,0.7009999999999996,0.12300000000000022
2023-02-22,3.645,3.682,3.639,4.342,3.5,-0.006000000000000227,0.6969999999999996,0.14500000000000002
2023-02-23,3.599,3.628,3.595,4.311,3.5,-0.0040000000000000036,0.7119999999999997,0.0990000000000002
2023-02-24,3.555,3.565,3.525,4.255,3.5,-0.03000000000000025,0.6999999999999997,0.05500000000000016
2023-02-27,3.683,3.692,3.619,4.366,3.5,-0.06399999999999961,0.6829999999999998,0.18299999999999983
2023-02-28,3.797,3.829,3.753,4.484,3.5,-0.04400000000000004,0.6869999999999998,0.29700000000000015
2023-03-02,3.878,3.907,3.84,4.558,3.5,-0.038000000000000256,0.6799999999999997,0.3780000000000001
2023-03-03,3.791,3.818,3.776,4.471,3.5,-0.015000000000000124,0.6800000000000002,0.2909999999999999
2023-03-06,3.774,3.783,3.731,4.458,3.5,-0.04300000000000015,0.6840000000000002,0.274
2023-03-07,3.726,3.719,3.661,4.41,3.5,-0.06499999999999995,0.6840000000000002,0.22599999999999998
2023-03-08,3.855,3.822,3.72,4.534,3.5,-0.1349999999999998,0.6789999999999998,0.355
2023-03-09,3.858,3.817,3.739,4.54,3.5,-0.11900000000000022,0.6819999999999999,0.3580000000000001
2023-03-10,3.703,3.617,3.584,4.396,3.5,-0.11899999999999977,0.6930000000000001,0.20299999999999985
2023-03-13,3.435,3.398,3.405,4.149,3.5,-0.03000000000000025,0.714,-0.06499999999999995
2023-03-14,3.381,3.344,3.337,4.085,3.5,-0.043999999999999595,0.7040000000000002,-0.11900000000000022
2023-03-15,3.473,3.424,3.418,4.169,3.5,-0.054999999999999716,0.6959999999999997,-0.027000000000000135
2023-03-16,3.4,3.364,3.394,4.098,3.5,-0.005999999999999783,0.698,-0.10000000000000009
2023-03-17,3.415,3.373,3.406,4.11,3.5,-0.008999999999999897,0.6950000000000003,-0.08499999999999996
2023-03-20,3.264,3.257,3.304,3.986,3.5,0.040000000000000036,0.7220000000000004,-0.2360000000000002
2023-03-21,3.294,3.274,3.304,4.016,3.5,0.009999999999999787,0.722,-0.20599999999999996
2023-03-22,3.284,3.262,3.287,4.014,3.5,0.0030000000000001137,0.7300000000000004,-0.2160000000000002
2023-03-23,3.206,3.186,3.266,3.97,3.5,0.06000000000000005,0.7640000000000002,-0.29400000000000004
2023-03-24,3.16,3.159,3.21,3.928,3.5,0.04999999999999982,0.7679999999999998,-0.33999999999999986
2023-03-27,3.22,3.224,3.258,3.989,3.5,0.03799999999999981,0.7689999999999997,-0.2799999999999998
2023-03-28,3.258,3.26,3.281,4.029,3.5,0.02300000000000013,0.7709999999999999,-0.242
2023-03-29,3.249,3.25,3.28,4.027,3.5,0.030999999999999694,0.778,-0.2509999999999999
2023-03-30,3.24,3.253,3.305,4.035,3.5,0.06499999999999995,0.7949999999999999,-0.2599999999999998
2023-03-31,3.27,3.274,3.34,4.074,3.5,0.06999999999999984,0.8039999999999998,-0.22999999999999998
2023-04-03,3.342,3.338,3.389,4.139,3.5,0.04699999999999971,0.7970000000000002,-0.15799999999999992
2023-04-04,3.279,3.253,3.316,4.081,3.5,0.03699999999999992,0.8020000000000005,-0.22100000000000009
2023-04-05,3.264,3.232,3.326,4.072,3.5,0.06200000000000028,0.8080000000000003,-0.2360000000000002
2023-04-06,3.211,3.194,3.278,4.022,3.5,0.06700000000000017,0.8110000000000004,-0.28900000000000015
2023-04-07,3.24,3.211,3.289,4.049,3.5,0.04899999999999993,0.8090000000000002,-0.2599999999999998
2023-04-10,3.192,3.165,3.236,4.004,3.5,0.04400000000000004,0.8119999999999994,-0.30799999999999983
2023-04-11,3.231,3.191,3.255,4.041,3.5,0.02400000000000002,0.8100000000000005,-0.26900000000000013
2023-04-12,3.233,3.214,3.262,4.042,3.5,0.028999999999999915,0.8089999999999997,-0.2669999999999999
2023-04-13,3.199,3.194,3.273,4.009,3.5,0.07400000000000029,0.8100000000000005,-0.30100000000000016
2023-04-14,3.215,3.203,3.286,4.022,3.5,0.07100000000000017,0.8070000000000004,-0.28500000000000014
2023-04-17,3.287,3.284,3.349,4.092,3.5,0.06200000000000028,0.8049999999999997,-0.21300000000000008
2023-04-18,3.294,3.288,3.352,4.101,3.5,0.05799999999999983,0.8069999999999999,-0.20599999999999996
2023-04-19,3.337,3.334,3.37,4.146,3.5,0.03299999999999992,0.8089999999999997,-0.1629999999999998
2023-04-20,3.334,3.338,3.409,4.146,3.5,0.07499999999999973,0.8119999999999998,-0.16599999999999993
2023-04-21,3.267,3.275,3.343,4.083,3.5,0.07600000000000007,0.8160000000000003,-0.2330000000000001
2023-04-24,3.23,3.252,3.306,4.051,3.5,0.07600000000000007,0.8210000000000002,-0.27
2023-04-25,3.265,3.273,3.323,4.076,3.5,0.05799999999999983,0.8109999999999995,-0.23499999999999988
2023-04-26,3.259,3.259,3.309,4.069,3.5,0.050000000000000266,0.81,-0.2410000000000001
2023-04-27,3.288,3.273,3.342,4.094,3.5,0.05400000000000027,0.8060000000000005,-0.2120000000000002
2023-04-28,3.293,3.292,3.36,4.105,3.5,0.06699999999999973,0.8120000000000003,-0.20699999999999985
2023-05-02,3.335,3.331,3.372,4.14,3.5,0.03699999999999992,0.8049999999999997,-0.16500000000000004
2023-05-03,3.281,3.269,3.324,4.094,3.5,0.042999999999999705,0.8130000000000002,-0.21899999999999986
2023-05-04,3.21,3.195,3.278,4.03,3.5,0.06800000000000006,0.8200000000000003,-0.29000000000000004
2023-05-08,3.261,3.239,3.31,4.079,3.5,0.04899999999999993,0.8179999999999996,-0.23899999999999988
2023-05-09,3.256,3.24,3.318,4.069,3.5,0.06200000000000028,0.8130000000000002,-0.24400000000000022
2023-05-10,3.273,3.258,3.341,4.086,3.5,0.06800000000000006,0.8130000000000002,-0.22699999999999987
2023-05-11,3.22,3.205,3.292,4.032,3.5,0.07199999999999962,0.8119999999999998,-0.2799999999999998
2023-05-12,3.225,3.2,3.274,4.035,3.5,0.04899999999999993,0.81,-0.2749999999999999
2023-05-15,3.279,3.255,3.332,4.089,3.5,0.052999999999999936,0.8100000000000005,-0.22100000000000009
2023-05-16,3.242,3.215,3.303,4.056,3.5,0.06099999999999994,0.8140000000000001,-0.258
2023-05-17,3.274,3.238,3.319,4.084,3.5,0.04499999999999993,0.8099999999999996,-0.22599999999999998
2023-05-18,3.316,3.293,3.367,4.123,3.5,0.051000000000000156,0.8070000000000004,-0.18400000000000016
2023-05-19,3.34,3.333,3.419,4.148,3.5,0.07900000000000018,0.8079999999999998,-0.16000000000000014
2023-05-22,3.321,3.322,3.398,4.127,3.5,0.07699999999999996,0.8059999999999996,-0.17899999999999983
2023-05-23,3.373,3.385,3.473,4.181,3.5,0.09999999999999964,0.8079999999999998,-0.12699999999999978
2023-05-24,3.378,3.399,3.502,4.183,3.5,0.12399999999999967,0.8049999999999997,-0.12199999999999989
2023-05-25,3.48,3.498,3.597,4.28,3.5,0.11699999999999999,0.8000000000000003,-0.020000000000000018
2023-05-26,3.524,3.55,3.639,4.328,3.5,0.11499999999999977,0.8040000000000003,0.02400000000000002
2023-05-30,3.56,3.582,3.651,4.359,3.5,0.09099999999999975,0.7989999999999999,0.06000000000000005
2023-05-31,3.459,3.45,3.532,4.262,3.5,0.07299999999999995,0.8029999999999995,-0.040999999999999925
2023-06-01,3.478,3.464,3.549,4.285,3.5,0.07099999999999973,0.8069999999999999,-0.021999999999999797
2023-06-02,3.436,3.405,3.495,4.244,3.5,0.05900000000000016,0.8079999999999998,-0.06400000000000006
2023-06-05,3.502,3.489,3.561,4.307,3.5,0.05900000000000016,0.8050000000000006,0.0019999999999997797
2023-06-07,3.471,3.449,3.522,4.273,3.5,0.05099999999999971,0.8019999999999996,-0.028999999999999915
2023-06-08,3.543,3.533,3.632,4.344,3.5,0.08899999999999997,0.8010000000000002,0.04300000000000015
2023-06-09,3.506,3.495,3.613,4.309,3.5,0.1070000000000002,0.8030000000000004,0.005999999999999783
2023-06-12,3.493,3.502,3.576,4.302,3.5,0.08300000000000018,0.8089999999999997,-0.007000000000000117
2023-06-13,3.484,3.502,3.578,4.297,3.5,0.09399999999999986,0.8129999999999997,-0.016000000000000014
2023-06-14,3.545,3.574,3.635,4.356,3.5,0.08999999999999986,0.8109999999999999,0.04499999999999993
2023-06-15,3.626,3.636,3.685,4.437,3.5,0.05900000000000016,0.8110000000000004,0.1259999999999999
2023-06-16,3.585,3.601,3.657,4.395,3.5,0.07200000000000006,0.8099999999999996,0.08499999999999996
2023-06-19,3.583,3.593,3.633,4.39,3.5,0.04999999999999982,0.8069999999999995,0.08300000000000018
2023-06-20,3.567,3.579,3.642,4.38,3.5,0.07499999999999973,0.8129999999999997,0.06700000000000017
2023-06-21,3.571,3.581,3.621,4.378,3.5,0.04999999999999982,0.8069999999999999,0.07100000000000017
2023-06-22,3.592,3.598,3.647,4.4,3.5,0.054999999999999716,0.8080000000000003,0.09200000000000008
2023-06-23,3.609,3.617,3.663,4.419,3.5,0.053999999999999826,0.8099999999999996,0.10899999999999999
2023-06-26,3.568,3.576,3.611,4.375,3.5,0.04300000000000015,0.8069999999999999,0.06800000000000006
2023-06-27,3.538,3.565,3.603,4.348,3.5,0.06500000000000039,0.81,0.03799999999999981
2023-06-28,3.557,3.574,3.611,4.365,3.5,0.05400000000000027,0.8080000000000003,0.05699999999999994
2023-06-29,3.584,3.589,3.626,4.391,3.5,0.041999999999999815,0.8069999999999999,0.08400000000000007
2023-06-30,3.662,3.663,3.675,4.473,3.5,0.0129999999999999,0.8109999999999999,0.16199999999999992
2023-07-03,3.613,3.59,3.607,4.421,3.5,-0.005999999999999783,0.8080000000000003,0.11299999999999999
2023-07-04,3.619,3.597,3.623,4.429,3.5,0.0040000000000000036,0.81,0.11900000000000022
2023-07-05,3.618,3.606,3.644,4.425,3.5,0.026000000000000245,0.8069999999999999,0.11799999999999988
2023-07-06,3.676,3.675,3.713,4.475,3.5,0.03699999999999992,0.7989999999999995,0.17600000000000016
2023-07-07,3.735,3.733,3.761,4.534,3.5,0.026000000000000245,0.7989999999999999,0.23499999999999988
2023-07-10,3.795,3.81,3.863,4.594,3.5,0.06800000000000006,0.7990000000000004,0.29499999999999993
2023-07-11,3.703,3.721,3.758,4.502,3.5,0.05500000000000016,0.7989999999999999,0.20299999999999985
2023-07-12,3.704,3.72,3.756,4.512,3.5,0.0519999999999996,0.8079999999999994,0.20400000000000018
2023-07-13,3.602,3.61,3.657,4.408,3.5,0.05500000000000016,0.8060000000000005,0.10199999999999987
2023-07-14,3.614,3.631,3.685,4.42,3.5,0.07100000000000017,0.806,0.11399999999999988
2023-07-17,3.611,3.619,3.66,4.414,3.5,0.04899999999999993,0.8029999999999995,0.11100000000000021
2023-07-18,3.596,3.609,3.651,4.398,3.5,0.054999999999999716,0.8019999999999996,0.09600000000000009
2023-07-19,3.543,3.542,3.575,4.341,3.5,0.03200000000000003,0.798,0.04300000000000015
2023-07-20,3.581,3.581,3.606,4.379,3.5,0.02499999999999991,0.7979999999999996,0.08099999999999996
2023-07-21,3.602,3.601,3.636,4.399,3.5,0.03400000000000025,0.7970000000000002,0.10199999999999987
2023-07-24,3.617,3.607,3.64,4.41,3.5,0.02300000000000013,0.7930000000000001,0.11699999999999999
2023-07-25,3.645,3.643,3.684,4.435,3.5,0.039000000000000146,0.7899999999999996,0.14500000000000002
2023-07-26,3.627,3.622,3.658,4.413,3.5,0.03100000000000014,0.7860000000000005,0.12699999999999978
2023-07-27,3.587,3.588,3.637,4.374,3.5,0.04999999999999982,0.7869999999999995,0.08700000000000019
2023-07-28,3.635,3.643,3.728,4.423,3.5,0.09300000000000042,0.7880000000000003,0.1349999999999998
2023-07-31,3.681,3.697,3.761,4.467,3.5,0.08000000000000007,0.7859999999999996,0.18100000000000005
2023-08-01,3.647,3.667,3.727,4.435,3.5,0.08000000000000007,0.7879999999999998,0.1469999999999998
2023-08-02,3.677,3.717,3.793,4.466,3.5,0.1160000000000001,0.7890000000000001,0.17700000000000005
2023-08-03,3.714,3.755,3.861,4.496,3.5,0.14700000000000024,0.7820000000000005,0.21399999999999997
2023-08-04,3.738,3.779,3.876,4.519,3.5,0.1379999999999999,0.7810000000000001,0.238
2023-08-07,3.689,3.712,3.814,4.468,3.5,0.125,0.7789999999999999,0.18900000000000006
2023-08-08,3.647,3.656,3.74,4.424,3.5,0.09300000000000042,0.7770000000000006,0.1469999999999998
2023-08-09,3.672,3.691,3.774,4.448,3.5,0.10199999999999987,0.7760000000000002,0.17200000000000015
2023-08-10,3.687,3.709,3.786,4.464,3.5,0.0990000000000002,0.7770000000000006,0.18699999999999983
2023-08-11,3.698,3.734,3.824,4.475,3.5,0.1259999999999999,0.7769999999999997,0.19799999999999995
2023-08-14,3.747,3.796,3.889,4.52,3.5,0.1419999999999999,0.7729999999999997,0.2469999999999999
2023-08-16,3.712,3.767,3.867,4.488,3.5,0.1549999999999998,0.7760000000000002,0.2120000000000002
2023-08-17,3.788,3.865,3.976,4.561,3.5,0.18800000000000017,0.7730000000000001,0.2879999999999998
2023-08-18,3.729,3.804,3.914,4.501,3.5,0.18500000000000005,0.7720000000000002,0.2290000000000001
2023-08-21,3.795,3.863,3.973,4.563,3.5,0.17799999999999994,0.7679999999999998,0.29499999999999993
2023-08-22,3.802,3.867,3.986,4.569,3.5,0.18400000000000016,0.7669999999999999,0.30200000000000005
2023-08-23,3.771,3.825,3.92,4.536,3.5,0.14900000000000002,0.7649999999999997,0.2709999999999999
2023-08-24,3.759,3.803,3.878,4.524,3.5,0.11900000000000022,0.7650000000000001,0.2589999999999999
2023-08-25,3.789,3.843,3.935,4.554,3.5,0.1459999999999999,0.7650000000000001,0.28900000000000015
2023-08-28,3.759,3.796,3.872,4.524,3.5,0.11299999999999999,0.7650000000000001,0.2589999999999999
2023-08-29,3.74,3.776,3.844,4.503,3.5,0.10399999999999965,0.7629999999999999,0.2400000000000002
2023-08-30,3.732,3.78,3.85,4.496,3.5,0.11799999999999988,0.7640000000000002,0.2320000000000002
2023-08-31,3.711,3.75,3.821,4.473,3.5,0.11000000000000032,0.762,0.21099999999999985
2023-09-01,3.689,3.717,3.778,4.447,3.5,0.08899999999999997,0.758,0.18900000000000006
2023-09-04,3.738,3.778,3.856,4.498,3.5,0.11799999999999988,0.7600000000000002,0.238
2023-09-05,3.765,3.814,3.886,4.527,3.5,0.121,0.762,0.2650000000000001
2023-09-06,3.765,3.816,3.893,4.521,3.5,0.12799999999999967,0.7559999999999998,0.2650000000000001
2023-09-07,3.847,3.893,3.969,4.599,3.5,0.12199999999999989,0.7520000000000002,0.347
2023-09-08,3.795,3.837,3.895,4.552,3.5,0.10000000000000009,0.7569999999999997,0.29499999999999993
2023-09-11,3.865,3.894,3.961,4.622,3.5,0.09599999999999964,0.7569999999999997,0.3650000000000002
2023-09-12,3.863,3.89,3.965,4.621,3.5,0.10199999999999987,0.7580000000000005,0.363
2023-09-13,3.853,3.88,3.949,4.617,3.5,0.09599999999999964,0.7639999999999998,0.3530000000000002
2023-09-14,3.836,3.863,3.917,4.596,3.5,0.08099999999999996,0.7600000000000002,0.33599999999999985
2023-09-15,3.85,3.881,3.928,4.608,3.5,0.07799999999999985,0.7579999999999996,0.3500000000000001
2023-09-18,3.891,3.934,3.982,4.648,3.5,0.09100000000000019,0.7569999999999997,0.391
2023-09-19,3.887,3.916,3.952,4.641,3.5,0.06499999999999995,0.754,0.387
2023-09-20,3.89,3.916,3.963,4.645,3.5,0.07299999999999995,0.7549999999999994,0.3900000000000001
2023-09-21,3.93,3.973,4.031,4.689,3.5,0.10099999999999953,0.7589999999999999,0.43000000000000016
2023-09-22,3.876,3.921,4.001,4.65,3.5,0.12500000000000044,0.7740000000000005,0.3759999999999999
2023-09-25,3.876,3.927,4.012,4.64,3.5,0.13599999999999968,0.7639999999999998,0.3759999999999999
2023-09-26,3.891,3.954,4.054,4.654,3.5,0.16300000000000026,0.7629999999999999,0.391
2023-09-27,3.884,3.942,4.03,4.658,3.5,0.14600000000000035,0.7740000000000005,0.3839999999999999
2023-10-04,4.108,4.203,4.351,4.871,3.5,0.24300000000000033,0.7630000000000008,0.6079999999999997
2023-10-05,4.081,4.18,4.322,4.855,3.5,0.24099999999999966,0.774,0.5810000000000004
2023-10-06,4.015,4.105,4.24,4.796,3.5,0.22500000000000053,0.7810000000000006,0.5149999999999997
2023-10-10,3.997,4.087,4.219,4.777,3.5,0.22200000000000042,0.7800000000000002,0.4969999999999999
2023-10-11,3.953,4.039,4.142,4.735,3.5,0.1890000000000005,0.7820000000000005,0.45299999999999985
2023-10-12,3.932,4.004,4.101,4.719,3.5,0.16900000000000004,0.7870000000000004,0.43199999999999994
2023-10-13,3.957,4.036,4.169,4.748,3.5,0.21199999999999974,0.7910000000000004,0.45699999999999985
2023-10-16,3.973,4.064,4.191,4.769,3.5,0.21799999999999997,0.7960000000000003,0.47299999999999986
2023-10-17,3.991,4.092,4.224,4.787,3.5,0.2330000000000001,0.7959999999999998,0.4910000000000001
2023-10-18,4.031,4.151,4.287,4.83,3.5,0.2560000000000002,0.7990000000000004,0.5309999999999997
2023-10-19,4.07,4.214,4.362,4.872,3.5,0.2919999999999998,0.8019999999999996,0.5700000000000003
2023-10-20,4.033,4.183,4.327,4.838,3.5,0.2939999999999996,0.8049999999999997,0.5330000000000004
2023-10-23,4.055,4.225,4.374,4.861,3.5,0.31899999999999995,0.806,0.5549999999999997
2023-10-24,4.004,4.14,4.269,4.81,3.5,0.26500000000000057,0.806,0.5039999999999996
2023-10-25,4.038,4.157,4.281,4.844,3.5,0.24299999999999944,0.806,0.5380000000000003
2023-10-26,4.104,4.237,4.392,4.906,3.5,0.28800000000000026,0.8019999999999996,0.6040000000000001
2023-10-27,4.073,4.17,4.28,4.884,3.5,0.20699999999999985,0.8109999999999999,0.5730000000000004
2023-10-30,4.089,4.201,4.312,4.905,3.5,0.22299999999999986,0.8159999999999998,0.5890000000000004
2023-10-31,4.085,4.203,4.325,4.908,3.5,0.2400000000000002,0.8230000000000004,0.585
2023-11-01,4.071,4.173,4.288,4.9,3.5,0.21700000000000053,0.8290000000000006,0.5709999999999997
2023-11-02,3.979,4.07,4.168,4.811,3.5,0.18900000000000006,0.8319999999999999,0.4790000000000001
2023-11-03,3.949,4.021,4.105,4.789,3.5,0.15600000000000058,0.8399999999999999,0.44899999999999984
2023-11-06,3.877,3.954,4.056,4.721,3.5,0.17900000000000027,0.8440000000000003,0.3769999999999998
2023-11-07,3.887,3.961,4.055,4.731,3.5,0.1679999999999997,0.8439999999999999,0.387
2023-11-08,3.868,3.929,4.022,4.715,3.5,0.15400000000000036,0.847,0.3679999999999999
2023-11-09,3.847,3.886,3.945,4.695,3.5,0.09799999999999986,0.8480000000000003,0.347
2023-11-10,3.862,3.905,3.969,4.711,3.5,0.10699999999999976,0.8490000000000002,0.3620000000000001
2023-11-13,3.877,3.927,4.005,4.727,3.5,0.1280000000000001,0.8500000000000005,0.3769999999999998
2023-11-14,3.857,3.905,3.98,4.704,3.5,0.12299999999999978,0.8469999999999995,0.3570000000000002
2023-11-15,3.744,3.759,3.815,4.591,3.5,0.07099999999999973,0.847,0.24400000000000022
2023-11-16,3.701,3.724,3.799,4.541,3.5,0.09799999999999986,0.8400000000000003,0.20100000000000007
2023-11-17,3.681,3.718,3.796,4.504,3.5,0.11499999999999977,0.8229999999999995,0.18100000000000005
2023-11-20,3.667,3.7,3.755,4.469,3.5,0.08800000000000008,0.8020000000000005,0.16699999999999982
2023-11-21,3.644,3.676,3.726,4.436,3.5,0.08199999999999985,0.7919999999999998,0.14400000000000013
2023-11-22,3.666,3.704,3.762,4.45,3.5,0.09600000000000009,0.7840000000000003,0.16599999999999993
2023-11-23,3.644,3.677,3.712,4.418,3.5,0.06800000000000006,0.774,0.14400000000000013
2023-11-24,3.677,3.721,3.779,4.443,3.5,0.10199999999999987,0.7659999999999996,0.17700000000000005
2023-11-27,3.689,3.722,3.767,4.448,3.5,0.07799999999999985,0.7590000000000003,0.18900000000000006
2023-11-28,3.648,3.67,3.726,4.397,3.5,0.07799999999999985,0.7490000000000001,0.14800000000000013
2023-11-29,3.554,3.578,3.641,4.297,3.5,0.08700000000000019,0.7429999999999999,0.053999999999999826
2023-11-30,3.583,3.621,3.699,4.319,3.5,0.11599999999999966,0.7359999999999998,0.08300000000000018
2023-12-01,3.587,3.622,3.699,4.309,3.5,0.11199999999999966,0.722,0.08700000000000019
2023-12-04,3.531,3.559,3.626,4.252,3.5,0.09499999999999975,0.7209999999999996,0.03100000000000014
2023-12-05,3.484,3.518,3.579,4.197,3.5,0.0950000000000002,0.7130000000000001,-0.016000000000000014
2023-12-06,3.463,3.482,3.533,4.17,3.5,0.06999999999999984,0.7069999999999999,-0.03699999999999992
2023-12-07,3.511,3.52,3.576,4.211,3.5,0.06499999999999995,0.7000000000000002,0.01100000000000012
2023-12-08,3.461,3.479,3.534,4.167,3.5,0.07299999999999995,0.706,-0.039000000000000146
2023-12-11,3.48,3.522,3.566,4.196,3.5,0.08599999999999985,0.7159999999999997,-0.020000000000000018
2023-12-12,3.446,3.491,3.527,4.171,3.5,0.08099999999999996,0.7250000000000001,-0.053999999999999826
2023-12-13,3.465,3.5,3.525,4.186,3.5,0.06000000000000005,0.7210000000000001,-0.03500000000000014
2023-12-14,3.258,3.288,3.332,3.98,3.5,0.07399999999999984,0.722,-0.242
2023-12-15,3.281,3.312,3.358,4.01,3.5,0.07699999999999996,0.7289999999999996,-0.21899999999999986
2023-12-18,3.277,3.301,3.336,4.005,3.5,0.05899999999999972,0.7279999999999998,-0.22299999999999986
2023-12-19,3.296,3.307,3.328,4.022,3.5,0.03200000000000003,0.7260000000000004,-0.20400000000000018
2023-12-20,3.232,3.25,3.28,3.975,3.5,0.0479999999999996,0.7429999999999999,-0.2679999999999998
2023-12-21,3.236,3.255,3.297,3.975,3.5,0.06099999999999994,0.7389999999999999,-0.2639999999999998
2023-12-22,3.234,3.254,3.301,3.972,3.5,0.06700000000000017,0.738,-0.266
2023-12-26,3.221,3.227,3.271,3.962,3.5,0.04999999999999982,0.7410000000000001,-0.2789999999999999
2023-12-27,3.22,3.222,3.26,3.958,3.5,0.03999999999999959,0.738,-0.2799999999999998
2023-12-28,3.154,3.156,3.183,3.898,3.5,0.028999999999999915,0.7440000000000002,-0.3460000000000001
2023-12-29,3.154,3.156,3.183,3.898,3.5,0.028999999999999915,0.7440000000000002,-0.3460000000000001
2024-01-02,3.24,3.266,3.306,3.98,3.5,0.06599999999999984,0.7399999999999998,-0.2599999999999998
2024-01-03,3.278,3.313,3.338,4.017,3.5,0.06000000000000005,0.7390000000000003,-0.22199999999999998
2024-01-04,3.227,3.256,3.288,3.977,3.5,0.06099999999999994,0.75,-0.27300000000000013
2024-01-05,3.283,3.312,3.344,4.032,3.5,0.06099999999999994,0.7490000000000001,-0.21700000000000008
2024-01-08,3.297,3.312,3.344,4.045,3.5,0.04699999999999971,0.7479999999999998,-0.20299999999999985
2024-01-09,3.255,3.274,3.323,4.004,3.5,0.06800000000000006,0.7489999999999997,-0.2450000000000001
2024-01-10,3.269,3.297,3.346,4.017,3.5,0.07699999999999996,0.7480000000000002,-0.23099999999999987
2024-01-11,3.227,3.257,3.307,3.976,3.5,0.08000000000000007,0.7490000000000001,-0.27300000000000013
2024-01-12,3.204,3.241,3.306,3.953,3.5,0.10199999999999987,0.7489999999999997,-0.2959999999999998
2024-01-15,3.191,3.225,3.293,3.939,3.5,0.10200000000000031,0.7480000000000002,-0.30900000000000016
2024-01-16,3.235,3.269,3.322,3.982,3.5,0.08700000000000019,0.7470000000000003,-0.2650000000000001
2024-01-17,3.277,3.315,3.369,4.025,3.5,0.09200000000000008,0.7480000000000002,-0.22299999999999986
2024-01-18,3.285,3.329,3.38,4.034,3.5,0.09499999999999975,0.7489999999999997,-0.21499999999999986
2024-01-19,3.307,3.359,3.422,4.058,3.5,0.11500000000000021,0.7509999999999999,-0.19300000000000006
2024-01-22,3.278,3.318,3.372,4.03,3.5,0.09399999999999986,0.7520000000000002,-0.22199999999999998
2024-01-23,3.286,3.325,3.372,4.041,3.5,0.08599999999999985,0.7550000000000003,-0.21399999999999997
2024-01-24,3.3,3.343,3.4,4.051,3.5,0.10000000000000009,0.7510000000000003,-0.20000000000000018
2024-01-25,3.313,3.361,3.419,4.061,3.5,0.10599999999999987,0.7479999999999998,-0.18699999999999983
2024-01-26,3.263,3.314,3.386,4.01,3.5,0.12300000000000022,0.7469999999999999,-0.2370000000000001
2024-01-29,3.304,3.363,3.436,4.051,3.5,0.13200000000000012,0.7470000000000003,-0.19600000000000017
2024-01-30,3.268,3.305,3.35,4.009,3.5,0.0820000000000003,0.7410000000000005,-0.2320000000000002
2024-01-31,3.261,3.294,3.345,4.002,3.5,0.08400000000000007,0.7409999999999997,-0.23899999999999988
2024-02-01,3.267,3.293,3.339,4.001,3.5,0.07200000000000006,0.7340000000000004,-0.2330000000000001
2024-02-02,3.248,3.26,3.287,3.982,3.5,0.0389999999999997,0.734,-0.2519999999999998
2024-02-05,3.312,3.339,3.374,4.047,3.5,0.06200000000000028,0.7349999999999999,-0.18800000000000017
2024-02-06,3.292,3.322,3.382,4.028,3.5,0.0900000000000003,0.7359999999999998,-0.20800000000000018
2024-02-07,3.286,3.318,3.378,4.019,3.5,0.09200000000000008,0.7330000000000001,-0.21399999999999997
2024-02-08,3.305,3.337,3.4,4.034,3.5,0.09499999999999975,0.7289999999999996,-0.19499999999999984
2024-02-13,3.353,3.391,3.453,4.074,3.5,0.09999999999999964,0.7209999999999996,-0.1469999999999998
2024-02-14,3.425,3.457,3.502,4.141,3.5,0.07699999999999996,0.7160000000000002,-0.07500000000000018
2024-02-15,3.405,3.441,3.477,4.117,3.5,0.07200000000000006,0.7120000000000002,-0.0950000000000002
2024-02-16,3.405,3.447,3.482,4.115,3.5,0.0770000000000004,0.7100000000000004,-0.0950000000000002
2024-02-19,3.397,3.437,3.467,4.102,3.5,0.07000000000000028,0.7050000000000005,-0.1030000000000002
2024-02-20,3.405,3.452,3.489,4.105,3.5,0.08400000000000007,0.7000000000000006,-0.0950000000000002
2024-02-21,3.402,3.443,3.474,4.09,3.5,0.07200000000000006,0.6879999999999997,-0.09799999999999986
2024-02-22,3.342,3.391,3.424,4.023,3.5,0.08199999999999985,0.6809999999999996,-0.15799999999999992
2024-02-23,3.374,3.43,3.468,4.045,3.5,0.09399999999999986,0.6709999999999998,-0.1259999999999999
2024-02-26,3.34,3.379,3.402,4.005,3.5,0.06200000000000028,0.665,-0.16000000000000014
2024-02-27,3.364,3.4,3.43,4.025,3.5,0.06600000000000028,0.6610000000000005,-0.13600000000000012
2024-02-28,3.359,3.4,3.442,4.015,3.5,0.08300000000000018,0.6559999999999997,-0.14100000000000001
2024-02-29,3.385,3.432,3.475,4.037,3.5,0.0900000000000003,0.6520000000000001,-0.11500000000000021
2024-03-04,3.36,3.403,3.434,4.008,3.5,0.07400000000000029,0.6480000000000001,-0.14000000000000012
2024-03-05,3.349,3.387,3.409,3.992,3.5,0.05999999999999961,0.6429999999999998,-0.1509999999999998
2024-03-06,3.325,3.362,3.381,3.962,3.5,0.055999999999999606,0.637,-0.17499999999999982
2024-03-07,3.321,3.364,3.399,3.959,3.5,0.07799999999999985,0.6379999999999999,-0.17899999999999983
2024-03-08,3.271,3.306,3.334,3.91,3.5,0.06300000000000017,0.6390000000000002,-0.2290000000000001
2024-03-11,3.275,3.284,3.342,3.914,3.5,0.06700000000000017,0.6390000000000002,-0.2250000000000001
2024-03-12,3.273,3.284,3.335,3.917,3.5,0.06199999999999983,0.6439999999999997,-0.22699999999999987
2024-03-13,3.251,3.272,3.331,3.899,3.5,0.08000000000000007,0.6480000000000001,-0.2490000000000001
2024-03-14,3.273,3.302,3.354,3.922,3.5,0.08099999999999996,0.649,-0.22699999999999987
2024-03-15,3.308,3.344,3.41,3.953,3.5,0.10200000000000031,0.645,-0.19200000000000017
2024-03-18,3.348,3.382,3.435,3.993,3.5,0.08700000000000019,0.645,-0.15200000000000014
2024-03-19,3.383,3.419,3.472,4.022,3.5,0.08899999999999997,0.6390000000000002,-0.11699999999999999
2024-03-20,3.371,3.399,3.451,4.006,3.5,0.08000000000000007,0.6350000000000002,-0.129
2024-03-21,3.306,3.349,3.411,3.942,3.5,0.10499999999999998,0.6360000000000001,-0.19399999999999995
2024-03-22,3.284,3.317,3.362,3.918,3.5,0.07800000000000029,0.6340000000000003,-0.2160000000000002
2024-03-25,3.29,3.331,3.37,3.915,3.5,0.08000000000000007,0.625,-0.20999999999999996
2024-03-26,3.301,3.34,3.397,3.923,3.5,0.09599999999999964,0.6219999999999999,-0.19899999999999984
2024-03-27,3.288,3.322,3.373,3.903,3.5,0.08500000000000041,0.6150000000000002,-0.2120000000000002
2024-03-28,3.293,3.324,3.377,3.903,3.5,0.08399999999999963,0.6099999999999999,-0.20699999999999985
2024-03-29,3.322,3.354,3.413,3.926,3.5,0.09099999999999975,0.6040000000000001,-0.17799999999999994
2024-04-01,3.291,3.326,3.381,3.896,3.5,0.08999999999999986,0.605,-0.20900000000000007
2024-04-02,3.333,3.368,3.425,3.926,3.5,0.09199999999999964,0.593,-0.16699999999999982
2024-04-03,3.341,3.381,3.452,3.927,3.5,0.11099999999999977,0.5859999999999999,-0.1589999999999998
2024-04-04,3.338,3.378,3.457,3.919,3.5,0.11899999999999977,0.581,-0.16199999999999992
2024-04-05,3.329,3.368,3.433,3.902,3.5,0.10399999999999965,0.573,-0.17099999999999982
2024-04-08,3.383,3.423,3.488,3.945,3.5,0.10499999999999998,0.5619999999999998,-0.11699999999999999
2024-04-09,3.391,3.436,3.503,3.953,3.5,0.1120000000000001,0.5619999999999998,-0.10899999999999999
2024-04-11,3.466,3.511,3.585,4.016,3.5,0.11899999999999977,0.5499999999999998,-0.03399999999999981
2024-04-12,3.403,3.454,3.538,3.961,3.5,0.1349999999999998,0.5579999999999998,-0.09699999999999998
2024-04-15,3.44,3.494,3.561,3.983,3.5,0.121,0.5430000000000001,-0.06000000000000005
2024-04-16,3.469,3.532,3.618,4.01,3.5,0.14900000000000002,0.5409999999999999,-0.03100000000000014
2024-04-17,3.475,3.541,3.632,4.007,3.5,0.15700000000000003,0.5319999999999996,-0.02499999999999991
2024-04-18,3.427,3.491,3.562,3.96,3.5,0.1349999999999998,0.5329999999999999,-0.07299999999999995
2024-04-19,3.468,3.536,3.583,3.982,3.5,0.11500000000000021,0.5140000000000002,-0.03200000000000003
2024-04-22,3.512,3.585,3.65,4.019,3.5,0.1379999999999999,0.5070000000000001,0.01200000000000001
2024-04-23,3.489,3.556,3.625,3.992,3.5,0.13600000000000012,0.5030000000000001,-0.01100000000000012
2024-04-24,3.509,3.579,3.645,4.004,3.5,0.13600000000000012,0.49499999999999966,0.008999999999999897
2024-04-25,3.543,3.625,3.707,4.029,3.5,0.1639999999999997,0.48599999999999977,0.04300000000000015
2024-04-26,3.531,3.602,3.694,4.012,3.5,0.1629999999999998,0.48099999999999943,0.03100000000000014
2024-04-29,3.552,3.62,3.704,4.024,3.5,0.15200000000000014,0.472,0.052000000000000046
2024-04-30,3.529,3.586,3.656,3.995,3.5,0.12700000000000022,0.4660000000000002,0.028999999999999915
2024-05-02,3.509,3.563,3.638,3.972,3.5,0.129,0.4630000000000001,0.008999999999999897
2024-05-03,3.5,3.549,3.614,3.958,3.5,0.11399999999999988,0.4580000000000002,0.0
2024-05-07,3.448,3.482,3.536,3.912,3.5,0.08800000000000008,0.46399999999999997,-0.052000000000000046
2024-05-08,3.439,3.473,3.53,3.901,3.5,0.09099999999999975,0.46199999999999974,-0.06099999999999994
2024-05-09,3.453,3.49,3.556,3.913,3.5,0.1030000000000002,0.45999999999999996,-0.04700000000000015
2024-05-10,3.44,3.478,3.538,3.894,3.5,0.09799999999999986,0.4540000000000002,-0.06000000000000005
2024-05-13,3.452,3.493,3.554,3.904,3.5,0.10199999999999987,0.45199999999999996,-0.04800000000000004
2024-05-14,3.454,3.489,3.546,3.9,3.5,0.09199999999999964,0.44599999999999973,-0.04599999999999982
2024-05-16,3.375,3.408,3.458,3.82,3.5,0.08300000000000018,0.44499999999999984,-0.125
2024-05-17,3.379,3.413,3.454,3.825,3.5,0.07500000000000018,0.4460000000000002,-0.121
2024-05-20,3.412,3.444,3.497,3.853,3.5,0.08499999999999996,0.4410000000000003,-0.08800000000000008
2024-05-21,3.411,3.441,3.491,3.853,3.5,0.08000000000000007,0.44200000000000017,-0.08899999999999997
2024-05-22,3.409,3.436,3.478,3.848,3.5,0.0690000000000004,0.43900000000000006,-0.09100000000000019
2024-05-23,3.402,3.421,3.472,3.84,3.5,0.06999999999999984,0.4379999999999997,-0.09799999999999986
2024-05-24,3.423,3.451,3.515,3.861,3.5,0.09200000000000008,0.43800000000000017,-0.07699999999999996
2024-05-27,3.413,3.439,3.498,3.851,3.5,0.08500000000000041,0.43800000000000017,-0.08700000000000019
2024-05-28,3.394,3.421,3.481,3.828,3.5,0.08699999999999974,0.4339999999999997,-0.10599999999999987
2024-05-29,3.425,3.465,3.536,3.855,3.5,0.11100000000000021,0.43000000000000016,-0.07500000000000018
2024-05-30,3.44,3.488,3.564,3.867,3.5,0.12400000000000011,0.42700000000000005,-0.06000000000000005
2024-05-31,3.452,3.502,3.578,3.871,3.5,0.1259999999999999,0.41900000000000004,-0.04800000000000004
2024-06-03,3.434,3.466,3.532,3.853,3.5,0.09799999999999986,0.41900000000000004,-0.06599999999999984
2024-06-04,3.39,3.412,3.47,3.81,3.5,0.08000000000000007,0.41999999999999993,-0.10999999999999988
2024-06-05,3.345,3.368,3.43,3.771,3.5,0.08499999999999996,0.4259999999999997,-0.1549999999999998
2024-06-07,3.308,3.329,3.385,3.736,3.5,0.07699999999999996,0.4280000000000004,-0.19200000000000017
2024-06-10,3.353,3.386,3.433,3.782,3.5,0.07999999999999963,0.4289999999999998,-0.1469999999999998
2024-06-11,3.341,3.369,3.425,3.775,3.5,0.08399999999999963,0.4339999999999997,-0.1589999999999998
2024-06-12,3.307,3.332,3.382,3.745,3.5,0.07500000000000018,0.43800000000000017,-0.19300000000000006
2024-06-13,3.277,3.296,3.345,3.718,3.5,0.06800000000000006,0.44099999999999984,-0.22299999999999986
2024-06-14,3.252,3.266,3.302,3.694,3.5,0.050000000000000266,0.44200000000000017,-0.24800000000000022
2024-06-17,3.212,3.23,3.283,3.662,3.5,0.07099999999999973,0.44999999999999973,-0.2879999999999998
2024-06-18,3.214,3.237,3.279,3.666,3.5,0.06499999999999995,0.45199999999999996,-0.28600000000000003
2024-06-19,3.162,3.188,3.231,3.62,3.5,0.06899999999999995,0.4580000000000002,-0.3380000000000001
2024-06-20,3.196,3.22,3.269,3.648,3.5,0.07299999999999995,0.45199999999999996,-0.3039999999999998
2024-06-21,3.176,3.199,3.255,3.637,3.5,0.07899999999999974,0.46099999999999985,-0.32399999999999984
2024-06-24,3.194,3.215,3.264,3.656,3.5,0.06999999999999984,0.4620000000000002,-0.30600000000000005
2024-06-25,3.201,3.217,3.271,3.662,3.5,0.06999999999999984,0.46099999999999985,-0.29899999999999993
2024-06-26,3.215,3.23,3.278,3.676,3.5,0.06300000000000017,0.4610000000000003,-0.28500000000000014
2024-06-27,3.22,3.241,3.3,3.684,3.5,0.07999999999999963,0.46399999999999997,-0.2799999999999998
2024-06-28,3.182,3.204,3.266,3.658,3.5,0.08400000000000007,0.476,-0.31800000000000006
2024-07-01,3.21,3.24,3.312,3.681,3.5,0.10199999999999987,0.4710000000000001,-0.29000000000000004
2024-07-02,3.169,3.204,3.289,3.634,3.5,0.1200000000000001,0.46499999999999986,-0.33099999999999996
2024-07-03,3.16,3.188,3.274,3.624,3.5,0.11399999999999988,0.46399999999999997,-0.33999999999999986
2024-07-04,3.128,3.161,3.234,3.591,3.5,0.10599999999999987,0.4630000000000001,-0.3719999999999999
2024-07-05,3.115,3.159,3.227,3.582,3.5,0.11199999999999966,0.46699999999999964,-0.3849999999999998
2024-07-08,3.119,3.14,3.212,3.58,3.5,0.09299999999999997,0.46099999999999985,-0.3809999999999998
2024-07-09,3.114,3.132,3.191,3.572,3.5,0.07699999999999996,0.4580000000000002,-0.3860000000000001
2024-07-10,3.12,3.131,3.198,3.576,3.5,0.07799999999999985,0.45599999999999996,-0.3799999999999999
2024-07-11,3.163,3.178,3.234,3.614,3.5,0.07100000000000017,0.45100000000000007,-0.3370000000000002
2024-07-12,3.101,3.117,3.177,3.552,3.5,0.07600000000000007,0.45100000000000007,-0.399
2024-07-15,3.076,3.103,3.177,3.538,3.5,0.10099999999999998,0.46199999999999974,-0.42399999999999993
2024-07-16,3.035,3.061,3.137,3.496,3.5,0.10199999999999987,0.46099999999999985,-0.46499999999999986
2024-07-17,3.05,3.072,3.139,3.509,3.5,0.08899999999999997,0.4590000000000001,-0.4500000000000002
2024-07-18,3.058,3.081,3.138,3.513,3.5,0.08000000000000007,0.45500000000000007,-0.44200000000000017
2024-07-19,3.074,3.099,3.156,3.525,3.5,0.0820000000000003,0.45100000000000007,-0.42600000000000016
2024-07-22,3.071,3.091,3.145,3.522,3.5,0.07399999999999984,0.4509999999999996,-0.4289999999999998
2024-07-23,3.084,3.11,3.171,3.533,3.5,0.08699999999999974,0.44899999999999984,-0.4159999999999999
2024-07-24,3.046,3.073,3.131,3.509,3.5,0.08499999999999996,0.4630000000000001,-0.4540000000000002
2024-07-25,3.024,3.059,3.128,3.484,3.5,0.10400000000000009,0.45999999999999996,-0.476
2024-07-26,3.024,3.045,3.108,3.482,3.5,0.08400000000000007,0.4580000000000002,-0.476
2024-07-29,2.978,2.99,3.046,3.434,3.5,0.06799999999999962,0.45599999999999996,-0.5219999999999998
2024-07-30,2.994,3.005,3.052,3.451,3.5,0.05799999999999983,0.45699999999999985,-0.5059999999999998
2024-07-31,3.004,3.023,3.064,3.459,3.5,0.06000000000000005,0.45500000000000007,-0.496
2024-08-01,2.976,2.987,3.01,3.431,3.5,0.03399999999999981,0.45500000000000007,-0.524
2024-08-02,2.939,2.948,2.976,3.394,3.5,0.03699999999999992,0.45500000000000007,-0.5609999999999999
2024-08-05,2.806,2.817,2.878,3.271,3.5,0.07200000000000006,0.46499999999999986,-0.694
2024-08-06,2.935,2.953,2.993,3.398,3.5,0.05799999999999983,0.4630000000000001,-0.565
2024-08-07,2.929,2.951,3.001,3.397,3.5,0.07200000000000006,0.46799999999999997,-0.5710000000000002
2024-08-08,2.911,2.934,2.997,3.38,3.5,0.08599999999999985,0.46899999999999986,-0.589
2024-08-09,2.941,2.958,3.012,3.409,3.5,0.07100000000000017,0.46799999999999997,-0.5590000000000002
2024-08-12,2.946,2.954,3.0,3.421,3.5,0.053999999999999826,0.47499999999999964,-0.5539999999999998
2024-08-13,2.918,2.93,2.974,3.395,3.5,0.05600000000000005,0.47699999999999987,-0.5819999999999999
2024-08-14,2.888,2.899,2.945,3.37,3.5,0.05699999999999994,0.4820000000000002,-0.6120000000000001
2024-08-16,2.928,2.933,2.973,3.415,3.5,0.04499999999999993,0.4870000000000001,-0.5720000000000001
2024-08-19,2.927,2.942,2.985,3.424,3.5,0.05799999999999983,0.4969999999999999,-0.573
2024-08-20,2.944,2.959,2.999,3.442,3.5,0.05500000000000016,0.4980000000000002,-0.556
2024-08-21,2.94,2.96,2.997,3.439,3.5,0.05699999999999994,0.4990000000000001,-0.56
2024-08-22,2.907,2.933,2.98,3.422,3.5,0.07299999999999995,0.5150000000000001,-0.593
2024-08-23,2.92,2.953,3.005,3.439,3.5,0.08499999999999996,0.5190000000000001,-0.5800000000000001
2024-08-26,2.89,2.925,2.974,3.414,3.5,0.08400000000000007,0.524,-0.6099999999999999
2024-08-27,2.94,2.995,3.073,3.465,3.5,0.133,0.5249999999999999,-0.56
2024-08-28,2.919,2.977,3.054,3.456,3.5,0.1349999999999998,0.5369999999999999,-0.581
2024-08-29,2.939,3.0,3.075,3.484,3.5,0.13600000000000012,0.5449999999999999,-0.5609999999999999
2024-08-30,2.953,3.01,3.088,3.503,3.5,0.13500000000000023,0.5500000000000003,-0.5470000000000002
2024-09-02,2.989,3.049,3.121,3.542,3.5,0.13200000000000012,0.5529999999999999,-0.5110000000000001
2024-09-03,2.981,3.051,3.12,3.545,3.5,0.13900000000000023,0.5640000000000001,-0.5190000000000001
2024-09-04,2.931,2.996,3.052,3.497,3.5,0.121,0.5659999999999998,-0.569
2024-09-05,2.905,2.971,3.03,3.48,3.5,0.125,0.5750000000000002,-0.5950000000000002
2024-09-06,2.881,2.932,2.99,3.46,3.5,0.10900000000000043,0.5790000000000002,-0.6190000000000002
2024-09-09,2.897,2.962,3.032,3.471,3.5,0.13500000000000023,0.5740000000000003,-0.6030000000000002
2024-09-10,2.877,2.906,3.01,3.451,3.5,0.133,0.5740000000000003,-0.6230000000000002
2024-09-11,2.82,2.855,2.943,3.406,3.5,0.12300000000000022,0.5860000000000003,-0.6800000000000002
2024-09-12,2.866,2.897,2.97,3.449,3.5,0.10400000000000009,0.5829999999999997,-0.6339999999999999
2024-09-13,2.822,2.832,2.928,3.41,3.5,0.10599999999999987,0.5880000000000001,-0.6779999999999999
2024-09-19,2.843,2.867,2.979,3.432,3.5,0.13600000000000012,0.589,-0.657
2024-09-20,2.838,2.868,2.989,3.426,3.5,0.1509999999999998,0.5880000000000001,-0.6619999999999999
2024-09-23,2.864,2.904,3.022,3.449,3.5,0.15799999999999992,0.585,-0.6360000000000001
2024-09-24,2.854,2.903,3.026,3.439,3.5,0.1719999999999997,0.585,-0.6459999999999999
2024-09-25,2.812,2.873,2.997,3.401,3.5,0.18500000000000005,0.589,-0.6880000000000002
2024-09-26,2.807,2.875,3.001,3.395,3.5,0.19399999999999995,0.5880000000000001,-0.6930000000000001
2024-09-27,2.826,2.889,3.0,3.409,3.5,0.17399999999999993,0.5829999999999997,-0.6739999999999999
2024-09-30,2.811,2.887,2.992,3.397,3.5,0.18100000000000005,0.5859999999999999,-0.6890000000000001
2024-10-02,2.78,2.843,2.932,3.37,3.5,0.15200000000000014,0.5900000000000003,-0.7200000000000002
2024-10-04,2.824,2.899,2.996,3.415,3.5,0.17200000000000015,0.5910000000000002,-0.6760000000000002
2024-10-07,2.96,3.018,3.101,3.546,3.5,0.14100000000000001,0.5859999999999999,-0.54
2024-10-08,2.932,2.998,3.077,3.517,3.5,0.14500000000000002,0.585,-0.5680000000000001
2024-10-10,2.962,3.014,3.088,3.542,3.5,0.1259999999999999,0.5799999999999996,-0.5379999999999998
2024-10-11,2.947,2.998,3.085,3.523,3.25,0.1379999999999999,0.5760000000000001,-0.30299999999999994
2024-10-14,2.938,2.997,3.087,3.509,3.25,0.14900000000000002,0.5709999999999997,-0.31199999999999983
2024-10-15,2.906,2.963,3.05,3.475,3.25,0.14399999999999968,0.569,-0.34399999999999986
2024-10-16,2.88,2.924,3.008,3.452,3.25,0.1280000000000001,0.5720000000000001,-0.3700000000000001
2024-10-17,2.897,2.946,3.028,3.467,3.25,0.13100000000000023,0.5700000000000003,-0.3530000000000002
2024-10-18,2.908,2.971,3.072,3.48,3.25,0.16400000000000015,0.5720000000000001,-0.3420000000000001
2024-10-21,2.902,2.963,3.054,3.471,3.25,0.1519999999999997,0.569,-0.34799999999999986
2024-10-22,2.943,3.014,3.13,3.512,3.25,0.18699999999999983,0.569,-0.30699999999999994
2024-10-23,2.936,3.011,3.128,3.508,3.25,0.19200000000000017,0.5720000000000001,-0.31400000000000006
2024-10-24,2.891,2.956,3.074,3.46,3.25,0.18299999999999983,0.569,-0.359
2024-10-25,2.882,2.941,3.054,3.451,3.25,0.1719999999999997,0.569,-0.3679999999999999
2024-10-28,2.932,3.008,3.117,3.503,3.25,0.18500000000000005,0.5710000000000002,-0.31800000000000006
2024-10-29,2.936,3.009,3.118,3.504,3.25,0.18199999999999994,0.5680000000000001,-0.31400000000000006
2024-10-30,2.937,3.002,3.105,3.502,3.25,0.16800000000000015,0.565,-0.31300000000000017
2024-10-31,2.936,2.998,3.1,3.503,3.25,0.16400000000000015,0.5670000000000002,-0.31400000000000006
2024-11-01,2.939,2.995,3.09,3.507,3.25,0.1509999999999998,0.5680000000000001,-0.31099999999999994
2024-11-04,2.935,2.994,3.096,3.507,3.25,0.16100000000000003,0.5720000000000001,-0.31499999999999995
2024-11-05,2.918,2.971,3.073,3.491,3.25,0.1549999999999998,0.573,-0.33199999999999985
2024-11-06,2.96,3.023,3.134,3.529,3.25,0.17399999999999993,0.569,-0.29000000000000004
2024-11-07,2.922,2.978,3.098,3.492,3.25,0.1759999999999997,0.5699999999999998,-0.32799999999999985
2024-11-08,2.889,2.942,3.049,3.461,3.25,0.16000000000000014,0.5720000000000001,-0.3610000000000002
2024-11-11,2.901,2.948,3.038,3.471,3.25,0.137,0.5700000000000003,-0.3490000000000002
2024-11-12,2.9,2.939,3.014,3.467,3.25,0.11399999999999988,0.5670000000000002,-0.3500000000000001
2024-11-13,2.939,2.984,3.067,3.501,3.25,0.1280000000000001,0.5619999999999998,-0.31099999999999994
2024-11-14,2.929,2.986,3.074,3.492,3.25,0.14500000000000002,0.5630000000000002,-0.3210000000000002
2024-11-15,2.941,2.991,3.084,3.506,3.25,0.14300000000000024,0.565,-0.30900000000000016
2024-11-18,2.915,2.967,3.063,3.482,3.25,0.14800000000000013,0.5670000000000002,-0.33499999999999996
2024-11-19,2.889,2.937,3.036,3.457,3.25,0.14700000000000024,0.5680000000000001,-0.3610000000000002
2024-11-20,2.873,2.92,3.017,3.438,3.25,0.14399999999999968,0.565,-0.3769999999999998
2024-11-21,2.829,2.883,2.978,3.396,3.25,0.14900000000000002,0.5669999999999997,-0.4209999999999998
2024-11-22,2.816,2.872,2.976,3.385,3.25,0.16000000000000014,0.569,-0.43400000000000016
2024-11-25,2.773,2.824,2.92,3.342,3.25,0.1469999999999998,0.569,-0.47699999999999987
2024-11-26,2.773,2.813,2.903,3.343,3.25,0.1299999999999999,0.5699999999999998,-0.47699999999999987
2024-11-27,2.741,2.783,2.88,3.316,3.25,0.1389999999999998,0.5749999999999997,-0.5089999999999999
2024-11-28,2.638,2.686,2.788,3.22,3.0,0.1499999999999999,0.5820000000000003,-0.3620000000000001
2024-11-29,2.607,2.65,2.751,3.194,3.0,0.14399999999999968,0.5869999999999997,-0.3929999999999998
2024-12-02,2.567,2.596,2.697,3.156,3.0,0.1299999999999999,0.589,-0.43299999999999983
2024-12-03,2.585,2.606,2.713,3.169,3.0,0.1280000000000001,0.5840000000000001,-0.41500000000000004
2024-12-04,2.626,2.64,2.765,3.21,3.0,0.13900000000000023,0.5840000000000001,-0.3740000000000001
2024-12-05,2.603,2.62,2.738,3.194,3.0,0.1349999999999998,0.5909999999999997,-0.3969999999999998
2024-12-06,2.62,2.633,2.744,3.212,3.0,0.12400000000000011,0.5920000000000001,-0.3799999999999999
2024-12-09,2.579,2.579,2.677,3.173,3.0,0.09799999999999986,0.5939999999999999,-0.4209999999999998
2024-12-10,2.524,2.586,2.645,3.175,3.0,0.121,0.6509999999999998,-0.476
2024-12-11,2.536,2.617,2.692,3.188,3.0,0.15600000000000014,0.6520000000000001,-0.46399999999999997
2024-12-12,2.549,2.628,2.7,3.2,3.0,0.15100000000000025,0.6510000000000002,-0.45100000000000007
2024-12-13,2.541,2.623,2.676,3.197,3.0,0.13500000000000023,0.6560000000000001,-0.4590000000000001
2024-12-16,2.553,2.655,2.721,3.212,3.0,0.16800000000000015,0.6590000000000003,-0.44700000000000006
2024-12-17,2.621,2.731,2.79,3.279,3.0,0.16900000000000004,0.6579999999999999,-0.379
2024-12-18,2.536,2.65,2.738,3.203,3.0,0.20199999999999996,0.6669999999999998,-0.46399999999999997
2024-12-19,2.603,2.736,2.814,3.275,3.0,0.21099999999999985,0.6719999999999997,-0.3969999999999998
2024-12-20,2.629,2.775,2.873,3.3,3.0,0.24400000000000022,0.6709999999999998,-0.371
2024-12-23,2.616,2.757,2.844,3.292,3.0,0.22799999999999976,0.6759999999999997,-0.3839999999999999
2024-12-24,2.626,2.801,2.876,3.308,3.0,0.25,0.6819999999999999,-0.3740000000000001
2024-12-26,2.648,2.809,2.904,3.33,3.0,0.2559999999999998,0.6819999999999999,-0.35199999999999987
2024-12-27,2.634,2.784,2.876,3.321,3.0,0.242,0.6870000000000003,-0.3660000000000001
2024-12-30,2.597,2.763,2.855,3.285,3.0,0.258,0.6880000000000002,-0.403
2024-12-31,2.596,2.762,2.855,3.284,3.0,0.2589999999999999,0.6879999999999997,-0.4039999999999999
2025-01-02,2.507,2.681,2.749,3.197,3.0,0.242,0.69,-0.4929999999999999
2025-01-03,2.482,2.643,2.754,3.17,3.0,0.2719999999999998,0.6879999999999997,-0.5179999999999998
2025-01-06,2.524,2.685,2.817,3.202,3.0,0.29300000000000015,0.6779999999999999,-0.476
2025-01-07,2.508,2.661,2.794,3.187,3.0,0.28600000000000003,0.6789999999999998,-0.492
2025-01-08,2.505,2.652,2.796,3.182,3.0,0.2909999999999999,0.677,-0.4950000000000001
2025-01-09,2.5,2.627,2.778,3.174,3.0,0.278,0.6739999999999999,-0.5
2025-01-10,2.561,2.684,2.837,3.22,3.0,0.27600000000000025,0.6590000000000003,-0.43900000000000006
2025-01-13,2.664,2.746,2.871,3.306,3.0,0.20699999999999985,0.6419999999999999,-0.33599999999999985
2025-01-14,2.646,2.736,2.841,3.292,3.0,0.19500000000000028,0.6459999999999999,-0.3540000000000001
2025-01-15,2.675,2.774,2.86,3.315,3.0,0.18500000000000005,0.6400000000000001,-0.3250000000000002
2025-01-16,2.626,2.723,2.802,3.276,3.0,0.17600000000000016,0.6499999999999999,-0.3740000000000001
2025-01-17,2.588,2.688,2.813,3.241,3.0,0.2250000000000001,0.653,-0.4119999999999999
2025-01-20,2.623,2.715,2.868,3.268,3.0,0.24499999999999966,0.6449999999999996,-0.3769999999999998
2025-01-21,2.579,2.678,2.818,3.227,3.0,0.23899999999999988,0.6479999999999997,-0.4209999999999998
2025-01-22,2.577,2.69,2.827,3.227,3.0,0.25,0.6499999999999999,-0.42300000000000004
2025-01-23,2.578,2.695,2.837,3.218,3.0,0.25900000000000034,0.6400000000000001,-0.42200000000000015
2025-01-24,2.57,2.704,2.859,3.21,3.0,0.28900000000000015,0.6400000000000001,-0.43000000000000016
2025-01-31,2.573,2.701,2.859,3.204,3.0,0.28600000000000003,0.6310000000000002,-0.42700000000000005
2025-02-03,2.572,2.689,2.835,3.196,3.0,0.2629999999999999,0.6240000000000001,-0.42799999999999994
2025-02-04,2.584,2.703,2.844,3.208,3.0,0.2599999999999998,0.6240000000000001,-0.4159999999999999
2025-02-05,2.578,2.684,2.818,3.198,3.0,0.2400000000000002,0.6200000000000001,-0.42200000000000015
2025-02-06,2.582,2.67,2.796,3.196,3.0,0.21399999999999997,0.6140000000000003,-0.41800000000000015
2025-02-07,2.635,2.719,2.836,3.242,3.0,0.20100000000000007,0.6070000000000002,-0.3650000000000002
2025-02-10,2.638,2.713,2.83,3.239,3.0,0.19200000000000017,0.601,-0.3620000000000001
2025-02-11,2.633,2.715,2.849,3.228,3.0,0.2160000000000002,0.5950000000000002,-0.367
2025-02-12,2.651,2.744,2.879,3.238,3.0,0.2280000000000002,0.5870000000000002,-0.3490000000000002
2025-02-13,2.631,2.732,2.872,3.227,3.0,0.2410000000000001,0.5960000000000001,-0.3690000000000002
2025-02-14,2.611,2.711,2.846,3.208,3.0,0.23499999999999988,0.597,-0.3889999999999998
2025-02-17,2.623,2.729,2.869,3.215,3.0,0.246,0.5919999999999996,-0.3769999999999998
2025-02-18,2.641,2.75,2.878,3.224,3.0,0.2370000000000001,0.5830000000000002,-0.359
2025-02-19,2.63,2.745,2.873,3.214,3.0,0.24300000000000033,0.5840000000000001,-0.3700000000000001
2025-02-20,2.628,2.748,2.888,3.212,3.0,0.2599999999999998,0.5840000000000001,-0.3719999999999999
2025-02-21,2.618,2.73,2.856,3.2,3.0,0.238,0.5820000000000003,-0.3820000000000001
2025-02-24,2.61,2.717,2.825,3.191,3.0,0.2150000000000003,0.581,-0.3900000000000001
2025-02-25,2.596,2.698,2.797,3.178,2.75,0.20100000000000007,0.5819999999999999,-0.15399999999999991
2025-02-26,2.591,2.676,2.752,3.168,2.75,0.1609999999999996,0.577,-0.1589999999999998
2025-02-27,2.592,2.68,2.754,3.172,2.75,0.16199999999999992,0.5800000000000001,-0.15799999999999992
2025-02-28,2.566,2.646,2.706,3.157,2.75,0.14000000000000012,0.5910000000000002,-0.18400000000000016
2025-03-04,2.541,2.629,2.703,3.132,2.75,0.16199999999999992,0.5910000000000002,-0.20900000000000007
2025-03-05,2.565,2.678,2.773,3.151,2.75,0.20800000000000018,0.5859999999999999,-0.18500000000000005
2025-03-06,2.594,2.704,2.806,3.174,2.75,0.2120000000000002,0.5800000000000001,-0.15600000000000014
2025-03-07,2.565,2.678,2.773,3.144,2.75,0.20800000000000018,0.5790000000000002,-0.18500000000000005
2025-03-10,2.596,2.658,2.801,3.166,2.75,0.20500000000000007,0.5699999999999998,-0.15399999999999991
2025-03-11,2.56,2.633,2.76,3.131,2.75,0.19999999999999973,0.5709999999999997,-0.18999999999999995
2025-03-12,2.55,2.619,2.763,3.127,2.75,0.21300000000000008,0.577,-0.20000000000000018
2025-03-13,2.57,2.625,2.77,3.138,2.75,0.20000000000000018,0.5680000000000001,-0.18000000000000016
2025-03-14,2.596,2.64,2.813,3.161,2.75,0.21700000000000008,0.565,-0.15399999999999991
2025-03-17,2.601,2.647,2.805,3.171,2.75,0.20400000000000018,0.5699999999999998,-0.14900000000000002
2025-03-18,2.598,2.644,2.788,3.168,2.75,0.18999999999999995,0.5700000000000003,-0.15200000000000014
2025-03-19,2.621,2.673,2.811,3.184,2.75,0.18999999999999995,0.5630000000000002,-0.129
2025-03-20,2.598,2.658,2.792,3.168,2.75,0.19399999999999995,0.5700000000000003,-0.15200000000000014
2025-03-21,2.597,2.662,2.805,3.165,2.75,0.20800000000000018,0.5680000000000001,-0.15300000000000002
2025-03-24,2.604,2.687,2.816,3.171,2.75,0.21199999999999974,0.5669999999999997,-0.1459999999999999
2025-03-25,2.612,2.7,2.821,3.179,2.75,0.20900000000000007,0.5669999999999997,-0.1379999999999999
2025-03-26,2.618,2.713,2.839,3.187,2.75,0.22100000000000009,0.569,-0.13200000000000012
2025-03-27,2.622,2.705,2.838,3.182,2.75,0.2160000000000002,0.56,-0.1280000000000001
2025-03-28,2.629,2.71,2.842,3.184,2.75,0.21300000000000008,0.5550000000000002,-0.121
2025-03-31,2.569,2.645,2.771,3.14,2.75,0.20199999999999996,0.5710000000000002,-0.18100000000000005
2025-04-01,2.581,2.659,2.787,3.153,2.75,0.20599999999999996,0.5720000000000001,-0.16900000000000004
2025-04-02,2.584,2.653,2.767,3.151,2.75,0.18299999999999983,0.5669999999999997,-0.16599999999999993
2025-04-03,2.529,2.606,2.738,3.101,2.75,0.20900000000000007,0.5720000000000001,-0.22100000000000009
2025-04-04,2.461,2.544,2.692,3.035,2.75,0.23100000000000032,0.5740000000000003,-0.28900000000000015
2025-04-07,2.405,2.491,2.648,2.986,2.75,0.24300000000000033,0.5810000000000004,-0.3450000000000002
2025-04-08,2.413,2.508,2.686,2.995,2.75,0.27300000000000013,0.5820000000000003,-0.3370000000000002
2025-04-09,2.434,2.54,2.732,3.01,2.75,0.29800000000000004,0.5759999999999996,-0.31599999999999984
2025-04-10,2.437,2.514,2.702,3.017,2.75,0.2650000000000001,0.5800000000000001,-0.31300000000000017
2025-04-11,2.411,2.51,2.696,2.996,2.75,0.28500000000000014,0.585,-0.33899999999999997
2025-04-14,2.408,2.509,2.691,2.998,2.75,0.2829999999999999,0.5900000000000003,-0.3420000000000001
2025-04-15,2.399,2.499,2.664,2.984,2.75,0.2650000000000001,0.585,-0.351
2025-04-16,2.351,2.463,2.629,2.941,2.75,0.278,0.5899999999999999,-0.399
2025-04-17,2.385,2.483,2.645,2.968,2.75,0.26000000000000023,0.5830000000000002,-0.3650000000000002
2025-04-18,2.362,2.464,2.62,2.942,2.75,0.258,0.5800000000000001,-0.3879999999999999
2025-04-21,2.331,2.441,2.602,2.918,2.75,0.2709999999999999,0.5870000000000002,-0.41900000000000004
2025-04-22,2.33,2.441,2.621,2.923,2.75,0.2909999999999999,0.593,-0.41999999999999993
2025-04-23,2.337,2.437,2.598,2.927,2.75,0.2609999999999997,0.5899999999999999,-0.4129999999999998
2025-04-24,2.341,2.444,2.623,2.93,2.75,0.28200000000000003,0.589,-0.4089999999999998
2025-04-25,2.305,2.403,2.576,2.901,2.75,0.2709999999999999,0.5959999999999996,-0.44499999999999984
2025-04-28,2.316,2.414,2.588,2.909,2.75,0.27200000000000024,0.593,-0.43400000000000016
2025-04-29,2.31,2.419,2.603,2.903,2.75,0.29300000000000015,0.593,-0.43999999999999995
2025-04-30,2.267,2.375,2.563,2.868,2.75,0.29600000000000026,0.601,-0.4830000000000001
2025-05-02,2.282,2.394,2.593,2.872,2.75,0.31099999999999994,0.5899999999999999,-0.46799999999999997
2025-05-07,2.253,2.379,2.603,2.846,2.75,0.3500000000000001,0.593,-0.4969999999999999
2025-05-08,2.281,2.395,2.622,2.867,2.75,0.34099999999999975,0.5859999999999999,-0.46899999999999986
2025-05-09,2.331,2.448,2.67,2.91,2.75,0.33899999999999997,0.5790000000000002,-0.41900000000000004
2025-05-12,2.33,2.451,2.685,2.91,2.75,0.355,0.5800000000000001,-0.41999999999999993
2025-05-13,2.37,2.496,2.722,2.939,2.75,0.35199999999999987,0.569,-0.3799999999999999
2025-05-14,2.351,2.482,2.718,2.924,2.75,0.367,0.573,-0.399
2025-05-15,2.362,2.496,2.727,2.931,2.75,0.36499999999999977,0.569,-0.3879999999999999
2025-05-16,2.319,2.445,2.676,2.896,2.75,0.3570000000000002,0.577,-0.43100000000000005
2025-05-19,2.366,2.501,2.747,2.935,2.75,0.3809999999999998,0.569,-0.3839999999999999
2025-05-20,2.33,2.467,2.713,2.907,2.75,0.383,0.577,-0.41999999999999993
2025-05-21,2.345,2.498,2.76,2.921,2.75,0.4149999999999996,0.5759999999999996,-0.4049999999999998
2025-05-22,2.336,2.493,2.755,2.917,2.75,0.41900000000000004,0.581,-0.41400000000000015
2025-05-23,2.338,2.502,2.766,2.921,2.75,0.42799999999999994,0.5829999999999997,-0.4119999999999999
2025-05-26,2.348,2.504,2.766,2.926,2.75,0.41800000000000015,0.5780000000000003,-0.40200000000000014
2025-05-27,2.34,2.478,2.709,2.913,2.75,0.3690000000000002,0.573,-0.41000000000000014
2025-05-28,2.314,2.467,2.706,2.893,2.75,0.3919999999999999,0.5789999999999997,-0.43599999999999994
2025-05-29,2.341,2.5,2.76,2.914,2.5,0.4189999999999996,0.573,-0.1589999999999998
2025-05-30,2.347,2.521,2.786,2.917,2.5,0.43900000000000006,0.5699999999999998,-0.15300000000000002
2025-06-02,2.34,2.515,2.793,2.916,2.5,0.4530000000000003,0.5760000000000001,-0.16000000000000014
2025-06-04,2.414,2.602,2.894,2.982,2.5,0.48,0.5680000000000001,-0.08599999999999985
2025-06-05,2.412,2.597,2.891,2.973,2.5,0.4790000000000001,0.5609999999999999,-0.08800000000000008
2025-06-09,2.405,2.57,2.867,2.96,2.5,0.4620000000000002,0.5550000000000002,-0.0950000000000002
2025-06-10,2.385,2.562,2.831,2.955,2.5,0.4460000000000002,0.5700000000000003,-0.11500000000000021
2025-06-11,2.419,2.581,2.837,2.974,2.5,0.41800000000000015,0.5550000000000002,-0.08099999999999996
2025-06-12,2.429,2.581,2.827,2.972,2.5,0.39800000000000013,0.5430000000000001,-0.07100000000000017
2025-06-13,2.462,2.597,2.819,2.997,2.5,0.35699999999999976,0.5349999999999997,-0.03799999999999981
2025-06-16,2.483,2.623,2.864,3.016,2.5,0.3809999999999998,0.5329999999999999,-0.016999999999999904
2025-06-17,2.448,2.612,2.868,2.986,2.5,0.41999999999999993,0.5380000000000003,-0.052000000000000046
2025-06-18,2.472,2.637,2.876,3.0,2.5,0.4039999999999999,0.528,-0.028000000000000025
2025-06-19,2.475,2.64,2.874,3.005,2.5,0.399,0.5299999999999998,-0.02499999999999991
2025-06-20,2.463,2.636,2.867,2.996,2.5,0.4039999999999999,0.5329999999999999,-0.03699999999999992
2025-06-23,2.498,2.662,2.873,3.019,2.5,0.375,0.5209999999999999,-0.0019999999999997797
2025-06-24,2.461,2.616,2.823,2.983,2.5,0.3620000000000001,0.5220000000000002,-0.039000000000000146
2025-06-25,2.46,2.619,2.82,2.981,2.5,0.3599999999999999,0.5209999999999999,-0.040000000000000036
2025-06-26,2.454,2.599,2.788,2.969,2.5,0.33399999999999963,0.5149999999999997,-0.04599999999999982
2025-06-27,2.453,2.585,2.785,2.967,2.5,0.3320000000000003,0.5140000000000002,-0.04700000000000015
2025-06-30,2.452,2.591,2.805,2.963,2.5,0.3530000000000002,0.5110000000000001,-0.04800000000000004
2025-07-01,2.454,2.581,2.784,2.959,2.5,0.3299999999999996,0.5049999999999999,-0.04599999999999982
2025-07-02,2.483,2.619,2.832,2.981,2.5,0.34899999999999975,0.4979999999999998,-0.016999999999999904
2025-07-03,2.449,2.595,2.814,2.952,2.5,0.3650000000000002,0.5030000000000001,-0.051000000000000156
2025-07-04,2.467,2.62,2.828,2.965,2.5,0.36099999999999977,0.4979999999999998,-0.03299999999999992
2025-07-07,2.482,2.637,2.84,2.973,2.5,0.35799999999999965,0.49099999999999966,-0.017999999999999794
2025-07-08,2.477,2.635,2.847,2.968,2.5,0.3700000000000001,0.4910000000000001,-0.02300000000000013
2025-07-09,2.478,2.636,2.854,2.967,2.5,0.3759999999999999,0.4889999999999999,-0.021999999999999797
2025-07-10,2.433,2.592,2.814,2.928,2.5,0.3810000000000002,0.4950000000000001,-0.06700000000000017
2025-07-11,2.448,2.604,2.823,2.938,2.5,0.375,0.4900000000000002,-0.052000000000000046
2025-07-14,2.474,2.652,2.886,2.959,2.5,0.4119999999999999,0.4849999999999999,-0.0259999999999998
2025-07-15,2.463,2.644,2.877,2.953,2.5,0.4139999999999997,0.48999999999999977,-0.03699999999999992
2025-07-16,2.459,2.642,2.877,2.95,2.5,0.4179999999999997,0.4910000000000001,-0.040999999999999925
2025-07-17,2.479,2.663,2.905,2.968,2.5,0.4259999999999997,0.4889999999999999,-0.020999999999999908
2025-07-18,2.474,2.645,2.873,2.961,2.5,0.399,0.48699999999999966,-0.0259999999999998
2025-07-21,2.456,2.628,2.855,2.948,2.5,0.399,0.492,-0.04400000000000004
2025-07-22,2.463,2.622,2.839,2.952,2.5,0.3759999999999999,0.4889999999999999,-0.03699999999999992
2025-07-23,2.458,2.615,2.83,2.95,2.5,0.3719999999999999,0.492,-0.041999999999999815
2025-07-24,2.467,2.626,2.849,2.96,2.5,0.3820000000000001,0.4929999999999999,-0.03299999999999992
2025-07-25,2.485,2.637,2.855,2.974,2.5,0.3700000000000001,0.4890000000000003,-0.015000000000000124
2025-07-28,2.464,2.615,2.829,2.958,2.5,0.3650000000000002,0.4940000000000002,-0.03600000000000003
2025-07-29,2.46,2.613,2.823,2.952,2.5,0.363,0.492,-0.040000000000000036
2025-07-30,2.454,2.598,2.797,2.946,2.5,0.34299999999999997,0.492,-0.04599999999999982
2025-07-31,2.46,2.588,2.785,2.952,2.5,0.3250000000000002,0.492,-0.040000000000000036
2025-08-01,2.478,2.623,2.832,2.97,2.5,0.35399999999999965,0.492,-0.021999999999999797
2025-08-04,2.421,2.569,2.778,2.917,2.5,0.3570000000000002,0.496,-0.07900000000000018
2025-08-05,2.425,2.561,2.766,2.917,2.5,0.3410000000000002,0.492,-0.07500000000000018
2025-08-06,2.43,2.569,2.779,2.918,2.5,0.34899999999999975,0.488,-0.06999999999999984
2025-08-07,2.408,2.551,2.772,2.901,2.5,0.3639999999999999,0.4929999999999999,-0.09200000000000008
2025-08-08,2.409,2.554,2.776,2.902,2.5,0.367,0.4930000000000003,-0.09100000000000019
2025-08-11,2.42,2.565,2.781,2.909,2.5,0.3610000000000002,0.4889999999999999,-0.08000000000000007
2025-08-12,2.431,2.582,2.801,2.917,2.5,0.3700000000000001,0.48599999999999977,-0.06899999999999995
2025-08-13,2.417,2.572,2.809,2.907,2.5,0.39200000000000035,0.4900000000000002,-0.08300000000000018
2025-08-14,2.404,2.556,2.787,2.896,2.5,0.383,0.492,-0.09600000000000009
2025-08-18,2.426,2.592,2.837,2.912,2.5,0.41100000000000003,0.48599999999999977,-0.07399999999999984
2025-08-19,2.444,2.613,2.858,2.924,2.5,0.41400000000000015,0.48,-0.05600000000000005
2025-08-20,2.441,2.611,2.853,2.923,2.5,0.41200000000000037,0.4820000000000002,-0.05900000000000016
2025-08-21,2.438,2.605,2.845,2.921,2.5,0.40700000000000003,0.48299999999999965,-0.06199999999999983
2025-08-22,2.456,2.624,2.86,2.932,2.5,0.4039999999999999,0.476,-0.04400000000000004
2025-08-25,2.434,2.602,2.852,2.915,2.5,0.4179999999999997,0.48099999999999987,-0.06599999999999984
2025-08-26,2.422,2.596,2.86,2.902,2.5,0.4379999999999997,0.48,-0.07799999999999985
2025-08-27,2.402,2.569,2.825,2.887,2.5,0.42300000000000004,0.4849999999999999,-0.09799999999999986
2025-08-28,2.416,2.576,2.815,2.898,2.5,0.399,0.4820000000000002,-0.08400000000000007
2025-08-29,2.426,2.583,2.815,2.906,2.5,0.3889999999999998,0.48,-0.07399999999999984
2025-09-01,2.435,2.597,2.847,2.913,2.5,0.4119999999999999,0.47799999999999976,-0.06499999999999995
2025-09-02,2.45,2.619,2.87,2.924,2.5,0.41999999999999993,0.47399999999999975,-0.04999999999999982
2025-09-03,2.475,2.654,2.913,2.946,2.5,0.4379999999999997,0.4710000000000001,-0.02499999999999991
2025-09-04,2.472,2.643,2.883,2.943,2.5,0.41100000000000003,0.4710000000000001,-0.028000000000000025
2025-09-05,2.46,2.62,2.855,2.931,2.5,0.395,0.4710000000000001,-0.040000000000000036
2025-09-08,2.448,2.608,2.848,2.918,2.5,0.3999999999999999,0.4700000000000002,-0.052000000000000046
2025-09-09,2.425,2.582,2.818,2.898,2.5,0.39300000000000024,0.4730000000000003,-0.07500000000000018
2025-09-10,2.43,2.566,2.833,2.902,2.5,0.403,0.472,-0.06999999999999984
2025-09-11,2.42,2.557,2.813,2.892,2.5,0.39300000000000024,0.472,-0.08000000000000007
2025-09-12,2.431,2.564,2.813,2.901,2.5,0.3820000000000001,0.46999999999999975,-0.06899999999999995
2025-09-15,2.443,2.584,2.821,2.909,2.5,0.3780000000000001,0.46599999999999975,-0.05699999999999994
2025-09-16,2.417,2.565,2.804,2.885,2.5,0.387,0.46799999999999997,-0.08300000000000018
2025-09-17,2.418,2.564,2.787,2.881,2.5,0.3689999999999998,0.46299999999999963,-0.08199999999999985
2025-09-18,2.403,2.544,2.756,2.868,2.5,0.35299999999999976,0.46499999999999986,-0.09699999999999998
2025-09-19,2.441,2.583,2.815,2.898,2.5,0.3740000000000001,0.4570000000000003,-0.05900000000000016
2025-09-22,2.459,2.606,2.833,2.912,2.5,0.3740000000000001,0.45299999999999985,-0.040999999999999925
2025-09-23,2.46,2.598,2.813,2.912,2.5,0.3530000000000002,0.45199999999999996,-0.040000000000000036
2025-09-24,2.489,2.629,2.848,2.935,2.5,0.359,0.4460000000000002,-0.01100000000000012
2025-09-25,2.528,2.673,2.885,2.969,2.5,0.35699999999999976,0.44099999999999984,0.028000000000000025
2025-09-26,2.562,2.716,2.943,3.001,2.5,0.3810000000000002,0.43900000000000006,0.06199999999999983
2025-09-29,2.563,2.721,2.939,3.004,2.5,0.3759999999999999,0.44099999999999984,0.06300000000000017
2025-09-30,2.582,2.734,2.951,3.022,2.5,0.3690000000000002,0.43999999999999995,0.08199999999999985
2025-10-01,2.596,2.748,2.96,3.033,2.5,0.3639999999999999,0.43699999999999983,0.09600000000000009
2025-10-02,2.581,2.729,2.959,3.019,2.5,0.3780000000000001,0.43800000000000017,0.08099999999999996
2025-10-10,2.591,2.731,2.964,3.026,2.5,0.3729999999999998,0.4349999999999996,0.09100000000000019
2025-10-13,2.554,2.677,2.904,2.995,2.5,0.3500000000000001,0.4410000000000003,0.053999999999999826
2025-10-14,2.533,2.649,2.871,2.975,2.5,0.3380000000000001,0.44200000000000017,0.03299999999999992
2025-10-15,2.52,2.64,2.856,2.966,2.5,0.33599999999999985,0.4460000000000002,0.020000000000000018
2025-10-16,2.569,2.684,2.908,3.004,2.5,0.33899999999999997,0.43500000000000005,0.06899999999999995
2025-10-17,2.555,2.666,2.885,2.99,2.5,0.3299999999999996,0.43500000000000005,0.05500000000000016
2025-10-20,2.569,2.687,2.892,3.004,2.5,0.32299999999999995,0.43500000000000005,0.06899999999999995
2025-10-21,2.6,2.711,2.904,3.024,2.5,0.3039999999999998,0.42399999999999993,0.10000000000000009
2025-10-22,2.572,2.687,2.869,2.999,2.5,0.29700000000000015,0.42700000000000005,0.07200000000000006
2025-10-23,2.605,2.721,2.912,3.027,2.5,0.30699999999999994,0.42200000000000015,0.10499999999999998
2025-10-24,2.591,2.716,2.913,3.013,2.5,0.3219999999999996,0.4219999999999997,0.09100000000000019
2025-10-27,2.62,2.756,2.959,3.036,2.5,0.33899999999999997,0.4159999999999999,0.1200000000000001
2025-10-28,2.633,2.751,2.935,3.047,2.5,0.30200000000000005,0.41400000000000015,0.133
2025-10-29,2.677,2.798,2.984,3.085,2.5,0.30699999999999994,0.4079999999999999,0.17700000000000005
2025-10-30,2.732,2.857,3.05,3.135,2.5,0.3179999999999996,0.4029999999999996,0.2320000000000002
2025-10-31,2.716,2.855,3.061,3.122,2.5,0.34499999999999975,0.4059999999999997,0.2160000000000002
2025-11-03,2.741,2.883,3.086,3.147,2.5,0.34499999999999975,0.4059999999999997,0.2410000000000001
2025-11-04,2.729,2.879,3.082,3.136,2.5,0.35299999999999976,0.40700000000000003,0.2290000000000001
2025-11-05,2.767,2.918,3.125,3.169,2.5,0.3580000000000001,0.40200000000000014,0.2669999999999999
2025-11-06,2.834,2.993,3.203,3.232,2.5,0.3689999999999998,0.39800000000000013,0.3340000000000001
2025-11-07,2.894,3.043,3.226,3.286,2.5,0.33199999999999985,0.3919999999999999,0.39400000000000013
2025-11-10,2.865,3.035,3.23,3.261,2.5,0.36499999999999977,0.3959999999999999,0.3650000000000002
2025-11-11,2.831,2.991,3.201,3.236,2.5,0.3700000000000001,0.40500000000000025,0.33099999999999996
2025-11-12,2.923,3.088,3.282,3.331,2.5,0.359,0.4079999999999999,0.42300000000000004
2025-11-13,2.932,3.084,3.267,3.345,2.5,0.33499999999999996,0.41300000000000026,0.43199999999999994
2025-11-14,2.944,3.126,3.317,3.365,2.5,0.3730000000000002,0.42100000000000026,0.44399999999999995
2025-11-17,2.914,3.105,3.301,3.342,2.5,0.387,0.42799999999999994,0.41400000000000015
2025-11-18,2.872,3.068,3.268,3.309,2.5,0.3959999999999999,0.4370000000000003,0.3719999999999999
2025-11-19,2.869,3.072,3.281,3.308,2.5,0.4119999999999999,0.4389999999999996,0.3690000000000002
2025-11-20,2.908,3.115,3.325,3.34,2.5,0.41700000000000026,0.43199999999999994,0.4079999999999999
2025-11-21,2.872,3.076,3.271,3.308,2.5,0.399,0.43599999999999994,0.3719999999999999
2025-11-24,2.904,3.107,3.289,3.338,2.5,0.38500000000000023,0.43400000000000016,0.4039999999999999
2025-11-25,2.902,3.099,3.264,3.334,2.5,0.36199999999999966,0.43199999999999994,0.40200000000000014
2025-11-26,2.895,3.084,3.251,3.328,2.5,0.35599999999999987,0.43299999999999983,0.395
2025-11-27,3.013,3.197,3.351,3.446,2.5,0.3380000000000001,0.4330000000000003,0.5129999999999999
2025-11-28,2.991,3.176,3.344,3.428,2.5,0.35299999999999976,0.43699999999999983,0.4910000000000001
2025-12-01,3.045,3.233,3.387,3.481,2.5,0.3420000000000001,0.43599999999999994,0.5449999999999999
2025-12-02,3.022,3.211,3.346,3.463,2.5,0.3240000000000003,0.4410000000000003,0.5219999999999998
2025-12-03,3.041,3.246,3.368,3.484,2.5,0.32699999999999996,0.44300000000000006,0.5409999999999999
2025-12-04,3.025,3.229,3.376,3.474,2.5,0.351,0.4490000000000003,0.5249999999999999
2025-12-05,2.994,3.198,3.358,3.453,2.5,0.3639999999999999,0.45899999999999963,0.4940000000000002
2025-12-08,3.034,3.239,3.401,3.492,2.5,0.367,0.4580000000000002,0.5339999999999998
2025-12-09,3.084,3.302,3.453,3.545,2.5,0.3689999999999998,0.46099999999999985,0.5840000000000001
2025-12-10,3.095,3.336,3.371,3.574,2.5,0.2759999999999998,0.47899999999999965,0.5950000000000002
2025-12-11,3.101,3.361,3.378,3.585,2.5,0.27700000000000014,0.484,0.601
2025-12-12,3.093,3.35,3.409,3.582,2.5,0.31599999999999984,0.4889999999999999,0.593
2025-12-15,3.0,3.259,3.325,3.499,2.5,0.3250000000000002,0.4990000000000001,0.5
2025-12-16,2.999,3.244,3.313,3.507,2.5,0.31400000000000006,0.508,0.4990000000000001
2025-12-17,2.996,3.227,3.324,3.507,2.5,0.32799999999999985,0.5110000000000001,0.496
2025-12-18,2.967,3.196,3.312,3.484,2.5,0.34499999999999975,0.5169999999999999,0.4670000000000001
2025-12-19,3.01,3.24,3.342,3.523,2.5,0.3320000000000003,0.5130000000000003,0.5099999999999998
2025-12-22,2.999,3.245,3.359,3.513,2.5,0.3599999999999999,0.5139999999999998,0.4990000000000001
2025-12-23,2.963,3.242,3.379,3.5,2.5,0.4159999999999999,0.5369999999999999,0.4630000000000001
2025-12-24,2.939,3.211,3.345,3.475,2.5,0.40600000000000014,0.536,0.43900000000000006
2025-12-26,2.958,3.24,3.374,3.489,2.5,0.4159999999999999,0.5309999999999997,0.4580000000000002
2025-12-29,2.939,3.226,3.354,3.47,2.5,0.41500000000000004,0.5310000000000001,0.43900000000000006
2025-12-30,2.952,3.24,3.385,3.476,2.5,0.43299999999999983,0.524,0.45199999999999996
2025-12-31,2.953,3.24,3.385,3.476,2.5,0.43199999999999994,0.5230000000000001,0.45299999999999985
2026-01-02,2.935,3.239,3.386,3.459,2.5,0.45100000000000007,0.524,0.43500000000000005
2026-01-05,2.933,3.249,3.396,3.457,2.5,0.4630000000000001,0.524,0.43299999999999983
2026-01-06,2.948,3.244,3.398,3.46,2.5,0.4500000000000002,0.512,0.44799999999999995
2026-01-07,2.91,3.185,3.354,3.423,2.5,0.44399999999999995,0.5129999999999999,0.41000000000000014
2026-01-08,2.902,3.163,3.341,3.418,2.5,0.43900000000000006,0.516,0.40200000000000014
2026-01-09,2.942,3.192,3.386,3.445,2.5,0.44399999999999995,0.5029999999999997,0.44200000000000017
2026-01-12,2.98,3.212,3.392,3.469,2.5,0.4119999999999999,0.4889999999999999,0.48
2026-01-13,3.003,3.242,3.412,3.486,2.5,0.4089999999999998,0.4830000000000001,0.5030000000000001
2026-01-14,2.996,3.24,3.418,3.481,2.5,0.42200000000000015,0.4849999999999999,0.496
2026-01-15,3.09,3.324,3.493,3.565,2.5,0.403,0.4750000000000001,0.5899999999999999
2026-01-16,3.08,3.32,3.488,3.56,2.5,0.4079999999999999,0.48,0.5800000000000001
2026-01-19,3.13,3.389,3.565,3.599,2.5,0.43500000000000005,0.4690000000000003,0.6299999999999999
2026-01-20,3.191,3.472,3.653,3.653,2.5,0.4620000000000002,0.4620000000000002,0.6909999999999998
2026-01-21,3.138,3.43,3.602,3.624,2.5,0.46399999999999997,0.4860000000000002,0.6379999999999999
2026-01-22,3.109,3.397,3.558,3.615,2.5,0.44899999999999984,0.5060000000000002,0.609
2026-01-23,3.137,3.42,3.59,3.644,2.5,0.45299999999999985,0.5070000000000001,0.637
2026-01-26,3.096,3.382,3.544,3.611,2.5,0.44799999999999995,0.5150000000000001,0.5960000000000001
2026-01-27,3.094,3.377,3.53,3.607,2.5,0.43599999999999994,0.5130000000000003,0.5939999999999999
2026-01-28,3.067,3.357,3.518,3.589,2.5,0.4509999999999996,0.5219999999999998,0.5670000000000002
2026-01-29,3.106,3.395,3.557,3.626,2.5,0.45100000000000007,0.52,0.6059999999999999
2026-01-30,3.138,3.436,3.607,3.658,2.5,0.4690000000000003,0.52,0.6379999999999999
2026-02-02,3.152,3.448,3.603,3.668,2.5,0.45100000000000007,0.516,0.6520000000000001
2026-02-03,3.189,3.495,3.661,3.708,2.5,0.472,0.5190000000000001,0.6890000000000001
2026-02-04,3.212,3.533,3.712,3.731,2.5,0.5,0.5189999999999997,0.7120000000000002
2026-02-05,3.204,3.505,3.687,3.724,2.5,0.48299999999999965,0.52,0.7040000000000002
2026-02-06,3.233,3.521,3.71,3.755,2.5,0.47699999999999987,0.5219999999999998,0.7330000000000001
2026-02-09,3.267,3.555,3.754,3.787,2.5,0.4870000000000001,0.52,0.7669999999999999
2026-02-10,3.224,3.494,3.681,3.759,2.5,0.45699999999999985,0.5349999999999997,0.7240000000000002
2026-02-11,3.2,3.462,3.639,3.746,2.5,0.4389999999999996,0.5459999999999998,0.7000000000000002
2026-02-12,3.154,3.423,3.618,3.716,2.5,0.46399999999999997,0.5620000000000003,0.6539999999999999
2026-02-13,3.142,3.397,3.571,3.705,2.5,0.42900000000000027,0.5630000000000002,0.6419999999999999
2026-02-19,3.178,3.426,3.588,3.735,2.5,0.41000000000000014,0.5569999999999999,0.6779999999999999
2026-02-20,3.143,3.391,3.54,3.718,2.5,0.39700000000000024,0.5750000000000002,0.6429999999999998
2026-02-23,3.154,3.405,3.578,3.725,2.5,0.42399999999999993,0.5710000000000002,0.6539999999999999
2026-02-24,3.158,3.41,3.593,3.73,2.5,0.43500000000000005,0.5720000000000001,0.6579999999999999
2026-02-25,3.124,3.38,3.556,3.705,2.5,0.43199999999999994,0.581,0.6240000000000001
2026-02-26,3.062,3.314,3.47,3.653,2.5,0.40800000000000036,0.5910000000000002,0.5619999999999998
2026-02-27,3.041,3.278,3.446,3.637,2.5,0.40500000000000025,0.5960000000000001,0.5409999999999999
2026-03-03,3.18,3.424,3.594,3.769,2.5,0.4139999999999997,0.589,0.6800000000000002
2026-03-04,3.223,3.477,3.632,3.8,2.5,0.40900000000000025,0.577,0.7229999999999999
2026-03-05,3.189,3.442,3.589,3.777,2.5,0.3999999999999999,0.5880000000000001,0.6890000000000001
2026-03-06,3.227,3.472,3.616,3.815,2.5,0.38900000000000023,0.5880000000000001,0.7269999999999999
2026-03-09,3.42,3.652,3.739,3.997,2.5,0.31899999999999995,0.577,0.9199999999999999
2026-03-10,3.283,3.508,3.629,3.874,2.5,0.3460000000000001,0.5910000000000002,0.7829999999999999
2026-03-11,3.253,3.47,3.608,3.845,2.5,0.355,0.5920000000000001,0.7530000000000001
2026-03-12,3.271,3.496,3.649,3.866,2.5,0.3780000000000001,0.5950000000000002,0.7709999999999999
2026-03-13,3.338,3.556,3.701,3.919,2.5,0.363,0.581,0.8380000000000001
2026-03-16,3.3,3.556,3.68,3.887,2.5,0.38000000000000034,0.5870000000000002,0.7999999999999998
2026-03-17,3.324,3.578,3.692,3.906,2.5,0.3680000000000003,0.5820000000000003,0.8239999999999998
2026-03-18,3.261,3.511,3.606,3.855,2.5,0.34499999999999975,0.5939999999999999,0.7610000000000001
2026-03-19,3.329,3.587,3.693,3.915,2.5,0.3639999999999999,0.5859999999999999,0.8290000000000002
2026-03-20,3.41,3.621,3.736,3.991,2.5,0.32600000000000007,0.581,0.9100000000000001
2026-03-23,3.617,3.837,3.879,4.197,2.5,0.262,0.5800000000000001,1.117
2026-03-24,3.523,3.755,3.835,4.121,2.5,0.31199999999999983,0.5980000000000003,1.0230000000000001
2026-03-25,3.558,3.786,3.859,4.158,2.5,0.30100000000000016,0.6000000000000005,1.0579999999999998
2026-03-26,3.552,3.801,3.865,4.156,2.5,0.31300000000000017,0.6039999999999996,1.052
2026-03-27,3.582,3.838,3.915,4.182,2.5,0.3330000000000002,0.6000000000000005,1.0819999999999999
2026-03-30,3.542,3.796,3.891,4.157,2.5,0.3490000000000002,0.6150000000000002,1.0419999999999998
2026-03-31,3.552,3.777,3.879,4.166,2.5,0.32699999999999996,0.6140000000000003,1.052
2026-04-01,3.37,3.567,3.689,4.011,2.5,0.31899999999999995,0.641,0.8700000000000001
2026-04-02,3.477,3.679,3.804,4.114,2.5,0.32699999999999996,0.637,0.9769999999999999
2026-04-03,3.448,3.622,3.747,4.093,2.5,0.29899999999999993,0.645,0.948
2026-04-06,3.432,3.594,3.725,4.081,2.5,0.29300000000000015,0.6490000000000005,0.9319999999999999
2026-04-07,3.451,3.622,3.754,4.107,2.5,0.30299999999999994,0.6560000000000001,0.9510000000000001
2026-04-08,3.315,3.475,3.628,3.973,2.5,0.31300000000000017,0.6579999999999999,0.815
2026-04-09,3.338,3.49,3.66,3.999,2.5,0.32200000000000006,0.661,0.8380000000000001
2026-04-10,3.36,3.511,3.686,4.018,2.5,0.32600000000000007,0.6579999999999999,0.8599999999999999
2026-04-13,3.382,3.554,3.715,4.043,2.5,0.33299999999999974,0.661,0.8820000000000001
2026-04-14,3.339,3.519,3.658,4.005,2.5,0.31899999999999995,0.6659999999999999,0.839
2026-04-15,3.328,3.516,3.655,3.995,2.5,0.32699999999999996,0.6670000000000003,0.8279999999999998
2026-04-16,3.34,3.536,3.675,4.005,2.5,0.33499999999999996,0.665,0.8399999999999999
2026-04-17,3.371,3.58,3.717,4.037,2.5,0.3460000000000001,0.6659999999999999,0.871
2026-04-20,3.348,3.568,3.688,4.016,2.5,0.3400000000000003,0.6680000000000001,0.8479999999999999
2026-04-21,3.33,3.541,3.655,3.994,2.5,0.32499999999999973,0.6640000000000001,0.8300000000000001
2026-04-22,3.365,3.562,3.697,4.028,2.5,0.33199999999999985,0.6629999999999994,0.8650000000000002
2026-04-23,3.458,3.652,3.791,4.107,2.5,0.33299999999999974,0.649,0.9580000000000002
2026-04-24,3.496,3.683,3.817,4.145,2.5,0.3210000000000002,0.6489999999999996,0.996
2026-04-27,3.492,3.676,3.82,4.147,2.5,0.32799999999999985,0.6550000000000002,0.992
2026-04-28,3.529,3.718,3.861,4.182,2.5,0.3320000000000003,0.6530000000000005,1.029
2026-04-29,3.525,3.706,3.843,4.185,2.5,0.31800000000000006,0.6599999999999997,1.025
2026-04-30,3.595,3.78,3.923,4.248,2.5,0.32799999999999985,0.653,1.0950000000000002
2026-05-04,3.615,3.797,3.932,4.268,2.5,0.3169999999999997,0.6529999999999996,1.1150000000000002
2026-05-06,3.595,3.786,3.932,4.249,2.5,0.33699999999999974,0.6539999999999995,1.0950000000000002
2026-05-07,3.546,3.737,3.888,4.199,2.5,0.3420000000000001,0.653,1.0459999999999998
2026-05-08,3.569,3.748,3.909,4.218,2.5,0.33999999999999986,0.649,1.069
2026-05-11,3.598,3.777,3.95,4.245,2.5,0.3520000000000003,0.6470000000000002,1.0979999999999999
2026-05-12,3.674,3.87,4.056,4.311,2.5,0.3820000000000001,0.637,1.174
2026-05-13,3.635,3.853,4.044,4.273,2.5,0.4089999999999998,0.6379999999999999,1.1349999999999998
2026-05-14,3.654,3.887,4.085,4.284,2.5,0.43100000000000005,0.6299999999999999,1.154
2026-05-15,3.766,4.016,4.217,4.391,2.5,0.4509999999999996,0.625,1.266
2026-05-18,3.757,3.99,4.239,4.381,2.5,0.48199999999999976,0.6240000000000001,1.2570000000000001
2026-05-19,3.751,3.972,4.21,4.377,2.5,0.4590000000000001,0.6259999999999999,1.251
2026-05-20,3.76,3.973,4.198,4.386,2.5,0.4380000000000006,0.6260000000000003,1.2599999999999998
2026-05-21,3.753,3.985,4.174,4.381,2.5,0.42100000000000026,0.6280000000000001,1.2530000000000001
2026-05-22,3.736,3.963,4.128,4.361,2.5,0.3919999999999999,0.6249999999999996,1.2360000000000002
2026-05-26,3.664,3.901,4.073,4.295,2.5,0.40900000000000025,0.6309999999999998,1.1640000000000001
2026-05-27,3.711,3.95,4.102,4.336,2.5,0.39100000000000046,0.6250000000000004,1.2109999999999999
2026-05-28,3.766,3.992,4.147,4.384,2.5,0.3810000000000002,0.6180000000000003,1.266
2026-05-29,3.731,3.924,4.068,4.353,2.5,0.33699999999999974,0.6219999999999999,1.2309999999999999
2026-06-01,3.79,3.996,4.174,4.41,2.5,0.38400000000000034,0.6200000000000001,1.29
2026-06-02,3.773,3.969,4.135,4.397,2.5,0.36199999999999966,0.6240000000000001,1.2730000000000001
2026-06-04,3.858,4.078,4.229,4.48,2.5,0.371,0.6220000000000003,1.358
2026-06-05,3.882,4.12,4.254,4.501,2.5,0.37199999999999944,0.6190000000000002,1.3820000000000001
2026-06-08,3.94,4.19,4.348,4.565,2.5,0.4079999999999999,0.6250000000000004,1.44
2026-06-09,3.856,4.102,4.273,4.492,2.5,0.4169999999999998,0.6360000000000001,1.3559999999999999
2026-06-10,3.881,4.07,4.273,4.499,2.5,0.3919999999999999,0.6179999999999999,1.3809999999999998
2026-06-11,3.904,4.08,4.3,4.515,2.5,0.3959999999999999,0.6109999999999998,1.404
2026-06-12,3.808,3.971,4.195,4.433,2.5,0.38700000000000045,0.625,1.3079999999999998
2026-06-15,3.744,3.917,4.118,4.373,2.5,0.3740000000000001,0.629,1.2440000000000002
2026-06-16,3.717,3.905,4.11,4.348,2.5,0.39300000000000024,0.6309999999999998,1.217
2026-06-17,3.71,3.897,4.071,4.345,2.5,0.36099999999999977,0.6349999999999998,1.21
2026-06-18,3.75,3.949,4.118,4.381,2.5,0.3680000000000003,0.6310000000000002,1.25
2026-06-19,3.784,4.005,4.171,4.419,2.5,0.38700000000000045,0.6349999999999998,1.2839999999999998
2026-06-22,3.81,4.044,4.195,4.442,2.5,0.38500000000000023,0.6320000000000001,1.31
2026-06-23,3.77,4.016,4.171,4.417,2.5,0.40100000000000025,0.6469999999999998,1.27
2026-06-24,3.772,4.014,4.171,4.428,2.5,0.39900000000000047,0.6560000000000001,1.2719999999999998
2026-06-25,3.757,3.992,4.144,4.403,2.5,0.387,0.6459999999999995,1.2570000000000001
2026-06-26,3.722,3.946,4.117,4.38,2.5,0.395,0.6579999999999999,1.222
2026-06-29,3.733,3.965,4.144,4.396,2.5,0.41100000000000003,0.6629999999999998,1.233
2026-06-30,3.703,3.925,4.091,4.375,2.5,0.38800000000000034,0.6720000000000002,1.2029999999999998
2026-07-01,3.791,4.028,4.205,4.466,2.5,0.41400000000000015,0.6750000000000003,1.291
2026-07-02,3.747,3.981,4.183,4.431,2.5,0.43599999999999994,0.6840000000000002,1.2469999999999999
2026-07-03,3.748,3.98,4.197,4.433,2.5,0.44899999999999984,0.6849999999999996,1.2480000000000002
2026-07-06,3.776,3.991,4.203,4.459,2.5,0.4270000000000005,0.6829999999999998,1.2759999999999998
2026-07-07,3.78,3.999,4.213,4.472,2.5,0.4330000000000003,0.6920000000000006,1.2799999999999998
2026-07-08,3.775,3.999,4.245,4.473,2.5,0.4700000000000002,0.698,1.275
2026-07-09,3.778,4.016,4.25,4.478,2.5,0.472,0.6999999999999997,1.278
2026-07-10,3.768,4.008,4.23,4.466,2.5,0.46200000000000063,0.6980000000000004,1.2679999999999998
2026-07-13,3.809,4.041,4.263,4.506,2.5,0.45399999999999974,0.6970000000000001,1.3090000000000002
2026-07-14,3.887,4.128,4.333,4.582,2.5,0.4460000000000002,0.6949999999999998,1.387
2026-07-15,3.866,4.112,4.327,4.563,2.5,0.46099999999999985,0.6969999999999996,1.366
2026-07-16,3.848,4.099,4.297,4.544,2.75,0.44899999999999984,0.6959999999999997,1.0979999999999999
2026-07-20,3.895,4.154,4.336,4.59,2.75,0.4410000000000003,0.6949999999999998,1.145
2026-07-21,3.867,4.12,4.328,4.571,2.75,0.4610000000000003,0.7039999999999997,1.117
2026-07-22,3.913,4.172,4.394,4.604,2.75,0.4810000000000003,0.6910000000000003,1.1629999999999998
2026-07-23,3.917,4.164,4.392,4.609,2.75,0.47500000000000053,0.6920000000000002,1.1669999999999998
2026-07-24,3.959,4.214,4.447,4.653,2.75,0.488,0.6939999999999995,1.209
2026-07-27,3.865,4.117,4.333,4.576,2.75,0.46799999999999997,0.7109999999999994,1.1150000000000002
2026-07-28,3.829,4.068,4.289,4.545,2.75,0.4599999999999995,0.7159999999999997,1.0790000000000002
2026-07-29,3.8,4.037,4.257,4.512,2.75,0.45699999999999985,0.7119999999999997,1.0499999999999998
2026-07-30,3.831,4.078,4.311,4.541,2.75,0.48,0.7100000000000004,1.081
2026-07-31,3.758,4.015,4.261,4.478,2.75,0.5030000000000001,0.7199999999999998,1.008
2026-08-03,3.742,4.014,4.264,4.462,2.75,0.5220000000000002,0.7199999999999998,0.992
2026-08-04,3.74,4.004,4.26,4.458,2.75,0.5199999999999996,0.718,0.9900000000000002
2026-08-05,3.669,3.916,4.15,4.392,2.75,0.4810000000000003,0.7230000000000003,0.919
2026-08-06,3.742,3.957,4.195,4.445,2.75,0.4530000000000003,0.7030000000000003,0.992
2026-08-07,3.746,3.964,4.208,4.448,2.75,0.4620000000000002,0.7020000000000004,0.996
