date,base_rate,cpi_yoy,yield_spread_10y_3y,credit_spread,policy_spread,short_rate_change,long_rate_change
2015-01-02,2.0,,0.5250000000000004,0.3290000000000002,0.1349999999999998,,
2015-01-05,2.0,,0.504,0.3280000000000003,0.1179999999999998,,
2015-01-06,2.0,,0.476,0.3289999999999997,0.0790000000000001,,
2015-01-07,2.0,,0.484,0.3319999999999998,0.076,,
2015-01-08,2.0,,0.48,0.3309999999999999,0.072,,
2015-01-09,2.0,,0.48,0.3349999999999999,0.056,,
2015-01-12,2.0,,0.443,0.3330000000000002,0.0059999999999997,,
2015-01-13,2.0,,0.4089999999999998,0.3189999999999999,0.024,,
2015-01-14,2.0,,0.3950000000000002,0.3219999999999998,-0.026,,
2015-01-15,2.0,,0.4060000000000001,0.318,0.044,,
2015-01-16,2.0,,0.3319999999999998,0.318,0.012,,
2015-01-19,2.0,,0.347,0.3210000000000002,0.0379999999999998,,
2015-01-20,2.0,,0.3289999999999997,0.3149999999999999,0.0310000000000001,,
2015-01-21,2.0,,0.3269999999999999,0.3160000000000003,0.0449999999999999,,
2015-01-22,2.0,,0.3419999999999996,0.3139999999999996,0.0630000000000001,,
2015-01-23,2.0,,0.302,0.306,0.0270000000000001,,
2015-01-26,2.0,,0.2759999999999998,0.298,0.024,,
2015-01-27,2.0,,0.2709999999999999,0.2960000000000002,0.0289999999999999,,
2015-01-28,2.0,,0.2549999999999999,0.2989999999999999,0.004,,
2015-01-29,2.0,,0.2289999999999998,0.2979999999999998,-0.002,,
2015-01-30,2.0,,0.2700000000000002,0.304,-0.03,-0.1649999999999998,-0.41999999999999993
2015-02-02,2.0,,0.26,0.2949999999999997,-0.0149999999999999,-0.13299999999999979,-0.3769999999999998
2015-02-03,2.0,,0.2759999999999998,0.306,-0.0649999999999999,-0.14400000000000013,-0.3440000000000003
2015-02-04,2.0,,0.288,0.2969999999999999,-0.0389999999999999,-0.11499999999999999,-0.31099999999999994
2015-02-05,2.0,,0.3029999999999999,0.2909999999999999,-0.0249999999999999,-0.09699999999999998,-0.274
2015-02-06,2.0,,0.3110000000000001,0.2889999999999999,-0.038,-0.09400000000000008,-0.2629999999999999
2015-02-09,2.0,,0.3179999999999998,0.2869999999999997,-0.0229999999999999,-0.028999999999999693,-0.15399999999999991
2015-02-10,2.0,,0.2999999999999998,0.2650000000000001,0.056,0.03200000000000003,-0.07699999999999996
2015-02-11,2.0,,0.3009999999999997,0.2669999999999999,0.0510000000000001,0.07700000000000018,-0.017000000000000348
2015-02-12,2.0,,0.3309999999999999,0.2649999999999997,0.0750000000000001,0.03100000000000014,-0.04400000000000004
2015-02-13,2.0,,0.3500000000000001,0.2710000000000003,0.0499999999999998,0.03799999999999981,0.05600000000000005
2015-02-16,2.0,,0.3859999999999997,0.2649999999999997,0.0910000000000001,0.05300000000000038,0.09200000000000008
2015-02-17,2.0,,0.3290000000000002,0.2690000000000001,0.0539999999999998,0.022999999999999687,0.02300000000000013
2015-02-23,2.0,,0.3650000000000002,0.2709999999999999,0.0609999999999999,0.016000000000000014,0.05400000000000027
2015-02-24,2.0,,0.371,0.2709999999999999,0.0630000000000001,0.0,0.02900000000000036
2015-02-25,2.0,,0.3380000000000001,0.27,0.0369999999999999,0.009999999999999787,0.04599999999999982
2015-02-26,2.0,,0.326,0.262,0.04,0.016000000000000014,0.06600000000000028
2015-02-27,2.0,,0.3190000000000004,0.2570000000000001,0.0339999999999998,0.004999999999999893,0.05300000000000038
2015-03-02,2.0,,0.33,0.2629999999999999,0.0,-0.0040000000000000036,0.07100000000000017
2015-03-03,2.0,,0.3619999999999999,0.268,-0.01,-0.008000000000000007,0.125
2015-03-04,2.0,,0.387,0.27,-0.02,0.010000000000000009,0.12699999999999978
2015-03-05,2.0,,0.377,0.268,-0.022,-0.007000000000000117,0.10999999999999988
2015-03-06,2.0,,0.3860000000000001,0.2709999999999999,-0.0569999999999999,0.008000000000000007,0.11800000000000033
2015-03-09,2.0,,0.447,0.278,-0.076,-0.037000000000000144,0.12199999999999989
2015-03-10,2.0,,0.4499999999999999,0.2689999999999999,-0.0629999999999999,-0.038000000000000034,0.10899999999999999
2015-03-11,2.0,,0.4089999999999998,0.2589999999999999,-0.0929999999999999,-0.05499999999999994,0.042999999999999705
2015-03-12,1.75,,0.451,0.258,0.1459999999999999,-0.08100000000000018,0.052000000000000046
2015-03-13,1.75,,0.4869999999999999,0.26,0.119,-0.18700000000000006,0.0
2015-03-16,1.75,,0.4589999999999998,0.2590000000000001,0.1060000000000001,-0.19500000000000006,-0.03699999999999992
2015-03-17,1.75,,0.4469999999999998,0.2539999999999998,0.1220000000000001,-0.20300000000000007,-0.08700000000000019
2015-03-18,1.75,,0.423,0.2549999999999999,0.1089999999999999,-0.19099999999999984,-0.11799999999999988
2015-03-19,1.75,,0.3870000000000002,0.2580000000000002,0.0749999999999999,-0.26600000000000024,-0.2649999999999997
2015-03-20,1.75,,0.4099999999999999,0.2649999999999999,0.0469999999999999,-0.2569999999999999,-0.17600000000000016
2015-03-23,1.75,,0.401,0.2649999999999999,0.0429999999999999,-0.268,-0.2320000000000002
2015-03-24,1.75,,0.3980000000000001,0.2600000000000002,0.0449999999999999,-0.26800000000000024,-0.2410000000000001
2015-03-25,1.75,,0.3859999999999999,0.26,0.0349999999999999,-0.252,-0.20400000000000018
2015-03-26,1.75,,0.399,0.2640000000000002,0.0289999999999999,-0.2610000000000001,-0.18800000000000017
2015-03-27,1.75,,0.4100000000000001,0.2599999999999998,0.02,-0.2639999999999998,-0.17300000000000004
2015-03-30,1.75,,0.4040000000000001,0.2630000000000001,-0.002,-0.252,-0.17799999999999994
2015-03-31,1.75,,0.439,0.2709999999999999,-0.0289999999999999,-0.2689999999999999,-0.19199999999999973
2015-04-01,1.75,,0.4299999999999999,0.27,-0.03,-0.26,-0.21700000000000008
2015-04-02,1.75,,0.3980000000000001,0.2669999999999999,-0.0289999999999999,-0.2569999999999999,-0.23599999999999977
2015-04-03,1.75,,0.3719999999999999,0.266,-0.036,-0.2290000000000001,-0.24300000000000033
2015-04-06,1.75,,0.3540000000000001,0.2570000000000001,-0.036,-0.20999999999999996,-0.30299999999999994
2015-04-07,1.75,,0.383,0.254,-0.0289999999999999,-0.21599999999999997,-0.2829999999999999
2015-04-08,1.75,,0.385,0.2509999999999999,-0.0229999999999999,-0.17999999999999994,-0.20399999999999974
2015-04-09,1.75,,0.379,0.2530000000000001,-0.052,-0.19799999999999995,-0.27
2015-04-10,1.75,,0.3559999999999998,0.2490000000000001,-0.036,-0.15500000000000003,-0.28600000000000003
2015-04-13,1.75,,0.3710000000000002,0.2430000000000001,-0.018,-0.12400000000000011,-0.21199999999999974
2015-04-14,1.75,,0.3899999999999999,0.2469999999999999,-0.0189999999999999,-0.14100000000000001,-0.19799999999999995
2015-04-15,1.75,,0.4009999999999998,0.2509999999999999,-0.0289999999999999,-0.1379999999999999,-0.16000000000000014
2015-04-16,1.75,,0.433,0.252,-0.026,-0.10099999999999998,-0.05500000000000016
2015-04-17,1.75,,0.421,0.2529999999999999,-0.0589999999999999,-0.10599999999999987,-0.09499999999999975
2015-04-20,1.75,,0.4499999999999997,0.2549999999999999,-0.0569999999999999,-0.09999999999999987,-0.051000000000000156
2015-04-21,1.75,,0.4639999999999999,0.248,-0.04,-0.08499999999999996,-0.019000000000000128
2015-04-22,1.75,,0.4649999999999998,0.2490000000000001,-0.04,-0.07499999999999996,0.0040000000000000036
2015-04-23,1.75,,0.5209999999999999,0.238,-0.0049999999999998,-0.03399999999999981,0.08800000000000008
2015-04-24,1.75,,0.5140000000000002,0.2370000000000001,0.0209999999999999,0.0009999999999998899,0.10499999999999998
2015-04-27,1.75,,0.504,0.2330000000000001,0.036,0.038000000000000034,0.1379999999999999
2015-04-28,1.75,,0.538,0.2329999999999998,0.0789999999999999,0.10799999999999987,0.20699999999999985
2015-04-29,1.75,,0.5379999999999998,0.2370000000000001,0.092,0.12200000000000011,0.22999999999999998
2015-04-30,1.75,,0.5710000000000002,0.2370000000000001,0.0929999999999999,0.12199999999999989,0.29499999999999993
2015-05-04,1.75,,0.5900000000000003,0.2349999999999998,0.1459999999999999,0.18199999999999994,0.40000000000000036
2015-05-06,1.75,,0.5999999999999999,0.2239999999999999,0.219,0.2550000000000001,0.5009999999999999
2015-05-07,1.75,,0.5850000000000002,0.2230000000000001,0.2159999999999999,0.24499999999999988,0.44700000000000006
2015-05-08,1.75,,0.5270000000000001,0.221,0.1379999999999999,0.1609999999999998,0.30299999999999994
2015-05-11,1.75,,0.5840000000000001,0.2270000000000003,0.1259999999999999,0.17799999999999994,0.383
2015-05-12,1.75,,0.655,0.2350000000000001,0.1919999999999999,0.22799999999999998,0.5270000000000001
2015-05-13,1.75,,0.6739999999999997,0.2430000000000001,0.1140000000000001,0.13200000000000012,0.4349999999999996
2015-05-14,1.75,,0.6410000000000002,0.2409999999999998,0.1069999999999999,0.1259999999999999,0.3770000000000002
2015-05-15,1.75,,0.627,0.24,0.131,0.15999999999999992,0.3860000000000001
2015-05-18,1.75,,0.6279999999999999,0.24,0.139,0.16500000000000004,0.3599999999999999
2015-05-19,1.75,,0.6440000000000001,0.2389999999999998,0.153,0.21199999999999997,0.43500000000000005
2015-05-20,1.75,,0.6170000000000002,0.2410000000000003,0.1279999999999999,0.18499999999999983,0.3520000000000003
2015-05-21,1.75,,0.6310000000000002,0.242,0.1299999999999999,0.16999999999999993,0.3370000000000002
2015-05-22,1.75,,0.609,0.2429999999999998,0.121,0.16100000000000003,0.30500000000000016
2015-05-26,1.75,,0.6429999999999998,0.2490000000000001,0.096,0.10099999999999998,0.22299999999999986
2015-05-27,1.75,,0.6380000000000001,0.2529999999999999,0.0589999999999999,0.038000000000000034,0.16199999999999992
2015-05-28,1.75,,0.6120000000000001,0.2559999999999998,0.048,0.01200000000000001,0.1200000000000001
2015-05-29,1.75,,0.5629999999999997,0.2609999999999997,-0.0049999999999998,-0.08399999999999985,-0.05900000000000016
2015-06-01,1.75,,0.597,0.262,-0.004,-0.09600000000000009,-0.03699999999999992
2015-06-02,1.75,,0.6070000000000002,0.2650000000000001,-0.024,-0.11699999999999999,-0.08099999999999996
2015-06-03,1.75,,0.6719999999999999,0.2609999999999999,0.0069999999999998,-0.139,-0.057000000000000384
2015-06-04,1.75,,0.7150000000000003,0.2600000000000002,0.0169999999999999,-0.20200000000000018,-0.08699999999999974
2015-06-05,1.75,,0.7269999999999999,0.2589999999999999,-0.0089999999999998,-0.22499999999999987,-0.08300000000000018
2015-06-08,1.75,,0.754,0.264,-0.0209999999999999,-0.1589999999999998,0.06800000000000006
2015-06-09,1.75,,0.7010000000000001,0.2569999999999999,-0.0169999999999999,-0.1429999999999998,-0.0259999999999998
2015-06-10,1.75,,0.692,0.2380000000000002,0.0229999999999999,-0.16900000000000004,-0.13200000000000012
2015-06-11,1.5,,0.7289999999999999,0.2380000000000002,0.2969999999999999,-0.06700000000000017,-0.01200000000000001
2015-06-12,1.5,,0.7010000000000001,0.2410000000000001,0.262,-0.09499999999999997,-0.03500000000000014
2015-06-15,1.5,,0.736,0.236,0.264,-0.11699999999999999,-0.008000000000000007
2015-06-16,1.5,,0.742,0.2349999999999998,0.266,-0.123,-0.008999999999999897
2015-06-17,1.5,,0.7569999999999999,0.2299999999999997,0.3,-0.10299999999999998,0.009999999999999787
2015-06-18,1.5,,0.738,0.2349999999999998,0.278,-0.09999999999999987,0.020999999999999908
2015-06-19,1.5,,0.6749999999999998,0.2279999999999999,0.27,-0.10999999999999988,-0.06600000000000028
2015-06-22,1.5,,0.7189999999999999,0.2280000000000002,0.2869999999999999,-0.08400000000000007,0.0259999999999998
2015-06-23,1.5,,0.685,0.2250000000000001,0.2949999999999999,-0.051000000000000156,-0.008999999999999897
2015-06-24,1.5,,0.6629999999999998,0.2219999999999999,0.306,-0.0029999999999998916,0.021999999999999797
2015-06-25,1.5,,0.6800000000000002,0.217,0.314,0.016000000000000014,0.08400000000000007
2015-06-26,1.5,,0.677,0.2119999999999997,0.318,0.07299999999999995,0.18700000000000028
2015-06-29,1.5,,0.6570000000000003,0.2159999999999999,0.2929999999999999,0.04699999999999993,0.1070000000000002
2015-06-30,1.5,,0.6580000000000001,0.2140000000000002,0.2929999999999999,0.06699999999999995,0.11799999999999988
2015-07-01,1.5,,0.6660000000000001,0.2140000000000002,0.3049999999999999,0.04800000000000004,0.04200000000000026
2015-07-02,1.5,,0.7019999999999997,0.2139999999999997,0.328,0.061000000000000165,0.0479999999999996
2015-07-03,1.5,,0.6959999999999997,0.2109999999999998,0.326,0.08499999999999996,0.053999999999999826
2015-07-06,1.5,,0.6359999999999999,0.2039999999999999,0.3289999999999999,0.09999999999999987,-0.018000000000000238
2015-07-07,1.5,,0.6719999999999999,0.2060000000000001,0.3249999999999999,0.09199999999999986,0.06299999999999972
2015-07-08,1.5,,0.6619999999999999,0.2080000000000001,0.3069999999999999,0.03400000000000003,0.0040000000000000036
2015-07-09,1.5,,0.6819999999999999,0.2149999999999998,0.302,0.0050000000000001155,-0.041999999999999815
2015-07-10,1.5,,0.6959999999999997,0.217,0.306,0.04400000000000004,0.0389999999999997
2015-07-13,1.5,,0.704,0.2169999999999998,0.304,0.040000000000000036,0.008000000000000007
2015-07-14,1.5,,0.708,0.2209999999999998,0.296,0.030000000000000027,-0.0040000000000000036
2015-07-15,1.5,,0.7000000000000002,0.2200000000000002,0.2949999999999999,-0.0050000000000001155,-0.06199999999999983
2015-07-16,1.5,,0.692,0.2230000000000001,0.2889999999999999,0.010999999999999899,-0.03500000000000014
2015-07-17,1.5,,0.6860000000000002,0.2239999999999999,0.284,0.014000000000000012,0.025000000000000355
2015-07-20,1.5,,0.6920000000000002,0.2269999999999998,0.2749999999999999,-0.01200000000000001,-0.0389999999999997
2015-07-21,1.5,,0.6830000000000003,0.2290000000000001,0.2709999999999999,-0.02400000000000002,-0.0259999999999998
2015-07-22,1.5,,0.6719999999999997,0.2339999999999999,0.2490000000000001,-0.05699999999999994,-0.04800000000000004
2015-07-23,1.5,,0.6540000000000001,0.2390000000000001,0.2159999999999999,-0.09800000000000009,-0.12400000000000011
2015-07-24,1.5,,0.6299999999999999,0.2390000000000001,0.2059999999999999,-0.1120000000000001,-0.15900000000000025
2015-07-27,1.5,,0.6479999999999999,0.2389999999999998,0.203,-0.08999999999999986,-0.0990000000000002
2015-07-28,1.5,,0.6519999999999999,0.238,0.2310000000000001,-0.06199999999999983,-0.06800000000000006
2015-07-29,1.5,,0.6460000000000001,0.2430000000000001,0.2159999999999999,-0.08899999999999997,-0.10899999999999999
2015-07-30,1.5,,0.655,0.244,0.2350000000000001,-0.09299999999999997,-0.13999999999999968
2015-07-31,1.5,,0.6599999999999999,0.2419999999999997,0.268,-0.05800000000000005,-0.09399999999999986
2015-08-03,1.5,,0.6420000000000001,0.24,0.26,-0.06899999999999995,-0.06299999999999972
2015-08-04,1.5,,0.6349999999999998,0.2359999999999997,0.274,-0.050999999999999934,-0.08800000000000008
2015-08-05,1.5,,0.631,0.2339999999999997,0.292,-0.014999999999999902,-0.04599999999999982
2015-08-06,1.5,,0.6219999999999999,0.2330000000000001,0.286,-0.016000000000000014,-0.07600000000000007
2015-08-07,1.5,,0.6270000000000002,0.2339999999999999,0.2829999999999999,-0.02300000000000013,-0.09199999999999964
2015-08-10,1.5,,0.593,0.2330000000000001,0.2629999999999999,-0.04100000000000015,-0.15200000000000014
2015-08-11,1.5,,0.5859999999999999,0.24,0.2370000000000001,-0.05899999999999994,-0.18100000000000005
2015-08-12,1.5,,0.552,0.24,0.205,-0.08999999999999986,-0.238
2015-08-13,1.5,,0.565,0.242,0.2290000000000001,-0.05999999999999983,-0.18699999999999983
2015-08-17,1.5,,0.5559999999999998,0.2449999999999998,0.2230000000000001,-0.06099999999999994,-0.19100000000000028
2015-08-18,1.5,,0.5570000000000002,0.244,0.2159999999999999,-0.05899999999999994,-0.19399999999999995
2015-08-19,1.5,,0.577,0.244,0.2299999999999999,-0.040999999999999925,-0.14700000000000024
2015-08-20,1.5,,0.5619999999999998,0.248,0.2139999999999999,-0.03500000000000014,-0.14500000000000002
2015-08-21,1.5,,0.5469999999999997,0.25,0.209,-0.006999999999999895,-0.11400000000000032
2015-08-24,1.5,,0.496,0.254,0.193,-0.0129999999999999,-0.1469999999999998
2015-08-25,1.5,,0.514,0.2550000000000001,0.2079999999999999,0.004999999999999893,-0.129
2015-08-26,1.5,,0.53,0.256,0.219,-0.01200000000000001,-0.1339999999999999
2015-08-27,1.5,,0.5469999999999997,0.26,0.205,-0.010999999999999899,-0.11000000000000032
2015-08-28,1.5,,0.5670000000000002,0.26,0.2179999999999999,-0.017000000000000126,-0.10499999999999998
2015-08-31,1.5,,0.5599999999999998,0.2589999999999999,0.2350000000000001,-0.03299999999999992,-0.133
2015-09-01,1.5,,0.5779999999999998,0.264,0.2250000000000001,-0.03499999999999992,-0.0990000000000002
2015-09-02,1.5,,0.5700000000000001,0.2690000000000001,0.1959999999999999,-0.07800000000000007,-0.1429999999999998
2015-09-03,1.5,,0.6059999999999999,0.2750000000000001,0.1739999999999999,-0.1180000000000001,-0.14300000000000024
2015-09-04,1.5,,0.5960000000000001,0.28,0.145,-0.14100000000000001,-0.16699999999999982
2015-09-07,1.5,,0.5730000000000002,0.2789999999999999,0.151,-0.1319999999999999,-0.18599999999999994
2015-09-08,1.5,,0.5589999999999999,0.2790000000000001,0.1679999999999999,-0.09499999999999997,-0.129
2015-09-09,1.5,,0.5730000000000002,0.282,0.1799999999999999,-0.05700000000000016,-0.06999999999999984
2015-09-10,1.5,,0.5750000000000002,0.29,0.1499999999999999,-0.05500000000000016,-0.03200000000000003
2015-09-11,1.5,,0.5820000000000001,0.294,0.155,-0.07400000000000007,-0.05699999999999994
2015-09-14,1.5,,0.603,0.2969999999999999,0.167,-0.05600000000000005,-0.008999999999999897
2015-09-15,1.5,,0.5989999999999998,0.2989999999999999,0.153,-0.06299999999999994,-0.02100000000000035
2015-09-16,1.5,,0.6040000000000001,0.3,0.1699999999999999,-0.06000000000000005,-0.03299999999999992
2015-09-17,1.5,,0.5879999999999999,0.2989999999999999,0.183,-0.030999999999999917,-0.004999999999999893
2015-09-18,1.5,,0.5599999999999998,0.3049999999999999,0.135,-0.07400000000000007,-0.06099999999999994
2015-09-21,1.5,,0.5409999999999999,0.308,0.1169999999999999,-0.07600000000000007,-0.03100000000000014
2015-09-22,1.5,,0.524,0.3069999999999999,0.1240000000000001,-0.08399999999999985,-0.07399999999999984
2015-09-23,1.5,,0.5170000000000001,0.3089999999999999,0.119,-0.10000000000000009,-0.11299999999999999
2015-09-24,1.5,,0.5300000000000002,0.312,0.1299999999999999,-0.07500000000000018,-0.09199999999999964
2015-09-25,1.5,,0.5189999999999999,0.3149999999999999,0.1149999999999999,-0.10299999999999998,-0.15100000000000025
2015-09-30,1.5,,0.4929999999999999,0.3249999999999999,0.068,-0.16700000000000004,-0.23399999999999999
2015-10-01,1.5,,0.5110000000000001,0.3259999999999998,0.096,-0.129,-0.19599999999999973
2015-10-02,1.5,,0.4979999999999998,0.3269999999999999,0.084,-0.11199999999999988,-0.18400000000000016
2015-10-05,1.5,,0.4649999999999998,0.3269999999999999,0.0769999999999999,-0.09699999999999998,-0.238
2015-10-06,1.5,,0.4589999999999998,0.328,0.0909999999999999,-0.05400000000000005,-0.19100000000000028
2015-10-07,1.5,,0.4730000000000001,0.3279999999999998,0.1140000000000001,-0.03699999999999992,-0.137
2015-10-08,1.5,,0.4760000000000002,0.328,0.1149999999999999,-0.052999999999999936,-0.13599999999999968
2015-10-12,1.5,,0.5030000000000001,0.33,0.1459999999999999,-0.03400000000000003,-0.10400000000000009
2015-10-13,1.5,,0.4860000000000002,0.33,0.1379999999999999,-0.01200000000000001,-0.10099999999999998
2015-10-14,1.5,,0.4670000000000001,0.3229999999999999,0.157,0.0020000000000000018,-0.11299999999999999
2015-10-15,1.5,,0.437,0.3320000000000001,0.123,-0.04400000000000004,-0.20999999999999996
2015-10-16,1.5,,0.4419999999999999,0.3339999999999998,0.1220000000000001,-0.030999999999999917,-0.18799999999999972
2015-10-19,1.5,,0.4539999999999999,0.3379999999999998,0.1220000000000001,-0.04799999999999982,-0.19799999999999995
2015-10-20,1.5,,0.4590000000000003,0.3370000000000002,0.1399999999999999,-0.04300000000000015,-0.1719999999999997
2015-10-21,1.5,,0.4599999999999999,0.3360000000000001,0.149,0.014000000000000012,-0.08599999999999985
2015-10-22,1.5,,0.4679999999999999,0.3380000000000001,0.1539999999999999,0.03699999999999992,-0.03600000000000003
2015-10-23,1.5,,0.455,0.3410000000000002,0.1499999999999999,0.0259999999999998,-0.04300000000000015
2015-10-26,1.5,,0.4519999999999999,0.3440000000000001,0.145,0.026000000000000023,-0.039000000000000146
2015-10-27,1.5,,0.4340000000000001,0.3460000000000001,0.1299999999999999,0.0,-0.09600000000000009
2015-10-28,1.5,,0.4100000000000001,0.3490000000000002,0.1259999999999999,0.010999999999999899,-0.09799999999999986
2015-10-29,1.5,,0.4119999999999999,0.347,0.141,0.07299999999999995,-0.008000000000000007
2015-10-30,1.5,,0.4540000000000002,0.3460000000000001,0.157,0.06099999999999994,0.0040000000000000036
2015-11-02,1.5,,0.4599999999999999,0.3479999999999998,0.1579999999999999,0.07399999999999984,0.03600000000000003
2015-11-03,1.5,,0.488,0.3540000000000001,0.165,0.08800000000000008,0.11100000000000021
2015-11-04,1.5,,0.488,0.355,0.177,0.08600000000000008,0.11500000000000021
2015-11-05,1.5,,0.4659999999999999,0.3560000000000001,0.191,0.07699999999999996,0.06999999999999984
2015-11-06,1.5,,0.4790000000000001,0.3540000000000001,0.2290000000000001,0.1140000000000001,0.11699999999999999
2015-11-09,1.5,,0.5030000000000001,0.3540000000000001,0.3029999999999999,0.15700000000000003,0.15700000000000003
2015-11-10,1.5,,0.4930000000000001,0.3560000000000001,0.2809999999999999,0.14300000000000002,0.1499999999999999
2015-11-11,1.5,,0.5099999999999998,0.359,0.298,0.14100000000000001,0.18399999999999972
2015-11-12,1.5,,0.5390000000000001,0.3639999999999999,0.2869999999999999,0.16399999999999992,0.266
2015-11-13,1.5,,0.5539999999999998,0.367,0.278,0.15599999999999992,0.2679999999999998
2015-11-16,1.5,,0.5339999999999998,0.3700000000000001,0.2490000000000001,0.127,0.20699999999999985
2015-11-17,1.5,,0.5459999999999998,0.371,0.258,0.1180000000000001,0.20499999999999963
2015-11-18,1.5,,0.5399999999999998,0.3710000000000002,0.252,0.10299999999999998,0.18299999999999983
2015-11-19,1.5,,0.5239999999999998,0.373,0.236,0.08200000000000007,0.1379999999999999
2015-11-20,1.5,,0.5070000000000001,0.3719999999999999,0.262,0.1120000000000001,0.16400000000000015
2015-11-23,1.5,,0.5269999999999999,0.3760000000000001,0.2609999999999999,0.11599999999999988,0.19099999999999984
2015-11-24,1.5,,0.512,0.3780000000000001,0.2669999999999999,0.137,0.21499999999999986
2015-11-25,1.5,,0.4810000000000001,0.3779999999999999,0.2689999999999999,0.14300000000000002,0.21399999999999997
2015-11-26,1.5,,0.4609999999999998,0.379,0.278,0.137,0.18599999999999994
2015-11-27,1.5,,0.4729999999999998,0.3809999999999998,0.298,0.14100000000000001,0.1599999999999997
2015-11-30,1.5,,0.4619999999999999,0.3830000000000002,0.2849999999999999,0.127,0.129
2015-12-01,1.5,,0.5029999999999999,0.3899999999999999,0.272,0.10699999999999998,0.12199999999999989
2015-12-02,1.5,,0.4939999999999998,0.3940000000000001,0.262,0.08499999999999996,0.09099999999999975
2015-12-03,1.5,,0.5089999999999999,0.395,0.2549999999999999,0.06399999999999983,0.10699999999999976
2015-12-04,1.5,,0.5200000000000002,0.397,0.2809999999999999,0.051999999999999824,0.09299999999999997
2015-12-07,1.5,,0.512,0.395,0.2869999999999999,-0.016000000000000014,-0.007000000000000117
2015-12-08,1.5,,0.4670000000000001,0.4039999999999999,0.2629999999999999,-0.018000000000000016,-0.04400000000000004
2015-12-09,1.5,,0.4479999999999999,0.4039999999999999,0.262,-0.03600000000000003,-0.09799999999999986
2015-12-10,1.5,,0.4710000000000001,0.4099999999999997,0.2450000000000001,-0.041999999999999815,-0.10999999999999988
2015-12-11,1.5,,0.4949999999999999,0.4139999999999999,0.248,-0.030000000000000027,-0.08899999999999997
2015-12-14,1.5,,0.4890000000000001,0.4219999999999999,0.2319999999999999,-0.017000000000000126,-0.06199999999999983
2015-12-15,1.5,,0.4769999999999998,0.423,0.2330000000000001,-0.02499999999999991,-0.09399999999999986
2015-12-16,1.5,,0.47,0.4240000000000001,0.248,-0.0040000000000000036,-0.07399999999999984
2015-12-17,1.5,,0.4359999999999999,0.427,0.2259999999999999,-0.010000000000000009,-0.09799999999999986
2015-12-18,1.5,,0.4249999999999998,0.435,0.193,-0.06899999999999995,-0.15100000000000025
2015-12-21,1.5,,0.4420000000000001,0.4439999999999999,0.1579999999999999,-0.10299999999999998,-0.18799999999999972
2015-12-22,1.5,,0.4419999999999999,0.4470000000000003,0.1719999999999999,-0.09499999999999997,-0.16500000000000004
2015-12-23,1.5,,0.4459999999999999,0.4470000000000003,0.1679999999999999,-0.10099999999999998,-0.13600000000000012
2015-12-24,1.5,,0.4399999999999999,0.4500000000000002,0.1619999999999999,-0.1160000000000001,-0.137
2015-12-28,1.5,,0.4199999999999999,0.4439999999999999,0.177,-0.121,-0.17399999999999993
2015-12-29,1.5,,0.4149999999999998,0.4509999999999998,0.155,-0.1299999999999999,-0.17700000000000005
2015-12-30,1.5,,0.4140000000000001,0.451,0.1619999999999999,-0.1100000000000001,-0.19899999999999984
2015-12-31,1.5,,0.4140000000000001,0.451,0.1619999999999999,-0.10000000000000009,-0.17999999999999972
2016-01-04,1.5,0.6223386832623579,0.4050000000000002,0.4590000000000001,0.1339999999999999,-0.121,-0.22499999999999964
2016-01-05,1.5,0.6223386832623579,0.4139999999999999,0.4600000000000002,0.143,-0.1379999999999999,-0.24400000000000022
2016-01-06,1.5,0.6223386832623579,0.3960000000000001,0.4600000000000002,0.139,-0.1479999999999999,-0.2639999999999998
2016-01-07,1.5,0.6223386832623579,0.3760000000000001,0.4579999999999999,0.139,-0.12399999999999989,-0.21499999999999986
2016-01-08,1.5,0.6223386832623579,0.3919999999999999,0.4559999999999999,0.165,-0.09699999999999998,-0.15300000000000002
2016-01-11,1.5,0.6223386832623579,0.3899999999999999,0.4589999999999998,0.135,-0.1100000000000001,-0.19100000000000028
2016-01-12,1.5,0.6223386832623579,0.3980000000000001,0.4590000000000001,0.1379999999999999,-0.1100000000000001,-0.20699999999999985
2016-01-13,1.5,0.6223386832623579,0.3919999999999999,0.4609999999999998,0.133,-0.09899999999999998,-0.19600000000000017
2016-01-14,1.5,0.6223386832623579,0.385,0.4579999999999999,0.1479999999999999,-0.08500000000000019,-0.17700000000000005
2016-01-15,1.5,0.6223386832623579,0.3760000000000001,0.4579999999999999,0.1479999999999999,-0.10000000000000009,-0.19399999999999995
2016-01-18,1.5,0.6223386832623579,0.3930000000000002,0.4610000000000003,0.1459999999999999,-0.08000000000000007,-0.12299999999999978
2016-01-19,1.5,0.6223386832623579,0.421,0.4640000000000002,0.1439999999999999,-0.049000000000000155,-0.052999999999999936
2016-01-20,1.5,0.6223386832623579,0.3849999999999998,0.4660000000000002,0.1169999999999999,-0.040999999999999925,-0.09800000000000031
2016-01-21,1.5,0.6223386832623579,0.3840000000000001,0.4659999999999999,0.1109999999999999,-0.06099999999999994,-0.11899999999999977
2016-01-22,1.5,0.6223386832623579,0.4159999999999999,0.4660000000000002,0.121,-0.04699999999999993,-0.07699999999999996
2016-01-25,1.5,0.6223386832623579,0.399,0.4670000000000001,0.121,-0.040999999999999925,-0.08199999999999985
2016-01-26,1.5,0.6223386832623579,0.391,0.4680000000000002,0.0989999999999999,-0.07800000000000007,-0.10699999999999998
2016-01-27,1.5,0.6223386832623579,0.4089999999999998,0.4679999999999999,0.104,-0.050999999999999934,-0.05699999999999994
2016-01-28,1.5,0.6223386832623579,0.3999999999999997,0.4669999999999998,0.1180000000000001,-0.04399999999999982,-0.058000000000000274
2016-01-29,1.5,0.6223386832623579,0.415,0.4739999999999997,0.064,-0.09799999999999986,-0.09699999999999998
2016-02-01,1.5,1.1132608075105521,0.397,0.4750000000000001,0.0249999999999999,-0.10899999999999999,-0.11700000000000021
2016-02-02,1.5,1.1132608075105521,0.3999999999999999,0.4770000000000001,0.016,-0.127,-0.14100000000000001
2016-02-03,1.5,1.1132608075105521,0.369,0.472,-0.004,-0.14300000000000002,-0.17000000000000015
2016-02-04,1.5,1.1132608075105521,0.3680000000000001,0.47,-0.006,-0.14500000000000002,-0.15300000000000002
2016-02-05,1.5,1.1132608075105521,0.3759999999999999,0.4690000000000001,0.006,-0.15900000000000003,-0.17500000000000004
2016-02-11,1.5,1.1132608075105521,0.316,0.4650000000000001,-0.05,-0.18500000000000005,-0.2589999999999999
2016-02-12,1.5,1.1132608075105521,0.3249999999999999,0.4649999999999998,-0.0249999999999999,-0.1629999999999998,-0.236
2016-02-15,1.5,1.1132608075105521,0.3409999999999999,0.4710000000000001,-0.016,-0.14900000000000002,-0.19999999999999996
2016-02-16,1.5,1.1132608075105521,0.3499999999999998,0.478,-0.0689999999999999,-0.21699999999999986,-0.252
2016-02-17,1.5,1.1132608075105521,0.349,0.48,-0.0649999999999999,-0.21299999999999986,-0.24
2016-02-18,1.5,1.1132608075105521,0.3539999999999998,0.4789999999999998,-0.0489999999999999,-0.19499999999999984,-0.2340000000000002
2016-02-19,1.5,1.1132608075105521,0.3460000000000001,0.476,-0.032,-0.17599999999999993,-0.2509999999999999
2016-02-22,1.5,1.1132608075105521,0.3500000000000001,0.4790000000000001,-0.02,-0.137,-0.1719999999999997
2016-02-23,1.5,1.1132608075105521,0.3499999999999998,0.4789999999999998,-0.0189999999999999,-0.1299999999999999,-0.16400000000000015
2016-02-24,1.5,1.1132608075105521,0.345,0.4809999999999998,-0.0309999999999999,-0.1519999999999999,-0.22299999999999986
2016-02-25,1.5,1.1132608075105521,0.3380000000000001,0.484,-0.036,-0.15700000000000003,-0.21799999999999997
2016-02-26,1.5,1.1132608075105521,0.326,0.486,-0.048,-0.14700000000000002,-0.21199999999999997
2016-02-29,1.5,1.1132608075105521,0.3320000000000001,0.4850000000000001,-0.046,-0.15000000000000013,-0.22699999999999987
2016-03-02,1.5,0.8425303395492412,0.3579999999999999,0.484,-0.0309999999999999,-0.14900000000000002,-0.19099999999999984
2016-03-03,1.5,0.8425303395492412,0.3660000000000001,0.482,0.004,-0.06000000000000005,-0.10899999999999999
2016-03-04,1.5,0.8425303395492412,0.3599999999999999,0.4789999999999998,0.022,-0.0029999999999998916,-0.040000000000000036
2016-03-07,1.5,0.8425303395492412,0.365,0.4810000000000001,0.002,-0.014000000000000012,-0.04899999999999993
2016-03-08,1.5,0.8425303395492412,0.3639999999999999,0.4849999999999999,-0.0189999999999999,-0.014999999999999902,-0.020000000000000018
2016-03-09,1.5,0.8425303395492412,0.3800000000000001,0.4850000000000001,-0.03,-0.02400000000000002,-0.01200000000000001
2016-03-10,1.5,0.8425303395492412,0.363,0.4770000000000001,0.0,-0.006000000000000005,-0.018999999999999906
2016-03-11,1.5,0.8425303395492412,0.3719999999999999,0.4770000000000001,0.05,0.10000000000000009,0.15599999999999992
2016-03-14,1.5,0.8425303395492412,0.383,0.4819999999999997,0.032,0.05699999999999994,0.11499999999999999
2016-03-15,1.5,0.8425303395492412,0.3740000000000001,0.4809999999999998,0.0329999999999999,0.04899999999999993,0.08200000000000007
2016-03-16,1.5,0.8425303395492412,0.3699999999999999,0.4810000000000001,0.042,0.11099999999999999,0.131
2016-03-17,1.5,0.8425303395492412,0.3470000000000002,0.4790000000000001,0.0149999999999999,0.07999999999999985,0.07800000000000007
2016-03-18,1.5,0.8425303395492412,0.3359999999999998,0.482,-0.0009999999999998,0.04800000000000004,0.030000000000000027
2016-03-21,1.5,0.8425303395492412,0.3320000000000001,0.478,-0.004,0.028000000000000025,0.014000000000000012
2016-03-22,1.5,0.8425303395492412,0.3349999999999999,0.478,0.012,0.03200000000000003,0.016999999999999904
2016-03-23,1.5,0.8425303395492412,0.355,0.48,0.012,0.030999999999999917,0.03600000000000003
2016-03-24,1.5,0.8425303395492412,0.3480000000000001,0.4810000000000001,0.0,0.030999999999999917,0.03400000000000003
2016-03-25,1.5,0.8425303395492412,0.3399999999999998,0.4769999999999998,-0.0049999999999998,0.03100000000000014,0.03299999999999992
2016-03-28,1.5,0.8425303395492412,0.355,0.4829999999999999,-0.0209999999999999,0.027000000000000135,0.05600000000000005
2016-03-29,1.5,0.8425303395492412,0.349,0.4849999999999999,-0.0509999999999999,-0.004999999999999893,0.01200000000000001
2016-03-30,1.5,0.8425303395492412,0.3309999999999999,0.484,-0.05,-0.019000000000000128,-0.04600000000000004
2016-03-31,1.5,0.8425303395492412,0.349,0.488,-0.056,-0.06000000000000005,-0.07700000000000018
2016-04-01,1.5,1.0018494055482163,0.3480000000000001,0.484,-0.052,-0.07400000000000007,-0.08599999999999985
2016-04-04,1.5,1.0018494055482163,0.326,0.4830000000000001,-0.06,-0.062000000000000055,-0.10099999999999998
2016-04-05,1.5,1.0018494055482163,0.3339999999999998,0.4769999999999998,-0.0469999999999999,-0.028000000000000025,-0.05800000000000005
2016-04-06,1.5,1.0018494055482163,0.3289999999999999,0.476,-0.042,-0.01200000000000001,-0.06300000000000017
2016-04-07,1.5,1.0018494055482163,0.3329999999999999,0.4750000000000001,-0.032,-0.03200000000000003,-0.062000000000000055
2016-04-08,1.5,1.0018494055482163,0.3309999999999999,0.4749999999999998,-0.0369999999999999,-0.08699999999999997,-0.1279999999999999
2016-04-11,1.5,1.0018494055482163,0.328,0.472,-0.034,-0.06600000000000006,-0.121
2016-04-12,1.5,1.0018494055482163,0.3259999999999998,0.4729999999999998,-0.0349999999999999,-0.06799999999999984,-0.1160000000000001
2016-04-14,1.5,1.0018494055482163,0.3420000000000001,0.47,0.002,-0.040000000000000036,-0.06799999999999984
2016-04-15,1.5,1.0018494055482163,0.3460000000000001,0.4710000000000001,-0.006,-0.020999999999999908,-0.02200000000000002
2016-04-18,1.5,1.0018494055482163,0.3380000000000001,0.4680000000000002,0.0069999999999998,0.007999999999999785,0.010000000000000009
2016-04-19,1.5,1.0018494055482163,0.3370000000000002,0.4680000000000002,0.0009999999999998,0.004999999999999893,0.010000000000000009
2016-04-20,1.5,1.0018494055482163,0.33,0.4670000000000001,-0.026,-0.038000000000000034,-0.04299999999999993
2016-04-21,1.5,1.0018494055482163,0.3419999999999998,0.4679999999999999,-0.0169999999999999,-0.028999999999999915,-0.04200000000000004
2016-04-22,1.5,1.0018494055482163,0.3560000000000001,0.472,-0.028,-0.028000000000000025,-0.020000000000000018
2016-04-25,1.5,1.0018494055482163,0.3759999999999999,0.474,-0.0449999999999999,-0.040000000000000036,-0.0040000000000000036
2016-04-26,1.5,1.0018494055482163,0.3640000000000001,0.472,-0.048,-0.027000000000000135,-0.018000000000000016
2016-04-27,1.5,1.0018494055482163,0.355,0.4670000000000001,-0.044,0.006999999999999895,0.0129999999999999
2016-04-28,1.5,1.0018494055482163,0.351,0.4639999999999999,-0.05,0.0,0.020000000000000018
2016-04-29,1.5,1.0018494055482163,0.3409999999999999,0.4619999999999999,-0.0469999999999999,0.009000000000000119,0.001000000000000112
2016-05-02,1.5,0.7798503530403567,0.3419999999999998,0.4599999999999999,-0.0349999999999999,0.017000000000000126,0.010999999999999899
2016-05-03,1.5,0.7798503530403567,0.3499999999999998,0.4639999999999999,-0.0549999999999999,0.0050000000000001155,0.028999999999999915
2016-05-04,1.5,0.7798503530403567,0.3389999999999999,0.4610000000000001,-0.066,-0.019000000000000128,-0.014000000000000012
2016-05-09,1.5,0.7798503530403567,0.3539999999999998,0.4659999999999999,-0.0869999999999999,-0.04499999999999993,-0.020000000000000018
2016-05-10,1.5,0.7798503530403567,0.3560000000000001,0.4650000000000001,-0.088,-0.05600000000000005,-0.03299999999999992
2016-05-11,1.5,0.7798503530403567,0.3479999999999998,0.4579999999999999,-0.0829999999999999,-0.04600000000000004,-0.029000000000000137
2016-05-12,1.5,0.7798503530403567,0.3420000000000001,0.4559999999999999,-0.078,-0.04400000000000004,-0.030000000000000027
2016-05-13,1.5,0.7798503530403567,0.326,0.4499999999999999,-0.058,-0.02300000000000013,-0.02299999999999991
2016-05-16,1.5,0.7798503530403567,0.3309999999999999,0.4509999999999998,-0.0569999999999999,-0.05899999999999994,-0.07000000000000006
2016-05-17,1.5,0.7798503530403567,0.3359999999999998,0.4499999999999999,-0.0449999999999999,-0.038999999999999924,-0.049000000000000155
2016-05-18,1.5,0.7798503530403567,0.3289999999999999,0.4479999999999999,-0.028,-0.03499999999999992,-0.04400000000000004
2016-05-19,1.5,0.7798503530403567,0.3369999999999999,0.449,-0.008,-0.008999999999999897,-0.009000000000000119
2016-05-20,1.5,0.7798503530403567,0.3319999999999998,0.4539999999999999,-0.0289999999999999,-0.0029999999999998916,-0.001000000000000112
2016-05-23,1.5,0.7798503530403567,0.3329999999999999,0.4569999999999998,-0.0329999999999999,-0.016000000000000014,-0.02499999999999991
2016-05-24,1.5,0.7798503530403567,0.3229999999999999,0.4599999999999999,-0.056,-0.028000000000000025,-0.061000000000000165
2016-05-25,1.5,0.7798503530403567,0.3239999999999998,0.4559999999999999,-0.0389999999999999,0.006000000000000005,-0.04600000000000004
2016-05-26,1.5,0.7798503530403567,0.322,0.4519999999999999,-0.032,0.016000000000000014,-0.026000000000000023
2016-05-27,1.5,0.7798503530403567,0.31,0.4519999999999999,-0.032,0.01200000000000001,-0.03299999999999992
2016-05-30,1.5,0.7798503530403567,0.31,0.4480000000000002,0.0029999999999998,0.052999999999999936,0.01200000000000001
2016-05-31,1.5,0.7798503530403567,0.3149999999999999,0.453,-0.004,0.04299999999999993,0.016999999999999904
2016-06-01,1.5,0.7396558808964393,0.3189999999999999,0.4519999999999999,-0.062,-0.027000000000000135,-0.050000000000000044
2016-06-02,1.5,0.7396558808964393,0.3199999999999998,0.4509999999999998,-0.0569999999999999,-0.0020000000000000018,-0.03200000000000003
2016-06-03,1.5,0.7396558808964393,0.3149999999999999,0.4529999999999998,-0.0769999999999999,-0.010999999999999899,-0.03499999999999992
2016-06-07,1.5,0.7396558808964393,0.31,0.4499999999999999,-0.0949999999999999,-0.008000000000000007,-0.051999999999999824
2016-06-08,1.5,0.7396558808964393,0.3190000000000002,0.455,-0.1220000000000001,-0.03400000000000003,-0.07099999999999995
2016-06-09,1.25,0.7396558808964393,0.3149999999999999,0.455,0.0949999999999999,-0.07200000000000006,-0.10499999999999998
2016-06-10,1.25,0.7396558808964393,0.3299999999999998,0.4679999999999999,0.072,-0.09999999999999987,-0.1120000000000001
2016-06-13,1.25,0.7396558808964393,0.304,0.4690000000000001,0.0609999999999999,-0.131,-0.15300000000000002
2016-06-14,1.25,0.7396558808964393,0.298,0.4659999999999999,0.0869999999999999,-0.1060000000000001,-0.139
2016-06-15,1.25,0.7396558808964393,0.2830000000000001,0.4610000000000001,0.0889999999999999,-0.1160000000000001,-0.16899999999999982
2016-06-16,1.25,0.7396558808964393,0.2609999999999999,0.4609999999999998,0.068,-0.15399999999999991,-0.22199999999999998
2016-06-17,1.25,0.7396558808964393,0.262,0.4589999999999998,0.084,-0.15799999999999992,-0.23299999999999987
2016-06-20,1.25,0.7396558808964393,0.282,0.4579999999999999,0.1089999999999999,-0.1120000000000001,-0.16199999999999992
2016-06-21,1.25,0.7396558808964393,0.2730000000000001,0.4599999999999999,0.0929999999999999,-0.12400000000000011,-0.18399999999999994
2016-06-22,1.25,0.7396558808964393,0.2829999999999999,0.4599999999999999,0.1049999999999999,-0.08899999999999997,-0.129
2016-06-23,1.25,0.7396558808964393,0.29,0.4599999999999999,0.0869999999999999,-0.12400000000000011,-0.15799999999999992
2016-06-24,1.25,0.7396558808964393,0.2509999999999999,0.4509999999999998,-0.0009999999999998,-0.21899999999999986,-0.29000000000000004
2016-06-27,1.25,0.7396558808964393,0.248,0.4439999999999999,-0.014,-0.23199999999999998,-0.29400000000000004
2016-06-28,1.25,0.7396558808964393,0.238,0.4399999999999999,-0.002,-0.2549999999999999,-0.32699999999999996
2016-06-29,1.25,0.7396558808964393,0.221,0.439,-0.012,-0.258,-0.35199999999999987
2016-06-30,1.25,0.7396558808964393,0.2219999999999999,0.4419999999999999,-0.0029999999999998,-0.19099999999999984,-0.2879999999999998
2016-07-01,1.25,0.3691628102650446,0.199,0.443,-0.04,-0.2330000000000001,-0.35399999999999987
2016-07-04,1.25,0.3691628102650446,0.191,0.4379999999999999,-0.026,-0.19900000000000007,-0.32299999999999995
2016-07-05,1.25,0.3691628102650446,0.2039999999999999,0.4399999999999999,-0.0329999999999999,-0.18799999999999994,-0.29400000000000004
2016-07-06,1.25,0.3691628102650446,0.1799999999999999,0.4399999999999999,-0.0469999999999999,-0.17499999999999982,-0.31400000000000006
2016-07-07,1.25,0.3691628102650446,0.1719999999999999,0.437,-0.042,-0.137,-0.28
2016-07-08,1.25,0.3691628102650446,0.1719999999999999,0.4319999999999999,-0.034,-0.1060000000000001,-0.264
2016-07-11,1.25,0.3691628102650446,0.1669999999999998,0.4309999999999998,-0.0369999999999999,-0.09799999999999986,-0.2350000000000001
2016-07-12,1.25,0.3691628102650446,0.1709999999999998,0.4319999999999999,-0.0329999999999999,-0.11999999999999988,-0.2470000000000001
2016-07-13,1.25,0.3691628102650446,0.1819999999999999,0.4349999999999998,-0.0389999999999999,-0.1279999999999999,-0.2290000000000001
2016-07-14,1.25,0.3691628102650446,0.169,0.4349999999999998,-0.0449999999999999,-0.11299999999999999,-0.20499999999999985
2016-07-15,1.25,0.3691628102650446,0.1709999999999998,0.4309999999999998,-0.0289999999999999,-0.11299999999999999,-0.20400000000000018
2016-07-18,1.25,0.3691628102650446,0.1859999999999999,0.4319999999999999,-0.0209999999999999,-0.1299999999999999,-0.22599999999999998
2016-07-19,1.25,0.3691628102650446,0.1989999999999998,0.4299999999999999,-0.0229999999999999,-0.11599999999999988,-0.19000000000000017
2016-07-20,1.25,0.3691628102650446,0.1969999999999998,0.4329999999999998,-0.0289999999999999,-0.1339999999999999,-0.21999999999999997
2016-07-21,1.25,0.3691628102650446,0.2059999999999999,0.4319999999999999,-0.0169999999999999,-0.10399999999999987,-0.18799999999999994
2016-07-22,1.25,0.3691628102650446,0.1909999999999998,0.4279999999999999,-0.0229999999999999,-0.02200000000000002,-0.08200000000000007
2016-07-25,1.25,0.3691628102650446,0.1999999999999999,0.4299999999999999,-0.0249999999999999,-0.010999999999999899,-0.05899999999999994
2016-07-26,1.25,0.3691628102650446,0.191,0.4299999999999999,-0.03,-0.028000000000000025,-0.07499999999999996
2016-07-27,1.25,0.3691628102650446,0.181,0.427,-0.028,-0.016000000000000014,-0.05600000000000005
2016-07-28,1.25,0.3691628102650446,0.1539999999999999,0.4269999999999998,-0.0469999999999999,-0.04400000000000004,-0.1120000000000001
2016-07-29,1.25,0.3691628102650446,0.1699999999999999,0.4259999999999999,-0.034,0.006000000000000005,-0.02300000000000013
2016-08-01,1.25,0.4873284110363141,0.151,0.425,-0.038,-0.01200000000000001,-0.052000000000000046
2016-08-02,1.25,0.4873284110363141,0.1659999999999999,0.4259999999999999,-0.038,-0.0050000000000001155,-0.04300000000000015
2016-08-03,1.25,0.4873284110363141,0.1779999999999999,0.4109999999999998,-0.0029999999999998,0.04400000000000004,0.04200000000000004
2016-08-04,1.25,0.4873284110363141,0.175,0.413,-0.012,0.030000000000000027,0.03300000000000014
2016-08-05,1.25,0.4873284110363141,0.1629999999999998,0.4149999999999998,-0.0249999999999999,0.009000000000000119,0.0
2016-08-08,1.25,0.4873284110363141,0.183,0.4119999999999999,-0.004,0.03299999999999992,0.049000000000000155
2016-08-09,1.25,0.4873284110363141,0.1799999999999999,0.4089999999999998,-0.0029999999999998,0.030000000000000027,0.039000000000000146
2016-08-10,1.25,0.4873284110363141,0.1759999999999999,0.4129999999999998,-0.0349999999999999,0.0040000000000000036,-0.0020000000000000018
2016-08-11,1.25,0.4873284110363141,0.1739999999999999,0.4099999999999999,-0.028,0.016999999999999904,0.021999999999999797
2016-08-12,1.25,0.4873284110363141,0.1799999999999999,0.4079999999999999,-0.02,0.008999999999999897,0.018000000000000016
2016-08-16,1.25,0.4873284110363141,0.1759999999999999,0.4089999999999998,-0.0309999999999999,-0.010000000000000009,-0.020000000000000018
2016-08-17,1.25,0.4873284110363141,0.2009999999999998,0.4079999999999999,-0.0169999999999999,0.006000000000000005,0.008000000000000007
2016-08-18,1.25,0.4873284110363141,0.187,0.405,-0.022,0.006999999999999895,-0.0029999999999998916
2016-08-19,1.25,0.4873284110363141,0.1909999999999998,0.4039999999999999,-0.0189999999999999,-0.0020000000000000018,-0.017000000000000126
2016-08-22,1.25,0.4873284110363141,0.203,0.4059999999999999,-0.018,0.004999999999999893,0.017000000000000126
2016-08-23,1.25,0.4873284110363141,0.1939999999999999,0.4039999999999999,-0.022,0.0029999999999998916,-0.0030000000000001137
2016-08-24,1.25,0.4873284110363141,0.1889999999999998,0.4029999999999998,-0.0209999999999999,0.009000000000000119,0.006999999999999895
2016-08-25,1.25,0.4873284110363141,0.1859999999999999,0.401,-0.014,0.014000000000000012,0.018999999999999906
2016-08-26,1.25,0.4873284110363141,0.1819999999999999,0.3989999999999998,-0.0089999999999998,0.038000000000000034,0.06600000000000006
2016-08-29,1.25,0.4873284110363141,0.173,0.3959999999999999,0.022,0.05600000000000005,0.05900000000000016
2016-08-30,1.25,0.4873284110363141,0.1660000000000001,0.3880000000000001,0.0329999999999999,0.07099999999999995,0.08600000000000008
2016-08-31,1.25,0.4873284110363141,0.1699999999999999,0.3859999999999999,0.058,0.09600000000000009,0.10000000000000009
2016-09-01,1.25,1.3489038182086244,0.191,0.3800000000000001,0.0829999999999999,0.08599999999999985,0.09899999999999998
2016-09-02,1.25,1.3489038182086244,0.2039999999999999,0.3819999999999999,0.076,0.08800000000000008,0.11699999999999999
2016-09-05,1.25,1.3489038182086244,0.2039999999999999,0.3860000000000001,0.0569999999999999,0.08199999999999985,0.123
2016-09-06,1.25,1.3489038182086244,0.2059999999999999,0.387,0.05,0.05400000000000005,0.07699999999999996
2016-09-07,1.25,1.3489038182086244,0.181,0.3879999999999999,0.028,0.030999999999999917,0.03200000000000003
2016-09-08,1.25,1.3489038182086244,0.181,0.387,0.038,0.07299999999999995,0.07800000000000007
2016-09-09,1.25,1.3489038182086244,0.1839999999999999,0.3779999999999999,0.078,0.1060000000000001,0.1160000000000001
2016-09-12,1.25,1.3489038182086244,0.2109999999999998,0.379,0.1060000000000001,0.1260000000000001,0.15700000000000003
2016-09-13,1.25,1.3489038182086244,0.2219999999999999,0.383,0.1,0.131,0.17700000000000005
2016-09-19,1.25,1.3489038182086244,0.2370000000000001,0.389,0.0949999999999999,0.11199999999999988,0.14800000000000013
2016-09-20,1.25,1.3489038182086244,0.2389999999999998,0.3919999999999999,0.086,0.1080000000000001,0.15999999999999992
2016-09-21,1.25,1.3489038182086244,0.2650000000000001,0.395,0.0769999999999999,0.09599999999999986,0.17000000000000015
2016-09-22,1.25,1.3489038182086244,0.2229999999999998,0.3999999999999999,0.046,0.06400000000000006,0.08399999999999985
2016-09-23,1.25,1.3489038182086244,0.197,0.397,0.0529999999999999,0.07499999999999996,0.07800000000000007
2016-09-26,1.25,1.3489038182086244,0.187,0.3979999999999999,0.058,0.07899999999999996,0.07700000000000018
2016-09-27,1.25,1.3489038182086244,0.189,0.401,0.0549999999999999,0.06899999999999995,0.07200000000000006
2016-09-28,1.25,1.3489038182086244,0.1639999999999999,0.3999999999999999,0.054,0.06299999999999994,0.04499999999999993
2016-09-29,1.25,1.3489038182086244,0.159,0.4040000000000001,0.0469999999999999,0.02499999999999991,0.010999999999999899
2016-09-30,1.25,1.3489038182086244,0.1509999999999998,0.4219999999999999,-0.0029999999999998,-0.03599999999999981,-0.051000000000000156
2016-10-04,1.25,1.4879009329654913,0.179,0.4179999999999999,0.026,-0.03200000000000003,-0.02299999999999991
2016-10-05,1.25,1.4879009329654913,0.1939999999999999,0.411,0.066,-0.016999999999999904,-0.014000000000000012
2016-10-06,1.25,1.4879009329654913,0.215,0.411,0.0709999999999999,-0.0050000000000001155,0.006000000000000005
2016-10-07,1.25,1.4879009329654913,0.2049999999999998,0.411,0.076,0.019000000000000128,0.020000000000000018
2016-10-10,1.25,1.4879009329654913,0.211,0.415,0.0849999999999999,0.03499999999999992,0.040000000000000036
2016-10-11,1.25,1.4879009329654913,0.2430000000000001,0.4099999999999999,0.123,0.09499999999999997,0.15700000000000003
2016-10-12,1.25,1.4879009329654913,0.242,0.421,0.1029999999999999,0.06499999999999995,0.1259999999999999
2016-10-13,1.25,1.4879009329654913,0.2199999999999999,0.4260000000000001,0.0729999999999999,-0.0050000000000001155,0.030999999999999917
2016-10-14,1.25,1.4879009329654913,0.2310000000000001,0.431,0.0689999999999999,-0.037000000000000144,-0.016999999999999904
2016-10-17,1.25,1.4879009329654913,0.2649999999999999,0.4299999999999999,0.1,0.0,0.04299999999999993
2016-10-18,1.25,1.4879009329654913,0.2630000000000001,0.427,0.1029999999999999,0.008000000000000007,0.03400000000000003
2016-10-19,1.25,1.4879009329654913,0.26,0.4279999999999999,0.102,0.016000000000000014,0.037000000000000144
2016-10-20,1.25,1.4879009329654913,0.2589999999999999,0.4269999999999998,0.104,0.027000000000000135,0.020999999999999908
2016-10-21,1.25,1.4879009329654913,0.2449999999999998,0.423,0.131,0.08499999999999996,0.10699999999999998
2016-10-24,1.25,1.4879009329654913,0.2270000000000001,0.423,0.135,0.08200000000000007,0.1120000000000001
2016-10-25,1.25,1.4879009329654913,0.242,0.4260000000000001,0.1479999999999999,0.08999999999999986,0.1449999999999998
2016-10-26,1.25,1.4879009329654913,0.2279999999999999,0.4239999999999999,0.155,0.10000000000000009,0.139
2016-10-27,1.25,1.4879009329654913,0.2510000000000001,0.417,0.1679999999999999,0.11399999999999988,0.20100000000000007
2016-10-28,1.25,1.4879009329654913,0.28,0.4180000000000001,0.1879999999999999,0.14100000000000001,0.262
2016-10-31,1.25,1.4879009329654913,0.25,0.4140000000000001,0.1879999999999999,0.19099999999999984,0.29000000000000004
2016-11-01,1.25,1.5308167872892575,0.2789999999999999,0.417,0.201,0.17500000000000004,0.2749999999999999
2016-11-02,1.25,1.5308167872892575,0.258,0.4180000000000001,0.1859999999999999,0.11999999999999988,0.18399999999999994
2016-11-03,1.25,1.5308167872892575,0.2510000000000001,0.4220000000000001,0.1779999999999999,0.10699999999999998,0.14300000000000002
2016-11-04,1.25,1.5308167872892575,0.2629999999999999,0.421,0.181,0.10499999999999998,0.16300000000000003
2016-11-07,1.25,1.5308167872892575,0.2810000000000001,0.4220000000000001,0.1759999999999999,0.09099999999999997,0.16100000000000003
2016-11-08,1.25,1.5308167872892575,0.2769999999999999,0.419,0.175,0.052000000000000046,0.08599999999999985
2016-11-09,1.25,1.5308167872892575,0.2690000000000001,0.421,0.1519999999999999,0.04899999999999993,0.07600000000000007
2016-11-10,1.25,1.5308167872892575,0.3539999999999998,0.4189999999999998,0.215,0.14200000000000013,0.276
2016-11-11,1.25,1.5308167872892575,0.4299999999999999,0.4159999999999999,0.258,0.18900000000000006,0.3879999999999999
2016-11-14,1.25,1.5308167872892575,0.4509999999999998,0.4029999999999998,0.3600000000000001,0.26,0.44599999999999995
2016-11-15,1.25,1.5308167872892575,0.4080000000000001,0.3899999999999999,0.385,0.28200000000000003,0.42700000000000005
2016-11-16,1.25,1.5308167872892575,0.395,0.3849999999999998,0.439,0.33699999999999997,0.472
2016-11-17,1.25,1.5308167872892575,0.3729999999999998,0.3839999999999999,0.4630000000000001,0.359,0.47299999999999986
2016-11-18,1.25,1.5308167872892575,0.3960000000000001,0.3960000000000001,0.486,0.355,0.5060000000000002
2016-11-21,1.25,1.5308167872892575,0.395,0.407,0.4750000000000001,0.3400000000000001,0.508
2016-11-22,1.25,1.5308167872892575,0.389,0.4059999999999999,0.4850000000000001,0.3370000000000002,0.4840000000000002
2016-11-23,1.25,1.5308167872892575,0.3639999999999999,0.3970000000000002,0.5249999999999999,0.3699999999999999,0.5059999999999998
2016-11-24,1.25,1.5308167872892575,0.371,0.4039999999999999,0.5609999999999999,0.393,0.5129999999999999
2016-11-25,1.25,1.5308167872892575,0.3730000000000002,0.4079999999999999,0.5609999999999999,0.373,0.4660000000000002
2016-11-28,1.25,1.5308167872892575,0.389,0.4160000000000001,0.514,0.32600000000000007,0.4650000000000001
2016-11-29,1.25,1.5308167872892575,0.4319999999999999,0.443,0.4590000000000001,0.258,0.41100000000000003
2016-11-30,1.25,1.5308167872892575,0.4340000000000001,0.4420000000000001,0.4599999999999999,0.274,0.4500000000000002
2016-12-01,1.25,1.3379615020511215,0.476,0.4489999999999998,0.476,0.29800000000000004,0.5229999999999999
2016-12-02,1.25,1.3379615020511215,0.5129999999999999,0.4489999999999998,0.4950000000000001,0.31400000000000006,0.5640000000000001
2016-12-05,1.25,1.3379615020511215,0.4629999999999998,0.4499999999999999,0.4770000000000001,0.30100000000000016,0.4829999999999999
2016-12-06,1.25,1.3379615020511215,0.4659999999999997,0.4519999999999999,0.4870000000000001,0.31200000000000006,0.5009999999999999
2016-12-07,1.25,1.3379615020511215,0.4629999999999998,0.4520000000000002,0.486,0.3340000000000001,0.5279999999999998
2016-12-08,1.25,1.3379615020511215,0.4489999999999998,0.4529999999999998,0.4639999999999999,0.2489999999999999,0.34399999999999986
2016-12-09,1.25,1.3379615020511215,0.4719999999999997,0.4519999999999997,0.4850000000000001,0.2270000000000001,0.2689999999999999
2016-12-12,1.25,1.3379615020511215,0.536,0.4630000000000001,0.484,0.12399999999999989,0.20900000000000007
2016-12-13,1.25,1.3379615020511215,0.526,0.4770000000000001,0.4259999999999999,0.040999999999999925,0.1589999999999998
2016-12-14,1.25,1.3379615020511215,0.4869999999999999,0.4810000000000001,0.3939999999999999,-0.04500000000000015,0.04699999999999971
2016-12-15,1.25,1.3379615020511215,0.4990000000000001,0.472,0.447,-0.016000000000000014,0.11000000000000032
2016-12-16,1.25,1.3379615020511215,0.4789999999999998,0.4709999999999998,0.4379999999999999,-0.04800000000000004,0.0349999999999997
2016-12-19,1.25,1.3379615020511215,0.4740000000000002,0.4700000000000002,0.4439999999999999,-0.03100000000000014,0.04800000000000004
2016-12-20,1.25,1.3379615020511215,0.4489999999999998,0.4580000000000002,0.4639999999999999,-0.02100000000000013,0.0389999999999997
2016-12-21,1.25,1.3379615020511215,0.4229999999999998,0.4690000000000001,0.437,-0.08799999999999986,-0.028999999999999915
2016-12-22,1.25,1.3379615020511215,0.4449999999999998,0.4830000000000001,0.407,-0.15399999999999991,-0.08000000000000007
2016-12-23,1.25,1.3379615020511215,0.4489999999999998,0.484,0.415,-0.1459999999999999,-0.07000000000000028
2016-12-26,1.25,1.3379615020511215,0.4449999999999998,0.4859999999999997,0.419,-0.09499999999999997,-0.039000000000000146
2016-12-27,1.25,1.3379615020511215,0.4630000000000001,0.4929999999999999,0.4039999999999999,-0.05500000000000016,-0.02400000000000002
2016-12-28,1.25,1.3379615020511215,0.441,0.4919999999999997,0.393,-0.06699999999999995,-0.06000000000000005
2016-12-29,1.25,1.3379615020511215,0.4359999999999999,0.4900000000000002,0.3879999999999999,-0.08800000000000008,-0.1280000000000001
2016-12-30,1.25,1.3379615020511215,0.4359999999999999,0.4900000000000002,0.3879999999999999,-0.1070000000000002,-0.18400000000000016
2017-01-02,1.25,2.2408434139784994,0.4170000000000002,0.4820000000000002,0.3879999999999999,-0.08900000000000019,-0.1349999999999998
2017-01-03,1.25,2.2408434139784994,0.4439999999999999,0.48,0.367,-0.1200000000000001,-0.1419999999999999
2017-01-04,1.25,2.2408434139784994,0.4660000000000002,0.4650000000000003,0.3799999999999999,-0.1060000000000001,-0.10299999999999976
2017-01-05,1.25,2.2408434139784994,0.4570000000000001,0.4650000000000001,0.357,-0.10699999999999998,-0.09899999999999975
2017-01-06,1.25,2.2408434139784994,0.451,0.4599999999999999,0.3759999999999999,-0.10900000000000021,-0.1299999999999999
2017-01-09,1.25,2.2408434139784994,0.4690000000000001,0.4520000000000002,0.413,-0.07099999999999995,-0.1379999999999999
2017-01-10,1.25,2.2408434139784994,0.4570000000000001,0.4509999999999998,0.397,-0.028999999999999915,-0.09799999999999986
2017-01-11,1.25,2.2408434139784994,0.4729999999999998,0.4519999999999999,0.403,0.009000000000000119,-0.004999999999999893
2017-01-12,1.25,2.2408434139784994,0.4419999999999997,0.451,0.3740000000000001,-0.07299999999999995,-0.13000000000000034
2017-01-13,1.25,2.2408434139784994,0.4610000000000001,0.4539999999999999,0.385,-0.052999999999999936,-0.07099999999999973
2017-01-16,1.25,2.2408434139784994,0.4860000000000002,0.4590000000000001,0.383,-0.06099999999999994,-0.04899999999999993
2017-01-17,1.25,2.2408434139784994,0.474,0.4550000000000003,0.3779999999999999,-0.08600000000000008,-0.06099999999999994
2017-01-18,1.25,2.2408434139784994,0.4740000000000002,0.4529999999999998,0.399,-0.038000000000000034,0.013000000000000345
2017-01-19,1.25,2.2408434139784994,0.492,0.4579999999999997,0.427,0.020000000000000018,0.06700000000000017
2017-01-20,1.25,2.2408434139784994,0.474,0.4619999999999999,0.405,-0.010000000000000009,0.015000000000000124
2017-01-23,1.25,2.2408434139784994,0.4850000000000001,0.4640000000000002,0.3899999999999999,-0.029000000000000137,0.01100000000000012
2017-01-24,1.25,2.2408434139784994,0.474,0.4650000000000001,0.3779999999999999,-0.026000000000000023,-0.015000000000000124
2017-01-25,1.25,2.2408434139784994,0.486,0.4640000000000002,0.397,0.0040000000000000036,0.04899999999999993
2017-01-26,1.25,2.2408434139784994,0.506,0.4639999999999997,0.437,0.049000000000000155,0.11900000000000022
2017-01-31,1.25,2.2408434139784994,0.4799999999999997,0.4650000000000001,0.425,0.037000000000000144,0.08099999999999996
2017-02-01,1.25,2.0828105395232166,0.488,0.4659999999999997,0.435,0.04700000000000015,0.11799999999999988
2017-02-02,1.25,2.0828105395232166,0.4809999999999998,0.4649999999999998,0.4239999999999999,0.05699999999999994,0.09399999999999986
2017-02-03,1.25,2.0828105395232166,0.4990000000000001,0.4639999999999999,0.435,0.05500000000000016,0.08800000000000008
2017-02-06,1.25,2.0828105395232166,0.4940000000000002,0.4639999999999999,0.4119999999999999,0.05499999999999994,0.09200000000000008
2017-02-07,1.25,2.0828105395232166,0.4929999999999999,0.4639999999999999,0.391,0.015000000000000124,0.05699999999999994
2017-02-08,1.25,2.0828105395232166,0.478,0.4600000000000002,0.4019999999999999,-0.01100000000000012,-0.002000000000000224
2017-02-09,1.25,2.0828105395232166,0.474,0.4610000000000001,0.3979999999999999,0.0009999999999998899,0.017999999999999794
2017-02-10,1.25,2.0828105395232166,0.4829999999999999,0.4589999999999998,0.4179999999999999,0.014999999999999902,0.02499999999999991
2017-02-13,1.25,2.0828105395232166,0.4869999999999999,0.4600000000000002,0.413,0.038999999999999924,0.08400000000000007
2017-02-14,1.25,2.0828105395232166,0.4819999999999997,0.4599999999999999,0.403,0.018000000000000016,0.0389999999999997
2017-02-15,1.25,2.0828105395232166,0.492,0.4649999999999998,0.411,0.028000000000000025,0.03399999999999981
2017-02-16,1.25,2.0828105395232166,0.4880000000000002,0.4650000000000001,0.4059999999999999,0.028000000000000025,0.04200000000000026
2017-02-17,1.25,2.0828105395232166,0.4799999999999997,0.4659999999999999,0.405,0.006000000000000005,0.011999999999999567
2017-02-20,1.25,2.0828105395232166,0.5140000000000002,0.4649999999999998,0.4199999999999999,-0.007000000000000117,0.015000000000000124
2017-02-21,1.25,2.0828105395232166,0.5309999999999999,0.4659999999999999,0.421,0.016000000000000014,0.07299999999999995
2017-02-22,1.25,2.0828105395232166,0.556,0.4649999999999998,0.4399999999999999,0.050000000000000044,0.121
2017-02-23,1.25,2.0828105395232166,0.53,0.4650000000000001,0.4259999999999999,0.04800000000000004,0.10400000000000009
2017-02-24,1.25,2.0828105395232166,0.5089999999999999,0.4670000000000001,0.4159999999999999,0.018999999999999906,0.041999999999999815
2017-02-27,1.25,2.0828105395232166,0.5090000000000001,0.4659999999999999,0.413,-0.02400000000000002,-0.020999999999999908
2017-02-28,1.25,2.0828105395232166,0.492,0.4679999999999999,0.4199999999999999,-0.0050000000000001155,0.007000000000000117
2017-03-02,1.25,2.27689662763515,0.5110000000000001,0.4670000000000001,0.4630000000000001,0.028000000000000025,0.051000000000000156
2017-03-03,1.25,2.27689662763515,0.5179999999999998,0.4689999999999998,0.4630000000000001,0.039000000000000146,0.07600000000000007
2017-03-06,1.25,2.27689662763515,0.5179999999999998,0.4710000000000001,0.496,0.06099999999999994,0.07999999999999963
2017-03-07,1.25,2.27689662763515,0.526,0.4730000000000001,0.534,0.12200000000000011,0.15399999999999991
2017-03-08,1.25,2.27689662763515,0.518,0.4719999999999997,0.534,0.14300000000000002,0.16800000000000015
2017-03-09,1.25,2.27689662763515,0.5290000000000001,0.4760000000000002,0.5389999999999999,0.137,0.18800000000000017
2017-03-10,1.25,2.27689662763515,0.538,0.478,0.53,0.13200000000000012,0.19600000000000017
2017-03-13,1.25,2.27689662763515,0.5360000000000003,0.4830000000000003,0.5149999999999999,0.09699999999999998,0.15000000000000036
2017-03-14,1.25,2.27689662763515,0.532,0.4860000000000002,0.508,0.09499999999999997,0.14000000000000012
2017-03-15,1.25,2.27689662763515,0.5129999999999999,0.488,0.5089999999999999,0.10599999999999987,0.137
2017-03-16,1.25,2.27689662763515,0.4810000000000001,0.5010000000000001,0.445,0.03400000000000003,0.02300000000000013
2017-03-17,1.25,2.27689662763515,0.5039999999999998,0.5119999999999998,0.425,0.019000000000000128,0.0349999999999997
2017-03-20,1.25,2.27689662763515,0.5150000000000001,0.5180000000000002,0.4199999999999999,0.014999999999999902,0.050000000000000266
2017-03-21,1.25,2.27689662763515,0.516,0.5169999999999999,0.4199999999999999,0.0,0.0019999999999997797
2017-03-22,1.25,2.27689662763515,0.49,0.5159999999999998,0.413,-0.008000000000000007,-0.04899999999999993
2017-03-23,1.25,2.27689662763515,0.4849999999999999,0.5180000000000002,0.4159999999999999,-0.02400000000000002,-0.0950000000000002
2017-03-24,1.25,2.27689662763515,0.4969999999999999,0.5209999999999999,0.4279999999999999,0.0020000000000000018,-0.03100000000000014
2017-03-27,1.25,2.27689662763515,0.5,0.524,0.3999999999999999,-0.016000000000000014,-0.02499999999999991
2017-03-28,1.25,2.27689662763515,0.504,0.5230000000000001,0.407,-0.006000000000000005,-0.01100000000000012
2017-03-29,1.25,2.27689662763515,0.5059999999999998,0.5259999999999998,0.403,-0.016999999999999904,-0.0030000000000001137
2017-03-30,1.25,2.27689662763515,0.5190000000000001,0.5209999999999999,0.415,-0.04800000000000004,-0.040000000000000036
2017-03-31,1.25,2.27689662763515,0.5150000000000001,0.5209999999999999,0.4119999999999999,-0.051000000000000156,-0.053999999999999826
2017-04-03,1.25,1.9555732267481307,0.5090000000000001,0.5160000000000002,0.4179999999999999,-0.07800000000000007,-0.08699999999999974
2017-04-04,1.25,1.9555732267481307,0.4929999999999999,0.5150000000000001,0.3959999999999999,-0.13800000000000012,-0.17100000000000026
2017-04-05,1.25,1.9555732267481307,0.4870000000000001,0.5150000000000001,0.4039999999999999,-0.13000000000000012,-0.16100000000000003
2017-04-06,1.25,1.9555732267481307,0.5029999999999999,0.5130000000000001,0.429,-0.10999999999999988,-0.13600000000000012
2017-04-07,1.25,1.9555732267481307,0.512,0.5169999999999999,0.431,-0.09899999999999998,-0.125
2017-04-10,1.25,1.9555732267481307,0.5310000000000001,0.512,0.472,-0.04299999999999993,-0.04800000000000004
2017-04-11,1.25,1.9555732267481307,0.5110000000000001,0.512,0.443,-0.06499999999999995,-0.08599999999999985
2017-04-12,1.25,1.9555732267481307,0.5190000000000001,0.5129999999999999,0.4359999999999999,-0.07299999999999995,-0.06699999999999973
2017-04-13,1.25,1.9555732267481307,0.4980000000000002,0.5129999999999999,0.4239999999999999,-0.02100000000000013,-0.0040000000000000036
2017-04-14,1.25,1.9555732267481307,0.508,0.5129999999999999,0.427,0.0020000000000000018,0.006000000000000227
2017-04-17,1.25,1.9555732267481307,0.5,0.5139999999999998,0.423,0.0030000000000001137,-0.01200000000000001
2017-04-18,1.25,1.9555732267481307,0.498,0.5149999999999999,0.4259999999999999,0.006000000000000005,-0.01200000000000001
2017-04-19,1.25,1.9555732267481307,0.4740000000000002,0.5150000000000001,0.4199999999999999,0.006999999999999895,-0.008999999999999897
2017-04-20,1.25,1.9555732267481307,0.4700000000000002,0.5169999999999999,0.4239999999999999,0.008000000000000007,-0.006999999999999673
2017-04-21,1.25,1.9555732267481307,0.4810000000000001,0.518,0.4339999999999999,0.006000000000000005,-0.009999999999999787
2017-04-24,1.25,1.9555732267481307,0.504,0.5190000000000001,0.451,0.051000000000000156,0.05500000000000016
2017-04-25,1.25,1.9555732267481307,0.5169999999999999,0.5259999999999998,0.427,0.020000000000000018,0.03299999999999992
2017-04-26,1.25,1.9555732267481307,0.5249999999999999,0.5249999999999999,0.4319999999999999,0.028999999999999915,0.04800000000000004
2017-04-27,1.25,1.9555732267481307,0.5230000000000001,0.5259999999999998,0.423,0.008000000000000007,0.01200000000000001
2017-04-28,1.25,1.9555732267481307,0.5210000000000001,0.5250000000000001,0.425,0.013000000000000123,0.019000000000000128
2017-05-02,1.25,2.0035553696538866,0.5460000000000003,0.5260000000000002,0.4399999999999999,0.02200000000000002,0.05900000000000016
2017-05-04,1.25,2.0035553696538866,0.5299999999999998,0.5249999999999999,0.431,0.03500000000000014,0.07200000000000006
2017-05-08,1.25,2.0035553696538866,0.5349999999999999,0.5239999999999998,0.4570000000000001,0.05300000000000016,0.10099999999999998
2017-05-10,1.25,2.0035553696538866,0.5659999999999998,0.5229999999999997,0.4830000000000001,0.05400000000000005,0.11699999999999999
2017-05-11,1.25,2.0035553696538866,0.579,0.5249999999999997,0.4770000000000001,0.04600000000000004,0.11299999999999999
2017-05-12,1.25,2.0035553696538866,0.5790000000000002,0.5270000000000001,0.4599999999999999,-0.01200000000000001,0.03600000000000003
2017-05-15,1.25,2.0035553696538866,0.5910000000000002,0.5270000000000001,0.4599999999999999,0.016999999999999904,0.09699999999999998
2017-05-16,1.25,2.0035553696538866,0.5840000000000001,0.5230000000000001,0.4670000000000001,0.03100000000000014,0.09600000000000009
2017-05-17,1.25,2.0035553696538866,0.5650000000000002,0.5229999999999999,0.4339999999999999,0.010000000000000009,0.07699999999999996
2017-05-18,1.25,2.0035553696538866,0.5650000000000002,0.5239999999999998,0.433,0.006000000000000005,0.06300000000000017
2017-05-19,1.25,2.0035553696538866,0.567,0.5239999999999998,0.421,-0.0020000000000000018,0.06499999999999995
2017-05-22,1.25,2.0035553696538866,0.5869999999999997,0.5259999999999998,0.435,0.009000000000000119,0.09799999999999986
2017-05-23,1.25,2.0035553696538866,0.5730000000000002,0.526,0.4259999999999999,0.006000000000000005,0.10499999999999998
2017-05-24,1.25,2.0035553696538866,0.5780000000000001,0.5250000000000001,0.441,0.017000000000000126,0.125
2017-05-25,1.25,2.0035553696538866,0.565,0.5259999999999998,0.431,-0.0029999999999998916,0.08099999999999996
2017-05-26,1.25,2.0035553696538866,0.56,0.5270000000000001,0.427,-0.02400000000000002,0.03200000000000003
2017-05-29,1.25,2.0035553696538866,0.5730000000000002,0.53,0.4219999999999999,-0.0050000000000001155,0.051000000000000156
2017-05-30,1.25,2.0035553696538866,0.565,0.5310000000000001,0.4079999999999999,-0.02400000000000002,0.016000000000000014
2017-05-31,1.25,2.0035553696538866,0.569,0.532,0.411,-0.01200000000000001,0.03399999999999981
2017-06-01,1.25,1.806277520368993,0.5670000000000002,0.5339999999999998,0.395,-0.030000000000000027,0.016000000000000014
2017-06-02,1.25,1.806277520368993,0.5790000000000002,0.536,0.3799999999999999,-0.06000000000000005,-0.027000000000000135
2017-06-05,1.25,1.806277520368993,0.554,0.5349999999999999,0.373,-0.05800000000000005,-0.03399999999999981
2017-06-07,1.25,1.806277520368993,0.5390000000000001,0.536,0.371,-0.08600000000000008,-0.08199999999999985
2017-06-08,1.25,1.806277520368993,0.536,0.536,0.387,-0.09600000000000009,-0.1259999999999999
2017-06-09,1.25,1.806277520368993,0.5410000000000001,0.538,0.3819999999999999,-0.0950000000000002,-0.133
2017-06-12,1.25,1.806277520368993,0.5249999999999999,0.528,0.447,-0.0129999999999999,-0.06700000000000017
2017-06-13,1.25,1.806277520368993,0.516,0.5329999999999999,0.411,-0.04899999999999993,-0.12400000000000011
2017-06-14,1.25,1.806277520368993,0.4889999999999999,0.532,0.431,-0.03600000000000003,-0.13100000000000023
2017-06-15,1.25,1.806277520368993,0.4410000000000003,0.5300000000000002,0.4319999999999999,-0.0020000000000000018,-0.1259999999999999
2017-06-16,1.25,1.806277520368993,0.4579999999999999,0.5319999999999998,0.445,0.01200000000000001,-0.0950000000000002
2017-06-19,1.25,1.806277520368993,0.4749999999999998,0.5330000000000001,0.433,0.01200000000000001,-0.08000000000000007
2017-06-20,1.25,1.806277520368993,0.4569999999999998,0.5329999999999999,0.435,0.0,-0.1299999999999999
2017-06-21,1.25,1.806277520368993,0.4459999999999999,0.5330000000000001,0.4419999999999999,0.016000000000000014,-0.11100000000000021
2017-06-22,1.25,1.806277520368993,0.4339999999999997,0.5339999999999998,0.451,0.010000000000000009,-0.13400000000000034
2017-06-23,1.25,1.806277520368993,0.441,0.5349999999999999,0.4379999999999999,0.006999999999999895,-0.11699999999999999
2017-06-26,1.25,1.806277520368993,0.4380000000000001,0.536,0.4359999999999999,0.008999999999999897,-0.11299999999999999
2017-06-27,1.25,1.806277520368993,0.4369999999999998,0.5369999999999999,0.431,0.009000000000000119,-0.12700000000000022
2017-06-28,1.25,1.806277520368993,0.4669999999999998,0.5349999999999999,0.4610000000000001,0.05300000000000016,-0.04499999999999993
2017-06-29,1.25,1.806277520368993,0.4840000000000002,0.5410000000000001,0.4499999999999999,0.038999999999999924,-0.04599999999999982
2017-06-30,1.25,1.806277520368993,0.516,0.5420000000000003,0.4479999999999999,0.052999999999999936,0.0019999999999997797
2017-07-03,1.25,2.167010719787066,0.5189999999999999,0.5399999999999998,0.4659999999999999,0.08600000000000008,0.0259999999999998
2017-07-04,1.25,2.167010719787066,0.5319999999999998,0.5399999999999998,0.49,0.11699999999999999,0.09499999999999975
2017-07-05,1.25,2.167010719787066,0.532,0.54,0.4950000000000001,0.12400000000000011,0.11699999999999999
2017-07-06,1.25,2.167010719787066,0.5310000000000001,0.54,0.5,0.11299999999999999,0.1080000000000001
2017-07-07,1.25,2.167010719787066,0.542,0.5370000000000001,0.5309999999999999,0.14900000000000002,0.1499999999999999
2017-07-10,1.25,2.167010719787066,0.5330000000000001,0.5389999999999999,0.506,0.05899999999999994,0.06700000000000017
2017-07-11,1.25,2.167010719787066,0.5179999999999998,0.5379999999999998,0.512,0.10099999999999998,0.10299999999999976
2017-07-12,1.25,2.167010719787066,0.5099999999999998,0.5369999999999999,0.512,0.08099999999999996,0.10199999999999987
2017-07-13,1.25,2.167010719787066,0.4929999999999999,0.5349999999999997,0.4950000000000001,0.06300000000000017,0.11499999999999977
2017-07-14,1.25,2.167010719787066,0.4990000000000001,0.5350000000000001,0.5,0.05499999999999994,0.09600000000000009
2017-07-17,1.25,2.167010719787066,0.5179999999999998,0.5379999999999998,0.504,0.07099999999999995,0.11399999999999988
2017-07-18,1.25,2.167010719787066,0.5099999999999998,0.5390000000000001,0.496,0.06099999999999994,0.11399999999999988
2017-07-19,1.25,2.167010719787066,0.5109999999999999,0.538,0.4970000000000001,0.05500000000000016,0.1200000000000001
2017-07-20,1.25,2.167010719787066,0.4970000000000001,0.5389999999999999,0.49,0.038999999999999924,0.10200000000000031
2017-07-21,1.25,2.167010719787066,0.4979999999999998,0.5409999999999999,0.4710000000000001,0.03300000000000014,0.08999999999999986
2017-07-24,1.25,2.167010719787066,0.5000000000000002,0.5389999999999999,0.47,0.03400000000000003,0.09600000000000009
2017-07-25,1.25,2.167010719787066,0.4979999999999998,0.5390000000000001,0.4590000000000001,0.028000000000000025,0.08899999999999997
2017-07-26,1.25,2.167010719787066,0.516,0.5349999999999997,0.4790000000000001,0.018000000000000016,0.06700000000000017
2017-07-27,1.25,2.167010719787066,0.5029999999999999,0.538,0.4619999999999999,0.01200000000000001,0.030999999999999694
2017-07-28,1.25,2.167010719787066,0.506,0.534,0.4730000000000001,0.025000000000000133,0.015000000000000124
2017-07-31,1.25,2.167010719787066,0.502,0.5359999999999998,0.474,0.008000000000000007,-0.008999999999999897
2017-08-01,1.25,2.4885813727437034,0.5249999999999999,0.5379999999999998,0.4830000000000001,-0.006999999999999895,-0.01399999999999979
2017-08-02,1.25,2.4885813727437034,0.5169999999999999,0.54,0.48,-0.015000000000000124,-0.03000000000000025
2017-08-03,1.25,2.4885813727437034,0.5129999999999999,0.5389999999999997,0.4870000000000001,-0.0129999999999999,-0.03100000000000014
2017-08-04,1.25,2.4885813727437034,0.5089999999999999,0.5369999999999999,0.492,-0.038999999999999924,-0.07200000000000006
2017-08-07,1.25,2.4885813727437034,0.5130000000000001,0.5349999999999999,0.522,0.016000000000000014,-0.0040000000000000036
2017-08-08,1.25,2.4885813727437034,0.506,0.526,0.5549999999999999,0.04299999999999993,0.03100000000000014
2017-08-09,1.25,2.4885813727437034,0.5050000000000001,0.53,0.583,0.07099999999999995,0.06600000000000028
2017-08-10,1.25,2.4885813727437034,0.498,0.5290000000000001,0.5740000000000001,0.07899999999999996,0.08400000000000007
2017-08-11,1.25,2.4885813727437034,0.498,0.534,0.554,0.05400000000000005,0.052999999999999936
2017-08-14,1.25,2.4885813727437034,0.4990000000000001,0.536,0.552,0.04800000000000004,0.02900000000000036
2017-08-16,1.25,2.4885813727437034,0.5109999999999999,0.538,0.571,0.07499999999999996,0.07600000000000007
2017-08-17,1.25,2.4885813727437034,0.5189999999999999,0.5389999999999999,0.5509999999999999,0.053999999999999826,0.06199999999999983
2017-08-18,1.25,2.4885813727437034,0.5370000000000001,0.546,0.5269999999999999,0.03699999999999992,0.07699999999999996
2017-08-21,1.25,2.4885813727437034,0.5199999999999998,0.5410000000000001,0.534,0.06299999999999994,0.08499999999999996
2017-08-22,1.25,2.4885813727437034,0.5049999999999999,0.5380000000000003,0.5529999999999999,0.08299999999999996,0.08799999999999963
2017-08-23,1.25,2.4885813727437034,0.5000000000000002,0.5389999999999999,0.5469999999999999,0.08799999999999986,0.0900000000000003
2017-08-24,1.25,2.4885813727437034,0.4880000000000002,0.538,0.5509999999999999,0.07199999999999984,0.04400000000000004
2017-08-25,1.25,2.4885813727437034,0.4980000000000002,0.5510000000000002,0.5049999999999999,0.04299999999999993,0.038000000000000256
2017-08-28,1.25,2.4885813727437034,0.4929999999999999,0.5499999999999998,0.508,0.03499999999999992,0.021999999999999797
2017-08-29,1.25,2.4885813727437034,0.4890000000000001,0.55,0.522,0.04800000000000004,0.03500000000000014
2017-08-30,1.25,2.4885813727437034,0.4970000000000001,0.5549999999999999,0.502,0.018999999999999906,-0.008999999999999897
2017-08-31,1.25,2.4885813727437034,0.5149999999999999,0.5569999999999997,0.4970000000000001,0.017000000000000126,0.015000000000000124
2017-09-01,1.25,2.0000623396053907,0.5239999999999998,0.5549999999999999,0.4970000000000001,0.010000000000000009,0.020999999999999908
2017-09-04,1.25,2.0000623396053907,0.5230000000000001,0.5529999999999999,0.532,0.040000000000000036,0.05400000000000027
2017-09-05,1.25,2.0000623396053907,0.526,0.5530000000000002,0.53,0.008000000000000007,0.020999999999999908
2017-09-06,1.25,2.0000623396053907,0.5049999999999999,0.5489999999999999,0.5249999999999999,-0.030000000000000027,-0.03100000000000014
2017-09-07,1.25,2.0000623396053907,0.4929999999999999,0.544,0.532,-0.050999999999999934,-0.06300000000000017
2017-09-08,1.25,2.0000623396053907,0.4820000000000002,0.5430000000000001,0.508,-0.06600000000000006,-0.08199999999999985
2017-09-11,1.25,2.0000623396053907,0.494,0.546,0.5069999999999999,-0.04700000000000015,-0.051000000000000156
2017-09-12,1.25,2.0000623396053907,0.498,0.5480000000000003,0.5029999999999999,-0.049000000000000155,-0.050000000000000266
2017-09-13,1.25,2.0000623396053907,0.5,0.5489999999999999,0.492,-0.07899999999999996,-0.08999999999999986
2017-09-14,1.25,2.0000623396053907,0.5020000000000002,0.5489999999999999,0.492,-0.05899999999999994,-0.07599999999999962
2017-09-15,1.25,2.0000623396053907,0.5090000000000001,0.5509999999999999,0.4890000000000001,-0.03799999999999981,-0.06599999999999984
2017-09-18,1.25,2.0000623396053907,0.5230000000000001,0.552,0.492,-0.04200000000000004,-0.0389999999999997
2017-09-19,1.25,2.0000623396053907,0.5150000000000001,0.5470000000000002,0.5289999999999999,-0.02400000000000002,-0.01399999999999979
2017-09-20,1.25,2.0000623396053907,0.5049999999999999,0.5470000000000002,0.5249999999999999,-0.02200000000000002,-0.017000000000000348
2017-09-21,1.25,2.0000623396053907,0.4989999999999999,0.5480000000000003,0.5309999999999999,-0.020000000000000018,-0.009000000000000341
2017-09-22,1.25,2.0000623396053907,0.4929999999999999,0.5470000000000002,0.5249999999999999,0.020000000000000018,0.01499999999999968
2017-09-25,1.25,2.0000623396053907,0.484,0.548,0.536,0.028000000000000025,0.019000000000000128
2017-09-26,1.25,2.0000623396053907,0.478,0.5429999999999999,0.5820000000000001,0.06000000000000005,0.04899999999999993
2017-09-27,1.25,2.0000623396053907,0.4729999999999998,0.5390000000000001,0.637,0.135,0.11099999999999977
2017-09-28,1.25,2.0000623396053907,0.5060000000000002,0.5430000000000001,0.6379999999999999,0.1409999999999998,0.13200000000000012
2017-09-29,1.25,2.0000623396053907,0.4910000000000001,0.5409999999999999,0.6379999999999999,0.1409999999999998,0.1080000000000001
2017-10-10,1.25,1.76179458180723,0.4800000000000002,0.538,0.688,0.15599999999999992,0.11299999999999999
2017-10-11,1.25,1.76179458180723,0.4890000000000001,0.5399999999999998,0.679,0.14900000000000002,0.1120000000000001
2017-10-12,1.25,1.76179458180723,0.488,0.5430000000000001,0.6499999999999999,0.125,0.1080000000000001
2017-10-13,1.25,1.76179458180723,0.4750000000000001,0.544,0.6659999999999999,0.1339999999999999,0.1160000000000001
2017-10-16,1.25,1.76179458180723,0.4710000000000001,0.5459999999999998,0.677,0.16900000000000004,0.15799999999999992
2017-10-17,1.25,1.76179458180723,0.4539999999999997,0.5419999999999998,0.6970000000000001,0.19000000000000017,0.1499999999999999
2017-10-18,1.25,1.76179458180723,0.4569999999999998,0.5419999999999998,0.685,0.18200000000000016,0.14100000000000001
2017-10-19,1.25,1.76179458180723,0.423,0.544,0.7559999999999998,0.2639999999999998,0.18699999999999983
2017-10-20,1.25,1.76179458180723,0.383,0.5419999999999998,0.8380000000000001,0.3460000000000001,0.22699999999999987
2017-10-23,1.25,1.76179458180723,0.4220000000000001,0.552,0.782,0.2929999999999999,0.20599999999999996
2017-10-24,1.25,1.76179458180723,0.399,0.5529999999999999,0.8069999999999999,0.31499999999999995,0.19099999999999984
2017-10-25,1.25,1.76179458180723,0.4060000000000001,0.5540000000000003,0.8439999999999999,0.31499999999999995,0.20599999999999996
2017-10-26,1.25,1.76179458180723,0.3610000000000002,0.5470000000000002,0.932,0.40700000000000003,0.26300000000000034
2017-10-27,1.25,1.76179458180723,0.3719999999999999,0.552,0.914,0.38300000000000023,0.2560000000000002
2017-10-30,1.25,1.76179458180723,0.3839999999999999,0.56,0.887,0.3620000000000001,0.2530000000000001
2017-10-31,1.25,1.76179458180723,0.407,0.5640000000000001,0.914,0.3780000000000001,0.30100000000000016
2017-11-01,1.25,1.1534025374855927,0.407,0.565,0.8900000000000001,0.30800000000000005,0.2370000000000001
2017-11-02,1.25,1.1534025374855927,0.3999999999999999,0.5620000000000003,0.8759999999999999,0.23899999999999988,0.16599999999999993
2017-11-03,1.25,1.1534025374855927,0.3929999999999998,0.5609999999999999,0.883,0.2450000000000001,0.13199999999999967
2017-11-06,1.25,1.1534025374855927,0.3969999999999998,0.5589999999999997,0.902,0.26400000000000023,0.16999999999999993
2017-11-07,1.25,1.1534025374855927,0.4060000000000001,0.5619999999999998,0.883,0.19500000000000006,0.121
2017-11-08,1.25,1.1534025374855927,0.387,0.5580000000000003,0.9009999999999998,0.22199999999999975,0.11999999999999966
2017-11-09,1.25,1.1534025374855927,0.3900000000000001,0.5620000000000003,0.8969999999999998,0.2469999999999999,0.14900000000000002
2017-11-10,1.25,1.1534025374855927,0.407,0.5630000000000002,0.907,0.2410000000000001,0.17300000000000004
2017-11-13,1.25,1.1534025374855927,0.403,0.5619999999999998,0.9300000000000002,0.2530000000000001,0.18500000000000005
2017-11-14,1.25,1.1534025374855927,0.399,0.56,0.961,0.2639999999999998,0.20900000000000007
2017-11-15,1.25,1.1534025374855927,0.3940000000000001,0.5619999999999998,0.927,0.242,0.17900000000000027
2017-11-16,1.25,1.1534025374855927,0.3930000000000002,0.5640000000000001,0.9209999999999998,0.16500000000000004,0.13500000000000023
2017-11-17,1.25,1.1534025374855927,0.395,0.5580000000000003,0.924,0.08599999999999985,0.09799999999999986
2017-11-20,1.25,1.1534025374855927,0.3899999999999997,0.5569999999999999,0.906,0.12400000000000011,0.09199999999999964
2017-11-21,1.25,1.1534025374855927,0.387,0.5579999999999998,0.906,0.0990000000000002,0.08700000000000019
2017-11-22,1.25,1.1534025374855927,0.371,0.5540000000000003,0.92,0.07600000000000007,0.040999999999999925
2017-11-23,1.25,1.1534025374855927,0.387,0.5620000000000003,0.8839999999999999,-0.04800000000000004,-0.02200000000000024
2017-11-24,1.25,1.1534025374855927,0.3679999999999999,0.5529999999999999,0.919,0.004999999999999893,0.0009999999999998899
2017-11-27,1.25,1.1534025374855927,0.3780000000000001,0.5529999999999999,0.903,0.016000000000000014,0.010000000000000231
2017-11-28,1.25,1.1534025374855927,0.3649999999999997,0.5569999999999999,0.8690000000000002,-0.04499999999999993,-0.08700000000000019
2017-11-29,1.25,1.1534025374855927,0.3679999999999999,0.556,0.8620000000000001,-0.028000000000000025,-0.06700000000000017
2017-11-30,1.5,1.1534025374855927,0.4019999999999997,0.5559999999999996,0.5750000000000002,-0.05099999999999971,-0.04899999999999993
2017-12-01,1.5,1.4074858317244754,0.4079999999999999,0.556,0.581,-0.052000000000000046,-0.03699999999999992
2017-12-04,1.5,1.4074858317244754,0.4019999999999997,0.5519999999999996,0.5830000000000002,-0.06899999999999995,-0.06400000000000006
2017-12-05,1.5,1.4074858317244754,0.3899999999999997,0.5509999999999997,0.6120000000000001,-0.020999999999999908,-0.037000000000000366
2017-12-06,1.5,1.4074858317244754,0.383,0.5529999999999999,0.5840000000000001,-0.06699999999999973,-0.07099999999999973
2017-12-07,1.5,1.4074858317244754,0.3880000000000003,0.5510000000000002,0.5939999999999999,-0.052999999999999936,-0.054999999999999716
2017-12-08,1.5,1.4074858317244754,0.3920000000000003,0.5510000000000002,0.5939999999999999,-0.06300000000000017,-0.07799999999999985
2017-12-11,1.5,1.4074858317244754,0.395,0.5529999999999999,0.5870000000000002,-0.09299999999999997,-0.10099999999999998
2017-12-12,1.5,1.4074858317244754,0.379,0.5510000000000002,0.577,-0.1339999999999999,-0.15399999999999991
2017-12-13,1.5,1.4074858317244754,0.375,0.5500000000000003,0.5779999999999998,-0.0990000000000002,-0.11800000000000033
2017-12-14,1.5,1.4074858317244754,0.3700000000000001,0.548,0.5800000000000001,-0.09099999999999975,-0.11399999999999988
2017-12-15,1.5,1.4074858317244754,0.355,0.5470000000000002,0.5779999999999998,-0.09600000000000009,-0.13600000000000012
2017-12-18,1.5,1.4074858317244754,0.3429999999999999,0.5460000000000003,0.5899999999999999,-0.06600000000000028,-0.11299999999999999
2017-12-19,1.5,1.4074858317244754,0.3540000000000001,0.5459999999999998,0.597,-0.05900000000000016,-0.09200000000000008
2017-12-20,1.5,1.4074858317244754,0.3799999999999999,0.5509999999999997,0.5870000000000002,-0.08299999999999974,-0.07399999999999984
2017-12-21,1.5,1.4074858317244754,0.3890000000000002,0.5489999999999999,0.5939999999999999,-0.040000000000000036,-0.03799999999999981
2017-12-22,1.5,1.4074858317244754,0.3650000000000002,0.5470000000000002,0.6309999999999998,-0.038000000000000256,-0.040999999999999925
2017-12-26,1.5,1.4074858317244754,0.3620000000000001,0.5489999999999999,0.629,-0.02400000000000002,-0.040000000000000036
2017-12-27,1.5,1.4074858317244754,0.347,0.5430000000000001,0.6499999999999999,0.030999999999999694,0.0129999999999999
2017-12-28,1.5,1.4074858317244754,0.3349999999999999,0.544,0.6339999999999999,0.021999999999999797,-0.01100000000000012
2017-12-29,1.5,1.4074858317244754,0.3340000000000001,0.5430000000000001,0.6349999999999998,0.05999999999999961,-0.008000000000000007
2018-01-02,1.5,0.7600188977671785,0.3699999999999996,0.5429999999999997,0.6190000000000002,0.038000000000000256,0.0
2018-01-03,1.5,0.7600188977671785,0.3810000000000002,0.5370000000000004,0.6269999999999998,0.043999999999999595,0.02300000000000013
2018-01-04,1.5,0.7600188977671785,0.3810000000000002,0.5340000000000003,0.6419999999999999,0.029999999999999805,0.02100000000000035
2018-01-05,1.5,0.7600188977671785,0.4189999999999996,0.5449999999999999,0.5990000000000002,0.015000000000000124,0.05099999999999971
2018-01-08,1.5,0.7600188977671785,0.4050000000000002,0.536,0.6349999999999998,0.040999999999999925,0.05799999999999983
2018-01-09,1.5,0.7600188977671785,0.4159999999999999,0.5350000000000001,0.649,0.05500000000000016,0.07899999999999974
2018-01-10,1.5,0.7600188977671785,0.4649999999999998,0.5349999999999997,0.6720000000000002,0.08499999999999996,0.1549999999999998
2018-01-11,1.5,0.7600188977671785,0.4369999999999998,0.5379999999999998,0.6520000000000001,0.07500000000000018,0.133
2018-01-12,1.5,0.7600188977671785,0.4490000000000003,0.5329999999999999,0.6739999999999999,0.09600000000000009,0.17000000000000037
2018-01-15,1.5,0.7600188977671785,0.435,0.5270000000000001,0.7229999999999999,0.1429999999999998,0.20799999999999974
2018-01-16,1.5,0.7600188977671785,0.4159999999999999,0.52,0.7250000000000001,0.14700000000000024,0.20800000000000018
2018-01-17,1.5,0.7600188977671785,0.4090000000000002,0.5180000000000002,0.7269999999999999,0.137,0.2030000000000003
2018-01-18,1.5,0.7600188977671785,0.4479999999999999,0.5289999999999999,0.6720000000000002,0.07500000000000018,0.16900000000000004
2018-01-19,1.5,0.7600188977671785,0.4679999999999999,0.5310000000000001,0.6699999999999999,0.08299999999999974,0.17099999999999982
2018-01-22,1.5,0.7600188977671785,0.4490000000000003,0.528,0.7029999999999998,0.10899999999999999,0.16900000000000004
2018-01-23,1.5,0.7600188977671785,0.4619999999999997,0.5329999999999999,0.6920000000000002,0.06100000000000039,0.15799999999999992
2018-01-24,1.5,0.7600188977671785,0.447,0.5339999999999998,0.6970000000000001,0.06800000000000006,0.15300000000000002
2018-01-25,1.5,0.7600188977671785,0.4460000000000002,0.5330000000000004,0.7149999999999999,0.06499999999999995,0.16400000000000015
2018-01-26,1.5,0.7600188977671785,0.4569999999999998,0.5350000000000001,0.722,0.08800000000000008,0.20999999999999996
2018-01-29,1.5,0.7600188977671785,0.4630000000000001,0.5289999999999999,0.7810000000000001,0.14600000000000035,0.27500000000000036
2018-01-30,1.5,0.7600188977671785,0.48,0.5290000000000004,0.8039999999999998,0.1849999999999996,0.29499999999999993
2018-01-31,1.5,0.7600188977671785,0.4950000000000001,0.5350000000000001,0.774,0.14700000000000024,0.2610000000000001
2018-02-01,1.5,1.2526630612913703,0.5069999999999997,0.54,0.7490000000000001,0.1070000000000002,0.23299999999999965
2018-02-02,1.5,1.2526630612913703,0.5059999999999998,0.536,0.75,0.1509999999999998,0.238
2018-02-05,1.5,1.2526630612913703,0.516,0.5300000000000002,0.7869999999999999,0.15200000000000014,0.2629999999999999
2018-02-06,1.5,1.2526630612913703,0.496,0.5349999999999997,0.7530000000000001,0.10400000000000009,0.18400000000000016
2018-02-07,1.5,1.2526630612913703,0.4699999999999997,0.5309999999999997,0.7480000000000002,0.07600000000000007,0.08099999999999996
2018-02-08,1.5,1.2526630612913703,0.4720000000000004,0.5300000000000002,0.7719999999999998,0.11999999999999966,0.15500000000000025
2018-02-09,1.5,1.2526630612913703,0.4790000000000001,0.5299999999999998,0.778,0.10400000000000009,0.1339999999999999
2018-02-12,1.5,1.2526630612913703,0.504,0.5329999999999999,0.802,0.07900000000000018,0.14800000000000013
2018-02-13,1.5,1.2526630612913703,0.5019999999999998,0.5379999999999998,0.778,0.052999999999999936,0.1389999999999998
2018-02-14,1.5,1.2526630612913703,0.4979999999999998,0.5419999999999998,0.7650000000000001,0.038000000000000256,0.12699999999999978
2018-02-19,1.5,1.2526630612913703,0.496,0.5390000000000001,0.802,0.1299999999999999,0.17799999999999994
2018-02-20,1.5,1.2526630612913703,0.4910000000000001,0.536,0.8159999999999998,0.1459999999999999,0.16900000000000004
2018-02-21,1.5,1.2526630612913703,0.4950000000000001,0.5390000000000001,0.806,0.1030000000000002,0.14900000000000002
2018-02-22,1.5,1.2526630612913703,0.5,0.5390000000000001,0.8029999999999999,0.11099999999999977,0.14900000000000002
2018-02-23,1.5,1.2526630612913703,0.5069999999999997,0.5459999999999998,0.7850000000000001,0.08800000000000008,0.1479999999999997
2018-02-26,1.5,1.2526630612913703,0.5,0.5500000000000003,0.7629999999999999,0.04800000000000004,0.10199999999999987
2018-02-27,1.5,1.2526630612913703,0.472,0.5510000000000002,0.758,0.03600000000000003,0.051000000000000156
2018-02-28,1.5,1.2526630612913703,0.4700000000000002,0.5510000000000002,0.766,-0.015000000000000124,-0.008000000000000007
2018-03-02,1.5,1.2155998565059223,0.451,0.5499999999999998,0.79,-0.01399999999999979,-0.042999999999999705
2018-03-05,1.5,1.2155998565059223,0.4260000000000001,0.5420000000000003,0.8109999999999999,0.03699999999999992,-0.03200000000000003
2018-03-06,1.5,1.2155998565059223,0.447,0.5460000000000003,0.8119999999999998,0.06299999999999972,0.0030000000000001137
2018-03-07,1.5,1.2155998565059223,0.4299999999999997,0.548,0.7970000000000002,0.04700000000000015,-0.028999999999999915
2018-03-08,1.5,1.2155998565059223,0.4439999999999999,0.5510000000000002,0.786,-0.0009999999999998899,-0.07299999999999995
2018-03-09,1.5,1.2155998565059223,0.451,0.5529999999999999,0.7930000000000001,0.040000000000000036,-0.004999999999999893
2018-03-12,1.5,1.2155998565059223,0.4539999999999997,0.552,0.8050000000000002,0.05699999999999994,0.040999999999999925
2018-03-13,1.5,1.2155998565059223,0.4449999999999998,0.552,0.8010000000000002,0.02900000000000036,0.0019999999999997797
2018-03-14,1.5,1.2155998565059223,0.4369999999999998,0.5590000000000002,0.774,-0.0040000000000000036,-0.04600000000000026
2018-03-15,1.5,1.2155998565059223,0.4360000000000004,0.5590000000000002,0.7679999999999998,-0.03400000000000025,-0.10199999999999987
2018-03-16,1.5,1.2155998565059223,0.4370000000000003,0.5590000000000002,0.7759999999999998,-0.002000000000000224,-0.06699999999999973
2018-03-19,1.5,1.2155998565059223,0.4490000000000003,0.5630000000000002,0.7749999999999999,0.009999999999999787,-0.0389999999999997
2018-03-20,1.5,1.2155998565059223,0.4460000000000002,0.5619999999999998,0.786,-0.016000000000000014,-0.06599999999999984
2018-03-21,1.5,1.2155998565059223,0.4319999999999999,0.5590000000000002,0.7909999999999999,-0.02499999999999991,-0.08400000000000007
2018-03-22,1.5,1.2155998565059223,0.4380000000000001,0.5670000000000002,0.7559999999999998,-0.050000000000000266,-0.1070000000000002
2018-03-23,1.5,1.2155998565059223,0.4250000000000002,0.5740000000000003,0.7229999999999999,-0.08000000000000007,-0.1549999999999998
2018-03-26,1.5,1.2155998565059223,0.4429999999999996,0.5709999999999997,0.7440000000000002,-0.040999999999999925,-0.10499999999999998
2018-03-27,1.5,1.2155998565059223,0.4439999999999999,0.5749999999999997,0.7320000000000002,-0.030999999999999694,-0.08699999999999974
2018-03-28,1.5,1.2155998565059223,0.4180000000000001,0.5739999999999998,0.722,-0.03600000000000003,-0.08999999999999986
2018-03-29,1.5,1.2155998565059223,0.415,0.5720000000000001,0.7269999999999999,-0.039000000000000146,-0.0940000000000003
2018-03-30,1.5,1.2155998565059223,0.4079999999999999,0.5789999999999997,0.7160000000000002,-0.07399999999999984,-0.11699999999999999
2018-04-02,1.5,1.528088503930558,0.4179999999999997,0.577,0.7250000000000001,-0.08599999999999985,-0.0940000000000003
2018-04-03,1.5,1.528088503930558,0.4409999999999998,0.5920000000000001,0.6930000000000001,-0.11899999999999977,-0.125
2018-04-04,1.5,1.528088503930558,0.4489999999999998,0.5959999999999996,0.6680000000000001,-0.129,-0.10999999999999988
2018-04-05,1.5,1.528088503930558,0.4580000000000002,0.6020000000000003,0.6749999999999998,-0.11100000000000021,-0.09699999999999998
2018-04-06,1.5,1.528088503930558,0.451,0.6069999999999998,0.6560000000000001,-0.137,-0.137
2018-04-09,1.5,1.528088503930558,0.4460000000000002,0.6070000000000002,0.6669999999999998,-0.13800000000000034,-0.1459999999999999
2018-04-10,1.5,1.528088503930558,0.4369999999999998,0.6000000000000001,0.685,-0.1160000000000001,-0.12400000000000011
2018-04-11,1.5,1.528088503930558,0.431,0.605,0.665,-0.10899999999999999,-0.11499999999999977
2018-04-12,1.5,1.528088503930558,0.4239999999999999,0.6059999999999999,0.6560000000000001,-0.11199999999999966,-0.12400000000000011
2018-04-13,1.5,1.528088503930558,0.4480000000000004,0.609,0.6549999999999998,-0.121,-0.10999999999999988
2018-04-16,1.5,1.528088503930558,0.4559999999999999,0.6080000000000001,0.669,-0.10599999999999987,-0.0990000000000002
2018-04-17,1.5,1.528088503930558,0.4580000000000002,0.6070000000000002,0.6779999999999999,-0.1080000000000001,-0.09600000000000009
2018-04-18,1.5,1.528088503930558,0.4559999999999999,0.5989999999999998,0.6960000000000002,-0.09499999999999975,-0.07099999999999973
2018-04-19,1.5,1.528088503930558,0.4519999999999999,0.6030000000000002,0.6949999999999998,-0.06099999999999994,-0.04700000000000015
2018-04-20,1.5,1.528088503930558,0.4709999999999996,0.6059999999999999,0.7000000000000002,-0.022999999999999687,0.022999999999999687
2018-04-23,1.5,1.528088503930558,0.4900000000000002,0.6020000000000003,0.7349999999999999,-0.009000000000000341,0.038000000000000256
2018-04-24,1.5,1.528088503930558,0.4990000000000001,0.6030000000000002,0.7269999999999999,-0.0050000000000003375,0.04999999999999982
2018-04-25,1.5,1.528088503930558,0.516,0.6030000000000002,0.746,0.02400000000000002,0.12199999999999989
2018-04-26,1.5,1.528088503930558,0.5150000000000001,0.601,0.734,0.007000000000000117,0.1070000000000002
2018-04-27,1.5,1.528088503930558,0.4990000000000001,0.605,0.7010000000000001,-0.015000000000000124,0.07600000000000007
2018-04-30,1.5,1.528088503930558,0.4969999999999999,0.6029999999999998,0.7160000000000002,-0.008999999999999897,0.07000000000000028
2018-05-02,1.5,1.469050499251634,0.5139999999999998,0.6019999999999999,0.7370000000000001,0.04400000000000004,0.11699999999999999
2018-05-03,1.5,1.469050499251634,0.5049999999999999,0.601,0.746,0.07799999999999985,0.1339999999999999
2018-05-04,1.5,1.469050499251634,0.4810000000000003,0.5960000000000001,0.7799999999999998,0.10499999999999998,0.1280000000000001
2018-05-08,1.5,1.469050499251634,0.476,0.5899999999999999,0.8109999999999999,0.1549999999999998,0.17999999999999972
2018-05-09,1.5,1.469050499251634,0.496,0.5949999999999998,0.8090000000000002,0.14200000000000035,0.19200000000000017
2018-05-10,1.5,1.469050499251634,0.496,0.605,0.7759999999999998,0.09099999999999975,0.1499999999999999
2018-05-11,1.5,1.469050499251634,0.4990000000000001,0.605,0.786,0.121,0.18900000000000006
2018-05-14,1.5,1.469050499251634,0.4859999999999997,0.5999999999999996,0.8090000000000002,0.15300000000000002,0.21499999999999986
2018-05-15,1.5,1.469050499251634,0.5020000000000002,0.6000000000000001,0.8119999999999998,0.15700000000000003,0.21099999999999985
2018-05-16,1.5,1.469050499251634,0.5089999999999999,0.6069999999999998,0.7850000000000001,0.1160000000000001,0.16900000000000004
2018-05-17,1.5,1.469050499251634,0.5339999999999998,0.6099999999999999,0.762,0.08400000000000007,0.1599999999999997
2018-05-18,1.5,1.469050499251634,0.5340000000000003,0.613,0.7309999999999999,0.0349999999999997,0.11299999999999999
2018-05-21,1.5,1.469050499251634,0.5180000000000002,0.6120000000000001,0.7509999999999999,0.05600000000000005,0.12200000000000033
2018-05-23,1.5,1.469050499251634,0.512,0.6150000000000002,0.7349999999999999,0.0349999999999997,0.07600000000000007
2018-05-24,1.5,1.469050499251634,0.5290000000000004,0.6270000000000002,0.6909999999999998,-0.04400000000000004,-0.004999999999999893
2018-05-25,1.5,1.469050499251634,0.5180000000000002,0.625,0.698,-0.028999999999999915,-0.009999999999999787
2018-05-28,1.5,1.469050499251634,0.5179999999999998,0.621,0.7080000000000002,-0.03799999999999981,-0.03600000000000003
2018-05-29,1.5,1.469050499251634,0.504,0.6240000000000001,0.6890000000000001,-0.04499999999999993,-0.05600000000000005
2018-05-30,1.5,1.469050499251634,0.5049999999999999,0.625,0.6920000000000002,-0.008999999999999897,-0.0030000000000001137
2018-05-31,1.5,1.469050499251634,0.5,0.621,0.6949999999999998,-0.02100000000000035,-0.018000000000000238
2018-06-01,1.5,1.4804084735663414,0.5099999999999998,0.621,0.6930000000000001,-0.04400000000000004,-0.04800000000000004
2018-06-04,1.5,1.4804084735663414,0.52,0.621,0.7130000000000001,-0.03299999999999992,-0.017999999999999794
2018-06-05,1.5,1.4804084735663414,0.5150000000000001,0.6259999999999999,0.7010000000000001,-0.07899999999999974,-0.04499999999999993
2018-06-07,1.5,1.4804084735663414,0.5329999999999999,0.625,0.7170000000000001,-0.09399999999999986,-0.03699999999999992
2018-06-08,1.5,1.4804084735663414,0.5249999999999999,0.629,0.6890000000000001,-0.1200000000000001,-0.09100000000000019
2018-06-11,1.5,1.4804084735663414,0.5090000000000003,0.6100000000000003,0.7229999999999999,-0.052999999999999936,-0.03999999999999959
2018-06-12,1.5,1.4804084735663414,0.4980000000000002,0.6100000000000003,0.7229999999999999,-0.06300000000000017,-0.06400000000000006
2018-06-14,1.5,1.4804084735663414,0.484,0.6190000000000002,0.7269999999999999,-0.0820000000000003,-0.08400000000000007
2018-06-15,1.5,1.4804084735663414,0.4860000000000002,0.629,0.6859999999999999,-0.1259999999999999,-0.1419999999999999
2018-06-18,1.5,1.4804084735663414,0.472,0.629,0.6779999999999999,-0.1070000000000002,-0.14400000000000013
2018-06-19,1.5,1.4804084735663414,0.4559999999999999,0.6309999999999998,0.6640000000000001,-0.09799999999999986,-0.1759999999999997
2018-06-20,1.5,1.4804084735663414,0.455,0.6340000000000003,0.6629999999999998,-0.06800000000000006,-0.14700000000000024
2018-06-21,1.5,1.4804084735663414,0.4449999999999998,0.637,0.649,-0.10199999999999987,-0.17500000000000027
2018-06-22,1.5,1.4804084735663414,0.4610000000000003,0.641,0.6469999999999998,-0.08800000000000008,-0.1389999999999998
2018-06-25,1.5,1.4804084735663414,0.4620000000000002,0.641,0.6429999999999998,-0.04800000000000004,-0.11500000000000021
2018-06-26,1.5,1.4804084735663414,0.4699999999999997,0.6399999999999997,0.6480000000000001,-0.04999999999999982,-0.09800000000000031
2018-06-27,1.5,1.4804084735663414,0.4540000000000002,0.645,0.6219999999999999,-0.0860000000000003,-0.1499999999999999
2018-06-28,1.5,1.4804084735663414,0.4429999999999996,0.6469999999999998,0.6150000000000002,-0.07399999999999984,-0.13500000000000023
2018-06-29,1.5,1.4804084735663414,0.4340000000000001,0.6440000000000001,0.6219999999999999,-0.07000000000000028,-0.14100000000000001
2018-07-02,1.5,1.118985835752162,0.4069999999999996,0.6429999999999998,0.6230000000000002,-0.07199999999999962,-0.16500000000000004
2018-07-03,1.5,1.118985835752162,0.439,0.6430000000000002,0.6379999999999999,-0.05500000000000016,-0.1259999999999999
2018-07-04,1.5,1.118985835752162,0.431,0.645,0.6160000000000001,-0.09699999999999998,-0.18599999999999994
2018-07-05,1.5,1.118985835752162,0.4519999999999999,0.649,0.593,-0.1080000000000001,-0.17100000000000026
2018-07-06,1.5,1.118985835752162,0.4540000000000002,0.6480000000000001,0.601,-0.1160000000000001,-0.19499999999999984
2018-07-09,1.5,1.118985835752162,0.4509999999999996,0.6479999999999997,0.6070000000000002,-0.08199999999999985,-0.15600000000000014
2018-07-10,1.5,1.118985835752162,0.4579999999999997,0.6499999999999999,0.5950000000000002,-0.12799999999999967,-0.17900000000000027
2018-07-11,1.5,1.118985835752162,0.4580000000000002,0.6540000000000004,0.5539999999999998,-0.16900000000000004,-0.20900000000000007
2018-07-12,1.5,1.118985835752162,0.4519999999999999,0.6540000000000004,0.5899999999999999,-0.137,-0.16900000000000004
2018-07-13,1.5,1.118985835752162,0.451,0.6499999999999999,0.605,-0.08099999999999996,-0.1160000000000001
2018-07-16,1.5,1.118985835752162,0.4579999999999997,0.653,0.5880000000000001,-0.08999999999999986,-0.10400000000000009
2018-07-17,1.5,1.118985835752162,0.4580000000000002,0.6520000000000001,0.5939999999999999,-0.07000000000000028,-0.06800000000000006
2018-07-18,1.5,1.118985835752162,0.4429999999999996,0.653,0.5870000000000002,-0.07599999999999962,-0.08800000000000008
2018-07-19,1.5,1.118985835752162,0.451,0.6550000000000002,0.589,-0.06000000000000005,-0.053999999999999826
2018-07-20,1.5,1.118985835752162,0.4449999999999998,0.6550000000000002,0.577,-0.06999999999999984,-0.0860000000000003
2018-07-23,1.5,1.118985835752162,0.4580000000000002,0.6579999999999999,0.577,-0.06599999999999984,-0.06999999999999984
2018-07-24,1.5,1.118985835752162,0.4830000000000001,0.6560000000000001,0.5920000000000001,-0.05600000000000005,-0.042999999999999705
2018-07-25,1.5,1.118985835752162,0.4669999999999996,0.6599999999999997,0.5790000000000002,-0.042999999999999705,-0.03000000000000025
2018-07-26,1.5,1.118985835752162,0.4789999999999996,0.661,0.5710000000000002,-0.04400000000000004,-0.008000000000000007
2018-07-27,1.5,1.118985835752162,0.4590000000000001,0.6589999999999998,0.6120000000000001,-0.009999999999999787,0.015000000000000124
2018-07-30,1.5,1.118985835752162,0.4449999999999998,0.6579999999999999,0.6280000000000001,0.004999999999999893,0.04300000000000015
2018-07-31,1.5,1.118985835752162,0.4439999999999999,0.6579999999999999,0.6230000000000002,-0.01499999999999968,-0.009999999999999787
2018-08-01,1.5,1.4318056660343803,0.4649999999999998,0.6559999999999997,0.6240000000000001,0.008000000000000007,0.041999999999999815
2018-08-02,1.5,1.4318056660343803,0.4609999999999998,0.657,0.613,0.020000000000000018,0.028999999999999915
2018-08-03,1.5,1.4318056660343803,0.472,0.657,0.6080000000000001,0.007000000000000117,0.02499999999999991
2018-08-06,1.5,1.4318056660343803,0.4639999999999999,0.6579999999999999,0.597,-0.010000000000000231,0.0030000000000001137
2018-08-07,1.5,1.4318056660343803,0.4750000000000001,0.661,0.5819999999999999,-0.013000000000000345,0.0040000000000000036
2018-08-08,1.5,1.4318056660343803,0.4870000000000001,0.6620000000000004,0.5699999999999998,0.016000000000000014,0.04499999999999993
2018-08-09,1.5,1.4318056660343803,0.4710000000000001,0.6640000000000001,0.5499999999999998,-0.040000000000000036,-0.020999999999999908
2018-08-10,1.5,1.4318056660343803,0.4500000000000002,0.6629999999999998,0.54,-0.06499999999999995,-0.06599999999999984
2018-08-13,1.5,1.4318056660343803,0.4539999999999997,0.6599999999999997,0.5510000000000002,-0.03699999999999992,-0.040999999999999925
2018-08-14,1.5,1.4318056660343803,0.4399999999999999,0.6579999999999999,0.5630000000000002,-0.030999999999999694,-0.04899999999999993
2018-08-16,1.5,1.4318056660343803,0.4250000000000002,0.657,0.5499999999999998,-0.037000000000000366,-0.054999999999999716
2018-08-17,1.5,1.4318056660343803,0.4339999999999999,0.6619999999999997,0.4970000000000001,-0.09199999999999986,-0.10899999999999999
2018-08-20,1.5,1.4318056660343803,0.4219999999999999,0.6649999999999998,0.4850000000000001,-0.09199999999999986,-0.11499999999999977
2018-08-21,1.5,1.4318056660343803,0.4619999999999997,0.673,0.419,-0.15799999999999992,-0.15400000000000036
2018-08-22,1.5,1.4318056660343803,0.4400000000000001,0.6639999999999999,0.4619999999999999,-0.13000000000000012,-0.17300000000000004
2018-08-23,1.5,1.4318056660343803,0.4319999999999999,0.6619999999999999,0.4630000000000001,-0.1160000000000001,-0.1509999999999998
2018-08-24,1.5,1.4318056660343803,0.4179999999999997,0.661,0.4630000000000001,-0.1080000000000001,-0.16900000000000004
2018-08-27,1.5,1.4318056660343803,0.4079999999999999,0.6179999999999999,0.4630000000000001,-0.14900000000000002,-0.20000000000000018
2018-08-28,1.5,1.4318056660343803,0.389,0.5809999999999997,0.4650000000000001,-0.16300000000000003,-0.21899999999999986
2018-08-29,1.5,1.4318056660343803,0.407,0.552,0.455,-0.16800000000000015,-0.20500000000000007
2018-08-30,1.5,1.4318056660343803,0.387,0.52,0.48,-0.14400000000000013,-0.22199999999999998
2018-08-31,1.5,1.4318056660343803,0.395,0.5,0.4159999999999999,-0.19700000000000006,-0.2629999999999999
2018-09-03,1.5,2.0871531597604243,0.3699999999999999,0.482,0.4219999999999999,-0.18600000000000017,-0.28800000000000026
2018-09-04,1.5,2.0871531597604243,0.381,0.4690000000000001,0.417,-0.17999999999999994,-0.2629999999999999
2018-09-05,1.5,2.0871531597604243,0.3690000000000002,0.4580000000000002,0.3999999999999999,-0.18199999999999994,-0.2879999999999998
2018-09-06,1.5,2.0871531597604243,0.3620000000000001,0.4540000000000002,0.4119999999999999,-0.15799999999999992,-0.2829999999999999
2018-09-07,1.5,2.0871531597604243,0.3489999999999997,0.4460000000000002,0.419,-0.13099999999999978,-0.2530000000000001
2018-09-10,1.5,2.0871531597604243,0.3400000000000001,0.449,0.4179999999999999,-0.12200000000000011,-0.2320000000000002
2018-09-11,1.5,2.0871531597604243,0.3500000000000001,0.4500000000000002,0.423,-0.1280000000000001,-0.23199999999999976
2018-09-12,1.5,2.0871531597604243,0.361,0.4499999999999999,0.393,-0.17000000000000015,-0.2490000000000001
2018-09-13,1.5,2.0871531597604243,0.3409999999999999,0.449,0.421,-0.12899999999999978,-0.21300000000000008
2018-09-14,1.5,2.0871531597604243,0.3490000000000002,0.4460000000000002,0.4599999999999999,-0.037000000000000144,-0.12199999999999989
2018-09-17,1.5,2.0871531597604243,0.3489999999999997,0.4459999999999997,0.4670000000000001,-0.018000000000000016,-0.09100000000000019
2018-09-18,1.5,2.0871531597604243,0.3570000000000002,0.4420000000000001,0.48,0.06099999999999994,-0.043999999999999595
2018-09-19,1.5,2.0871531597604243,0.3780000000000001,0.4420000000000001,0.496,0.03400000000000003,-0.028000000000000025
2018-09-20,1.5,2.0871531597604243,0.3929999999999998,0.4409999999999998,0.5350000000000001,0.07200000000000006,0.03299999999999992
2018-09-21,1.5,2.0871531597604243,0.3900000000000001,0.4410000000000003,0.5219999999999998,0.05899999999999972,0.03100000000000014
2018-09-27,1.5,2.0871531597604243,0.3690000000000002,0.4440000000000004,0.5059999999999998,0.042999999999999705,0.0040000000000000036
2018-09-28,1.5,2.0871531597604243,0.3520000000000003,0.4439999999999999,0.5049999999999999,0.039999999999999813,0.0030000000000001137
2018-10-01,1.5,2.002508233326883,0.3620000000000001,0.4420000000000001,0.5219999999999998,0.06699999999999973,0.021999999999999797
2018-10-02,1.5,2.002508233326883,0.3559999999999998,0.4449999999999998,0.5150000000000001,0.03500000000000014,0.0040000000000000036
2018-10-04,1.5,2.002508233326883,0.379,0.4399999999999999,0.5659999999999998,0.1499999999999999,0.1339999999999999
2018-10-05,1.5,2.002508233326883,0.3689999999999998,0.4379999999999997,0.5840000000000001,0.16200000000000014,0.16100000000000003
2018-10-08,1.5,2.002508233326883,0.3619999999999996,0.4369999999999998,0.5910000000000002,0.17400000000000015,0.1549999999999998
2018-10-10,1.5,2.002508233326883,0.3539999999999996,0.4379999999999997,0.5590000000000002,0.15900000000000025,0.14399999999999968
2018-10-11,1.5,2.002508233326883,0.3490000000000002,0.443,0.512,0.10000000000000009,0.08700000000000019
2018-10-12,1.5,2.002508233326883,0.3490000000000002,0.4360000000000004,0.5499999999999998,0.13099999999999978,0.13100000000000023
2018-10-15,1.5,2.002508233326883,0.3289999999999997,0.4339999999999997,0.5510000000000002,0.13300000000000023,0.12199999999999989
2018-10-16,1.5,2.002508233326883,0.3319999999999998,0.4340000000000001,0.548,0.125,0.10699999999999976
2018-10-17,1.5,2.002508233326883,0.318,0.4399999999999999,0.5230000000000001,0.13000000000000012,0.08700000000000019
2018-10-18,1.5,2.002508233326883,0.312,0.4419999999999999,0.4810000000000001,0.06000000000000005,0.03100000000000014
2018-10-19,1.5,2.002508233326883,0.3289999999999999,0.4429999999999998,0.4890000000000001,0.029000000000000137,0.008999999999999897
2018-10-22,1.5,2.002508233326883,0.3349999999999999,0.4420000000000001,0.5089999999999999,0.041999999999999815,0.028000000000000025
2018-10-23,1.5,2.002508233326883,0.3179999999999998,0.4429999999999998,0.4890000000000001,0.009000000000000119,-0.03000000000000025
2018-10-24,1.5,2.002508233326883,0.302,0.4379999999999997,0.5070000000000001,0.01100000000000012,-0.06499999999999995
2018-10-25,1.5,2.002508233326883,0.2870000000000001,0.4440000000000002,0.482,-0.05300000000000016,-0.1589999999999998
2018-10-26,1.5,2.002508233326883,0.2800000000000002,0.4449999999999998,0.4679999999999999,-0.053999999999999826,-0.1639999999999997
2018-10-29,1.5,2.002508233326883,0.2769999999999999,0.4499999999999999,0.3939999999999999,-0.11199999999999988,-0.20400000000000018
2018-10-30,1.5,2.002508233326883,0.29,0.4529999999999998,0.431,-0.07399999999999984,-0.13600000000000012
2018-10-31,1.5,2.002508233326883,0.3039999999999998,0.4539999999999997,0.439,-0.08299999999999974,-0.14100000000000001
2018-11-01,1.5,2.037042743998274,0.3089999999999999,0.4520000000000002,0.4419999999999999,-0.07300000000000018,-0.1200000000000001
2018-11-02,1.5,2.037042743998274,0.3009999999999999,0.449,0.482,-0.08399999999999985,-0.16199999999999992
2018-11-05,1.5,2.037042743998274,0.2969999999999999,0.4499999999999999,0.482,-0.10200000000000009,-0.17399999999999993
2018-11-06,1.5,2.037042743998274,0.3109999999999999,0.4519999999999999,0.484,-0.1070000000000002,-0.15799999999999992
2018-11-07,1.5,2.037042743998274,0.2949999999999999,0.455,0.4639999999999999,-0.0950000000000002,-0.15399999999999991
2018-11-08,1.5,2.037042743998274,0.2910000000000001,0.4539999999999999,0.4659999999999999,-0.04600000000000004,-0.10400000000000009
2018-11-09,1.5,2.037042743998274,0.2730000000000001,0.4559999999999999,0.4599999999999999,-0.08999999999999986,-0.16599999999999993
2018-11-12,1.5,2.037042743998274,0.2649999999999999,0.4610000000000001,0.445,-0.1060000000000001,-0.16999999999999993
2018-11-13,1.5,2.037042743998274,0.2709999999999999,0.4620000000000002,0.4399999999999999,-0.1080000000000001,-0.16900000000000004
2018-11-14,1.5,2.037042743998274,0.2729999999999999,0.4680000000000002,0.4219999999999999,-0.1010000000000002,-0.14600000000000035
2018-11-15,1.5,2.037042743998274,0.2879999999999998,0.4659999999999997,0.443,-0.038000000000000034,-0.06200000000000028
2018-11-16,1.5,2.037042743998274,0.2730000000000001,0.4639999999999999,0.447,-0.04200000000000004,-0.09799999999999986
2018-11-19,1.5,2.037042743998274,0.2590000000000001,0.4629999999999998,0.4419999999999999,-0.06699999999999995,-0.1429999999999998
2018-11-20,1.5,2.037042743998274,0.266,0.4649999999999998,0.4399999999999999,-0.049000000000000155,-0.10099999999999998
2018-11-21,1.5,2.037042743998274,0.2630000000000001,0.4629999999999998,0.4459999999999999,-0.061000000000000165,-0.10000000000000009
2018-11-22,1.5,2.037042743998274,0.264,0.4640000000000002,0.4419999999999999,-0.040000000000000036,-0.06300000000000017
2018-11-23,1.5,2.037042743998274,0.2550000000000001,0.474,0.4139999999999999,-0.05400000000000005,-0.07900000000000018
2018-11-26,1.5,2.037042743998274,0.2529999999999999,0.474,0.4139999999999999,0.020000000000000018,-0.0040000000000000036
2018-11-27,1.5,2.037042743998274,0.242,0.472,0.4079999999999999,-0.02300000000000013,-0.07100000000000017
2018-11-28,1.5,2.037042743998274,0.2349999999999998,0.4679999999999999,0.4199999999999999,-0.019000000000000128,-0.08800000000000008
2018-11-29,1.5,2.037042743998274,0.2249999999999998,0.4709999999999998,0.389,-0.052999999999999936,-0.137
2018-11-30,1.75,2.037042743998274,0.2089999999999998,0.47,0.147,-0.08499999999999996,-0.17700000000000005
2018-12-03,1.75,1.320395504513927,0.2040000000000001,0.4639999999999999,0.1739999999999999,-0.05800000000000005,-0.1509999999999998
2018-12-04,1.75,1.320395504513927,0.1879999999999999,0.4680000000000002,0.1639999999999999,-0.07000000000000006,-0.19300000000000006
2018-12-05,1.75,1.320395504513927,0.1569999999999998,0.4709999999999998,0.151,-0.06299999999999994,-0.20100000000000007
2018-12-06,1.75,1.320395504513927,0.1440000000000001,0.48,0.0889999999999999,-0.127,-0.274
2018-12-07,1.75,1.320395504513927,0.159,0.4790000000000001,0.084,-0.1259999999999999,-0.24
2018-12-10,1.75,1.320395504513927,0.175,0.4900000000000002,0.0529999999999999,-0.14200000000000013,-0.23199999999999998
2018-12-11,1.75,1.320395504513927,0.1879999999999999,0.4919999999999997,0.042,-0.1479999999999999,-0.23099999999999987
2018-12-12,1.75,1.320395504513927,0.2069999999999998,0.4889999999999999,0.0529999999999999,-0.119,-0.18500000000000005
2018-12-13,1.75,1.320395504513927,0.2229999999999998,0.4929999999999999,0.0449999999999999,-0.14800000000000013,-0.21300000000000008
2018-12-14,1.75,1.320395504513927,0.2209999999999998,0.4960000000000002,0.0309999999999999,-0.16600000000000015,-0.21800000000000042
2018-12-17,1.75,1.320395504513927,0.209,0.488,0.0449999999999999,-0.14700000000000002,-0.19700000000000006
2018-12-18,1.75,1.320395504513927,0.1860000000000001,0.4870000000000001,0.0449999999999999,-0.14500000000000002,-0.22499999999999987
2018-12-19,1.75,1.320395504513927,0.149,0.4889999999999999,0.0329999999999999,-0.16300000000000003,-0.27700000000000014
2018-12-20,1.75,1.320395504513927,0.1319999999999999,0.4829999999999999,0.05,-0.1419999999999999,-0.274
2018-12-21,1.75,1.320395504513927,0.1319999999999999,0.472,0.088,-0.07599999999999985,-0.19900000000000007
2018-12-24,1.75,1.320395504513927,0.1439999999999999,0.4670000000000001,0.096,-0.06799999999999984,-0.17699999999999982
2018-12-26,1.75,1.320395504513927,0.141,0.472,0.0569999999999999,-0.10099999999999998,-0.20199999999999996
2018-12-27,1.75,1.320395504513927,0.133,0.472,0.06,-0.10999999999999988,-0.21199999999999974
2018-12-28,1.75,1.320395504513927,0.131,0.47,0.0669999999999999,-0.07200000000000006,-0.16599999999999993
2018-12-31,1.75,1.320395504513927,0.131,0.47,0.0669999999999999,-0.08000000000000007,-0.15799999999999992
2019-01-02,1.75,0.7930197949157058,0.1459999999999999,0.4679999999999999,0.052,-0.12199999999999989,-0.18000000000000016
2019-01-03,1.75,0.7930197949157058,0.159,0.4690000000000001,0.046,-0.11799999999999988,-0.1469999999999998
2019-01-04,1.75,0.7930197949157058,0.175,0.4619999999999999,0.0469999999999999,-0.10400000000000009,-0.08599999999999985
2019-01-07,1.75,0.7930197949157058,0.1700000000000001,0.4609999999999998,0.0569999999999999,-0.03200000000000003,-0.006000000000000005
2019-01-08,1.75,0.7930197949157058,0.1839999999999999,0.4590000000000001,0.06,-0.02400000000000002,0.0009999999999998899
2019-01-09,1.75,0.7930197949157058,0.1760000000000001,0.4610000000000001,0.0589999999999999,0.006000000000000005,0.007000000000000117
2019-01-10,1.75,0.7930197949157058,0.1679999999999999,0.4629999999999998,0.046,0.0040000000000000036,-0.016000000000000014
2019-01-11,1.75,0.7930197949157058,0.1879999999999999,0.4579999999999999,0.054,0.001000000000000112,-0.017999999999999794
2019-01-14,1.75,0.7930197949157058,0.1760000000000001,0.4600000000000002,0.0469999999999999,0.0020000000000000018,-0.04499999999999971
2019-01-15,1.75,0.7930197949157058,0.171,0.4610000000000001,0.0469999999999999,0.016000000000000014,-0.03399999999999981
2019-01-16,1.75,0.7930197949157058,0.179,0.455,0.0529999999999999,0.008000000000000007,-0.02200000000000002
2019-01-17,1.75,0.7930197949157058,0.181,0.4599999999999999,0.0449999999999999,0.0,-0.0050000000000001155
2019-01-18,1.75,0.7930197949157058,0.1939999999999999,0.4529999999999998,0.064,0.03100000000000014,0.07600000000000007
2019-01-21,1.75,0.7930197949157058,0.207,0.4499999999999999,0.0709999999999999,0.020999999999999908,0.09600000000000009
2019-01-22,1.75,0.7930197949157058,0.1940000000000001,0.4519999999999999,0.0529999999999999,-0.03500000000000014,0.027000000000000135
2019-01-23,1.75,0.7930197949157058,0.181,0.4529999999999998,0.0529999999999999,-0.04300000000000015,-0.006000000000000005
2019-01-24,1.75,0.7930197949157058,0.183,0.451,0.06,0.0030000000000001137,0.04500000000000015
2019-01-25,1.75,0.7930197949157058,0.1929999999999998,0.449,0.062,0.0020000000000000018,0.06199999999999983
2019-01-28,1.75,0.7930197949157058,0.199,0.4469999999999998,0.07,0.0030000000000001137,0.07100000000000017
2019-01-29,1.75,0.7930197949157058,0.2120000000000002,0.4460000000000002,0.0729999999999999,0.006000000000000005,0.08700000000000019
2019-01-30,1.75,0.7930197949157058,0.2240000000000002,0.4449999999999998,0.0769999999999999,0.02499999999999991,0.1030000000000002
2019-01-31,1.75,0.7930197949157058,0.1919999999999999,0.4469999999999998,0.0589999999999999,0.0129999999999999,0.04599999999999982
2019-02-01,1.75,0.46128167518082464,0.1800000000000001,0.4479999999999999,0.0529999999999999,0.006000000000000005,0.01100000000000012
2019-02-07,1.75,0.46128167518082464,0.1940000000000001,0.4480000000000002,0.0509999999999999,-0.006000000000000005,0.018000000000000016
2019-02-08,1.75,0.46128167518082464,0.179,0.4479999999999999,0.036,-0.02400000000000002,-0.028999999999999915
2019-02-11,1.75,0.46128167518082464,0.1620000000000001,0.4480000000000002,0.0309999999999999,-0.028000000000000025,-0.04200000000000004
2019-02-12,1.75,0.46128167518082464,0.1819999999999999,0.4459999999999999,0.046,0.0,0.014000000000000012
2019-02-13,1.75,0.46128167518082464,0.1860000000000001,0.4459999999999999,0.0509999999999999,-0.0030000000000001137,-0.004999999999999893
2019-02-14,1.75,0.46128167518082464,0.1959999999999999,0.4479999999999999,0.044,-0.0029999999999998916,0.016999999999999904
2019-02-15,1.75,0.46128167518082464,0.183,0.4519999999999999,0.0289999999999999,-0.018000000000000016,-0.006000000000000005
2019-02-18,1.75,0.46128167518082464,0.193,0.4469999999999998,0.054,0.001000000000000112,0.015000000000000124
2019-02-19,1.75,0.46128167518082464,0.1959999999999999,0.449,0.05,0.0050000000000001155,0.020000000000000018
2019-02-20,1.75,0.46128167518082464,0.1899999999999999,0.4499999999999997,0.052,-0.01200000000000001,-0.016000000000000014
2019-02-21,1.75,0.46128167518082464,0.1989999999999998,0.447,0.0609999999999999,-0.010000000000000009,-0.018000000000000238
2019-02-22,1.75,0.46128167518082464,0.1939999999999999,0.4459999999999997,0.064,0.01100000000000012,0.010999999999999899
2019-02-25,1.75,0.46128167518082464,0.193,0.4460000000000002,0.0689999999999999,0.016000000000000014,0.028000000000000025
2019-02-26,1.75,0.46128167518082464,0.187,0.445,0.066,0.006000000000000005,0.010000000000000009
2019-02-27,1.75,0.46128167518082464,0.177,0.4459999999999999,0.058,-0.0040000000000000036,-0.019999999999999796
2019-02-28,1.75,0.46128167518082464,0.1740000000000001,0.4480000000000002,0.0629999999999999,-0.007000000000000117,-0.03200000000000003
2019-03-04,1.75,0.3746797500784771,0.193,0.447,0.084,0.01100000000000012,-0.008000000000000007
2019-03-05,1.75,0.3746797500784771,0.1929999999999998,0.4469999999999998,0.086,0.009000000000000119,-0.02200000000000024
2019-03-06,1.75,0.3746797500784771,0.1929999999999998,0.4499999999999999,0.078,0.019000000000000128,0.020000000000000018
2019-03-07,1.75,0.3746797500784771,0.1879999999999999,0.4520000000000002,0.0669999999999999,0.014000000000000012,0.021999999999999797
2019-03-08,1.75,0.3746797500784771,0.171,0.4529999999999998,0.052,0.001000000000000112,-0.02200000000000002
2019-03-11,1.75,0.3746797500784771,0.1759999999999999,0.451,0.06,0.02400000000000002,0.020999999999999908
2019-03-12,1.75,0.3746797500784771,0.181,0.4519999999999999,0.06,0.029000000000000137,0.04800000000000004
2019-03-13,1.75,0.3746797500784771,0.171,0.4530000000000003,0.0449999999999999,-0.001000000000000112,-0.01200000000000001
2019-03-14,1.75,0.3746797500784771,0.185,0.453,0.0429999999999999,-0.008000000000000007,-0.009000000000000119
2019-03-15,1.75,0.3746797500784771,0.1860000000000001,0.4529999999999998,0.0529999999999999,0.008999999999999897,-0.0009999999999998899
2019-03-18,1.75,0.3746797500784771,0.1819999999999999,0.4519999999999997,0.062,0.03300000000000014,0.03200000000000003
2019-03-19,1.75,0.3746797500784771,0.169,0.4519999999999999,0.06,0.006000000000000005,-0.018000000000000016
2019-03-20,1.75,0.3746797500784771,0.1680000000000001,0.4520000000000002,0.0629999999999999,0.0129999999999999,-0.014999999999999902
2019-03-21,1.75,0.3746797500784771,0.139,0.4539999999999999,0.0429999999999999,-0.009000000000000119,-0.06000000000000005
2019-03-22,1.75,0.3746797500784771,0.1339999999999999,0.4539999999999999,0.05,-0.010999999999999899,-0.07599999999999985
2019-03-25,1.75,0.3746797500784771,0.1179999999999998,0.455,0.02,-0.04400000000000004,-0.1200000000000001
2019-03-26,1.75,0.3746797500784771,0.1420000000000001,0.4540000000000002,0.0129999999999999,-0.05600000000000005,-0.10699999999999998
2019-03-27,1.75,0.3746797500784771,0.123,0.4649999999999998,-0.028,-0.09400000000000008,-0.15800000000000014
2019-03-28,1.75,0.3746797500784771,0.131,0.4719999999999997,-0.0709999999999999,-0.129,-0.17500000000000004
2019-03-29,1.75,0.3746797500784771,0.143,0.4729999999999998,-0.06,-0.123,-0.15400000000000014
2019-04-01,1.75,0.5559430310013935,0.1400000000000001,0.4710000000000001,-0.024,-0.1080000000000001,-0.16100000000000003
2019-04-02,1.75,0.5559430310013935,0.1500000000000001,0.472,-0.044,-0.13000000000000012,-0.17299999999999982
2019-04-03,1.75,0.5559430310013935,0.169,0.4730000000000001,-0.03,-0.1080000000000001,-0.1319999999999999
2019-04-04,1.75,0.5559430310013935,0.157,0.474,-0.03,-0.09699999999999998,-0.1279999999999999
2019-04-05,1.75,0.5559430310013935,0.1579999999999999,0.4719999999999997,-0.0149999999999999,-0.06699999999999995,-0.08000000000000007
2019-04-08,1.75,0.5559430310013935,0.145,0.4730000000000001,-0.0269999999999999,-0.08699999999999997,-0.11799999999999988
2019-04-09,1.75,0.5559430310013935,0.147,0.472,-0.0249999999999999,-0.08499999999999996,-0.119
2019-04-10,1.75,0.5559430310013935,0.1399999999999999,0.47,-0.0189999999999999,-0.06399999999999983,-0.09499999999999997
2019-04-11,1.75,0.5559430310013935,0.135,0.47,-0.018,-0.06099999999999994,-0.11099999999999999
2019-04-12,1.75,0.5559430310013935,0.1479999999999999,0.4710000000000001,-0.0169999999999999,-0.06999999999999984,-0.1080000000000001
2019-04-15,1.75,0.5559430310013935,0.165,0.4690000000000001,0.0109999999999998,-0.051000000000000156,-0.06800000000000006
2019-04-16,1.75,0.5559430310013935,0.167,0.4690000000000001,0.0149999999999999,-0.04500000000000015,-0.04700000000000015
2019-04-17,1.75,0.5559430310013935,0.169,0.4710000000000001,0.028,-0.03499999999999992,-0.03400000000000003
2019-04-18,1.75,0.5559430310013935,0.1519999999999999,0.4739999999999997,-0.0089999999999998,-0.051999999999999824,-0.038999999999999924
2019-04-19,1.75,0.5559430310013935,0.143,0.4720000000000002,0.006,-0.04400000000000004,-0.03499999999999992
2019-04-22,1.75,0.5559430310013935,0.1600000000000001,0.4720000000000002,0.0189999999999999,-0.001000000000000112,0.04100000000000015
2019-04-23,1.75,0.5559430310013935,0.155,0.47,0.018,0.0050000000000001155,0.018000000000000016
2019-04-24,1.75,0.5559430310013935,0.1629999999999998,0.4699999999999997,-0.0009999999999998,0.027000000000000135,0.06699999999999995
2019-04-25,1.75,0.5559430310013935,0.155,0.4709999999999998,-0.026,0.04499999999999993,0.06899999999999995
2019-04-26,1.75,0.5559430310013935,0.1559999999999999,0.4709999999999998,-0.03,0.030000000000000027,0.04299999999999993
2019-04-29,1.75,0.5559430310013935,0.1520000000000001,0.4720000000000002,-0.038,-0.014000000000000012,-0.0020000000000000018
2019-04-30,1.75,0.5559430310013935,0.1459999999999999,0.4719999999999997,-0.0509999999999999,-0.006999999999999895,-0.01100000000000012
2019-05-02,1.75,0.6799422099637242,0.153,0.4690000000000001,-0.018,0.01200000000000001,-0.0040000000000000036
2019-05-03,1.75,0.6799422099637242,0.1609999999999998,0.4650000000000001,-0.0109999999999998,0.019000000000000128,0.02299999999999991
2019-05-07,1.75,0.6799422099637242,0.1619999999999999,0.4659999999999999,-0.0269999999999999,-0.01200000000000001,-0.008000000000000007
2019-05-08,1.75,0.6799422099637242,0.1609999999999998,0.4670000000000001,-0.0329999999999999,-0.006000000000000005,0.009999999999999787
2019-05-09,1.75,0.6799422099637242,0.153,0.4680000000000002,-0.042,-0.017000000000000126,-0.01100000000000012
2019-05-10,1.75,0.6799422099637242,0.1539999999999999,0.4679999999999997,-0.0309999999999999,-0.01200000000000001,0.0020000000000000018
2019-05-13,1.75,0.6799422099637242,0.153,0.4649999999999998,-0.0289999999999999,-0.010999999999999899,0.007000000000000117
2019-05-14,1.75,0.6799422099637242,0.157,0.4659999999999999,-0.0389999999999999,-0.02200000000000002,-0.0129999999999999
2019-05-15,1.75,0.6799422099637242,0.155,0.4649999999999998,-0.04,-0.050999999999999934,-0.06099999999999994
2019-05-16,1.75,0.6799422099637242,0.145,0.4709999999999998,-0.0749999999999999,-0.08999999999999986,-0.11199999999999988
2019-05-17,1.75,0.6799422099637242,0.1520000000000001,0.4750000000000001,-0.08,-0.1080000000000001,-0.125
2019-05-20,1.75,0.6799422099637242,0.1659999999999999,0.476,-0.0689999999999999,-0.06000000000000005,-0.04600000000000004
2019-05-21,1.75,0.6799422099637242,0.167,0.4789999999999998,-0.0869999999999999,-0.09299999999999997,-0.06899999999999995
2019-05-22,1.75,0.6799422099637242,0.161,0.4770000000000001,-0.0829999999999999,-0.10199999999999987,-0.10099999999999998
2019-05-23,1.75,0.6799422099637242,0.1600000000000001,0.4829999999999999,-0.102,-0.1200000000000001,-0.11499999999999999
2019-05-24,1.75,0.6799422099637242,0.149,0.4829999999999999,-0.1069999999999999,-0.1060000000000001,-0.11999999999999988
2019-05-27,1.75,0.6799422099637242,0.145,0.4789999999999998,-0.098,-0.07200000000000006,-0.08200000000000007
2019-05-28,1.75,0.6799422099637242,0.139,0.476,-0.096,-0.06600000000000006,-0.08299999999999996
2019-05-29,1.75,0.6799422099637242,0.1220000000000001,0.4840000000000002,-0.131,-0.09299999999999997,-0.123
2019-05-30,1.75,0.6799422099637242,0.1150000000000002,0.484,-0.1240000000000001,-0.07300000000000018,-0.10399999999999987
2019-05-31,1.75,0.6799422099637242,0.0949999999999999,0.4880000000000002,-0.163,-0.14500000000000002,-0.20300000000000007
2019-06-03,1.75,0.7208009799653858,0.1160000000000001,0.4989999999999999,-0.175,-0.16400000000000015,-0.20899999999999985
2019-06-04,1.75,0.7208009799653858,0.1139999999999998,0.4999999999999998,-0.1799999999999999,-0.15300000000000002,-0.20100000000000007
2019-06-05,1.75,0.7208009799653858,0.1119999999999998,0.5079999999999998,-0.2079999999999999,-0.17500000000000004,-0.22399999999999998
2019-06-07,1.75,0.7208009799653858,0.119,0.5100000000000002,-0.213,-0.17100000000000004,-0.20500000000000007
2019-06-10,1.75,0.7208009799653858,0.1280000000000001,0.5150000000000001,-0.217,-0.18600000000000017,-0.21199999999999997
2019-06-11,1.75,0.7208009799653858,0.1379999999999999,0.5109999999999999,-0.2079999999999999,-0.17900000000000005,-0.19400000000000017
2019-06-12,1.75,0.7208009799653858,0.131,0.53,-0.2809999999999999,-0.242,-0.268
2019-06-13,1.75,0.7208009799653858,0.133,0.5219999999999998,-0.27,-0.22999999999999998,-0.252
2019-06-14,1.75,0.7208009799653858,0.121,0.5190000000000001,-0.28,-0.20500000000000007,-0.2290000000000001
2019-06-17,1.75,0.7208009799653858,0.1299999999999999,0.5139999999999998,-0.2589999999999999,-0.17899999999999983,-0.20100000000000007
2019-06-18,1.75,0.7208009799653858,0.121,0.514,-0.2569999999999999,-0.18799999999999994,-0.23299999999999987
2019-06-19,1.75,0.7208009799653858,0.1169999999999999,0.5110000000000001,-0.266,-0.17900000000000005,-0.2290000000000001
2019-06-20,1.75,0.7208009799653858,0.125,0.5190000000000001,-0.33,-0.2470000000000001,-0.28300000000000014
2019-06-21,1.75,0.7208009799653858,0.129,0.5090000000000001,-0.31,-0.20799999999999996,-0.2390000000000001
2019-06-24,1.75,0.7208009799653858,0.123,0.5090000000000001,-0.31,-0.20300000000000007,-0.2290000000000001
2019-06-25,1.75,0.7208009799653858,0.1060000000000001,0.4930000000000001,-0.272,-0.17399999999999993,-0.21299999999999986
2019-06-26,1.75,0.7208009799653858,0.1089999999999999,0.486,-0.254,-0.15799999999999992,-0.18799999999999994
2019-06-27,1.75,0.7208009799653858,0.1220000000000001,0.49,-0.256,-0.125,-0.125
2019-06-28,1.75,0.7208009799653858,0.1240000000000001,0.4950000000000001,-0.278,-0.15399999999999991,-0.14500000000000002
2019-07-01,1.75,0.6055380870270799,0.129,0.4949999999999999,-0.2709999999999999,-0.10799999999999987,-0.07399999999999984
2019-07-02,1.75,0.6055380870270799,0.123,0.4949999999999999,-0.2869999999999999,-0.11199999999999988,-0.10499999999999998
2019-07-03,1.75,0.6055380870270799,0.1049999999999999,0.496,-0.3209999999999999,-0.14100000000000001,-0.1499999999999999
2019-07-04,1.75,0.6055380870270799,0.1069999999999999,0.4990000000000001,-0.3340000000000001,-0.1260000000000001,-0.131
2019-07-05,1.75,0.6055380870270799,0.1099999999999998,0.5,-0.3269999999999999,-0.11399999999999988,-0.123
2019-07-08,1.75,0.6055380870270799,0.1080000000000001,0.5,-0.328,-0.11099999999999999,-0.131
2019-07-09,1.75,0.6055380870270799,0.1140000000000001,0.4990000000000001,-0.326,-0.1180000000000001,-0.1419999999999999
2019-07-10,1.75,0.6055380870270799,0.1240000000000001,0.5,-0.312,-0.03100000000000014,-0.038000000000000034
2019-07-11,1.75,0.6055380870270799,0.1279999999999999,0.5009999999999999,-0.3309999999999999,-0.06099999999999994,-0.06600000000000006
2019-07-12,1.75,0.6055380870270799,0.145,0.5030000000000001,-0.326,-0.04600000000000004,-0.02200000000000002
2019-07-15,1.75,0.6055380870270799,0.1480000000000001,0.5030000000000001,-0.316,-0.05700000000000016,-0.038999999999999924
2019-07-16,1.75,0.6055380870270799,0.1419999999999999,0.5029999999999999,-0.3189999999999999,-0.062000000000000055,-0.04100000000000015
2019-07-17,1.75,0.6055380870270799,0.147,0.504,-0.351,-0.08499999999999996,-0.05499999999999994
2019-07-18,1.5,0.6055380870270799,0.127,0.5050000000000001,-0.155,-0.07499999999999996,-0.07299999999999995
2019-07-19,1.5,0.6055380870270799,0.129,0.5050000000000001,-0.173,-0.11299999999999999,-0.11299999999999999
2019-07-22,1.5,0.6055380870270799,0.1320000000000001,0.504,-0.167,-0.10699999999999998,-0.09799999999999986
2019-07-23,1.5,0.6055380870270799,0.133,0.504,-0.161,-0.139,-0.1120000000000001
2019-07-24,1.5,0.6055380870270799,0.1440000000000001,0.5090000000000001,-0.179,-0.17500000000000004,-0.1399999999999999
2019-07-25,1.5,0.6055380870270799,0.129,0.5069999999999999,-0.1979999999999999,-0.19199999999999995,-0.18500000000000005
2019-07-26,1.5,0.6055380870270799,0.1179999999999998,0.5089999999999999,-0.1919999999999999,-0.16399999999999992,-0.17000000000000015
2019-07-29,1.5,0.6055380870270799,0.1059999999999998,0.5109999999999999,-0.1939999999999999,-0.17300000000000004,-0.19600000000000017
2019-07-30,1.5,0.6055380870270799,0.1080000000000001,0.5110000000000001,-0.199,-0.16200000000000014,-0.17700000000000005
2019-07-31,1.5,0.6055380870270799,0.0979999999999998,0.5109999999999999,-0.2079999999999999,-0.137,-0.14400000000000013
2019-08-01,1.5,-0.037200136735648925,0.1009999999999999,0.5130000000000001,-0.191,-0.10699999999999998,-0.11299999999999999
2019-08-02,1.5,-0.037200136735648925,0.0889999999999999,0.5129999999999999,-0.24,-0.16300000000000003,-0.18399999999999994
2019-08-05,1.5,-0.037200136735648925,0.0809999999999999,0.5210000000000001,-0.328,-0.25,-0.27700000000000014
2019-08-06,1.5,-0.037200136735648925,0.0929999999999999,0.5249999999999999,-0.3369999999999999,-0.2609999999999999,-0.28200000000000003
2019-08-07,1.5,-0.037200136735648925,0.0979999999999998,0.5249999999999999,-0.347,-0.2849999999999999,-0.31100000000000017
2019-08-08,1.5,-0.037200136735648925,0.1049999999999999,0.526,-0.3349999999999999,-0.254,-0.2769999999999999
2019-08-09,1.5,-0.037200136735648925,0.1,0.5210000000000001,-0.314,-0.238,-0.2829999999999999
2019-08-12,1.5,-0.037200136735648925,0.1029999999999999,0.524,-0.318,-0.252,-0.29700000000000015
2019-08-13,1.5,-0.037200136735648925,0.0790000000000001,0.528,-0.3500000000000001,-0.28100000000000014,-0.34399999999999986
2019-08-14,1.5,-0.037200136735648925,0.082,0.5289999999999999,-0.351,-0.25,-0.31499999999999995
2019-08-16,1.5,-0.037200136735648925,0.0769999999999999,0.5309999999999999,-0.405,-0.25,-0.30000000000000004
2019-08-19,1.5,-0.037200136735648925,0.0909999999999999,0.5349999999999999,-0.407,-0.23399999999999999,-0.272
2019-08-20,1.5,-0.037200136735648925,0.0969999999999999,0.5349999999999999,-0.399,-0.23199999999999998,-0.2670000000000001
2019-08-21,1.5,-0.037200136735648925,0.121,0.5290000000000001,-0.3440000000000001,-0.18300000000000005,-0.19500000000000006
2019-08-22,1.5,-0.037200136735648925,0.0990000000000002,0.528,-0.3700000000000001,-0.19100000000000006,-0.236
2019-08-23,1.5,-0.037200136735648925,0.0919999999999998,0.522,-0.3309999999999999,-0.133,-0.17000000000000015
2019-08-26,1.5,-0.037200136735648925,0.07,0.5269999999999999,-0.379,-0.18700000000000006,-0.23499999999999988
2019-08-27,1.5,-0.037200136735648925,0.0669999999999999,0.524,-0.3289999999999999,-0.135,-0.17399999999999993
2019-08-28,1.5,-0.037200136735648925,0.064,0.5210000000000001,-0.32,-0.121,-0.16500000000000004
2019-08-29,1.5,-0.037200136735648925,0.0809999999999999,0.524,-0.3329999999999999,-0.125,-0.1419999999999999
2019-08-30,1.5,-0.037200136735648925,0.1080000000000001,0.5250000000000001,-0.3320000000000001,-0.14100000000000001,-0.1339999999999999
2019-09-02,1.5,-0.42605841091188923,0.1109999999999999,0.5069999999999999,-0.2669999999999999,-0.026999999999999913,-0.004999999999999893
2019-09-03,1.5,-0.42605841091188923,0.1029999999999999,0.506,-0.272,0.05600000000000005,0.07800000000000007
2019-09-04,1.5,-0.42605841091188923,0.1029999999999999,0.5,-0.2589999999999999,0.07800000000000007,0.08800000000000008
2019-09-05,1.5,-0.42605841091188923,0.1080000000000001,0.5010000000000001,-0.2410000000000001,0.10599999999999987,0.1160000000000001
2019-09-06,1.5,-0.42605841091188923,0.1160000000000001,0.504,-0.2350000000000001,0.09999999999999987,0.11099999999999999
2019-09-09,1.5,-0.42605841091188923,0.1179999999999998,0.5069999999999999,-0.2649999999999999,0.049000000000000155,0.06699999999999995
2019-09-10,1.5,-0.42605841091188923,0.1280000000000001,0.506,-0.258,0.06000000000000005,0.08500000000000019
2019-09-11,1.5,-0.42605841091188923,0.139,0.506,-0.242,0.1080000000000001,0.16799999999999993
2019-09-16,1.5,-0.42605841091188923,0.1879999999999999,0.502,-0.1519999999999999,0.19900000000000007,0.30499999999999994
2019-09-17,1.5,-0.42605841091188923,0.185,0.5070000000000001,-0.185,0.21999999999999997,0.32800000000000007
2019-09-18,1.5,-0.42605841091188923,0.159,0.5070000000000001,-0.191,0.21599999999999997,0.28400000000000003
2019-09-19,1.5,-0.42605841091188923,0.1340000000000001,0.506,-0.171,0.22799999999999998,0.2650000000000001
2019-09-20,1.5,-0.42605841091188923,0.123,0.504,-0.1679999999999999,0.17600000000000016,0.17800000000000016
2019-09-23,1.5,-0.42605841091188923,0.131,0.506,-0.169,0.20100000000000007,0.23299999999999987
2019-09-24,1.5,-0.42605841091188923,0.129,0.504,-0.175,0.15599999999999992,0.19300000000000006
2019-09-25,1.5,-0.42605841091188923,0.1199999999999998,0.5029999999999999,-0.1959999999999999,0.18300000000000005,0.23299999999999987
2019-09-26,1.5,-0.42605841091188923,0.1320000000000001,0.5050000000000001,-0.199,0.1299999999999999,0.19500000000000006
2019-09-27,1.5,-0.42605841091188923,0.137,0.5050000000000001,-0.199,0.121,0.19399999999999995
2019-09-30,1.5,-0.42605841091188923,0.159,0.5030000000000001,-0.203,0.1299999999999999,0.20799999999999996
2019-10-01,1.5,0.0,0.175,0.5010000000000001,-0.177,0.15500000000000003,0.22199999999999998
2019-10-02,1.5,0.0,0.1940000000000001,0.5030000000000001,-0.197,0.06999999999999984,0.15300000000000002
2019-10-04,1.5,0.0,0.163,0.5070000000000001,-0.29,-0.018000000000000016,0.04200000000000004
2019-10-07,1.5,0.0,0.1539999999999999,0.506,-0.268,-0.009000000000000119,0.041999999999999815
2019-10-08,1.5,0.0,0.165,0.502,-0.236,0.0050000000000001155,0.062000000000000055
2019-10-10,1.5,0.0,0.183,0.5029999999999999,-0.2239999999999999,0.01100000000000012,0.07800000000000007
2019-10-11,1.5,0.0,0.207,0.504,-0.219,0.04599999999999982,0.135
2019-10-14,1.5,0.0,0.207,0.506,-0.219,0.038999999999999924,0.11799999999999988
2019-10-15,1.5,0.0,0.2180000000000002,0.51,-0.219,0.02299999999999991,0.10200000000000009
2019-10-16,1.25,0.0,0.2099999999999999,0.5069999999999999,0.07,-0.028000000000000025,-0.006000000000000005
2019-10-17,1.25,0.0,0.203,0.504,0.125,0.06000000000000005,0.07800000000000007
2019-10-18,1.25,0.0,0.2119999999999999,0.5049999999999999,0.125,0.06600000000000006,0.119
2019-10-21,1.25,0.0,0.252,0.504,0.1579999999999999,0.07899999999999996,0.19699999999999984
2019-10-22,1.25,0.0,0.276,0.506,0.129,0.04699999999999993,0.19999999999999996
2019-10-23,1.25,0.0,0.266,0.506,0.1379999999999999,0.05699999999999994,0.19199999999999995
2019-10-24,1.25,0.0,0.2450000000000001,0.5090000000000001,0.1459999999999999,0.07099999999999995,0.18700000000000006
2019-10-25,1.25,0.0,0.242,0.508,0.185,0.131,0.2530000000000001
2019-10-28,1.25,0.0,0.242,0.4949999999999999,0.2729999999999999,0.22199999999999998,0.33199999999999985
2019-10-29,1.25,0.0,0.2779999999999998,0.4949999999999999,0.2490000000000001,0.19800000000000018,0.33899999999999997
2019-10-30,1.25,0.0,0.2719999999999998,0.5,0.2310000000000001,0.18400000000000016,0.29699999999999993
2019-10-31,1.25,0.0,0.262,0.5070000000000001,0.2159999999999999,0.14300000000000002,0.22999999999999998
2019-11-01,1.25,0.15201852411155237,0.2649999999999999,0.5089999999999999,0.217,0.16400000000000015,0.23499999999999988
2019-11-04,1.25,0.15201852411155237,0.2769999999999999,0.5029999999999999,0.3,0.3400000000000001,0.45399999999999996
2019-11-05,1.25,0.15201852411155237,0.2949999999999999,0.5039999999999998,0.272,0.29000000000000004,0.43100000000000005
2019-11-06,1.25,0.15201852411155237,0.29,0.5029999999999999,0.28,0.266,0.391
2019-11-07,1.25,0.15201852411155237,0.2810000000000001,0.5070000000000001,0.2909999999999999,0.2649999999999999,0.363
2019-11-08,1.25,0.15201852411155237,0.2849999999999999,0.5050000000000001,0.268,0.2370000000000001,0.31499999999999995
2019-11-11,1.25,0.15201852411155237,0.288,0.5110000000000001,0.25,0.21900000000000008,0.30000000000000004
2019-11-12,1.25,0.15201852411155237,0.278,0.5,0.314,0.28300000000000014,0.34299999999999997
2019-11-13,1.25,0.15201852411155237,0.2769999999999999,0.5050000000000001,0.26,0.18999999999999995,0.2569999999999999
2019-11-14,1.25,0.15201852411155237,0.27,0.5010000000000001,0.2649999999999999,0.1399999999999999,0.20699999999999985
2019-11-15,1.25,0.15201852411155237,0.2770000000000001,0.5060000000000002,0.2629999999999999,0.1379999999999999,0.20300000000000007
2019-11-18,1.25,0.15201852411155237,0.2629999999999999,0.5050000000000001,0.268,0.1100000000000001,0.121
2019-11-19,1.25,0.15201852411155237,0.2489999999999999,0.51,0.2350000000000001,0.1060000000000001,0.07899999999999996
2019-11-20,1.25,0.15201852411155237,0.221,0.5150000000000001,0.1999999999999999,0.062000000000000055,0.017000000000000126
2019-11-21,1.25,0.15201852411155237,0.2099999999999999,0.516,0.2119999999999999,0.06600000000000006,0.030999999999999917
2019-11-22,1.25,0.15201852411155237,0.2310000000000001,0.516,0.2059999999999999,0.020999999999999908,0.010000000000000009
2019-11-25,1.25,0.15201852411155237,0.25,0.5129999999999999,0.2250000000000001,-0.04799999999999982,-0.039999999999999813
2019-11-26,1.25,0.15201852411155237,0.2319999999999999,0.514,0.2250000000000001,-0.02400000000000002,-0.06999999999999984
2019-11-27,1.25,0.15201852411155237,0.215,0.5190000000000001,0.2059999999999999,-0.025000000000000133,-0.08199999999999985
2019-11-28,1.25,0.15201852411155237,0.2370000000000001,0.5270000000000001,0.1799999999999999,-0.03600000000000003,-0.06099999999999994
2019-11-29,1.25,0.15201852411155237,0.2449999999999998,0.5369999999999999,0.135,-0.08200000000000007,-0.10200000000000009
2019-12-02,1.25,0.73847335030508,0.2629999999999999,0.532,0.175,-0.125,-0.139
2019-12-03,1.25,0.73847335030508,0.276,0.526,0.2099999999999999,-0.062000000000000055,-0.08099999999999996
2019-12-04,1.25,0.73847335030508,0.2510000000000001,0.5330000000000001,0.1559999999999999,-0.12400000000000011,-0.16300000000000003
2019-12-05,1.25,0.73847335030508,0.238,0.534,0.173,-0.11799999999999988,-0.16100000000000003
2019-12-06,1.25,0.73847335030508,0.25,0.5390000000000001,0.1799999999999999,-0.08800000000000008,-0.123
2019-12-09,1.25,0.73847335030508,0.252,0.5430000000000001,0.1619999999999999,-0.08800000000000008,-0.12400000000000011
2019-12-10,1.25,0.73847335030508,0.2260000000000002,0.5590000000000002,0.1399999999999999,-0.17400000000000015,-0.22599999999999998
2019-12-11,1.25,0.73847335030508,0.24,0.5609999999999999,0.131,-0.129,-0.16599999999999993
2019-12-12,1.25,0.73847335030508,0.2370000000000001,0.56,0.1319999999999999,-0.133,-0.16599999999999993
2019-12-13,1.25,0.73847335030508,0.2470000000000001,0.56,0.1519999999999999,-0.11099999999999999,-0.14100000000000001
2019-12-16,1.25,0.73847335030508,0.2430000000000001,0.5660000000000001,0.119,-0.14900000000000002,-0.16899999999999982
2019-12-17,1.25,0.73847335030508,0.242,0.567,0.1129999999999999,-0.12200000000000011,-0.129
2019-12-18,1.25,0.73847335030508,0.2490000000000001,0.5700000000000001,0.1069999999999999,-0.09299999999999997,-0.06499999999999995
2019-12-19,1.25,0.73847335030508,0.272,0.5660000000000001,0.133,-0.07899999999999996,-0.016999999999999904
2019-12-20,1.25,0.73847335030508,0.2810000000000001,0.5670000000000002,0.1419999999999999,-0.06400000000000006,-0.014000000000000012
2019-12-23,1.25,0.73847335030508,0.262,0.5710000000000002,0.1299999999999999,-0.0950000000000002,-0.08300000000000018
2019-12-24,1.25,0.73847335030508,0.2609999999999999,0.575,0.1200000000000001,-0.10499999999999998,-0.07600000000000007
2019-12-26,1.25,0.73847335030508,0.274,0.5740000000000001,0.1169999999999999,-0.08899999999999997,-0.030000000000000027
2019-12-27,1.25,0.73847335030508,0.3129999999999999,0.5739999999999998,0.1200000000000001,-0.05999999999999983,0.016000000000000014
2019-12-30,1.25,0.73847335030508,0.3229999999999999,0.577,0.1100000000000001,-0.02499999999999991,0.05300000000000016
2019-12-31,1.25,0.73847335030508,0.3229999999999999,0.577,0.1100000000000001,-0.06499999999999995,-0.004999999999999893
2020-01-02,1.25,1.2196108571659758,0.3109999999999999,0.5800000000000001,0.0769999999999999,-0.133,-0.09800000000000009
2020-01-03,1.25,1.2196108571659758,0.2849999999999999,0.5880000000000001,0.02,-0.1359999999999999,-0.10200000000000009
2020-01-06,1.25,1.2196108571659758,0.264,0.5840000000000001,0.0269999999999999,-0.14600000000000013,-0.1200000000000001
2020-01-07,1.25,1.2196108571659758,0.282,0.5800000000000001,0.0809999999999999,-0.09899999999999998,-0.06699999999999995
2020-01-08,1.25,1.2196108571659758,0.2669999999999999,0.5760000000000001,0.1129999999999999,-0.04899999999999993,-0.03400000000000003
2020-01-09,1.25,1.2196108571659758,0.2710000000000001,0.5670000000000002,0.1659999999999999,0.026000000000000023,0.07099999999999995
2020-01-10,1.25,1.2196108571659758,0.2809999999999999,0.5660000000000001,0.175,0.04400000000000004,0.08499999999999996
2020-01-13,1.25,1.2196108571659758,0.3110000000000001,0.5710000000000002,0.1679999999999999,0.03600000000000003,0.1100000000000001
2020-01-14,1.25,1.2196108571659758,0.33,0.5820000000000001,0.1359999999999999,-0.016000000000000014,0.06699999999999995
2020-01-15,1.25,1.2196108571659758,0.304,0.581,0.141,0.02200000000000002,0.08299999999999996
2020-01-16,1.25,1.2196108571659758,0.2750000000000001,0.575,0.1759999999999999,0.06299999999999994,0.09600000000000009
2020-01-17,1.25,1.2196108571659758,0.308,0.5769999999999997,0.183,0.07600000000000007,0.135
2020-01-20,1.25,1.2196108571659758,0.3069999999999999,0.5789999999999997,0.205,0.07200000000000006,0.10699999999999998
2020-01-21,1.25,1.2196108571659758,0.294,0.591,0.145,0.0030000000000001137,0.016000000000000014
2020-01-22,1.25,1.2196108571659758,0.286,0.579,0.187,0.05700000000000016,0.08100000000000018
2020-01-23,1.25,1.2196108571659758,0.28,0.5819999999999999,0.1739999999999999,0.053999999999999826,0.07299999999999995
2020-01-28,1.25,1.2196108571659758,0.2509999999999999,0.5879999999999999,0.102,-0.014999999999999902,-0.038000000000000034
2020-01-29,1.25,1.2196108571659758,0.252,0.5919999999999999,0.08,-0.040000000000000036,-0.10099999999999998
2020-01-30,1.25,1.2196108571659758,0.252,0.5960000000000001,0.0509999999999999,-0.05900000000000016,-0.13000000000000012
2020-01-31,1.25,1.2196108571659758,0.2550000000000001,0.5960000000000001,0.0529999999999999,-0.05700000000000016,-0.125
2020-02-03,1.25,0.8548901934327446,0.256,0.593,0.0409999999999999,-0.03600000000000003,-0.09099999999999997
2020-02-04,1.25,0.8548901934327446,0.2969999999999999,0.5920000000000001,0.0809999999999999,0.06099999999999994,0.07299999999999995
2020-02-05,1.25,0.8548901934327446,0.294,0.5940000000000001,0.0569999999999999,0.030000000000000027,0.06000000000000005
2020-02-06,1.25,0.8548901934327446,0.3189999999999999,0.593,0.0609999999999999,-0.020000000000000018,0.016999999999999904
2020-02-07,1.25,0.8548901934327446,0.3209999999999999,0.5940000000000001,0.03,-0.08299999999999996,-0.028999999999999915
2020-02-10,1.25,0.8548901934327446,0.3069999999999999,0.5899999999999999,0.046,-0.11999999999999988,-0.08400000000000007
2020-02-11,1.25,0.8548901934327446,0.3030000000000001,0.589,0.0489999999999999,-0.1260000000000001,-0.10399999999999987
2020-02-12,1.25,0.8548901934327446,0.316,0.593,0.0469999999999999,-0.121,-0.1160000000000001
2020-02-13,1.25,0.8548901934327446,0.3340000000000001,0.5980000000000001,0.0249999999999999,-0.11099999999999999,-0.10699999999999998
2020-02-14,1.25,0.8548901934327446,0.3229999999999999,0.583,0.08,-0.06099999999999994,-0.04200000000000004
2020-02-17,1.25,0.8548901934327446,0.302,0.5859999999999999,0.07,-0.10599999999999987,-0.07899999999999996
2020-02-18,1.25,0.8548901934327446,0.2890000000000001,0.5920000000000001,0.0209999999999999,-0.16200000000000014,-0.18100000000000005
2020-02-19,1.25,0.8548901934327446,0.2749999999999999,0.591,0.034,-0.17100000000000004,-0.20300000000000007
2020-02-20,1.25,0.8548901934327446,0.2809999999999999,0.599,-0.016,-0.16100000000000003,-0.17400000000000015
2020-02-21,1.25,0.8548901934327446,0.2610000000000001,0.6000000000000001,-0.068,-0.2550000000000001,-0.28
2020-02-24,1.25,0.8548901934327446,0.2769999999999999,0.601,-0.1109999999999999,-0.2849999999999999,-0.28800000000000003
2020-02-25,1.25,0.8548901934327446,0.258,0.5939999999999999,-0.0789999999999999,-0.18100000000000005,-0.17399999999999993
2020-02-26,1.25,0.8548901934327446,0.26,0.599,-0.1149999999999999,-0.19500000000000006,-0.18700000000000006
2020-02-27,1.25,0.8548901934327446,0.2490000000000001,0.5960000000000001,-0.056,-0.10699999999999998,-0.10999999999999988
2020-02-28,1.25,0.8548901934327446,0.2289999999999998,0.603,-0.1459999999999999,-0.19899999999999984,-0.2250000000000001
2020-03-02,1.25,0.8262628504555058,0.2440000000000002,0.6000000000000001,-0.1220000000000001,-0.16300000000000003,-0.17499999999999982
2020-03-03,1.25,0.8262628504555058,0.2609999999999999,0.6079999999999999,-0.1399999999999999,-0.22099999999999986,-0.2569999999999999
2020-03-04,1.25,0.8262628504555058,0.27,0.615,-0.221,-0.278,-0.30200000000000005
2020-03-05,1.25,0.8262628504555058,0.286,0.615,-0.199,-0.26,-0.2929999999999999
2020-03-06,1.25,0.8262628504555058,0.292,0.6139999999999999,-0.1719999999999999,-0.20199999999999996,-0.23099999999999987
2020-03-09,1.25,0.8262628504555058,0.248,0.619,-0.2119999999999999,-0.258,-0.31699999999999995
2020-03-10,1.25,0.8262628504555058,0.2729999999999999,0.6259999999999999,-0.1679999999999999,-0.21699999999999986,-0.2470000000000001
2020-03-11,1.25,0.8262628504555058,0.2829999999999999,0.6259999999999999,-0.1639999999999999,-0.21099999999999985,-0.244
2020-03-12,1.25,0.8262628504555058,0.3249999999999999,0.645,-0.1879999999999999,-0.21299999999999986,-0.22199999999999998
2020-03-13,1.25,0.8262628504555058,0.421,0.661,-0.1009999999999999,-0.18100000000000005,-0.08299999999999996
2020-03-16,1.25,0.8262628504555058,0.425,0.6659999999999999,-0.151,-0.22100000000000009,-0.09800000000000009
2020-03-17,0.75,0.8262628504555058,0.411,0.71,0.28,-0.24099999999999988,-0.119
2020-03-18,0.75,0.8262628504555058,0.4519999999999999,0.72,0.3,-0.23399999999999999,-0.05699999999999994
2020-03-19,0.75,0.8262628504555058,0.4639999999999999,0.754,0.443,-0.040999999999999925,0.14200000000000013
2020-03-20,0.75,0.8262628504555058,0.504,0.8380000000000001,0.357,-0.07499999999999996,0.16799999999999993
2020-03-23,0.75,0.8262628504555058,0.565,0.8569999999999998,0.403,0.014000000000000012,0.30200000000000005
2020-03-24,0.75,0.8262628504555058,0.581,0.8789999999999998,0.377,-0.04400000000000004,0.2789999999999999
2020-03-25,0.75,0.8262628504555058,0.516,0.8939999999999999,0.381,-0.0040000000000000036,0.252
2020-03-26,0.75,0.8262628504555058,0.435,0.9680000000000002,0.3169999999999999,-0.127,0.05899999999999994
2020-03-27,0.75,0.8262628504555058,0.472,0.979,0.31,-0.04400000000000004,0.19900000000000007
2020-03-30,0.75,0.8262628504555058,0.4639999999999999,0.9759999999999998,0.3480000000000001,-0.029999999999999805,0.18999999999999995
2020-03-31,0.75,0.8262628504555058,0.4809999999999998,1.007,0.32,-0.040000000000000036,0.17999999999999994
2020-04-01,0.75,0.019099124455923544,0.4529999999999998,1.007,0.3420000000000001,0.06300000000000017,0.246
2020-04-02,0.75,0.019099124455923544,0.4590000000000001,1.034,0.3089999999999999,0.008000000000000007,0.18100000000000005
2020-04-03,0.75,0.019099124455923544,0.482,1.034,0.316,-0.01200000000000001,0.17799999999999994
2020-04-06,0.75,0.019099124455923544,0.4909999999999999,1.048,0.302,0.014000000000000012,0.2569999999999999
2020-04-07,0.75,0.019099124455923544,0.5330000000000001,1.0530000000000002,0.2969999999999999,-0.03500000000000014,0.2250000000000001
2020-04-08,0.75,0.019099124455923544,0.4869999999999999,1.073,0.274,-0.062000000000000055,0.1419999999999999
2020-04-09,0.75,0.019099124455923544,0.4519999999999999,1.107,0.236,-0.07600000000000007,0.050999999999999934
2020-04-10,0.75,0.019099124455923544,0.474,1.122,0.2199999999999999,-0.17900000000000005,-0.1260000000000001
2020-04-13,0.75,0.019099124455923544,0.4730000000000001,1.124,0.246,-0.10299999999999998,-0.05499999999999994
2020-04-14,0.75,0.019099124455923544,0.4679999999999999,1.13,0.246,-0.03400000000000003,0.02299999999999991
2020-04-16,0.75,0.019099124455923544,0.429,1.1410000000000002,0.2319999999999999,-0.06800000000000006,-0.09099999999999997
2020-04-17,0.75,0.019099124455923544,0.4319999999999999,1.142,0.256,-0.18700000000000006,-0.21900000000000008
2020-04-20,0.75,0.019099124455923544,0.431,1.14,0.2629999999999999,-0.09400000000000008,-0.16700000000000004
2020-04-21,0.75,0.019099124455923544,0.423,1.1530000000000002,0.2849999999999999,-0.1180000000000001,-0.26
2020-04-22,0.75,0.019099124455923544,0.486,1.1569999999999998,0.296,-0.08099999999999996,-0.17599999999999993
2020-04-23,0.75,0.019099124455923544,0.5089999999999999,1.1669999999999998,0.286,-0.09499999999999997,-0.10200000000000009
2020-04-24,0.75,0.019099124455923544,0.528,1.183,0.268,-0.04899999999999993,0.04400000000000004
2020-04-27,0.75,0.019099124455923544,0.55,1.1889999999999998,0.276,-0.03400000000000003,0.04400000000000004
2020-04-28,0.75,0.019099124455923544,0.5270000000000001,1.1910000000000005,0.2829999999999999,-0.06500000000000017,-0.0020000000000000018
2020-04-29,0.75,0.019099124455923544,0.512,1.212,0.256,-0.06400000000000006,-0.03299999999999992
2020-05-04,0.75,-0.212740336370576,0.5240000000000001,1.2279999999999998,0.2249999999999999,-0.1170000000000001,-0.04599999999999982
2020-05-06,0.75,-0.212740336370576,0.548,1.242,0.2099999999999999,-0.09899999999999998,-0.010000000000000009
2020-05-07,0.75,-0.212740336370576,0.534,1.252,0.1959999999999999,-0.1200000000000001,-0.06800000000000006
2020-05-08,0.75,-0.212740336370576,0.5119999999999999,1.2679999999999998,0.164,-0.138,-0.11699999999999999
2020-05-11,0.75,-0.212740336370576,0.5359999999999999,1.2719999999999998,0.176,-0.12099999999999989,-0.1180000000000001
2020-05-12,0.75,-0.212740336370576,0.5379999999999999,1.287,0.136,-0.138,-0.08699999999999997
2020-05-13,0.75,-0.212740336370576,0.5359999999999999,1.299,0.1059999999999999,-0.13,-0.04600000000000004
2020-05-14,0.75,-0.212740336370576,0.512,1.301,0.119,-0.10099999999999998,-0.06299999999999994
2020-05-15,0.75,-0.212740336370576,0.509,1.302,0.124,-0.122,-0.08600000000000008
2020-05-18,0.75,-0.212740336370576,0.5069999999999999,1.3010000000000002,0.137,-0.10899999999999999,-0.07000000000000006
2020-05-19,0.75,-0.212740336370576,0.515,1.3090000000000002,0.126,-0.10599999999999998,-0.020000000000000018
2020-05-20,0.75,-0.212740336370576,0.4900000000000001,1.3130000000000002,0.118,-0.138,-0.07999999999999985
2020-05-21,0.75,-0.212740336370576,0.4860000000000001,1.3210000000000002,0.1059999999999999,-0.15699999999999992,-0.10199999999999987
2020-05-22,0.75,-0.212740336370576,0.51,1.328,0.0869999999999999,-0.19799999999999995,-0.11099999999999999
2020-05-25,0.75,-0.212740336370576,0.5010000000000001,1.3370000000000002,0.0649999999999999,-0.2310000000000001,-0.21599999999999997
2020-05-26,0.75,-0.212740336370576,0.4890000000000001,1.3370000000000002,0.0889999999999999,-0.19700000000000006,-0.21699999999999986
2020-05-27,0.75,-0.212740336370576,0.4770000000000001,1.3330000000000002,0.1129999999999999,-0.15500000000000003,-0.20599999999999996
2020-05-28,0.5,-0.212740336370576,0.525,1.339,0.3179999999999999,-0.20800000000000007,-0.2330000000000001
2020-05-29,0.5,-0.212740336370576,0.5480000000000002,1.332,0.3259999999999999,-0.20699999999999996,-0.18599999999999994
2020-06-01,0.5,0.22012041290166984,0.5640000000000001,1.3330000000000002,0.3309999999999999,-0.17500000000000004,-0.123
2020-06-02,0.5,0.22012041290166984,0.5269999999999999,1.331,0.351,-0.124,-0.12100000000000022
2020-06-03,0.5,0.22012041290166984,0.5599999999999999,1.3329999999999995,0.366,-0.09399999999999997,-0.08200000000000007
2020-06-04,0.5,0.22012041290166984,0.5459999999999999,1.331,0.386,-0.05999999999999994,-0.04800000000000004
2020-06-05,0.5,0.22012041290166984,0.5579999999999999,1.33,0.394,-0.020000000000000018,0.026000000000000023
2020-06-08,0.5,0.22012041290166984,0.551,1.3249999999999995,0.402,-0.02400000000000002,-0.008999999999999897
2020-06-09,0.5,0.22012041290166984,0.536,1.3430000000000002,0.361,-0.025000000000000022,-0.026999999999999913
2020-06-10,0.5,0.22012041290166984,0.5579999999999999,1.3650000000000002,0.3399999999999999,-0.016000000000000014,0.006000000000000005
2020-06-11,0.5,0.22012041290166984,0.546,1.3670000000000002,0.3369999999999999,-0.03200000000000003,0.0020000000000000018
2020-06-12,0.5,0.22012041290166984,0.5469999999999999,1.369,0.3409999999999999,-0.03300000000000003,0.004999999999999893
2020-06-15,0.5,0.22012041290166984,0.563,1.368,0.361,-0.026000000000000023,0.030000000000000027
2020-06-16,0.5,0.22012041290166984,0.5419999999999999,1.3650000000000002,0.36,-0.016000000000000014,0.010999999999999899
2020-06-17,0.5,0.22012041290166984,0.535,1.37,0.374,0.006000000000000005,0.050999999999999934
2020-06-18,0.5,0.22012041290166984,0.5280000000000001,1.383,0.3419999999999999,-0.014000000000000012,0.028000000000000025
2020-06-19,0.5,0.22012041290166984,0.5359999999999999,1.386,0.344,0.007000000000000006,0.03299999999999992
2020-06-22,0.5,0.22012041290166984,0.5439999999999999,1.386,0.346,0.031000000000000028,0.07399999999999984
2020-06-23,0.5,0.22012041290166984,0.558,1.3970000000000002,0.3269999999999999,-0.01200000000000001,0.05699999999999994
2020-06-24,0.5,0.22012041290166984,0.544,1.402,0.3189999999999999,-0.04400000000000004,0.02299999999999991
2020-06-25,0.5,0.22012041290166984,0.5270000000000001,1.4030000000000002,0.3169999999999999,-0.0010000000000000009,0.001000000000000112
2020-06-26,0.5,0.22012041290166984,0.5159999999999999,1.4090000000000005,0.311,-0.014999999999999902,-0.04700000000000015
2020-06-29,0.5,0.22012041290166984,0.523,1.404,0.3419999999999999,0.01100000000000001,-0.030000000000000027
2020-06-30,0.5,0.22012041290166984,0.531,1.408,0.3419999999999999,-0.009000000000000008,-0.004999999999999893
2020-07-01,0.5,0.44663111093188324,0.5549999999999999,1.404,0.347,-0.019000000000000017,-0.02400000000000002
2020-07-02,0.5,0.44663111093188324,0.546,1.404,0.3309999999999999,-0.05500000000000005,-0.05499999999999994
2020-07-03,0.5,0.44663111093188324,0.549,1.4009999999999998,0.3379999999999999,-0.05600000000000005,-0.06499999999999995
2020-07-06,0.5,0.44663111093188324,0.5559999999999999,1.395,0.354,-0.04800000000000004,-0.04300000000000015
2020-07-07,0.5,0.44663111093188324,0.5449999999999999,1.3930000000000002,0.3429999999999999,-0.018000000000000016,-0.009000000000000119
2020-07-08,0.5,0.44663111093188324,0.538,1.3930000000000002,0.3389999999999999,-0.0010000000000000009,-0.020999999999999908
2020-07-09,0.5,0.44663111093188324,0.551,1.395,0.3399999999999999,0.0030000000000000027,0.008000000000000007
2020-07-10,0.5,0.44663111093188324,0.548,1.388,0.349,0.008000000000000007,0.009000000000000119
2020-07-13,0.5,0.44663111093188324,0.5599999999999999,1.3890000000000002,0.36,-0.0010000000000000009,-0.0040000000000000036
2020-07-14,0.5,0.44663111093188324,0.564,1.392,0.354,-0.006000000000000005,0.016000000000000014
2020-07-15,0.5,0.44663111093188324,0.567,1.394,0.347,-0.027000000000000024,0.004999999999999893
2020-07-16,0.5,0.44663111093188324,0.5489999999999999,1.398,0.3289999999999999,-0.013000000000000012,0.007999999999999785
2020-07-17,0.5,0.44663111093188324,0.536,1.402,0.312,-0.03199999999999992,-0.031999999999999806
2020-07-20,0.5,0.44663111093188324,0.533,1.404,0.301,-0.04499999999999993,-0.05599999999999983
2020-07-21,0.5,0.44663111093188324,0.5380000000000001,1.398,0.3179999999999999,-0.009000000000000008,-0.028999999999999915
2020-07-22,0.5,0.44663111093188324,0.536,1.399,0.31,-0.008999999999999897,-0.016999999999999904
2020-07-23,0.5,0.44663111093188324,0.52,1.396,0.298,-0.018999999999999906,-0.026000000000000023
2020-07-24,0.5,0.44663111093188324,0.5059999999999999,1.39,0.299,-0.01200000000000001,-0.02200000000000002
2020-07-27,0.5,0.44663111093188324,0.501,1.3850000000000002,0.303,-0.038999999999999924,-0.06099999999999994
2020-07-28,0.5,0.44663111093188324,0.516,1.381,0.3129999999999999,-0.029000000000000026,-0.04400000000000004
2020-07-29,0.5,0.44663111093188324,0.4979999999999999,1.379,0.311,-0.03599999999999992,-0.09299999999999997
2020-07-30,0.5,0.44663111093188324,0.4819999999999999,1.382,0.299,-0.03199999999999992,-0.09600000000000009
2020-07-31,0.5,0.44663111093188324,0.5,1.381,0.296,-0.041999999999999926,-0.09099999999999997
2020-08-03,0.5,0.7694241890872533,0.507,1.378,0.299,-0.05499999999999994,-0.10399999999999987
2020-08-04,0.5,0.7694241890872533,0.504,1.3769999999999998,0.302,-0.040999999999999925,-0.08199999999999985
2020-08-05,0.5,0.7694241890872533,0.4979999999999999,1.3730000000000002,0.295,-0.04399999999999993,-0.08400000000000007
2020-08-06,0.5,0.7694241890872533,0.499,1.3650000000000002,0.307,-0.03299999999999992,-0.08499999999999996
2020-08-07,0.5,0.7694241890872533,0.5089999999999999,1.364,0.31,-0.038999999999999924,-0.07800000000000007
2020-08-10,0.5,0.7694241890872533,0.533,1.3609999999999998,0.3299999999999999,-0.030000000000000027,-0.05699999999999994
2020-08-11,0.5,0.7694241890872533,0.527,1.3649999999999998,0.3179999999999999,-0.03600000000000003,-0.07299999999999995
2020-08-12,0.5,0.7694241890872533,0.546,1.3650000000000002,0.3269999999999999,-0.020000000000000018,-0.040999999999999925
2020-08-13,0.5,0.7694241890872533,0.5470000000000002,1.3690000000000002,0.3149999999999999,-0.014000000000000012,-0.015999999999999792
2020-08-14,0.5,0.7694241890872533,0.568,1.367,0.3279999999999999,0.015999999999999903,0.04799999999999982
2020-08-18,0.5,0.7694241890872533,0.5469999999999999,1.372,0.31,0.009000000000000008,0.02299999999999991
2020-08-19,0.5,0.7694241890872533,0.5419999999999999,1.372,0.305,-0.0129999999999999,-0.009000000000000119
2020-08-20,0.5,0.7694241890872533,0.5660000000000001,1.37,0.3129999999999999,0.0029999999999998916,0.03299999999999992
2020-08-21,0.5,0.7694241890872533,0.5559999999999999,1.35,0.354,0.05599999999999994,0.09199999999999986
2020-08-24,0.5,0.7694241890872533,0.5539999999999999,1.3610000000000002,0.3239999999999999,0.02499999999999991,0.07299999999999995
2020-08-25,0.5,0.7694241890872533,0.562,1.3630000000000002,0.3249999999999999,0.02199999999999991,0.08299999999999996
2020-08-26,0.5,0.7694241890872533,0.569,1.362,0.3349999999999999,0.02200000000000002,0.07499999999999996
2020-08-27,0.5,0.7694241890872533,0.5690000000000001,1.3600000000000003,0.352,0.040999999999999925,0.1120000000000001
2020-08-28,0.5,0.7694241890872533,0.593,1.3470000000000002,0.393,0.09399999999999997,0.20500000000000007
2020-08-31,0.5,0.7694241890872533,0.5760000000000001,1.3239999999999998,0.4399999999999999,0.1439999999999999,0.21999999999999997
2020-09-01,0.5,0.9479527827324308,0.6050000000000001,1.314,0.477,0.17799999999999994,0.276
2020-09-02,0.5,0.9479527827324308,0.6159999999999999,1.338,0.423,0.121,0.23299999999999987
2020-09-03,0.5,0.9479527827324308,0.605,1.342,0.419,0.124,0.2310000000000001
2020-09-04,0.5,0.9479527827324308,0.5979999999999999,1.3389999999999995,0.429,0.122,0.22099999999999986
2020-09-07,0.5,0.9479527827324308,0.5990000000000001,1.314,0.473,0.16299999999999992,0.2530000000000001
2020-09-08,0.5,0.9479527827324308,0.606,1.3200000000000005,0.4489999999999999,0.119,0.19199999999999995
2020-09-09,0.5,0.9479527827324308,0.603,1.3290000000000002,0.415,0.09700000000000009,0.17300000000000004
2020-09-10,0.5,0.9479527827324308,0.6019999999999999,1.3279999999999998,0.415,0.08800000000000008,0.1439999999999999
2020-09-11,0.5,0.9479527827324308,0.604,1.3249999999999995,0.426,0.1110000000000001,0.16799999999999993
2020-09-14,0.5,0.9479527827324308,0.5979999999999999,1.3279999999999998,0.419,0.09100000000000008,0.121
2020-09-15,0.5,0.9479527827324308,0.5959999999999999,1.331,0.407,0.09699999999999998,0.1459999999999999
2020-09-16,0.5,0.9479527827324308,0.5750000000000001,1.323,0.41,0.10499999999999998,0.13800000000000012
2020-09-17,0.5,0.9479527827324308,0.594,1.322,0.414,0.10100000000000009,0.129
2020-09-18,0.5,0.9479527827324308,0.5959999999999999,1.3250000000000002,0.407,0.05300000000000005,0.09299999999999997
2020-09-21,0.5,0.9479527827324308,0.5890000000000001,1.3280000000000003,0.404,0.08000000000000007,0.11500000000000021
2020-09-22,0.5,0.9479527827324308,0.575,1.3310000000000002,0.397,0.07200000000000006,0.08499999999999996
2020-09-23,0.5,0.9479527827324308,0.5640000000000001,1.334,0.383,0.04800000000000004,0.04300000000000015
2020-09-24,0.5,0.9479527827324308,0.5800000000000001,1.3430000000000002,0.357,0.0050000000000000044,0.016000000000000014
2020-09-25,0.5,0.9479527827324308,0.569,1.3450000000000002,0.355,-0.038000000000000034,-0.062000000000000055
2020-09-28,0.5,0.9479527827324308,0.583,1.3490000000000002,0.3429999999999999,-0.09699999999999998,-0.09000000000000008
2020-09-29,0.5,0.9479527827324308,0.584,1.347,0.346,-0.131,-0.15200000000000014
2020-10-05,0.5,0.1389430333563313,0.5980000000000001,1.34,0.381,-0.04200000000000004,-0.05999999999999983
2020-10-06,0.5,0.1389430333563313,0.6259999999999999,1.337,0.405,-0.014000000000000012,0.006999999999999895
2020-10-07,0.5,0.1389430333563313,0.6229999999999999,1.334,0.41,-0.019000000000000017,0.006000000000000005
2020-10-08,0.5,0.1389430333563313,0.6359999999999999,1.334,0.407,-0.06599999999999995,-0.029000000000000137
2020-10-12,0.5,0.1389430333563313,0.6279999999999999,1.3259999999999998,0.425,-0.02399999999999991,-0.0020000000000000018
2020-10-13,0.5,0.1389430333563313,0.6039999999999999,1.3250000000000002,0.423,0.008000000000000007,0.008999999999999897
2020-10-14,0.5,0.1389430333563313,0.6119999999999999,1.336,0.401,-0.014000000000000012,-0.0040000000000000036
2020-10-15,0.5,0.1389430333563313,0.601,1.3430000000000002,0.377,-0.049000000000000044,-0.052000000000000046
2020-10-16,0.5,0.1389430333563313,0.6050000000000001,1.342,0.388,-0.031000000000000028,-0.0239999999999998
2020-10-19,0.5,0.1389430333563313,0.55,1.338,0.391,-0.016000000000000014,-0.06199999999999983
2020-10-20,0.5,0.1389430333563313,0.5509999999999999,1.33,0.411,0.0010000000000000009,-0.02300000000000013
2020-10-21,0.5,0.1389430333563313,0.588,1.3249999999999995,0.434,0.020000000000000018,0.014000000000000012
2020-10-22,0.5,0.1389430333563313,0.5819999999999999,1.321,0.425,0.018000000000000016,0.0040000000000000036
2020-10-23,0.5,0.1389430333563313,0.5850000000000001,1.3249999999999995,0.41,0.006000000000000005,0.0020000000000000018
2020-10-26,0.5,0.1389430333563313,0.574,1.323,0.408,0.01100000000000001,0.010000000000000009
2020-10-27,0.5,0.1389430333563313,0.5859999999999999,1.3219999999999998,0.417,0.03400000000000003,0.05599999999999983
2020-10-28,0.5,0.1389430333563313,0.5830000000000001,1.318,0.414,0.05700000000000005,0.06000000000000005
2020-10-29,0.5,0.1389430333563313,0.5999999999999999,1.3130000000000002,0.427,0.07200000000000006,0.10299999999999998
2020-10-30,0.5,0.1389430333563313,0.611,1.3119999999999998,0.435,0.09200000000000008,0.1200000000000001
2020-11-02,0.5,0.6121771996662861,0.6310000000000001,1.302,0.471,0.125,0.17200000000000015
2020-11-03,0.5,0.6121771996662861,0.627,1.2959999999999998,0.48,0.09899999999999998,0.1279999999999999
2020-11-04,0.5,0.6121771996662861,0.614,1.302,0.4549999999999999,0.04999999999999993,0.038000000000000034
2020-11-05,0.5,0.6121771996662861,0.5999999999999999,1.31,0.427,0.017000000000000015,-0.006000000000000005
2020-11-06,0.5,0.6121771996662861,0.616,1.306,0.4429999999999999,0.03599999999999992,0.016000000000000014
2020-11-09,0.5,0.6121771996662861,0.6090000000000001,1.295,0.4589999999999999,0.03399999999999992,0.015000000000000124
2020-11-10,0.5,0.6121771996662861,0.6480000000000001,1.293,0.476,0.052999999999999936,0.0970000000000002
2020-11-11,0.5,0.6121771996662861,0.6729999999999999,1.285,0.489,0.08799999999999997,0.14900000000000002
2020-11-12,0.5,0.6121771996662861,0.6809999999999999,1.287,0.469,0.09199999999999997,0.17199999999999993
2020-11-13,0.5,0.6121771996662861,0.662,1.2880000000000005,0.4649999999999999,0.07699999999999996,0.1339999999999999
2020-11-16,0.5,0.6121771996662861,0.653,1.284,0.47,0.07899999999999996,0.18199999999999994
2020-11-17,0.5,0.6121771996662861,0.6600000000000001,1.29,0.4599999999999999,0.04899999999999993,0.15800000000000014
2020-11-18,0.5,0.6121771996662861,0.6530000000000001,1.29,0.4489999999999999,0.014999999999999902,0.08000000000000007
2020-11-19,0.5,0.6121771996662861,0.6530000000000001,1.282,0.4549999999999999,0.029999999999999916,0.1010000000000002
2020-11-20,0.5,0.6121771996662861,0.644,1.271,0.4629999999999999,0.052999999999999936,0.11199999999999988
2020-11-23,0.5,0.6121771996662861,0.626,1.2639999999999998,0.4549999999999999,0.04699999999999993,0.09899999999999998
2020-11-24,0.5,0.6121771996662861,0.6350000000000001,1.261,0.4629999999999999,0.04599999999999993,0.0950000000000002
2020-11-25,0.5,0.6121771996662861,0.658,1.262,0.471,0.05699999999999994,0.1319999999999999
2020-11-26,0.5,0.6121771996662861,0.674,1.2590000000000003,0.481,0.05399999999999994,0.1280000000000001
2020-11-27,0.5,0.6121771996662861,0.662,1.253,0.479,0.04399999999999993,0.09499999999999997
2020-11-30,0.5,0.6121771996662861,0.676,1.2519999999999998,0.483,0.01200000000000001,0.05699999999999994
2020-12-01,0.5,0.6127217481121994,0.667,1.2500000000000002,0.482,0.0020000000000000018,0.04200000000000004
2020-12-02,0.5,0.6127217481121994,0.6930000000000001,1.251,0.482,0.027000000000000024,0.1060000000000001
2020-12-03,0.5,0.6127217481121994,0.6940000000000001,1.251,0.475,0.04799999999999993,0.14200000000000013
2020-12-04,0.5,0.6127217481121994,0.6890000000000001,1.2540000000000002,0.4659999999999999,0.02300000000000002,0.09600000000000009
2020-12-07,0.5,0.6127217481121994,0.6849999999999999,1.254,0.4609999999999999,0.0020000000000000018,0.07799999999999985
2020-12-08,0.5,0.6127217481121994,0.6829999999999999,1.2519999999999998,0.4589999999999999,-0.017000000000000015,0.017999999999999794
2020-12-09,0.5,0.6127217481121994,0.69,1.248,0.4659999999999999,-0.02300000000000002,-0.006000000000000005
2020-12-10,0.5,0.6127217481121994,0.682,1.2390000000000003,0.473,0.0040000000000000036,0.0050000000000001155
2020-12-11,0.5,0.6127217481121994,0.681,1.235,0.48,0.015000000000000013,0.03400000000000003
2020-12-14,0.5,0.6127217481121994,0.6839999999999999,1.2300000000000002,0.486,0.016000000000000014,0.04699999999999993
2020-12-15,0.5,0.6127217481121994,0.687,1.231,0.484,0.02400000000000002,0.050999999999999934
2020-12-16,0.5,0.6127217481121994,0.703,1.2320000000000002,0.489,0.040000000000000036,0.08999999999999986
2020-12-17,0.5,0.6127217481121994,0.733,1.23,0.499,0.04400000000000004,0.12399999999999989
2020-12-18,0.5,0.6127217481121994,0.745,1.245,0.4629999999999999,0.0,0.10099999999999998
2020-12-21,0.5,0.6127217481121994,0.7200000000000001,1.242,0.4589999999999999,0.0040000000000000036,0.09800000000000009
2020-12-22,0.5,0.6127217481121994,0.7120000000000001,1.245,0.4449999999999999,-0.018000000000000016,0.05899999999999994
2020-12-23,0.5,0.6127217481121994,0.7079999999999999,1.247,0.432,-0.038999999999999924,0.010999999999999899
2020-12-24,0.5,0.6127217481121994,0.732,1.2460000000000002,0.4499999999999999,-0.031000000000000028,0.026999999999999913
2020-12-28,0.5,0.6127217481121994,0.7230000000000001,1.2380000000000002,0.4579999999999999,-0.02100000000000002,0.040000000000000036
2020-12-29,0.5,0.6127217481121994,0.725,1.229,0.473,-0.010000000000000009,0.038999999999999924
2020-12-30,0.5,0.6127217481121994,0.7350000000000001,1.2300000000000002,0.478,-0.0040000000000000036,0.06400000000000006
2020-12-31,0.5,0.6127217481121994,0.7370000000000001,1.2320000000000002,0.476,-0.006000000000000005,0.038000000000000034
2021-01-04,0.5,0.9491457688080684,0.7690000000000001,1.2380000000000002,0.4539999999999999,-0.02100000000000002,0.05400000000000005
2021-01-05,0.5,0.9491457688080684,0.755,1.237,0.436,-0.029999999999999916,0.03600000000000003
2021-01-06,0.5,0.9491457688080684,0.7780000000000001,1.2230000000000003,0.4529999999999999,-0.008000000000000007,0.08500000000000019
2021-01-07,0.5,0.9491457688080684,0.76,1.213,0.4639999999999999,0.0050000000000000044,0.08200000000000007
2021-01-08,0.5,0.9491457688080684,0.7510000000000001,1.2,0.478,0.01200000000000001,0.07300000000000018
2021-01-11,0.5,0.9491457688080684,0.723,1.1920000000000002,0.469,-0.0040000000000000036,0.03699999999999992
2021-01-12,0.5,0.9491457688080684,0.742,1.185,0.476,-0.0040000000000000036,0.05699999999999994
2021-01-13,0.5,0.9491457688080684,0.7400000000000001,1.1789999999999998,0.479,-0.007000000000000006,0.049000000000000155
2021-01-14,0.5,0.9491457688080684,0.746,1.1669999999999998,0.488,0.0040000000000000036,0.06299999999999994
2021-01-15,0.5,0.9491457688080684,0.7580000000000001,1.1710000000000005,0.473,-0.016000000000000014,0.039000000000000146
2021-01-18,0.5,0.9491457688080684,0.746,1.169,0.4679999999999999,-0.031000000000000028,-0.018000000000000016
2021-01-19,0.5,0.9491457688080684,0.7370000000000001,1.158,0.474,0.01100000000000001,0.0030000000000001137
2021-01-20,0.5,0.9491457688080684,0.7270000000000001,1.153,0.476,0.017000000000000015,0.02400000000000002
2021-01-21,0.5,0.9491457688080684,0.735,1.1509999999999998,0.471,0.026000000000000023,0.04899999999999993
2021-01-22,0.5,0.9491457688080684,0.765,1.1310000000000002,0.493,0.06099999999999994,0.1180000000000001
2021-01-25,0.5,0.9491457688080684,0.774,1.118,0.506,0.05600000000000005,0.09800000000000009
2021-01-26,0.5,0.9491457688080684,0.7630000000000001,1.115,0.5069999999999999,0.04899999999999993,0.08899999999999997
2021-01-27,0.5,0.9491457688080684,0.7749999999999999,1.1210000000000002,0.482,0.009000000000000008,0.05899999999999994
2021-01-28,0.5,0.9491457688080684,0.787,1.12,0.477,-0.0010000000000000009,0.050999999999999934
2021-01-29,0.5,0.9491457688080684,0.797,1.121,0.471,-0.0050000000000000044,0.05499999999999994
2021-02-01,0.5,1.417731629392982,0.8089999999999999,1.096,0.494,0.040000000000000036,0.07999999999999985
2021-02-02,0.5,1.417731629392982,0.778,1.089,0.48,0.04399999999999993,0.06699999999999995
2021-02-03,0.5,1.417731629392982,0.79,1.086,0.478,0.025000000000000022,0.03699999999999992
2021-02-04,0.5,1.417731629392982,0.8089999999999999,1.081,0.484,0.020000000000000018,0.06899999999999995
2021-02-05,0.5,1.417731629392982,0.8089999999999999,1.079,0.482,0.0040000000000000036,0.06199999999999983
2021-02-08,0.5,1.417731629392982,0.8210000000000002,1.069,0.5009999999999999,0.03199999999999992,0.13000000000000012
2021-02-09,0.5,1.417731629392982,0.823,1.0639999999999998,0.49,0.014000000000000012,0.09499999999999997
2021-02-10,0.5,1.417731629392982,0.836,1.06,0.495,0.016000000000000014,0.11199999999999988
2021-02-15,0.5,1.417731629392982,0.873,1.058,0.498,0.010000000000000009,0.137
2021-02-16,0.5,1.417731629392982,0.8660000000000001,1.057,0.484,0.01100000000000001,0.119
2021-02-17,0.5,1.417731629392982,0.8760000000000001,1.0570000000000002,0.486,0.018000000000000016,0.14800000000000013
2021-02-18,0.5,1.417731629392982,0.8690000000000001,1.0540000000000005,0.485,0.01100000000000001,0.14300000000000002
2021-02-19,0.5,1.417731629392982,0.879,1.0470000000000002,0.496,0.020000000000000018,0.17199999999999993
2021-02-22,0.5,1.417731629392982,0.902,1.039,0.52,0.049000000000000044,0.21599999999999997
2021-02-23,0.5,1.417731629392982,0.8859999999999999,1.0339999999999998,0.52,0.027000000000000024,0.1479999999999999
2021-02-24,0.5,1.417731629392982,0.845,1.026,0.506,0.0,0.07099999999999995
2021-02-25,0.5,1.417731629392982,0.8889999999999999,1.04,0.495,-0.0119999999999999,0.11399999999999988
2021-02-26,0.5,1.417731629392982,0.94,1.0339999999999998,0.52,0.038000000000000034,0.20300000000000007
2021-03-02,0.5,1.9011406844106515,0.945,1.033,0.5209999999999999,0.04399999999999993,0.20199999999999996
2021-03-03,0.5,1.9011406844106515,0.9320000000000002,1.0320000000000005,0.5189999999999999,0.04799999999999993,0.18300000000000005
2021-03-04,0.5,1.9011406844106515,0.942,1.0279999999999998,0.53,0.03600000000000003,0.16900000000000004
2021-03-05,0.5,1.9011406844106515,0.926,1.014,0.5660000000000001,0.08600000000000008,0.23399999999999999
2021-03-08,0.5,1.9011406844106515,0.889,0.978,0.639,0.16100000000000003,0.26
2021-03-09,0.5,1.9011406844106515,0.8279999999999998,0.9529999999999998,0.706,0.22199999999999998,0.24099999999999988
2021-03-10,0.5,1.9011406844106515,0.8540000000000001,0.952,0.6819999999999999,0.19999999999999996,0.2450000000000001
2021-03-11,0.5,1.9011406844106515,0.8480000000000001,0.9440000000000002,0.679,0.17800000000000016,0.20500000000000007
2021-03-12,0.5,1.9011406844106515,0.869,0.926,0.7230000000000001,0.2330000000000001,0.27900000000000014
2021-03-15,0.5,1.9011406844106515,0.914,0.915,0.738,0.243,0.3210000000000002
2021-03-16,0.5,1.9011406844106515,0.9209999999999998,0.9369999999999998,0.677,0.17900000000000005,0.22699999999999987
2021-03-17,0.5,1.9011406844106515,0.957,0.9380000000000002,0.677,0.19300000000000006,0.2839999999999998
2021-03-18,0.5,1.9011406844106515,1.017,0.9500000000000002,0.633,0.14700000000000002,0.2879999999999998
2021-03-19,0.5,1.9011406844106515,0.9530000000000004,0.9460000000000002,0.6459999999999999,0.16099999999999992,0.2450000000000001
2021-03-22,0.5,1.9011406844106515,0.927,0.9490000000000004,0.6299999999999999,0.1339999999999999,0.18199999999999994
2021-03-23,0.5,1.9011406844106515,0.9000000000000001,0.9440000000000002,0.6319999999999999,0.11199999999999988,0.1100000000000001
2021-03-24,0.5,1.9011406844106515,0.877,0.9440000000000002,0.615,0.09499999999999997,0.08600000000000008
2021-03-25,0.5,1.9011406844106515,0.8780000000000001,0.956,0.589,0.08299999999999996,0.1160000000000001
2021-03-26,0.5,1.9011406844106515,0.8879999999999999,0.9420000000000002,0.617,0.122,0.121
2021-03-29,0.5,1.9011406844106515,0.861,0.9400000000000002,0.619,0.09899999999999998,0.020000000000000018
2021-03-30,0.5,1.9011406844106515,0.908,0.9229999999999998,0.655,0.13400000000000012,0.0970000000000002
2021-03-31,0.5,1.9011406844106515,0.924,0.927,0.633,0.1140000000000001,0.10599999999999987
2021-04-01,0.5,2.492462311557797,0.8850000000000002,0.9250000000000004,0.6379999999999999,0.10799999999999987,0.051000000000000156
2021-04-02,0.5,2.492462311557797,0.8979999999999999,0.916,0.651,0.08499999999999996,0.05699999999999994
2021-04-05,0.5,2.492462311557797,0.8919999999999999,0.8930000000000002,0.702,0.06299999999999994,0.06599999999999984
2021-04-06,0.5,2.492462311557797,0.8879999999999999,0.8969999999999998,0.681,-0.02499999999999991,0.03500000000000014
2021-04-07,0.5,2.492462311557797,0.883,0.8919999999999999,0.681,-0.0009999999999998899,0.028000000000000025
2021-04-08,0.5,2.492462311557797,0.8600000000000001,0.8990000000000002,0.6519999999999999,-0.027000000000000135,-0.015000000000000124
2021-04-09,0.5,2.492462311557797,0.861,0.8880000000000001,0.6679999999999999,-0.05500000000000016,-0.06300000000000017
2021-04-12,0.5,2.492462311557797,0.8630000000000002,0.8910000000000002,0.6399999999999999,-0.09800000000000009,-0.14900000000000002
2021-04-13,0.5,2.492462311557797,0.8890000000000002,0.891,0.6379999999999999,-0.039000000000000146,-0.07099999999999973
2021-04-14,0.5,2.492462311557797,0.8879999999999999,0.901,0.6020000000000001,-0.07499999999999996,-0.1439999999999999
2021-04-15,0.5,2.492462311557797,0.873,0.8800000000000001,0.647,0.014000000000000012,-0.1299999999999999
2021-04-16,0.5,2.492462311557797,0.8690000000000002,0.875,0.6539999999999999,0.008000000000000007,-0.07600000000000007
2021-04-19,0.5,2.492462311557797,0.8520000000000001,0.7849999999999999,0.629,-0.0009999999999998899,-0.07599999999999985
2021-04-20,0.5,2.492462311557797,0.8690000000000002,0.784,0.6339999999999999,0.0020000000000000018,-0.028999999999999915
2021-04-21,0.5,2.492462311557797,0.8949999999999998,0.7889999999999999,0.6100000000000001,-0.004999999999999893,0.0129999999999999
2021-04-22,0.5,2.492462311557797,0.8840000000000001,0.7909999999999999,0.605,0.016000000000000014,0.02200000000000002
2021-04-23,0.5,2.492462311557797,0.923,0.7869999999999999,0.6200000000000001,0.0030000000000001137,0.038000000000000256
2021-04-26,0.5,2.492462311557797,0.97,0.784,0.619,0.0,0.10899999999999999
2021-04-27,0.5,2.492462311557797,0.9740000000000002,0.788,0.597,-0.05800000000000005,0.008000000000000007
2021-04-28,0.5,2.492462311557797,0.977,0.7849999999999999,0.605,-0.028000000000000025,0.02499999999999991
2021-04-29,0.5,2.492462311557797,0.977,0.7789999999999999,0.621,-0.016999999999999904,0.07499999999999973
2021-04-30,0.5,2.492462311557797,0.987,0.7729999999999999,0.641,-0.010000000000000009,0.07900000000000018
2021-05-03,0.5,2.62469831053902,0.975,0.768,0.649,-0.052999999999999936,0.03000000000000025
2021-05-04,0.5,2.62469831053902,0.972,0.762,0.6579999999999999,-0.02300000000000013,0.06099999999999994
2021-05-06,0.5,2.62469831053902,0.962,0.76,0.6399999999999999,-0.04100000000000015,0.03799999999999981
2021-05-07,0.5,2.62469831053902,0.9860000000000002,0.7629999999999999,0.637,-0.014999999999999902,0.11100000000000021
2021-05-10,0.5,2.62469831053902,0.998,0.7630000000000001,0.6359999999999999,-0.03200000000000003,0.10499999999999998
2021-05-11,0.5,2.62469831053902,1.011,0.764,0.6279999999999999,-0.01200000000000001,0.13599999999999968
2021-05-12,0.5,2.62469831053902,1.004,0.7669999999999999,0.621,-0.016999999999999904,0.09799999999999986
2021-05-13,0.5,2.62469831053902,1.033,0.7649999999999999,0.623,0.020999999999999908,0.16600000000000015
2021-05-14,0.5,2.62469831053902,1.0419999999999998,0.7659999999999998,0.6160000000000001,-0.030999999999999917,0.1379999999999999
2021-05-17,0.5,2.62469831053902,1.01,0.7650000000000001,0.607,-0.04699999999999993,0.09399999999999986
2021-05-18,0.5,2.62469831053902,1.019,0.766,0.599,-0.030000000000000027,0.1369999999999998
2021-05-20,0.5,2.62469831053902,1.0319999999999998,0.766,0.603,-0.030999999999999917,0.13199999999999967
2021-05-21,0.5,2.62469831053902,1.0280000000000002,0.766,0.595,-0.015000000000000124,0.11800000000000033
2021-05-24,0.5,2.62469831053902,1.004,0.7599999999999998,0.6160000000000001,0.01100000000000012,0.131
2021-05-25,0.5,2.62469831053902,0.987,0.748,0.6419999999999999,0.021999999999999797,0.08599999999999985
2021-05-26,0.5,2.62469831053902,0.967,0.7409999999999999,0.661,0.04200000000000004,0.039000000000000146
2021-05-27,0.5,2.62469831053902,0.987,0.7429999999999999,0.6240000000000001,0.027000000000000135,0.040000000000000036
2021-05-28,0.5,2.62469831053902,0.9700000000000002,0.7370000000000001,0.6619999999999999,0.05699999999999994,0.050000000000000266
2021-05-31,0.5,2.62469831053902,0.9519999999999996,0.718,0.7270000000000001,0.1060000000000001,0.08099999999999996
2021-06-01,0.5,2.3468057366362594,0.973,0.716,0.7130000000000001,0.07200000000000006,0.05799999999999983
2021-06-02,0.5,2.3468057366362594,0.996,0.718,0.706,0.05699999999999994,0.07799999999999985
2021-06-03,0.5,2.3468057366362594,1.0039999999999998,0.72,0.6910000000000001,0.03300000000000014,0.06499999999999995
2021-06-04,0.5,2.3468057366362594,0.953,0.7110000000000001,0.72,0.08000000000000007,0.07100000000000017
2021-06-07,0.5,2.3468057366362594,0.955,0.71,0.7010000000000001,0.06400000000000006,0.03299999999999992
2021-06-08,0.5,2.3468057366362594,0.9420000000000002,0.7170000000000001,0.6739999999999999,0.038000000000000034,-0.017999999999999794
2021-06-09,0.5,2.3468057366362594,0.9660000000000002,0.7290000000000001,0.637,0.009000000000000119,-0.03599999999999959
2021-06-10,0.5,2.3468057366362594,0.8029999999999999,0.5979999999999999,0.782,0.16100000000000003,-0.040000000000000036
2021-06-11,0.5,2.3468057366362594,0.825,0.5960000000000001,0.776,0.15300000000000002,-0.05500000000000016
2021-06-14,0.5,2.3468057366362594,0.8090000000000002,0.5940000000000001,0.7869999999999999,0.17099999999999982,-0.06199999999999983
2021-06-15,0.5,2.3468057366362594,0.7640000000000002,0.589,0.8069999999999999,0.19999999999999996,-0.04599999999999982
2021-06-16,0.5,2.3468057366362594,0.7839999999999998,0.593,0.786,0.18700000000000006,-0.04800000000000004
2021-06-17,0.5,2.3468057366362594,0.7520000000000002,0.573,0.827,0.22399999999999998,-0.055999999999999606
2021-06-18,0.5,2.3468057366362594,0.728,0.575,0.813,0.21799999999999997,-0.0820000000000003
2021-06-21,0.5,2.3468057366362594,0.6549999999999998,0.5549999999999999,0.851,0.23499999999999988,-0.11400000000000032
2021-06-22,0.5,2.3468057366362594,0.7189999999999999,0.558,0.831,0.18900000000000006,-0.07900000000000018
2021-06-23,0.5,2.3468057366362594,0.7029999999999998,0.5549999999999999,0.8380000000000001,0.17700000000000005,-0.08700000000000019
2021-06-24,0.5,2.3468057366362594,0.6760000000000002,0.5450000000000002,0.8839999999999999,0.2599999999999998,-0.051000000000000156
2021-06-25,0.5,2.3468057366362594,0.659,0.528,0.941,0.27900000000000014,-0.03200000000000003
2021-06-28,0.5,2.3468057366362594,0.667,0.5230000000000001,0.97,0.24299999999999988,-0.041999999999999815
2021-06-29,0.5,2.3468057366362594,0.6499999999999999,0.518,0.959,0.246,-0.07699999999999996
2021-06-30,0.5,2.3468057366362594,0.6440000000000001,0.518,0.948,0.242,-0.10999999999999988
2021-07-01,0.5,2.6397671384121413,0.6209999999999998,0.506,0.969,0.278,-0.10499999999999998
2021-07-02,0.5,2.6397671384121413,0.617,0.5,0.984,0.264,-0.07200000000000006
2021-07-05,0.5,2.6397671384121413,0.627,0.5,0.962,0.2609999999999999,-0.06700000000000017
2021-07-06,0.5,2.6397671384121413,0.6540000000000001,0.4989999999999999,0.965,0.29100000000000015,0.0030000000000001137
2021-07-07,0.5,2.6397671384121413,0.6290000000000002,0.5050000000000001,0.91,0.2729999999999999,-0.06400000000000006
2021-07-08,0.5,2.6397671384121413,0.6439999999999997,0.5069999999999999,0.8580000000000001,0.07600000000000007,-0.08300000000000018
2021-07-09,0.5,2.6397671384121413,0.6579999999999999,0.4990000000000001,0.875,0.09899999999999998,-0.06800000000000006
2021-07-12,0.5,2.6397671384121413,0.6379999999999999,0.4930000000000001,0.8839999999999999,0.09699999999999998,-0.07400000000000029
2021-07-13,0.5,2.6397671384121413,0.6110000000000002,0.472,0.924,0.11699999999999999,-0.03600000000000003
2021-07-14,0.5,2.6397671384121413,0.6180000000000001,0.4790000000000001,0.8899999999999999,0.10399999999999987,-0.06199999999999983
2021-07-15,0.5,2.6397671384121413,0.5269999999999999,0.4409999999999998,0.997,0.17000000000000015,-0.05500000000000016
2021-07-16,0.5,2.6397671384121413,0.5569999999999999,0.4569999999999998,0.951,0.13800000000000012,-0.03299999999999992
2021-07-19,0.5,2.6397671384121413,0.5129999999999999,0.4489999999999998,0.959,0.1080000000000001,-0.03399999999999981
2021-07-20,0.5,2.6397671384121413,0.4830000000000001,0.4540000000000002,0.91,0.07899999999999996,-0.1569999999999998
2021-07-21,0.5,2.6397671384121413,0.4949999999999999,0.4519999999999999,0.883,0.04499999999999993,-0.16300000000000003
2021-07-22,0.5,2.6397671384121413,0.524,0.4459999999999999,0.897,0.013000000000000123,-0.139
2021-07-23,0.5,2.6397671384121413,0.4949999999999999,0.4479999999999999,0.893,-0.04800000000000004,-0.2120000000000002
2021-07-26,0.5,2.6397671384121413,0.494,0.4519999999999999,0.869,-0.10099999999999998,-0.274
2021-07-27,0.5,2.6397671384121413,0.4880000000000002,0.4500000000000002,0.8799999999999999,-0.07900000000000018,-0.24099999999999988
2021-07-28,0.5,2.6397671384121413,0.443,0.4339999999999999,0.919,-0.028999999999999915,-0.22999999999999998
2021-07-29,0.5,2.6397671384121413,0.4579999999999999,0.431,0.931,-0.038000000000000034,-0.20099999999999985
2021-07-30,0.5,2.6397671384121413,0.4570000000000001,0.4299999999999999,0.917,-0.06699999999999995,-0.22699999999999987
2021-08-02,0.5,2.555145224074251,0.472,0.423,0.935,-0.026999999999999913,-0.18199999999999994
2021-08-03,0.5,2.555145224074251,0.4479999999999999,0.421,0.942,-0.02300000000000013,-0.22900000000000031
2021-08-04,0.5,2.555145224074251,0.4480000000000002,0.423,0.918,0.008000000000000007,-0.17300000000000004
2021-08-05,0.5,2.555145224074251,0.4639999999999999,0.4220000000000001,0.914,0.05599999999999983,-0.12399999999999989
2021-08-06,0.5,2.555145224074251,0.4669999999999998,0.4219999999999999,0.933,0.05800000000000005,-0.133
2021-08-09,0.5,2.555145224074251,0.478,0.423,0.936,0.052000000000000046,-0.10799999999999987
2021-08-10,0.5,2.555145224074251,0.484,0.423,0.932,0.008000000000000007,-0.11900000000000022
2021-08-11,0.5,2.555145224074251,0.5149999999999999,0.4259999999999999,0.919,0.029000000000000137,-0.07400000000000007
2021-08-12,0.5,2.555145224074251,0.5089999999999999,0.427,0.913,-0.08400000000000007,-0.10200000000000009
2021-08-13,0.5,2.555145224074251,0.5169999999999999,0.427,0.907,-0.04400000000000004,-0.08400000000000007
2021-08-17,0.5,2.555145224074251,0.484,0.4280000000000001,0.902,-0.05700000000000016,-0.08600000000000008
2021-08-18,0.5,2.555145224074251,0.492,0.4279999999999999,0.889,-0.020999999999999908,-0.01200000000000001
2021-08-19,0.5,2.555145224074251,0.508,0.4299999999999999,0.8600000000000001,-0.02299999999999991,-0.009999999999999787
2021-08-20,0.5,2.555145224074251,0.4889999999999999,0.4299999999999999,0.8640000000000001,-0.03299999999999992,-0.06800000000000006
2021-08-23,0.5,2.555145224074251,0.5,0.431,0.889,-0.0040000000000000036,0.001000000000000112
2021-08-24,0.5,2.555145224074251,0.5010000000000001,0.4240000000000001,0.938,0.06899999999999995,0.07600000000000007
2021-08-25,0.5,2.555145224074251,0.5009999999999999,0.4279999999999999,0.935,0.05500000000000016,0.06799999999999984
2021-08-26,0.75,2.555145224074251,0.53,0.4380000000000001,0.6479999999999999,-0.02100000000000013,0.06599999999999984
2021-08-27,0.75,2.555145224074251,0.5310000000000001,0.4340000000000001,0.6579999999999999,-0.02300000000000013,0.050000000000000044
2021-08-30,0.75,2.555145224074251,0.5150000000000001,0.4340000000000001,0.6479999999999999,-0.019000000000000128,0.038999999999999924
2021-08-31,0.75,2.555145224074251,0.5169999999999999,0.4339999999999999,0.645,-0.040000000000000036,0.004999999999999893
2021-09-01,0.75,2.4121500893389047,0.5249999999999999,0.431,0.667,-0.02499999999999991,0.052000000000000046
2021-09-02,0.75,2.4121500893389047,0.5190000000000001,0.433,0.6719999999999999,0.0040000000000000036,0.07499999999999996
2021-09-03,0.75,2.4121500893389047,0.506,0.4279999999999999,0.687,0.02300000000000013,0.06500000000000017
2021-09-06,0.75,2.4121500893389047,0.5109999999999999,0.4219999999999999,0.7090000000000001,0.026000000000000023,0.07000000000000006
2021-09-07,0.75,2.4121500893389047,0.5110000000000001,0.4239999999999999,0.714,0.028000000000000025,0.061000000000000165
2021-09-08,0.75,2.4121500893389047,0.5269999999999999,0.4189999999999998,0.7390000000000001,0.05700000000000016,0.10000000000000009
2021-09-09,0.75,2.4121500893389047,0.5009999999999999,0.4219999999999999,0.7490000000000001,0.08000000000000007,0.06600000000000006
2021-09-10,0.75,2.4121500893389047,0.5049999999999999,0.435,0.7509999999999999,0.08799999999999986,0.08399999999999985
2021-09-13,0.75,2.4121500893389047,0.512,0.437,0.7749999999999999,0.11799999999999988,0.11299999999999999
2021-09-14,0.75,2.4121500893389047,0.5250000000000001,0.4400000000000001,0.7849999999999999,0.133,0.17400000000000015
2021-09-15,0.75,2.4121500893389047,0.5329999999999999,0.4499999999999999,0.742,0.10299999999999998,0.1439999999999999
2021-09-16,0.75,2.4121500893389047,0.5330000000000001,0.4479999999999999,0.76,0.1499999999999999,0.17500000000000004
2021-09-17,0.75,2.4121500893389047,0.5330000000000001,0.443,0.7849999999999999,0.17099999999999982,0.21500000000000008
2021-09-23,0.75,2.4121500893389047,0.5410000000000001,0.4379999999999999,0.808,0.16900000000000004,0.2100000000000002
2021-09-24,0.75,2.4121500893389047,0.5770000000000002,0.4419999999999999,0.825,0.137,0.21300000000000008
2021-09-27,0.75,2.4121500893389047,0.6020000000000001,0.449,0.8160000000000001,0.131,0.2320000000000002
2021-09-28,0.75,2.4121500893389047,0.6469999999999998,0.4519999999999999,0.859,0.21100000000000008,0.32799999999999985
2021-09-29,0.75,2.4121500893389047,0.6199999999999999,0.4539999999999999,0.853,0.19500000000000006,0.2839999999999998
2021-09-30,0.75,2.4121500893389047,0.6440000000000001,0.4559999999999999,0.843,0.19500000000000006,0.32400000000000007
2021-10-01,0.75,3.164304252345773,0.625,0.4540000000000002,0.883,0.238,0.3460000000000001
2021-10-05,0.75,3.164304252345773,0.641,0.451,0.8999999999999999,0.23299999999999987,0.349
2021-10-06,0.75,3.164304252345773,0.6799999999999999,0.4519999999999997,0.969,0.29700000000000015,0.45799999999999996
2021-10-07,0.75,3.164304252345773,0.683,0.4539999999999999,0.954,0.2669999999999999,0.44399999999999995
2021-10-08,0.75,3.164304252345773,0.673,0.455,0.951,0.242,0.40400000000000014
2021-10-12,0.75,3.164304252345773,0.6320000000000001,0.447,1.065,0.351,0.472
2021-10-13,0.75,3.164304252345773,0.5769999999999997,0.4459999999999999,1.074,0.33499999999999996,0.3849999999999998
2021-10-14,0.75,3.164304252345773,0.538,0.4480000000000002,1.063,0.31399999999999983,0.351
2021-10-15,0.75,3.164304252345773,0.5609999999999999,0.4540000000000002,1.045,0.29400000000000004,0.3500000000000001
2021-10-18,0.75,3.164304252345773,0.5249999999999999,0.4580000000000002,1.125,0.3500000000000001,0.363
2021-10-19,0.75,3.164304252345773,0.5129999999999999,0.4590000000000001,1.116,0.3310000000000002,0.31899999999999995
2021-10-20,0.75,3.164304252345773,0.5449999999999999,0.4710000000000001,1.097,0.355,0.367
2021-10-21,0.75,3.164304252345773,0.5519999999999998,0.474,1.086,0.32600000000000007,0.34499999999999975
2021-10-22,0.75,3.164304252345773,0.522,0.4730000000000001,1.139,0.3540000000000001,0.34299999999999997
2021-10-25,0.75,3.164304252345773,0.5070000000000001,0.4679999999999999,1.169,0.361,0.32699999999999996
2021-10-26,0.75,3.164304252345773,0.5099999999999998,0.476,1.197,0.3720000000000001,0.3049999999999997
2021-10-27,0.75,3.164304252345773,0.443,0.4619999999999997,1.294,0.478,0.31899999999999995
2021-10-28,0.75,3.164304252345773,0.3799999999999999,0.4700000000000002,1.267,0.4079999999999999,0.14100000000000001
2021-10-29,0.75,3.164304252345773,0.472,0.4699999999999997,1.3530000000000002,0.5000000000000002,0.3520000000000003
2021-11-01,0.75,3.776601059046869,0.3979999999999997,0.472,1.358,0.5150000000000001,0.2689999999999997
2021-11-02,0.75,3.776601059046869,0.4420000000000001,0.504,1.2879999999999998,0.4049999999999998,0.22199999999999998
2021-11-03,0.75,3.776601059046869,0.4340000000000001,0.5030000000000001,1.286,0.3860000000000001,0.17900000000000027
2021-11-04,0.75,3.776601059046869,0.3879999999999999,0.504,1.29,0.32099999999999995,0.028999999999999915
2021-11-05,0.75,3.776601059046869,0.4060000000000001,0.524,1.194,0.24,-0.03699999999999992
2021-11-08,0.75,3.776601059046869,0.4230000000000002,0.5320000000000003,1.156,0.20499999999999985,-0.04499999999999993
2021-11-09,0.75,3.776601059046869,0.4280000000000001,0.538,1.115,0.050000000000000044,-0.15399999999999991
2021-11-10,0.75,3.776601059046869,0.4320000000000001,0.5399999999999998,1.127,0.052999999999999936,-0.09199999999999964
2021-11-11,0.75,3.776601059046869,0.4280000000000001,0.5399999999999998,1.163,0.10000000000000009,-0.009999999999999787
2021-11-12,0.75,3.776601059046869,0.3759999999999999,0.5310000000000001,1.218,0.17300000000000004,-0.01200000000000001
2021-11-15,0.75,3.776601059046869,0.3860000000000001,0.5449999999999999,1.162,0.03699999999999992,-0.10199999999999987
2021-11-16,0.75,3.776601059046869,0.3700000000000001,0.5419999999999998,1.213,0.09699999999999998,-0.04599999999999982
2021-11-17,0.75,3.776601059046869,0.385,0.5429999999999999,1.224,0.127,-0.03299999999999992
2021-11-18,0.75,3.776601059046869,0.385,0.5479999999999998,1.203,0.11699999999999999,-0.04999999999999982
2021-11-19,0.75,3.776601059046869,0.4059999999999999,0.5469999999999999,1.216,0.07699999999999996,-0.039000000000000146
2021-11-22,0.75,3.776601059046869,0.3680000000000003,0.5450000000000004,1.2679999999999998,0.09899999999999975,-0.040000000000000036
2021-11-23,0.75,3.776601059046869,0.3689999999999998,0.5509999999999997,1.281,0.08400000000000007,-0.05699999999999994
2021-11-24,0.75,3.776601059046869,0.3810000000000002,0.556,1.263,-0.03100000000000014,-0.09299999999999997
2021-11-25,1.0,3.776601059046869,0.4149999999999998,0.5660000000000001,0.933,-0.08399999999999985,-0.04899999999999993
2021-11-26,1.0,3.776601059046869,0.3919999999999999,0.5699999999999998,0.863,-0.2400000000000002,-0.3200000000000003
2021-11-29,1.0,3.776601059046869,0.4219999999999999,0.5740000000000001,0.8440000000000001,-0.264,-0.23999999999999977
2021-11-30,1.0,3.776601059046869,0.4140000000000001,0.5740000000000003,0.7989999999999999,-0.23899999999999988,-0.2669999999999999
2021-12-01,1.0,3.6977972690122707,0.369,0.5719999999999998,0.813,-0.2230000000000001,-0.28800000000000026
2021-12-02,1.0,3.6977972690122707,0.353,0.5610000000000002,0.845,-0.19500000000000006,-0.22999999999999998
2021-12-03,1.0,3.6977972690122707,0.3340000000000001,0.5640000000000001,0.8999999999999999,-0.04400000000000004,-0.1160000000000001
2021-12-06,1.0,3.6977972690122707,0.3480000000000001,0.571,0.865,-0.040999999999999925,-0.1160000000000001
2021-12-07,1.0,3.6977972690122707,0.3680000000000001,0.5740000000000001,0.8720000000000001,0.007000000000000117,-0.052999999999999936
2021-12-08,1.0,3.6977972690122707,0.3540000000000001,0.5779999999999998,0.831,-0.04600000000000004,-0.12400000000000011
2021-12-09,1.0,3.6977972690122707,0.3940000000000001,0.5909999999999997,0.794,-0.119,-0.15300000000000002
2021-12-10,1.0,3.6977972690122707,0.3960000000000001,0.5940000000000001,0.8049999999999999,-0.16300000000000003,-0.1429999999999998
2021-12-13,1.0,3.6977972690122707,0.379,0.6120000000000001,0.79,-0.12199999999999989,-0.129
2021-12-14,1.0,3.6977972690122707,0.385,0.6180000000000001,0.784,-0.17900000000000005,-0.16400000000000015
2021-12-15,1.0,3.6977972690122707,0.3579999999999999,0.6220000000000001,0.808,-0.16599999999999993,-0.19300000000000006
2021-12-16,1.0,3.6977972690122707,0.3809999999999998,0.6320000000000001,0.766,-0.18700000000000006,-0.19100000000000028
2021-12-17,1.0,3.6977972690122707,0.3860000000000001,0.6310000000000002,0.7669999999999999,-0.19900000000000007,-0.21899999999999986
2021-12-20,1.0,3.6977972690122707,0.3670000000000002,0.6319999999999999,0.74,-0.2779999999999998,-0.2789999999999999
2021-12-21,1.0,3.6977972690122707,0.3790000000000002,0.635,0.72,-0.31100000000000017,-0.3009999999999997
2021-12-22,1.0,3.6977972690122707,0.3899999999999999,0.635,0.7569999999999999,-0.256,-0.24700000000000033
2021-12-23,1.0,3.6977972690122707,0.4070000000000002,0.6359999999999999,0.8049999999999999,-0.1280000000000001,-0.13599999999999968
2021-12-24,1.0,3.6977972690122707,0.4079999999999999,0.6400000000000001,0.798,-0.06499999999999995,-0.04899999999999993
2021-12-27,1.0,3.6977972690122707,0.4349999999999998,0.635,0.776,-0.06800000000000006,-0.05500000000000016
2021-12-28,1.0,3.6977972690122707,0.4119999999999999,0.6309999999999998,0.786,-0.0129999999999999,-0.015000000000000124
2021-12-29,1.0,3.6977972690122707,0.3970000000000002,0.6259999999999999,0.7829999999999999,-0.030000000000000027,-0.0019999999999997797
2021-12-30,1.0,3.6977972690122707,0.4490000000000003,0.6179999999999999,0.7989999999999999,-0.04600000000000004,0.050000000000000266
2021-12-31,1.0,3.6977972690122707,0.4519999999999999,0.617,0.798,-0.10199999999999987,0.016000000000000014
2022-01-03,1.0,3.7707838479809963,0.4700000000000002,0.605,0.855,-0.010000000000000009,0.1120000000000001
2022-01-04,1.0,3.7707838479809963,0.4519999999999997,0.6060000000000001,0.8680000000000001,-0.0040000000000000036,0.07999999999999963
2022-01-05,1.0,3.7707838479809963,0.4619999999999999,0.5929999999999997,0.913,0.08200000000000007,0.18999999999999995
2022-01-06,1.0,3.7707838479809963,0.4679999999999999,0.577,1.013,0.21899999999999986,0.2929999999999997
2022-01-07,1.0,3.7707838479809963,0.443,0.5779999999999998,1.015,0.2100000000000002,0.2570000000000001
2022-01-10,1.0,3.7707838479809963,0.4260000000000001,0.5660000000000003,1.0579999999999998,0.2679999999999998,0.31499999999999995
2022-01-11,1.0,3.7707838479809963,0.447,0.5730000000000004,1.0379999999999998,0.2539999999999998,0.31599999999999984
2022-01-12,1.0,3.7707838479809963,0.4299999999999999,0.5780000000000001,0.998,0.18999999999999995,0.262
2022-01-13,1.0,3.7707838479809963,0.4439999999999997,0.5839999999999999,0.953,0.18700000000000006,0.25
2022-01-14,1.25,3.7707838479809963,0.4089999999999998,0.556,0.794,0.27700000000000014,0.2999999999999998
2022-01-17,1.25,3.7707838479809963,0.4199999999999999,0.5509999999999997,0.8980000000000001,0.40800000000000014,0.46099999999999985
2022-01-18,1.25,3.7707838479809963,0.4260000000000001,0.5580000000000003,0.8769999999999998,0.4069999999999998,0.45399999999999974
2022-01-19,1.25,3.7707838479809963,0.4639999999999999,0.5720000000000001,0.823,0.31600000000000006,0.3900000000000001
2022-01-20,1.25,3.7707838479809963,0.4389999999999996,0.565,0.8690000000000002,0.3140000000000003,0.34599999999999964
2022-01-21,1.25,3.7707838479809963,0.4079999999999999,0.5609999999999999,0.8820000000000001,0.3340000000000001,0.3340000000000001
2022-01-24,1.25,3.7707838479809963,0.4279999999999999,0.5629999999999997,0.8620000000000001,0.3360000000000001,0.3290000000000002
2022-01-25,1.25,3.7707838479809963,0.4020000000000001,0.5510000000000002,0.924,0.3879999999999999,0.3780000000000001
2022-01-26,1.25,3.7707838479809963,0.4169999999999998,0.5569999999999999,0.906,0.3730000000000002,0.3929999999999998
2022-01-27,1.25,3.7707838479809963,0.395,0.5640000000000001,0.967,0.41800000000000015,0.3639999999999999
2022-01-28,1.25,3.7707838479809963,0.3969999999999998,0.5760000000000001,0.939,0.391,0.33599999999999985
2022-02-03,1.25,3.780271707028948,0.4079999999999999,0.5750000000000002,0.908,0.30299999999999994,0.24099999999999966
2022-02-04,1.25,3.780271707028948,0.4250000000000002,0.577,0.944,0.32599999999999985,0.2990000000000004
2022-02-07,1.25,3.780271707028948,0.4009999999999998,0.5779999999999998,0.987,0.32400000000000007,0.2629999999999999
2022-02-08,1.25,3.780271707028948,0.4300000000000001,0.5640000000000001,1.053,0.29000000000000004,0.2520000000000002
2022-02-09,1.25,3.780271707028948,0.4119999999999999,0.5780000000000003,1.029,0.2639999999999998,0.23299999999999965
2022-02-10,1.25,3.780271707028948,0.4220000000000001,0.5860000000000003,1.0139999999999998,0.20599999999999996,0.20199999999999996
2022-02-11,1.25,3.780271707028948,0.4039999999999999,0.5779999999999998,1.093,0.30500000000000016,0.262
2022-02-14,1.25,3.780271707028948,0.367,0.5790000000000002,1.097,0.349,0.28600000000000003
2022-02-15,1.25,3.780271707028948,0.3649999999999997,0.5829999999999997,1.0950000000000002,0.3920000000000001,0.31300000000000017
2022-02-16,1.25,3.780271707028948,0.3769999999999998,0.5879999999999996,1.0750000000000002,0.28100000000000014,0.2490000000000001
2022-02-17,1.25,3.780271707028948,0.4130000000000002,0.6000000000000001,1.045,0.1469999999999998,0.14000000000000012
2022-02-18,1.25,3.780271707028948,0.4060000000000001,0.5939999999999999,1.072,0.19500000000000028,0.17500000000000027
2022-02-21,1.25,3.780271707028948,0.407,0.5859999999999999,1.113,0.29000000000000004,0.2330000000000001
2022-02-22,1.25,3.780271707028948,0.3900000000000001,0.589,1.077,0.20799999999999974,0.15900000000000025
2022-02-23,1.25,3.780271707028948,0.4049999999999998,0.5959999999999996,1.0670000000000002,0.18500000000000005,0.18199999999999994
2022-02-24,1.25,3.780271707028948,0.3980000000000001,0.6040000000000001,0.976,0.11399999999999988,0.08400000000000007
2022-02-25,1.25,3.780271707028948,0.4269999999999996,0.6099999999999999,0.9940000000000002,0.07000000000000028,0.09499999999999975
2022-02-28,1.25,3.780271707028948,0.4329999999999998,0.613,0.992,0.08599999999999985,0.10199999999999987
2022-03-02,1.25,4.183032207384119,0.4260000000000001,0.6260000000000003,0.9369999999999998,-0.03000000000000025,0.0009999999999998899
2022-03-03,1.25,4.183032207384119,0.4530000000000003,0.6400000000000001,0.9449999999999998,0.005999999999999783,0.06200000000000028
2022-03-04,1.25,4.183032207384119,0.4439999999999999,0.6339999999999999,0.964,0.05600000000000005,0.09200000000000008
2022-03-07,1.25,4.183032207384119,0.419,0.6340000000000003,1.0379999999999998,0.09399999999999986,0.08799999999999963
2022-03-08,1.25,4.183032207384119,0.435,0.6440000000000001,1.037,0.04999999999999982,0.08400000000000007
2022-03-10,1.25,4.183032207384119,0.4590000000000001,0.6659999999999999,1.017,-0.03600000000000003,-0.007000000000000117
2022-03-11,1.25,4.183032207384119,0.4450000000000003,0.665,1.005,-0.02400000000000002,0.009000000000000341
2022-03-14,1.25,4.183032207384119,0.4559999999999999,0.6640000000000001,1.033,0.019000000000000128,0.052999999999999936
2022-03-15,1.25,4.183032207384119,0.4679999999999999,0.6799999999999997,1.035,-0.05799999999999983,0.006000000000000227
2022-03-16,1.25,4.183032207384119,0.5,0.6800000000000002,1.0179999999999998,-0.07900000000000018,0.053999999999999826
2022-03-17,1.25,4.183032207384119,0.4870000000000001,0.685,0.967,-0.1280000000000001,-0.005999999999999783
2022-03-18,1.25,4.183032207384119,0.5060000000000002,0.6800000000000002,0.981,-0.0940000000000003,0.03500000000000014
2022-03-21,1.25,4.183032207384119,0.4730000000000003,0.6760000000000002,1.0179999999999998,-0.027000000000000135,0.03299999999999992
2022-03-22,1.25,4.183032207384119,0.4329999999999998,0.6459999999999999,1.149,0.07699999999999996,0.10399999999999965
2022-03-23,1.25,4.183032207384119,0.4019999999999997,0.6469999999999998,1.1760000000000002,0.06300000000000017,0.05799999999999983
2022-03-24,1.25,4.183032207384119,0.4009999999999998,0.649,1.205,0.1280000000000001,0.1389999999999998
2022-03-25,1.25,4.183032207384119,0.3660000000000001,0.6579999999999999,1.255,0.18799999999999972,0.14900000000000002
2022-03-28,1.25,4.183032207384119,0.2840000000000002,0.6470000000000002,1.497,0.5209999999999999,0.40700000000000003
2022-03-29,1.25,4.183032207384119,0.2719999999999998,0.661,1.4500000000000002,0.45599999999999996,0.30100000000000016
2022-03-30,1.25,4.183032207384119,0.2699999999999996,0.6759999999999997,1.3650000000000002,0.3730000000000002,0.20999999999999996
2022-03-31,1.25,4.183032207384119,0.306,0.677,1.4129999999999998,0.476,0.35599999999999987
2022-04-01,1.25,4.755834477348486,0.2230000000000003,0.6740000000000004,1.5339999999999998,0.589,0.359
2022-04-04,1.25,4.755834477348486,0.2279999999999997,0.6619999999999999,1.5870000000000002,0.6230000000000002,0.40700000000000003
2022-04-05,1.25,4.755834477348486,0.201,0.6629999999999998,1.629,0.5910000000000002,0.3730000000000002
2022-04-06,1.25,4.755834477348486,0.1880000000000001,0.6510000000000002,1.6909999999999998,0.6539999999999999,0.40700000000000003
2022-04-07,1.25,4.755834477348486,0.2230000000000003,0.657,1.6549999999999998,0.6379999999999999,0.40200000000000014
2022-04-08,1.25,4.755834477348486,0.1819999999999999,0.649,1.737,0.7320000000000002,0.46899999999999986
2022-04-11,1.25,4.755834477348486,0.1190000000000002,0.6270000000000002,1.936,0.903,0.5660000000000003
2022-04-12,1.25,4.755834477348486,0.2080000000000001,0.669,1.855,0.8199999999999998,0.56
2022-04-13,1.25,4.755834477348486,0.286,0.6870000000000003,1.751,0.7330000000000001,0.5190000000000001
2022-04-14,1.5,4.755834477348486,0.3320000000000003,0.6950000000000003,1.388,0.6709999999999998,0.516
2022-04-15,1.5,4.755834477348486,0.3570000000000002,0.6960000000000002,1.444,0.7130000000000001,0.5640000000000001
2022-04-18,1.5,4.755834477348486,0.3649999999999997,0.6989999999999998,1.4900000000000002,0.7220000000000004,0.6139999999999999
2022-04-19,1.5,4.755834477348486,0.3690000000000002,0.69,1.481,0.5819999999999999,0.5180000000000002
2022-04-20,1.5,4.755834477348486,0.3560000000000003,0.7050000000000001,1.457,0.5309999999999997,0.4850000000000003
2022-04-21,1.5,4.755834477348486,0.3689999999999998,0.7199999999999998,1.427,0.472,0.43999999999999995
2022-04-22,1.5,4.755834477348486,0.3429999999999999,0.7170000000000001,1.471,0.4660000000000002,0.44300000000000006
2022-04-25,1.5,4.755834477348486,0.3309999999999999,0.7449999999999997,1.3570000000000002,0.11000000000000032,0.15700000000000003
2022-04-26,1.5,4.755834477348486,0.3599999999999999,0.754,1.33,0.1299999999999999,0.21799999999999997
2022-04-27,1.5,4.755834477348486,0.286,0.6960000000000002,1.399,0.2839999999999998,0.30000000000000027
2022-04-28,1.5,4.755834477348486,0.2410000000000001,0.7110000000000003,1.4249999999999998,0.262,0.19700000000000006
2022-04-29,1.5,4.755834477348486,0.2839999999999998,0.722,1.4580000000000002,0.17400000000000038,0.23499999999999988
2022-05-02,1.5,5.340519353258211,0.294,0.7080000000000002,1.586,0.24899999999999967,0.31499999999999995
2022-05-03,1.5,5.340519353258211,0.2670000000000003,0.7160000000000002,1.6389999999999998,0.2599999999999998,0.32600000000000007
2022-05-04,1.5,5.340519353258211,0.2560000000000002,0.7090000000000001,1.678,0.2370000000000001,0.30500000000000016
2022-05-06,1.5,5.340519353258211,0.2850000000000001,0.7270000000000003,1.646,0.2410000000000001,0.30299999999999994
2022-05-09,1.5,5.340519353258211,0.3520000000000003,0.738,1.5619999999999998,0.07499999999999973,0.2450000000000001
2022-05-10,1.5,5.340519353258211,0.3570000000000002,0.7370000000000001,1.5459999999999998,-0.14000000000000012,0.09799999999999986
2022-05-11,1.5,5.340519353258211,0.3410000000000002,0.7629999999999999,1.428,-0.17700000000000005,-0.04400000000000004
2022-05-12,1.5,5.340519353258211,0.2690000000000001,0.7570000000000001,1.4,-0.10099999999999998,-0.11799999999999988
2022-05-13,1.5,5.340519353258211,0.31,0.762,1.411,0.02300000000000013,0.0009999999999998899
2022-05-16,1.5,5.340519353258211,0.2310000000000003,0.7350000000000003,1.5459999999999998,0.10199999999999987,-0.02400000000000002
2022-05-17,1.5,5.340519353258211,0.2559999999999998,0.7529999999999997,1.531,0.040999999999999925,-0.06800000000000006
2022-05-18,1.5,5.340519353258211,0.2509999999999999,0.7629999999999999,1.569,0.08800000000000008,-0.03000000000000025
2022-05-19,1.5,5.340519353258211,0.2610000000000001,0.7750000000000004,1.5459999999999998,0.08899999999999997,-0.006000000000000227
2022-05-20,1.5,5.340519353258211,0.2339999999999999,0.7729999999999997,1.511,0.08400000000000007,-0.05099999999999971
2022-05-23,1.5,5.340519353258211,0.2400000000000002,0.778,1.5179999999999998,0.04699999999999971,-0.05600000000000005
2022-05-24,1.5,5.340519353258211,0.2469999999999999,0.7749999999999999,1.467,0.10999999999999988,0.0259999999999998
2022-05-25,1.5,5.340519353258211,0.2309999999999998,0.774,1.4460000000000002,0.1160000000000001,-0.0129999999999999
2022-05-26,1.75,5.340519353258211,0.2829999999999999,0.778,1.205,0.05600000000000005,0.052999999999999936
2022-05-27,1.75,5.340519353258211,0.2650000000000001,0.7810000000000001,1.197,0.02200000000000024,0.04600000000000026
2022-05-30,1.75,5.340519353258211,0.2689999999999997,0.782,1.1920000000000002,-0.016000000000000014,-0.03100000000000014
2022-05-31,1.75,5.340519353258211,0.2989999999999999,0.7799999999999998,1.277,-0.05899999999999972,-0.053999999999999826
2022-06-02,1.75,6.036256736893675,0.2959999999999998,0.7719999999999998,1.375,-0.01399999999999979,0.01499999999999968
2022-06-03,1.75,6.036256736893675,0.2839999999999998,0.7749999999999999,1.371,-0.05699999999999994,-0.02900000000000036
2022-06-07,1.75,6.036256736893675,0.3059999999999996,0.7690000000000001,1.4820000000000002,0.0860000000000003,0.10699999999999976
2022-06-08,1.75,6.036256736893675,0.2629999999999999,0.7730000000000001,1.459,0.14700000000000024,0.05799999999999983
2022-06-09,1.75,6.036256736893675,0.3000000000000002,0.7870000000000004,1.4209999999999998,0.125,0.06800000000000006
2022-06-10,1.75,6.036256736893675,0.2200000000000002,0.7210000000000001,1.525,0.347,0.22599999999999998
2022-06-13,1.75,6.036256736893675,0.1400000000000001,0.7080000000000006,1.7639999999999998,0.6139999999999999,0.4849999999999999
2022-06-14,1.75,6.036256736893675,0.1429999999999998,0.7219999999999995,1.798,0.637,0.46999999999999975
2022-06-15,1.75,6.036256736893675,0.129,0.7050000000000005,1.916,0.6200000000000001,0.5179999999999998
2022-06-16,1.75,6.036256736893675,0.0389999999999997,0.7090000000000001,1.978,0.6970000000000001,0.48
2022-06-17,1.75,6.036256736893675,0.0499999999999998,0.7229999999999999,1.995,0.6760000000000002,0.4750000000000001
2022-06-20,1.75,6.036256736893675,0.1089999999999999,0.7389999999999999,1.925,0.629,0.47699999999999987
2022-06-21,1.75,6.036256736893675,0.1120000000000001,0.7390000000000003,1.913,0.6519999999999997,0.5299999999999998
2022-06-22,1.75,6.036256736893675,0.1600000000000001,0.7530000000000006,1.7719999999999998,0.504,0.42399999999999993
2022-06-23,1.75,6.036256736893675,0.1179999999999998,0.7550000000000003,1.858,0.641,0.512
2022-06-24,1.75,6.036256736893675,0.1119999999999996,0.7739999999999996,1.773,0.577,0.45799999999999974
2022-06-27,1.75,6.036256736893675,0.1520000000000001,0.7760000000000002,1.818,0.613,0.4820000000000002
2022-06-28,1.75,6.036256736893675,0.1280000000000001,0.7870000000000004,1.802,0.605,0.46799999999999997
2022-06-29,1.75,6.036256736893675,0.1149999999999997,0.8069999999999999,1.802,0.6099999999999999,0.45599999999999996
2022-06-30,1.75,6.036256736893675,0.0860000000000003,0.8109999999999999,1.7999999999999998,0.5229999999999997,0.31000000000000005
2022-07-01,1.75,6.327009583414833,0.0510000000000001,0.8179999999999996,1.689,0.31400000000000006,0.0690000000000004
2022-07-04,1.75,6.327009583414833,0.0589999999999997,0.8169999999999997,1.6800000000000002,0.30900000000000016,0.08400000000000007
2022-07-05,1.75,6.327009583414833,0.0779999999999998,0.827,1.5510000000000002,0.06899999999999995,-0.1589999999999998
2022-07-06,1.75,6.327009583414833,0.056,0.8470000000000004,1.489,0.029999999999999805,-0.17700000000000005
2022-07-07,1.75,6.327009583414833,0.0449999999999999,0.8510000000000004,1.512,0.09100000000000019,-0.16400000000000015
2022-07-08,1.75,6.327009583414833,0.0449999999999999,0.871,1.565,0.040000000000000036,-0.13500000000000023
2022-07-11,1.75,6.327009583414833,0.0609999999999999,0.8740000000000006,1.5739999999999998,-0.18999999999999995,-0.26900000000000013
2022-07-12,1.75,6.327009583414833,0.0580000000000002,0.8670000000000004,1.541,-0.2570000000000001,-0.34199999999999964
2022-07-13,2.25,6.327009583414833,0.0900000000000003,0.8830000000000005,0.961,-0.45500000000000007,-0.4939999999999998
2022-07-14,2.25,6.327009583414833,0.0350000000000001,0.8790000000000004,1.0099999999999998,-0.4680000000000004,-0.472
2022-07-15,2.25,6.327009583414833,0.0369999999999999,0.8860000000000001,0.955,-0.54,-0.5529999999999999
2022-07-18,2.25,6.327009583414833,0.0579999999999998,0.8919999999999999,0.9620000000000002,-0.46299999999999963,-0.5139999999999998
2022-07-19,2.25,6.327009583414833,0.0609999999999999,0.8999999999999995,0.9420000000000002,-0.47099999999999964,-0.5219999999999998
2022-07-20,2.25,6.327009583414833,0.064,0.9010000000000002,1.0459999999999998,-0.22599999999999998,-0.32200000000000006
2022-07-21,2.25,6.327009583414833,0.08,0.908,1.044,-0.31400000000000006,-0.35199999999999987
2022-07-22,2.25,6.327009583414833,0.084,0.9169999999999998,0.968,-0.30500000000000016,-0.33299999999999974
2022-07-25,2.25,6.327009583414833,0.0579999999999998,0.9289999999999998,0.903,-0.41500000000000004,-0.5090000000000003
2022-07-26,2.25,6.327009583414833,0.0619999999999998,0.9419999999999996,0.871,-0.43100000000000005,-0.49700000000000033
2022-07-27,2.25,6.327009583414833,0.0310000000000001,0.9430000000000004,0.8399999999999999,-0.4620000000000002,-0.5459999999999998
2022-07-28,2.25,6.327009583414833,0.0710000000000001,0.952,0.8799999999999999,-0.41999999999999993,-0.43500000000000005
2022-07-29,2.25,6.327009583414833,0.1179999999999998,0.96,0.7589999999999999,-0.43000000000000016,-0.36300000000000043
2022-08-01,2.25,5.722627737226271,0.1030000000000002,0.9620000000000002,0.831,-0.3490000000000002,-0.3049999999999997
2022-08-02,2.25,5.722627737226271,0.076,0.971,0.762,-0.28900000000000015,-0.2909999999999999
2022-08-03,2.25,5.722627737226271,0.0659999999999998,0.98,0.815,-0.17399999999999993,-0.16400000000000015
2022-08-04,2.25,5.722627737226271,0.0380000000000002,0.9770000000000004,0.8639999999999999,-0.14800000000000013,-0.1549999999999998
2022-08-05,2.25,5.722627737226271,0.0449999999999999,0.977,0.8290000000000002,-0.23599999999999977,-0.23599999999999977
2022-08-08,2.25,5.722627737226271,0.0430000000000001,0.9790000000000004,0.8839999999999999,-0.18999999999999995,-0.20799999999999974
2022-08-09,2.25,5.722627737226271,0.032,0.985,0.8839999999999999,-0.15700000000000003,-0.18300000000000027
2022-08-10,2.25,5.722627737226271,0.0529999999999999,0.979,0.904,-0.05699999999999994,-0.0940000000000003
2022-08-11,2.25,5.722627737226271,0.0949999999999997,0.9869999999999997,0.8740000000000001,-0.13599999999999968,-0.07600000000000007
2022-08-12,2.25,5.722627737226271,0.1009999999999999,0.9779999999999998,0.931,-0.02400000000000002,0.040000000000000036
2022-08-16,2.25,5.722627737226271,0.0780000000000002,0.9790000000000004,0.8279999999999998,-0.13400000000000034,-0.11399999999999988
2022-08-17,2.25,5.722627737226271,0.1009999999999999,0.9889999999999994,0.8370000000000002,-0.10499999999999998,-0.06499999999999995
2022-08-18,2.25,5.722627737226271,0.096,0.989,0.875,-0.17099999999999982,-0.1389999999999998
2022-08-19,2.25,5.722627737226271,0.1129999999999999,0.989,0.947,-0.09699999999999998,-0.06400000000000006
2022-08-22,2.25,5.722627737226271,0.0969999999999999,0.9900000000000002,0.995,0.027000000000000135,0.040000000000000036
2022-08-23,2.25,5.722627737226271,0.08,0.9889999999999994,1.031,0.1280000000000001,0.15000000000000036
2022-08-24,2.25,5.722627737226271,0.1219999999999998,0.987,1.061,0.18999999999999995,0.25
2022-08-25,2.5,5.722627737226271,0.0619999999999998,0.9759999999999996,1.031,0.4410000000000003,0.472
2022-08-26,2.5,5.722627737226271,0.0910000000000001,0.9739999999999998,1.025,0.395,0.41500000000000004
2022-08-29,2.5,5.722627737226271,0.0619999999999998,0.9680000000000004,1.153,0.6440000000000001,0.5880000000000001
2022-08-30,2.5,5.722627737226271,0.0529999999999999,0.9760000000000004,1.142,0.5609999999999999,0.5109999999999997
2022-08-31,2.5,5.722627737226271,0.036,0.9730000000000004,1.185,0.673,0.633
2022-09-01,2.5,5.476398177764841,0.0270000000000001,0.969,1.278,0.7130000000000001,0.6740000000000004
2022-09-02,2.5,5.476398177764841,0.06,0.9770000000000004,1.178,0.5640000000000001,0.5859999999999999
2022-09-05,2.5,5.476398177764841,0.0539999999999998,0.98,1.116,0.5369999999999999,0.5459999999999998
2022-09-06,2.5,5.476398177764841,0.0300000000000002,0.98,1.182,0.548,0.5350000000000001
2022-09-07,2.5,5.476398177764841,0.0510000000000001,0.983,1.185,0.5510000000000002,0.5700000000000003
2022-09-08,2.5,5.476398177764841,0.0789999999999997,0.9980000000000002,1.043,0.38900000000000023,0.41500000000000004
2022-09-13,2.5,5.476398177764841,0.084,0.9890000000000004,1.036,0.4119999999999999,0.40100000000000025
2022-09-14,2.5,5.476398177764841,0.0659999999999998,0.9939999999999998,1.085,0.4039999999999999,0.3689999999999998
2022-09-15,2.5,5.476398177764841,0.0209999999999999,0.9890000000000004,1.27,0.6920000000000002,0.6349999999999998
2022-09-16,2.5,5.476398177764841,0.0049999999999998,0.991,1.267,0.6799999999999997,0.5839999999999996
2022-09-19,2.5,5.476398177764841,0.0350000000000001,0.9920000000000004,1.259,0.6339999999999999,0.573
2022-09-20,2.5,5.476398177764841,0.0129999999999999,0.983,1.323,0.6259999999999999,0.5259999999999998
2022-09-21,2.5,5.476398177764841,0.044,0.996,1.347,0.6019999999999999,0.5489999999999999
2022-09-22,2.5,5.476398177764841,-0.1070000000000002,0.9879999999999995,1.604,0.823,0.6359999999999997
2022-09-23,2.5,5.476398177764841,-0.0869999999999997,0.9900000000000002,1.6989999999999998,0.8879999999999999,0.6790000000000003
2022-09-26,2.5,5.476398177764841,-0.213,0.9799999999999996,2.048,1.017,0.742
2022-09-27,2.5,5.476398177764841,-0.096,1.0039999999999996,1.8040000000000005,0.7790000000000004,0.5920000000000001
2022-09-28,2.5,5.476398177764841,-0.0060000000000002,1.0039999999999996,1.838,0.685,0.617
2022-09-29,2.5,5.476398177764841,-0.0739999999999998,1.0750000000000002,1.803,0.661,0.5340000000000003
2022-09-30,2.5,5.476398177764841,-0.0899999999999998,1.0940000000000003,1.686,0.5009999999999999,0.375
2022-10-04,2.5,5.621673923560722,-0.0750000000000001,1.0939999999999994,1.5810000000000004,0.3030000000000004,0.20100000000000007
2022-10-05,2.5,5.621673923560722,-0.0549999999999997,1.085,1.657,0.4790000000000001,0.3640000000000003
2022-10-06,2.5,5.621673923560722,-0.0429999999999992,1.0860000000000003,1.6449999999999996,0.5289999999999995,0.4320000000000004
2022-10-07,2.5,5.621673923560722,-0.0619999999999993,1.082,1.7759999999999998,0.5939999999999999,0.5020000000000002
2022-10-11,2.5,5.621673923560722,-0.0359999999999995,1.0940000000000003,1.842,0.6569999999999996,0.5699999999999998
2022-10-12,3.0,5.621673923560722,0.0030000000000001,1.1029999999999998,1.1070000000000002,0.5640000000000001,0.48800000000000043
2022-10-13,3.0,5.621673923560722,0.0359999999999995,1.106999999999999,1.2030000000000003,0.6670000000000003,0.6189999999999998
2022-10-14,3.0,5.621673923560722,-0.0259999999999998,1.1130000000000004,1.207,0.6219999999999999,0.5300000000000002
2022-10-17,3.0,5.621673923560722,-0.024,1.1340000000000003,1.239,0.46899999999999986,0.42399999999999993
2022-10-18,3.0,5.621673923560722,0.0350000000000001,1.1660000000000004,1.242,0.4750000000000001,0.5050000000000003
2022-10-19,3.0,5.621673923560722,0.0649999999999995,1.202,1.3310000000000004,0.5720000000000005,0.6019999999999999
2022-10-20,3.0,5.621673923560722,0.0890000000000004,1.2380000000000004,1.3499999999999996,0.5269999999999997,0.6030000000000002
2022-10-21,3.0,5.621673923560722,0.1369999999999995,1.2409999999999997,1.495,0.6480000000000001,0.7409999999999997
2022-10-24,3.0,5.621673923560722,0.1980000000000004,1.287,1.3049999999999995,0.20099999999999962,0.5060000000000002
2022-10-25,3.0,5.621673923560722,0.125,1.3069999999999995,1.221,0.02200000000000024,0.23399999999999999
2022-10-26,3.0,5.621673923560722,0.0709999999999997,1.3449999999999998,1.2080000000000002,-0.33999999999999986,-0.05600000000000005
2022-10-27,3.0,5.621673923560722,0.0590000000000001,1.3660000000000003,1.2539999999999996,-0.05000000000000071,0.10499999999999954
2022-10-28,3.0,5.621673923560722,0.0549999999999997,1.375,1.112,-0.22599999999999998,-0.16500000000000004
2022-10-31,3.0,5.621673923560722,0.0570000000000003,1.3950000000000005,1.1849999999999996,-0.11800000000000033,0.0129999999999999
2022-11-01,3.0,5.0062578222778376,0.0670000000000001,1.418,1.0679999999999996,-0.11800000000000033,0.0389999999999997
2022-11-02,3.0,5.0062578222778376,0.048,1.4380000000000006,1.0949999999999998,0.013999999999999346,0.13699999999999957
2022-11-03,3.0,5.0062578222778376,0.0389999999999997,1.4579999999999993,1.1580000000000004,0.001000000000000334,0.09499999999999975
2022-11-04,3.0,5.0062578222778376,0.064,1.473,1.1180000000000003,-0.026999999999999247,0.08000000000000007
2022-11-07,3.0,5.0062578222778376,0.072,1.476,1.186,-0.08999999999999986,0.043999999999999595
2022-11-08,3.0,5.0062578222778376,0.08,1.4860000000000009,1.1559999999999997,-0.18599999999999994,-0.07000000000000028
2022-11-09,3.0,5.0062578222778376,0.0909999999999993,1.508,1.0860000000000003,-0.020999999999999908,0.06699999999999928
2022-11-10,3.0,5.0062578222778376,0.0369999999999999,1.5179999999999998,1.0330000000000004,-0.16999999999999993,-0.1689999999999996
2022-11-11,3.0,5.0062578222778376,0.06,1.5269999999999997,0.8340000000000001,-0.3729999999999998,-0.2869999999999999
2022-11-14,3.0,5.0062578222778376,0.0779999999999998,1.5699999999999998,0.8500000000000001,-0.3889999999999998,-0.2869999999999999
2022-11-15,3.0,5.0062578222778376,0.1080000000000001,1.593,0.7530000000000001,-0.4889999999999999,-0.4159999999999999
2022-11-16,3.0,5.0062578222778376,0.088,1.6080000000000003,0.8079999999999998,-0.5230000000000006,-0.5
2022-11-17,3.0,5.0062578222778376,0.0490000000000003,1.6229999999999998,0.8039999999999998,-0.5459999999999998,-0.5859999999999999
2022-11-18,3.0,5.0062578222778376,0.0140000000000002,1.6420000000000003,0.7869999999999999,-0.7080000000000002,-0.8309999999999995
2022-11-21,3.0,5.0062578222778376,-0.0730000000000004,1.6549999999999998,0.8370000000000002,-0.4679999999999995,-0.7390000000000003
2022-11-22,3.0,5.0062578222778376,-0.0709999999999997,1.6720000000000002,0.8439999999999999,-0.3770000000000002,-0.573
2022-11-23,3.0,5.0062578222778376,-0.0750000000000001,1.6869999999999994,0.8490000000000002,-0.359,-0.5049999999999999
2022-11-24,3.25,5.0062578222778376,-0.0670000000000001,1.713,0.439,-0.5649999999999995,-0.6909999999999998
2022-11-25,3.25,5.0062578222778376,-0.0209999999999999,1.7320000000000002,0.3940000000000001,-0.46799999999999997,-0.5439999999999996
2022-11-28,3.25,5.0062578222778376,-0.0630000000000001,1.7360000000000002,0.419,-0.5159999999999996,-0.6360000000000001
2022-11-29,3.25,5.0062578222778376,-0.0499999999999998,1.745,0.4729999999999998,-0.34499999999999975,-0.46199999999999974
2022-11-30,3.25,5.0062578222778376,-0.0220000000000002,1.7560000000000002,0.439,-0.4059999999999997,-0.476
2022-12-01,3.25,5.017301038062283,0.0129999999999999,1.7719999999999998,0.3999999999999999,-0.5080000000000005,-0.5340000000000003
2022-12-02,3.25,5.017301038062283,-0.0329999999999999,1.77,0.3660000000000001,-0.5020000000000002,-0.5990000000000002
2022-12-05,3.25,5.017301038062283,-0.06,1.761,0.359,-0.577,-0.7090000000000001
2022-12-06,3.25,5.017301038062283,-0.129,1.7539999999999996,0.383,-0.5229999999999997,-0.7319999999999998
2022-12-07,3.25,5.017301038062283,-0.149,1.7389999999999994,0.4220000000000001,-0.41400000000000015,-0.6539999999999995
2022-12-08,3.25,5.017301038062283,-0.1460000000000003,1.7359999999999998,0.4260000000000001,-0.3570000000000002,-0.5400000000000005
2022-12-09,3.25,5.017301038062283,-0.1659999999999999,1.734,0.407,-0.17700000000000005,-0.403
2022-12-12,3.25,5.017301038062283,-0.1750000000000002,1.7599999999999998,0.3730000000000002,-0.22699999999999987,-0.48
2022-12-13,3.25,5.017301038062283,-0.1540000000000003,1.7509999999999994,0.3730000000000002,-0.1299999999999999,-0.39200000000000035
2022-12-14,3.25,5.017301038062283,-0.1239999999999996,1.7420000000000004,0.2799999999999998,-0.278,-0.48999999999999977
2022-12-15,3.25,5.017301038062283,-0.1560000000000001,1.727,0.286,-0.2679999999999998,-0.4730000000000003
2022-12-16,3.25,5.017301038062283,-0.1790000000000002,1.6880000000000002,0.2890000000000001,-0.24799999999999978,-0.4410000000000003
2022-12-19,3.25,5.017301038062283,-0.1499999999999999,1.6719999999999997,0.2949999999999999,-0.29200000000000026,-0.3689999999999998
2022-12-20,3.25,5.017301038062283,-0.0819999999999998,1.648,0.435,-0.1589999999999998,-0.16999999999999993
2022-12-21,3.25,5.017301038062283,-0.072,1.6340000000000003,0.3879999999999999,-0.2110000000000003,-0.20800000000000018
2022-12-22,3.25,5.017301038062283,-0.072,1.625,0.3170000000000001,-0.12199999999999989,-0.12699999999999978
2022-12-23,3.25,5.017301038062283,-0.0710000000000001,1.5919999999999996,0.3730000000000002,-0.020999999999999908,-0.07100000000000017
2022-12-26,3.25,5.017301038062283,-0.024,1.5720000000000005,0.4129999999999998,-0.006000000000000227,0.03299999999999992
2022-12-27,3.25,5.017301038062283,-0.0509999999999997,1.5570000000000004,0.4119999999999999,-0.06099999999999994,-0.06199999999999983
2022-12-28,3.25,5.017301038062283,0.0049999999999998,1.535,0.4180000000000001,-0.020999999999999908,0.006000000000000227
2022-12-29,3.25,5.017301038062283,0.0070000000000001,1.5190000000000006,0.4689999999999998,0.06899999999999995,0.06300000000000017
2022-12-30,3.25,5.017301038062283,0.008,1.509,0.472,0.10599999999999987,0.1469999999999998
2023-01-02,3.25,4.978540772532192,0.0289999999999999,1.4799999999999995,0.532,0.17300000000000004,0.262
2023-01-03,3.25,4.978540772532192,0.0,1.4700000000000002,0.411,0.028000000000000025,0.15700000000000003
2023-01-04,3.25,4.978540772532192,-0.0350000000000001,1.4460000000000002,0.3820000000000001,-0.040000000000000036,0.07399999999999984
2023-01-05,3.25,4.978540772532192,-0.0729999999999999,1.4159999999999997,0.3940000000000001,-0.03200000000000003,0.04100000000000037
2023-01-06,3.25,4.978540772532192,-0.1080000000000001,1.3810000000000002,0.431,0.02400000000000002,0.08199999999999985
2023-01-09,3.25,4.978540772532192,-0.1,1.3529999999999998,0.3269999999999999,-0.04600000000000026,0.028999999999999915
2023-01-10,3.25,4.978540772532192,-0.0939999999999998,1.3309999999999995,0.306,-0.06700000000000017,-0.006999999999999673
2023-01-11,3.25,4.978540772532192,-0.0550000000000001,1.3119999999999998,0.2219999999999999,-0.05799999999999983,0.010999999999999677
2023-01-12,3.25,4.978540772532192,-0.0540000000000002,1.2640000000000002,0.2160000000000002,-0.06999999999999984,0.03200000000000003
2023-01-13,3.5,4.978540772532192,-0.0690000000000004,1.251,-0.1309999999999997,-0.16999999999999993,-0.06000000000000005
2023-01-16,3.5,4.978540772532192,-0.0710000000000001,1.2069999999999994,-0.0459999999999998,-0.09099999999999975,-0.01200000000000001
2023-01-17,3.5,4.978540772532192,-0.04,1.1929999999999996,-0.016,-0.20100000000000007,-0.15900000000000025
2023-01-18,3.5,4.978540772532192,-0.0529999999999999,1.1699999999999997,-0.1099999999999998,-0.24799999999999978,-0.22899999999999965
2023-01-19,3.5,4.978540772532192,-0.0260000000000002,1.1549999999999994,-0.2519999999999998,-0.31899999999999995,-0.27300000000000013
2023-01-20,3.5,4.978540772532192,-0.0510000000000001,1.1230000000000002,-0.1699999999999999,-0.29300000000000015,-0.27300000000000013
2023-01-25,3.5,4.978540772532192,-0.056,1.1150000000000002,-0.2149999999999998,-0.37799999999999967,-0.4099999999999997
2023-01-26,3.5,4.978540772532192,-0.0420000000000002,1.0879999999999996,-0.2269999999999998,-0.3889999999999998,-0.38000000000000034
2023-01-27,3.5,4.978540772532192,-0.0209999999999999,1.06,-0.1960000000000001,-0.3640000000000003,-0.3900000000000001
2023-01-30,3.5,4.978540772532192,-0.0329999999999999,1.0389999999999997,-0.2290000000000001,-0.44799999999999995,-0.488
2023-01-31,3.5,4.978540772532192,-0.028,1.019,-0.1749999999999998,-0.3969999999999998,-0.43299999999999983
2023-02-01,3.5,4.6575602352494805,-0.024,1.005,-0.2370000000000001,-0.5190000000000001,-0.5720000000000001
2023-02-02,3.5,4.6575602352494805,0.024,0.9939999999999998,-0.3170000000000001,-0.4780000000000002,-0.4540000000000002
2023-02-03,3.5,4.6575602352494805,0.0380000000000002,0.9710000000000004,-0.3900000000000001,-0.5220000000000002,-0.44899999999999984
2023-02-06,3.5,4.6575602352494805,0.0,0.9540000000000002,-0.217,-0.3610000000000002,-0.28800000000000026
2023-02-07,3.5,4.6575602352494805,-0.0179999999999997,0.9289999999999998,-0.185,-0.3660000000000001,-0.2759999999999998
2023-02-08,3.5,4.6575602352494805,-0.0190000000000001,0.9049999999999998,-0.161,-0.238,-0.15700000000000003
2023-02-09,3.5,4.6575602352494805,-0.0389999999999997,0.8529999999999998,-0.0990000000000002,-0.15500000000000025,-0.10000000000000009
2023-02-10,3.5,4.6575602352494805,-0.0329999999999999,0.8329999999999997,-0.1019999999999998,-0.07399999999999984,-0.0519999999999996
2023-02-13,3.5,4.6575602352494805,-0.0219999999999997,0.7999999999999998,-0.048,-0.014000000000000234,0.018000000000000238
2023-02-14,3.5,4.6575602352494805,-0.0309999999999996,0.778,-0.0710000000000001,0.05999999999999961,0.09800000000000031
2023-02-15,3.5,4.6575602352494805,-0.0309999999999996,0.7530000000000001,0.0019999999999997,0.0479999999999996,0.08800000000000008
2023-02-16,3.5,4.6575602352494805,-0.028,0.7349999999999999,0.004,0.020000000000000018,0.03200000000000003
2023-02-17,3.5,4.6575602352494805,-0.0129999999999999,0.706,0.1389999999999998,0.24899999999999967,0.2889999999999997
2023-02-20,3.5,4.6575602352494805,-0.036,0.6919999999999997,0.177,0.4289999999999998,0.41900000000000004
2023-02-21,3.5,4.6575602352494805,-0.0230000000000001,0.7009999999999996,0.1230000000000002,0.29300000000000015,0.3210000000000002
2023-02-22,3.5,4.6575602352494805,-0.0060000000000002,0.6969999999999996,0.145,0.3599999999999999,0.4099999999999997
2023-02-23,3.5,4.6575602352494805,-0.004,0.7119999999999997,0.0990000000000002,0.32600000000000007,0.3640000000000003
2023-02-24,3.5,4.6575602352494805,-0.0300000000000002,0.6999999999999997,0.0550000000000001,0.25100000000000033,0.242
2023-02-27,3.5,4.6575602352494805,-0.0639999999999996,0.6829999999999998,0.1829999999999998,0.4119999999999999,0.3810000000000002
2023-02-28,3.5,4.6575602352494805,-0.044,0.6869999999999998,0.2970000000000001,0.472,0.45599999999999996
2023-03-02,3.5,4.165881244109326,-0.0380000000000002,0.6799999999999997,0.3780000000000001,0.6150000000000002,0.601
2023-03-03,3.5,4.165881244109326,-0.0150000000000001,0.6800000000000002,0.2909999999999999,0.6080000000000001,0.569
2023-03-06,3.5,4.165881244109326,-0.0430000000000001,0.6840000000000002,0.274,0.6640000000000001,0.5829999999999997
2023-03-07,3.5,4.165881244109326,-0.0649999999999999,0.6840000000000002,0.2259999999999999,0.44300000000000006,0.3780000000000001
2023-03-08,3.5,4.165881244109326,-0.1349999999999998,0.6789999999999998,0.355,0.54,0.42300000000000004
2023-03-09,3.5,4.165881244109326,-0.1190000000000002,0.6819999999999999,0.3580000000000001,0.5190000000000001,0.41900000000000004
2023-03-10,3.5,4.165881244109326,-0.1189999999999997,0.6930000000000001,0.2029999999999998,0.30200000000000005,0.22199999999999998
2023-03-13,3.5,4.165881244109326,-0.0300000000000002,0.714,-0.0649999999999999,0.03699999999999992,0.03999999999999959
2023-03-14,3.5,4.165881244109326,-0.0439999999999995,0.7040000000000002,-0.1190000000000002,-0.07100000000000017,-0.09299999999999997
2023-03-15,3.5,4.165881244109326,-0.0549999999999997,0.6959999999999997,-0.0270000000000001,0.04400000000000004,0.020000000000000018
2023-03-16,3.5,4.165881244109326,-0.0059999999999997,0.698,-0.1,-0.10199999999999987,-0.07699999999999996
2023-03-17,3.5,4.165881244109326,-0.0089999999999998,0.6950000000000003,-0.0849999999999999,-0.08899999999999997,-0.06999999999999984
2023-03-20,3.5,4.165881244109326,0.04,0.7220000000000004,-0.2360000000000002,-0.375,-0.32200000000000006
2023-03-21,3.5,4.165881244109326,0.0099999999999997,0.722,-0.2059999999999999,-0.383,-0.3370000000000002
2023-03-22,3.5,4.165881244109326,0.0030000000000001,0.7300000000000004,-0.2160000000000002,-0.3390000000000004,-0.31300000000000017
2023-03-23,3.5,4.165881244109326,0.06,0.7640000000000002,-0.294,-0.43900000000000006,-0.3729999999999998
2023-03-24,3.5,4.165881244109326,0.0499999999999998,0.7679999999999998,-0.3399999999999998,-0.43900000000000006,-0.38500000000000023
2023-03-27,3.5,4.165881244109326,0.0379999999999998,0.7689999999999997,-0.2799999999999998,-0.33499999999999996,-0.2669999999999999
2023-03-28,3.5,4.165881244109326,0.0230000000000001,0.7709999999999999,-0.242,-0.4249999999999998,-0.3380000000000001
2023-03-29,3.5,4.165881244109326,0.0309999999999996,0.778,-0.2509999999999999,-0.548,-0.4730000000000003
2023-03-30,3.5,4.165881244109326,0.0649999999999999,0.7949999999999999,-0.2599999999999998,-0.6379999999999999,-0.5349999999999997
2023-03-31,3.5,4.165881244109326,0.0699999999999998,0.8039999999999998,-0.2299999999999999,-0.5209999999999999,-0.43599999999999994
2023-04-03,3.5,3.6881025929046185,0.0469999999999997,0.7970000000000002,-0.1579999999999999,-0.43199999999999994,-0.3420000000000001
2023-04-04,3.5,3.6881025929046185,0.0369999999999999,0.8020000000000005,-0.221,-0.44700000000000006,-0.3450000000000002
2023-04-05,3.5,3.6881025929046185,0.0620000000000002,0.8080000000000003,-0.2360000000000002,-0.5910000000000002,-0.39400000000000013
2023-04-06,3.5,3.6881025929046185,0.0670000000000001,0.8110000000000004,-0.2890000000000001,-0.6470000000000002,-0.46099999999999985
2023-04-07,3.5,3.6881025929046185,0.0489999999999999,0.8090000000000002,-0.2599999999999998,-0.46299999999999963,-0.29499999999999993
2023-04-10,3.5,3.6881025929046185,0.044,0.8119999999999994,-0.3079999999999998,-0.24299999999999988,-0.1689999999999996
2023-04-11,3.5,3.6881025929046185,0.024,0.8100000000000005,-0.2690000000000001,-0.1499999999999999,-0.0820000000000003
2023-04-12,3.5,3.6881025929046185,0.0289999999999999,0.8089999999999997,-0.2669999999999999,-0.23999999999999977,-0.15600000000000014
2023-04-13,3.5,3.6881025929046185,0.0740000000000002,0.8100000000000005,-0.3010000000000001,-0.20100000000000007,-0.121
2023-04-14,3.5,3.6881025929046185,0.0710000000000001,0.8070000000000004,-0.2850000000000001,-0.20000000000000018,-0.1200000000000001
2023-04-17,3.5,3.6881025929046185,0.0620000000000002,0.8049999999999997,-0.213,0.02300000000000013,0.04500000000000037
2023-04-18,3.5,3.6881025929046185,0.0579999999999998,0.8069999999999999,-0.2059999999999999,0.0,0.04800000000000004
2023-04-19,3.5,3.6881025929046185,0.0329999999999999,0.8089999999999997,-0.1629999999999998,0.05300000000000038,0.08300000000000018
2023-04-20,3.5,3.6881025929046185,0.0749999999999997,0.8119999999999998,-0.1659999999999999,0.1280000000000001,0.1429999999999998
2023-04-21,3.5,3.6881025929046185,0.076,0.8160000000000003,-0.2330000000000001,0.10699999999999976,0.133
2023-04-24,3.5,3.6881025929046185,0.076,0.8210000000000002,-0.27,0.009999999999999787,0.04800000000000004
2023-04-25,3.5,3.6881025929046185,0.0579999999999998,0.8109999999999995,-0.2349999999999998,0.007000000000000117,0.041999999999999815
2023-04-26,3.5,3.6881025929046185,0.0500000000000002,0.81,-0.2410000000000001,0.009999999999999787,0.02900000000000036
2023-04-27,3.5,3.6881025929046185,0.0540000000000002,0.8060000000000005,-0.2120000000000002,0.0479999999999996,0.03699999999999992
2023-04-28,3.5,3.6881025929046185,0.0669999999999997,0.8120000000000003,-0.2069999999999998,0.02300000000000013,0.020000000000000018
2023-05-02,3.5,3.3767441860464986,0.0369999999999999,0.8049999999999997,-0.165,-0.007000000000000117,-0.016999999999999904
2023-05-03,3.5,3.3767441860464986,0.0429999999999997,0.8130000000000002,-0.2189999999999998,0.002000000000000224,0.008000000000000007
2023-05-04,3.5,3.3767441860464986,0.068,0.8200000000000003,-0.29,-0.053999999999999826,-0.04800000000000004
2023-05-08,3.5,3.3767441860464986,0.0489999999999999,0.8179999999999996,-0.2389999999999998,0.050000000000000266,0.03200000000000003
2023-05-09,3.5,3.3767441860464986,0.0620000000000002,0.8130000000000002,-0.2440000000000002,0.01599999999999957,0.028999999999999915
2023-05-10,3.5,3.3767441860464986,0.068,0.8130000000000002,-0.2269999999999998,0.08099999999999996,0.10499999999999998
2023-05-11,3.5,3.3767441860464986,0.0719999999999996,0.8119999999999998,-0.2799999999999998,-0.010999999999999677,0.03699999999999992
2023-05-12,3.5,3.3767441860464986,0.0489999999999999,0.81,-0.2749999999999999,-0.008000000000000007,0.01200000000000001
2023-05-15,3.5,3.3767441860464986,0.0529999999999999,0.8100000000000005,-0.221,0.08000000000000007,0.05899999999999972
2023-05-16,3.5,3.3767441860464986,0.0609999999999999,0.8140000000000001,-0.258,0.027000000000000135,0.016999999999999904
2023-05-17,3.5,3.3767441860464986,0.0449999999999999,0.8099999999999996,-0.2259999999999999,-0.0129999999999999,-0.03000000000000025
2023-05-18,3.5,3.3767441860464986,0.0510000000000001,0.8070000000000004,-0.1840000000000001,0.021999999999999797,0.015000000000000124
2023-05-19,3.5,3.3767441860464986,0.0790000000000001,0.8079999999999998,-0.1600000000000001,0.0029999999999996696,0.04899999999999993
2023-05-22,3.5,3.3767441860464986,0.0769999999999999,0.8059999999999996,-0.1789999999999998,-0.0129999999999999,-0.010999999999999677
2023-05-23,3.5,3.3767441860464986,0.0999999999999996,0.8079999999999998,-0.1269999999999997,0.10600000000000032,0.1299999999999999
2023-05-24,3.5,3.3767441860464986,0.1239999999999996,0.8049999999999997,-0.1219999999999998,0.14800000000000013,0.19599999999999973
2023-05-25,3.5,3.3767441860464986,0.1169999999999999,0.8000000000000003,-0.02,0.21499999999999986,0.274
2023-05-26,3.5,3.3767441860464986,0.1149999999999997,0.8040000000000003,0.024,0.2650000000000001,0.3299999999999996
2023-05-30,3.5,3.3767441860464986,0.0909999999999997,0.7989999999999999,0.06,0.27200000000000024,0.3089999999999997
2023-05-31,3.5,3.3767441860464986,0.0729999999999999,0.8029999999999995,-0.0409999999999999,0.16599999999999993,0.17200000000000015
2023-06-01,3.5,2.7261805748082457,0.0709999999999997,0.8069999999999999,-0.0219999999999997,0.14300000000000024,0.17700000000000005
2023-06-02,3.5,2.7261805748082457,0.0590000000000001,0.8079999999999998,-0.064,0.1549999999999998,0.17100000000000026
2023-06-05,3.5,2.7261805748082457,0.0590000000000001,0.8050000000000006,0.0019999999999997,0.2919999999999998,0.2829999999999999
2023-06-07,3.5,2.7261805748082457,0.0509999999999997,0.8019999999999996,-0.0289999999999999,0.20999999999999996,0.21199999999999974
2023-06-08,3.5,2.7261805748082457,0.0889999999999999,0.8010000000000002,0.0430000000000001,0.28700000000000037,0.31400000000000006
2023-06-09,3.5,2.7261805748082457,0.1070000000000002,0.8030000000000004,0.0059999999999997,0.23299999999999965,0.2719999999999998
2023-06-12,3.5,2.7261805748082457,0.0830000000000001,0.8089999999999997,-0.0070000000000001,0.2729999999999997,0.28400000000000025
2023-06-13,3.5,2.7261805748082457,0.0939999999999998,0.8129999999999997,-0.016,0.2589999999999999,0.3039999999999998
2023-06-14,3.5,2.7261805748082457,0.0899999999999998,0.8109999999999999,0.0449999999999999,0.266,0.30299999999999994
2023-06-15,3.5,2.7261805748082457,0.0590000000000001,0.8110000000000004,0.1259999999999999,0.3839999999999999,0.3820000000000001
2023-06-16,3.5,2.7261805748082457,0.072,0.8099999999999996,0.0849999999999999,0.31099999999999994,0.3380000000000001
2023-06-19,3.5,2.7261805748082457,0.0499999999999998,0.8069999999999995,0.0830000000000001,0.26700000000000035,0.266
2023-06-20,3.5,2.7261805748082457,0.0749999999999997,0.8129999999999997,0.0670000000000001,0.2270000000000003,0.22299999999999986
2023-06-21,3.5,2.7261805748082457,0.0499999999999998,0.8069999999999999,0.0710000000000001,0.25,0.22299999999999986
2023-06-22,3.5,2.7261805748082457,0.0549999999999997,0.8080000000000003,0.092,0.21899999999999986,0.17399999999999993
2023-06-23,3.5,2.7261805748082457,0.0539999999999998,0.8099999999999996,0.1089999999999999,0.23099999999999987,0.16100000000000003
2023-06-26,3.5,2.7261805748082457,0.0430000000000001,0.8069999999999999,0.068,0.08800000000000008,0.014000000000000234
2023-06-27,3.5,2.7261805748082457,0.0650000000000003,0.81,0.0379999999999998,0.01399999999999979,-0.03599999999999959
2023-06-28,3.5,2.7261805748082457,0.0540000000000002,0.8080000000000003,0.0569999999999999,-0.0030000000000001137,-0.03999999999999959
2023-06-29,3.5,2.7261805748082457,0.0419999999999998,0.8069999999999999,0.084,0.125,0.09399999999999986
2023-06-30,3.5,2.7261805748082457,0.0129999999999999,0.8109999999999999,0.1619999999999999,0.18399999999999972,0.1259999999999999
2023-07-03,3.5,2.3544559919065566,-0.0059999999999997,0.8080000000000003,0.1129999999999999,0.17700000000000005,0.1120000000000001
2023-07-04,3.5,2.3544559919065566,0.004,0.81,0.1190000000000002,0.11700000000000044,0.06200000000000028
2023-07-05,3.5,2.3544559919065566,0.0260000000000002,0.8069999999999999,0.1179999999999998,0.1469999999999998,0.12200000000000033
2023-07-06,3.5,2.3544559919065566,0.0369999999999999,0.7989999999999995,0.1760000000000001,0.133,0.08099999999999996
2023-07-07,3.5,2.3544559919065566,0.0260000000000002,0.7989999999999999,0.2349999999999998,0.2290000000000001,0.14800000000000013
2023-07-10,3.5,2.3544559919065566,0.068,0.7990000000000004,0.2949999999999999,0.30200000000000005,0.2869999999999999
2023-07-11,3.5,2.3544559919065566,0.0550000000000001,0.7989999999999999,0.2029999999999998,0.21899999999999986,0.18000000000000016
2023-07-12,3.5,2.3544559919065566,0.0519999999999996,0.8079999999999994,0.2040000000000001,0.15900000000000025,0.121
2023-07-13,3.5,2.3544559919065566,0.0550000000000001,0.8060000000000005,0.1019999999999998,-0.02400000000000002,-0.028000000000000025
2023-07-14,3.5,2.3544559919065566,0.0710000000000001,0.806,0.1139999999999998,0.028999999999999915,0.028000000000000025
2023-07-17,3.5,2.3544559919065566,0.0489999999999999,0.8029999999999995,0.1110000000000002,0.028000000000000025,0.027000000000000135
2023-07-18,3.5,2.3544559919065566,0.0549999999999997,0.8019999999999996,0.096,0.028999999999999915,0.008999999999999897
2023-07-19,3.5,2.3544559919065566,0.032,0.798,0.0430000000000001,-0.028000000000000025,-0.04599999999999982
2023-07-20,3.5,2.3544559919065566,0.0249999999999999,0.7979999999999996,0.0809999999999999,-0.01100000000000012,-0.040999999999999925
2023-07-21,3.5,2.3544559919065566,0.0340000000000002,0.7970000000000002,0.1019999999999998,-0.007000000000000117,-0.02699999999999969
2023-07-24,3.5,2.3544559919065566,0.0230000000000001,0.7930000000000001,0.1169999999999999,0.04899999999999993,0.028999999999999915
2023-07-25,3.5,2.3544559919065566,0.0390000000000001,0.7899999999999996,0.145,0.1070000000000002,0.08099999999999996
2023-07-26,3.5,2.3544559919065566,0.0310000000000001,0.7860000000000005,0.1269999999999997,0.06999999999999984,0.04699999999999971
2023-07-27,3.5,2.3544559919065566,0.0499999999999998,0.7869999999999995,0.0870000000000001,0.0030000000000001137,0.01100000000000012
2023-07-28,3.5,2.3544559919065566,0.0930000000000004,0.7880000000000003,0.1349999999999998,-0.027000000000000135,0.05300000000000038
2023-07-31,3.5,2.3544559919065566,0.08,0.7859999999999996,0.181,0.06800000000000006,0.15399999999999991
2023-08-01,3.5,3.3600294577925016,0.08,0.7879999999999998,0.1469999999999998,0.02799999999999958,0.10399999999999965
2023-08-02,3.5,3.3600294577925016,0.1160000000000001,0.7890000000000001,0.177,0.05900000000000016,0.14900000000000002
2023-08-03,3.5,3.3600294577925016,0.1470000000000002,0.7820000000000005,0.2139999999999999,0.03799999999999981,0.14800000000000013
2023-08-04,3.5,3.3600294577925016,0.1379999999999999,0.7810000000000001,0.238,0.0030000000000001137,0.11499999999999977
2023-08-07,3.5,3.3600294577925016,0.125,0.7789999999999999,0.189,-0.10599999999999987,-0.04899999999999993
2023-08-08,3.5,3.3600294577925016,0.0930000000000004,0.7770000000000006,0.1469999999999998,-0.05600000000000005,-0.017999999999999794
2023-08-09,3.5,3.3600294577925016,0.1019999999999998,0.7760000000000002,0.1720000000000001,-0.03200000000000003,0.018000000000000238
2023-08-10,3.5,3.3600294577925016,0.0990000000000002,0.7770000000000006,0.1869999999999998,0.08499999999999996,0.129
2023-08-11,3.5,3.3600294577925016,0.1259999999999999,0.7769999999999997,0.1979999999999999,0.08400000000000007,0.1389999999999998
2023-08-14,3.5,3.3600294577925016,0.1419999999999999,0.7729999999999997,0.2469999999999999,0.13599999999999968,0.22899999999999965
2023-08-16,3.5,3.3600294577925016,0.1549999999999998,0.7760000000000002,0.2120000000000002,0.1160000000000001,0.2160000000000002
2023-08-17,3.5,3.3600294577925016,0.1880000000000001,0.7730000000000001,0.2879999999999998,0.24499999999999966,0.4009999999999998
2023-08-18,3.5,3.3600294577925016,0.185,0.7720000000000002,0.2290000000000001,0.14800000000000013,0.3080000000000003
2023-08-21,3.5,3.3600294577925016,0.1779999999999999,0.7679999999999998,0.2949999999999999,0.19300000000000006,0.33699999999999974
2023-08-22,3.5,3.3600294577925016,0.1840000000000001,0.7669999999999999,0.302,0.18500000000000005,0.3460000000000001
2023-08-23,3.5,3.3600294577925016,0.149,0.7649999999999997,0.2709999999999999,0.1259999999999999,0.23599999999999977
2023-08-24,3.5,3.3600294577925016,0.1190000000000002,0.7650000000000001,0.2589999999999999,0.13200000000000012,0.2200000000000002
2023-08-25,3.5,3.3600294577925016,0.1459999999999999,0.7650000000000001,0.2890000000000001,0.20199999999999996,0.29800000000000004
2023-08-28,3.5,3.3600294577925016,0.1129999999999999,0.7650000000000001,0.2589999999999999,0.12400000000000011,0.14399999999999968
2023-08-29,3.5,3.3600294577925016,0.1039999999999996,0.7629999999999999,0.2400000000000002,0.05900000000000016,0.08299999999999974
2023-08-30,3.5,3.3600294577925016,0.1179999999999998,0.7640000000000002,0.2320000000000002,0.08500000000000041,0.12300000000000022
2023-08-31,3.5,3.3600294577925016,0.1100000000000003,0.762,0.2109999999999998,0.03399999999999981,0.028000000000000025
2023-09-01,3.5,3.703363352324951,0.0889999999999999,0.758,0.189,-0.02499999999999991,-0.08300000000000018
2023-09-04,3.5,3.703363352324951,0.1179999999999998,0.7600000000000002,0.238,0.0,-0.020000000000000018
2023-09-05,3.5,3.703363352324951,0.121,0.762,0.2650000000000001,0.07600000000000007,0.07200000000000006
2023-09-06,3.5,3.703363352324951,0.1279999999999996,0.7559999999999998,0.2650000000000001,0.11800000000000033,0.15299999999999958
2023-09-07,3.5,3.703363352324951,0.1219999999999998,0.7520000000000002,0.347,0.17499999999999982,0.19499999999999984
2023-09-08,3.5,3.703363352324951,0.1,0.7569999999999997,0.2949999999999999,0.1080000000000001,0.10899999999999999
2023-09-11,3.5,3.703363352324951,0.0959999999999996,0.7569999999999997,0.3650000000000002,0.16700000000000026,0.137
2023-09-12,3.5,3.703363352324951,0.1019999999999998,0.7580000000000005,0.363,0.1160000000000001,0.07600000000000007
2023-09-13,3.5,3.703363352324951,0.0959999999999996,0.7639999999999998,0.3530000000000002,0.14100000000000001,0.08199999999999985
2023-09-14,3.5,3.703363352324951,0.0809999999999999,0.7600000000000002,0.3359999999999998,0.04800000000000004,-0.05900000000000016
2023-09-15,3.5,3.703363352324951,0.0779999999999998,0.7579999999999996,0.3500000000000001,0.121,0.01399999999999979
2023-09-18,3.5,3.703363352324951,0.0910000000000001,0.7569999999999997,0.391,0.09600000000000009,0.009000000000000341
2023-09-19,3.5,3.703363352324951,0.0649999999999999,0.754,0.387,0.08499999999999996,-0.03400000000000025
2023-09-20,3.5,3.703363352324951,0.0729999999999999,0.7549999999999994,0.3900000000000001,0.11900000000000022,0.04300000000000015
2023-09-21,3.5,3.703363352324951,0.1009999999999995,0.7589999999999999,0.4300000000000001,0.17100000000000026,0.15299999999999958
2023-09-22,3.5,3.703363352324951,0.1250000000000004,0.7740000000000005,0.3759999999999999,0.08699999999999974,0.06600000000000028
2023-09-25,3.5,3.703363352324951,0.1359999999999996,0.7639999999999998,0.3759999999999999,0.11699999999999999,0.13999999999999968
2023-09-26,3.5,3.703363352324951,0.1630000000000002,0.7629999999999999,0.391,0.1509999999999998,0.2100000000000004
2023-09-27,3.5,3.703363352324951,0.1460000000000003,0.7740000000000005,0.3839999999999999,0.1519999999999997,0.18000000000000016
2023-10-04,3.5,3.765115426896304,0.2430000000000003,0.7630000000000008,0.6079999999999997,0.3969999999999998,0.5299999999999998
2023-10-05,3.5,3.765115426896304,0.2409999999999996,0.774,0.5810000000000004,0.39200000000000035,0.544
2023-10-06,3.5,3.765115426896304,0.2250000000000005,0.7810000000000006,0.5149999999999997,0.2769999999999997,0.38400000000000034
2023-10-10,3.5,3.765115426896304,0.2220000000000004,0.7800000000000002,0.4969999999999999,0.23199999999999976,0.3330000000000002
2023-10-11,3.5,3.765115426896304,0.1890000000000005,0.7820000000000005,0.4529999999999998,0.18799999999999972,0.24900000000000055
2023-10-12,3.5,3.765115426896304,0.169,0.7870000000000004,0.4319999999999999,0.08499999999999996,0.13200000000000012
2023-10-13,3.5,3.765115426896304,0.2119999999999997,0.7910000000000004,0.4569999999999998,0.16199999999999992,0.2739999999999996
2023-10-16,3.5,3.765115426896304,0.2179999999999999,0.7960000000000003,0.4729999999999998,0.10799999999999965,0.22999999999999998
2023-10-17,3.5,3.765115426896304,0.2330000000000001,0.7959999999999998,0.4910000000000001,0.1280000000000001,0.25900000000000034
2023-10-18,3.5,3.765115426896304,0.2560000000000002,0.7990000000000004,0.5309999999999997,0.1779999999999995,0.3380000000000001
2023-10-19,3.5,3.765115426896304,0.2919999999999998,0.8019999999999996,0.5700000000000003,0.23400000000000043,0.4450000000000003
2023-10-20,3.5,3.765115426896304,0.2939999999999996,0.8049999999999997,0.5330000000000004,0.18300000000000027,0.399
2023-10-23,3.5,3.765115426896304,0.3189999999999999,0.806,0.5549999999999997,0.1639999999999997,0.39199999999999946
2023-10-24,3.5,3.765115426896304,0.2650000000000005,0.806,0.5039999999999996,0.11699999999999955,0.31700000000000017
2023-10-25,3.5,3.765115426896304,0.2429999999999994,0.806,0.5380000000000003,0.14800000000000013,0.3179999999999996
2023-10-26,3.5,3.765115426896304,0.2880000000000002,0.8019999999999996,0.6040000000000001,0.17399999999999993,0.36100000000000065
2023-10-27,3.5,3.765115426896304,0.2069999999999998,0.8109999999999999,0.5730000000000004,0.1970000000000005,0.2789999999999999
2023-10-30,3.5,3.765115426896304,0.2229999999999998,0.8159999999999998,0.5890000000000004,0.21300000000000052,0.3000000000000007
2023-10-31,3.5,3.765115426896304,0.2400000000000002,0.8230000000000004,0.585,0.19399999999999995,0.2709999999999999
2023-11-01,3.5,3.3098010452003335,0.2170000000000005,0.8290000000000006,0.5709999999999997,0.18699999999999983,0.258
2023-11-02,3.5,3.3098010452003335,0.189,0.8319999999999999,0.4790000000000001,-0.12899999999999956,-0.18299999999999983
2023-11-03,3.5,3.3098010452003335,0.1560000000000005,0.8399999999999999,0.4489999999999998,-0.13200000000000056,-0.21699999999999964
2023-11-06,3.5,3.3098010452003335,0.1790000000000002,0.8440000000000003,0.3769999999999998,-0.1379999999999999,-0.18400000000000016
2023-11-07,3.5,3.3098010452003335,0.1679999999999997,0.8439999999999999,0.387,-0.10999999999999988,-0.1640000000000006
2023-11-08,3.5,3.3098010452003335,0.1540000000000003,0.847,0.3679999999999999,-0.08499999999999996,-0.1200000000000001
2023-11-09,3.5,3.3098010452003335,0.0979999999999998,0.8480000000000003,0.347,-0.08499999999999996,-0.15600000000000014
2023-11-10,3.5,3.3098010452003335,0.1069999999999997,0.8490000000000002,0.3620000000000001,-0.09499999999999975,-0.19999999999999973
2023-11-13,3.5,3.3098010452003335,0.1280000000000001,0.8500000000000005,0.3769999999999998,-0.09600000000000009,-0.18599999999999994
2023-11-14,3.5,3.3098010452003335,0.1229999999999997,0.8469999999999995,0.3570000000000002,-0.1339999999999999,-0.24400000000000022
2023-11-15,3.5,3.3098010452003335,0.0709999999999997,0.847,0.2440000000000002,-0.2869999999999995,-0.472
2023-11-16,3.5,3.3098010452003335,0.0979999999999998,0.8400000000000003,0.201,-0.3690000000000002,-0.5630000000000002
2023-11-17,3.5,3.3098010452003335,0.1149999999999997,0.8229999999999995,0.181,-0.3520000000000003,-0.5310000000000001
2023-11-20,3.5,3.3098010452003335,0.088,0.8020000000000005,0.1669999999999998,-0.3879999999999999,-0.6189999999999998
2023-11-21,3.5,3.3098010452003335,0.0819999999999998,0.7919999999999998,0.1440000000000001,-0.35999999999999943,-0.5430000000000001
2023-11-22,3.5,3.3098010452003335,0.096,0.7840000000000003,0.1659999999999999,-0.37200000000000033,-0.5189999999999997
2023-11-23,3.5,3.3098010452003335,0.068,0.774,0.1440000000000001,-0.45999999999999996,-0.6800000000000002
2023-11-24,3.5,3.3098010452003335,0.1019999999999998,0.7659999999999996,0.177,-0.39600000000000035,-0.5010000000000003
2023-11-27,3.5,3.3098010452003335,0.0779999999999998,0.7590000000000003,0.189,-0.40000000000000036,-0.5450000000000004
2023-11-28,3.5,3.3098010452003335,0.0779999999999998,0.7490000000000001,0.1480000000000001,-0.43699999999999983,-0.5990000000000002
2023-11-29,3.5,3.3098010452003335,0.0870000000000001,0.7429999999999999,0.0539999999999998,-0.5169999999999999,-0.6470000000000002
2023-11-30,3.5,3.3098010452003335,0.1159999999999996,0.7359999999999998,0.0830000000000001,-0.3959999999999999,-0.4690000000000003
2023-12-01,3.5,3.1759106717920593,0.1119999999999996,0.722,0.0870000000000001,-0.36199999999999966,-0.4060000000000006
2023-12-04,3.5,3.1759106717920593,0.0949999999999997,0.7209999999999996,0.0310000000000001,-0.34599999999999964,-0.43000000000000016
2023-12-05,3.5,3.1759106717920593,0.0950000000000002,0.7130000000000001,-0.016,-0.403,-0.47599999999999953
2023-12-06,3.5,3.1759106717920593,0.0699999999999998,0.7069999999999999,-0.0369999999999999,-0.4049999999999998,-0.4890000000000003
2023-12-07,3.5,3.1759106717920593,0.0649999999999999,0.7000000000000002,0.0110000000000001,-0.33599999999999985,-0.3689999999999998
2023-12-08,3.5,3.1759106717920593,0.0729999999999999,0.706,-0.0390000000000001,-0.40100000000000025,-0.43500000000000005
2023-12-11,3.5,3.1759106717920593,0.0859999999999998,0.7159999999999997,-0.02,-0.3969999999999998,-0.43900000000000006
2023-12-12,3.5,3.1759106717920593,0.0809999999999999,0.7250000000000001,-0.0539999999999998,-0.41100000000000003,-0.45299999999999985
2023-12-13,3.5,3.1759106717920593,0.06,0.7210000000000001,-0.0350000000000001,-0.27900000000000036,-0.29000000000000004
2023-12-14,3.5,3.1759106717920593,0.0739999999999998,0.722,-0.242,-0.44300000000000006,-0.4670000000000001
2023-12-15,3.5,3.1759106717920593,0.0769999999999999,0.7289999999999996,-0.2189999999999998,-0.3999999999999999,-0.4379999999999997
2023-12-18,3.5,3.1759106717920593,0.0589999999999997,0.7279999999999998,-0.2229999999999998,-0.3899999999999997,-0.41900000000000004
2023-12-19,3.5,3.1759106717920593,0.032,0.7260000000000004,-0.2040000000000001,-0.3480000000000003,-0.39800000000000013
2023-12-20,3.5,3.1759106717920593,0.0479999999999996,0.7429999999999999,-0.2679999999999998,-0.4339999999999997,-0.4820000000000002
2023-12-21,3.5,3.1759106717920593,0.0609999999999999,0.7389999999999999,-0.2639999999999998,-0.4079999999999999,-0.41500000000000004
2023-12-22,3.5,3.1759106717920593,0.0670000000000001,0.738,-0.266,-0.44300000000000006,-0.47799999999999976
2023-12-26,3.5,3.1759106717920593,0.0499999999999998,0.7410000000000001,-0.2789999999999999,-0.46799999999999997,-0.496
2023-12-27,3.5,3.1759106717920593,0.0399999999999995,0.738,-0.2799999999999998,-0.42799999999999994,-0.4660000000000002
2023-12-28,3.5,3.1759106717920593,0.0289999999999999,0.7440000000000002,-0.3460000000000001,-0.3999999999999999,-0.4580000000000002
2023-12-29,3.5,3.1759106717920593,0.0289999999999999,0.7440000000000002,-0.3460000000000001,-0.42900000000000027,-0.516
2024-01-02,3.5,2.816389570273481,0.0659999999999998,0.7399999999999998,-0.2599999999999998,-0.347,-0.3929999999999998
2024-01-03,3.5,2.816389570273481,0.06,0.7390000000000003,-0.2219999999999999,-0.2530000000000001,-0.2879999999999998
2024-01-04,3.5,2.816389570273481,0.0609999999999999,0.75,-0.2730000000000001,-0.2570000000000001,-0.29100000000000037
2024-01-05,3.5,2.816389570273481,0.0609999999999999,0.7490000000000001,-0.217,-0.18000000000000016,-0.18900000000000006
2024-01-08,3.5,2.816389570273481,0.0469999999999997,0.7479999999999998,-0.2029999999999998,-0.21399999999999997,-0.2320000000000002
2024-01-09,3.5,2.816389570273481,0.068,0.7489999999999997,-0.2450000000000001,-0.20599999999999996,-0.21099999999999985
2024-01-10,3.5,2.816389570273481,0.0769999999999999,0.7480000000000002,-0.2309999999999998,-0.21099999999999985,-0.21999999999999975
2024-01-11,3.5,2.816389570273481,0.08,0.7490000000000001,-0.2730000000000001,-0.2190000000000003,-0.2200000000000002
2024-01-12,3.5,2.816389570273481,0.1019999999999998,0.7489999999999997,-0.2959999999999998,-0.2609999999999997,-0.21899999999999986
2024-01-15,3.5,2.816389570273481,0.1020000000000003,0.7480000000000002,-0.3090000000000001,-0.06700000000000017,-0.0389999999999997
2024-01-16,3.5,2.816389570273481,0.0870000000000001,0.7470000000000003,-0.2650000000000001,-0.04600000000000026,-0.03600000000000003
2024-01-17,3.5,2.816389570273481,0.092,0.7480000000000002,-0.2229999999999998,0.0,0.03300000000000036
2024-01-18,3.5,2.816389570273481,0.0949999999999997,0.7489999999999997,-0.2149999999999998,-0.010999999999999677,0.052000000000000046
2024-01-19,3.5,2.816389570273481,0.1150000000000002,0.7509999999999999,-0.193,0.07499999999999973,0.14200000000000035
2024-01-22,3.5,2.816389570273481,0.0939999999999998,0.7520000000000002,-0.2219999999999999,0.041999999999999815,0.07499999999999973
2024-01-23,3.5,2.816389570273481,0.0859999999999998,0.7550000000000003,-0.2139999999999999,0.052000000000000046,0.07099999999999973
2024-01-24,3.5,2.816389570273481,0.1,0.7510000000000003,-0.2000000000000001,0.07899999999999974,0.129
2024-01-25,3.5,2.816389570273481,0.1059999999999998,0.7479999999999998,-0.1869999999999998,0.09299999999999997,0.15900000000000025
2024-01-26,3.5,2.816389570273481,0.1230000000000002,0.7469999999999999,-0.2370000000000001,0.10899999999999999,0.2030000000000003
2024-01-29,3.5,2.816389570273481,0.1320000000000001,0.7470000000000003,-0.1960000000000001,0.1499999999999999,0.2530000000000001
2024-01-30,3.5,2.816389570273481,0.0820000000000003,0.7410000000000005,-0.2320000000000002,0.02799999999999958,0.04400000000000004
2024-01-31,3.5,2.816389570273481,0.084,0.7409999999999997,-0.2389999999999998,-0.016999999999999904,0.007000000000000117
2024-02-01,3.5,3.1269826882987406,0.072,0.7340000000000004,-0.2330000000000001,0.040000000000000036,0.051000000000000156
2024-02-02,3.5,3.1269826882987406,0.0389999999999997,0.734,-0.2519999999999998,-0.0349999999999997,-0.05699999999999994
2024-02-05,3.5,3.1269826882987406,0.0620000000000002,0.7349999999999999,-0.1880000000000001,0.01499999999999968,0.03000000000000025
2024-02-06,3.5,3.1269826882987406,0.0900000000000003,0.7359999999999998,-0.2080000000000001,0.03699999999999992,0.05900000000000016
2024-02-07,3.5,3.1269826882987406,0.092,0.7330000000000001,-0.2139999999999999,0.016999999999999904,0.03200000000000003
2024-02-08,3.5,3.1269826882987406,0.0949999999999997,0.7289999999999996,-0.1949999999999998,0.07800000000000029,0.09299999999999997
2024-02-13,3.5,3.1269826882987406,0.0999999999999996,0.7209999999999996,-0.1469999999999998,0.14900000000000002,0.1469999999999998
2024-02-14,3.5,3.1269826882987406,0.0769999999999999,0.7160000000000002,-0.0750000000000001,0.23399999999999999,0.20899999999999963
2024-02-15,3.5,3.1269826882987406,0.072,0.7120000000000002,-0.0950000000000002,0.16999999999999993,0.1549999999999998
2024-02-16,3.5,3.1269826882987406,0.0770000000000004,0.7100000000000004,-0.0950000000000002,0.12799999999999967,0.11299999999999999
2024-02-19,3.5,3.1269826882987406,0.0700000000000002,0.7050000000000005,-0.1030000000000002,0.11199999999999966,0.08700000000000019
2024-02-20,3.5,3.1269826882987406,0.084,0.7000000000000006,-0.0950000000000002,0.09799999999999986,0.06699999999999973
2024-02-21,3.5,3.1269826882987406,0.072,0.6879999999999997,-0.0979999999999998,0.12400000000000011,0.10200000000000031
2024-02-22,3.5,3.1269826882987406,0.0819999999999998,0.6809999999999996,-0.1579999999999999,0.05600000000000005,0.052000000000000046
2024-02-23,3.5,3.1269826882987406,0.0939999999999998,0.6709999999999998,-0.1259999999999999,0.07400000000000029,0.06800000000000006
2024-02-26,3.5,3.1269826882987406,0.0620000000000002,0.665,-0.1600000000000001,0.02699999999999969,-0.016999999999999904
2024-02-27,3.5,3.1269826882987406,0.0660000000000002,0.6610000000000005,-0.1360000000000001,0.10099999999999998,0.04400000000000004
2024-02-28,3.5,3.1269826882987406,0.0830000000000001,0.6559999999999997,-0.141,0.05500000000000016,0.006000000000000227
2024-02-29,3.5,3.1269826882987406,0.0900000000000003,0.6520000000000001,-0.1150000000000002,0.11699999999999999,0.125
2024-03-04,3.5,3.1035106768005916,0.0740000000000002,0.6480000000000001,-0.1400000000000001,0.09899999999999975,0.08899999999999997
2024-03-05,3.5,3.1035106768005916,0.0599999999999996,0.6429999999999998,-0.1509999999999998,0.0820000000000003,0.06999999999999984
2024-03-06,3.5,3.1035106768005916,0.0559999999999996,0.637,-0.1749999999999998,0.07699999999999996,0.09399999999999986
2024-03-07,3.5,3.1035106768005916,0.0779999999999998,0.6379999999999999,-0.1789999999999998,0.009000000000000341,0.02499999999999991
2024-03-08,3.5,3.1035106768005916,0.0630000000000001,0.6390000000000002,-0.2290000000000001,-0.020999999999999908,-0.04800000000000004
2024-03-11,3.5,3.1035106768005916,0.0670000000000001,0.6390000000000002,-0.2250000000000001,-0.01100000000000012,-0.03600000000000003
2024-03-12,3.5,3.1035106768005916,0.0619999999999998,0.6439999999999997,-0.2269999999999998,-0.03200000000000003,-0.06499999999999995
2024-03-13,3.5,3.1035106768005916,0.08,0.6480000000000001,-0.2490000000000001,-0.10200000000000031,-0.12199999999999989
2024-03-14,3.5,3.1035106768005916,0.0809999999999999,0.649,-0.2269999999999998,-0.1519999999999997,-0.1479999999999997
2024-03-15,3.5,3.1035106768005916,0.1020000000000003,0.645,-0.1920000000000001,-0.09699999999999998,-0.06699999999999973
2024-03-18,3.5,3.1035106768005916,0.0870000000000001,0.645,-0.1520000000000001,-0.05699999999999994,-0.04700000000000015
2024-03-19,3.5,3.1035106768005916,0.0889999999999999,0.6390000000000002,-0.1169999999999999,-0.01399999999999979,0.004999999999999893
2024-03-20,3.5,3.1035106768005916,0.08,0.6350000000000002,-0.129,-0.03399999999999981,-0.03799999999999981
2024-03-21,3.5,3.1035106768005916,0.1049999999999999,0.6360000000000001,-0.1939999999999999,-0.09600000000000009,-0.06300000000000017
2024-03-22,3.5,3.1035106768005916,0.0780000000000002,0.6340000000000003,-0.2160000000000002,-0.058000000000000274,-0.06199999999999983
2024-03-25,3.5,3.1035106768005916,0.08,0.625,-0.2099999999999999,-0.08400000000000007,-0.09799999999999986
2024-03-26,3.5,3.1035106768005916,0.0959999999999996,0.6219999999999999,-0.1989999999999998,-0.0389999999999997,-0.0050000000000003375
2024-03-27,3.5,3.1035106768005916,0.0850000000000004,0.6150000000000002,-0.2120000000000002,-0.07600000000000007,-0.05699999999999994
2024-03-28,3.5,3.1035106768005916,0.0839999999999996,0.6099999999999999,-0.2069999999999998,-0.06599999999999984,-0.06500000000000039
2024-03-29,3.5,3.1035106768005916,0.0909999999999997,0.6040000000000001,-0.1779999999999999,-0.06299999999999972,-0.06200000000000028
2024-04-01,3.5,2.9249796876410716,0.0899999999999998,0.605,-0.209,-0.06899999999999995,-0.05300000000000038
2024-04-02,3.5,2.9249796876410716,0.0919999999999996,0.593,-0.1669999999999998,-0.016000000000000014,0.016000000000000014
2024-04-03,3.5,2.9249796876410716,0.1109999999999997,0.5859999999999999,-0.1589999999999998,0.016000000000000014,0.07100000000000017
2024-04-04,3.5,2.9249796876410716,0.1189999999999997,0.581,-0.1619999999999999,0.016999999999999904,0.05799999999999983
2024-04-05,3.5,2.9249796876410716,0.1039999999999996,0.573,-0.1709999999999998,0.058000000000000274,0.09899999999999975
2024-04-08,3.5,2.9249796876410716,0.1049999999999999,0.5619999999999998,-0.1169999999999999,0.1080000000000001,0.1459999999999999
2024-04-09,3.5,2.9249796876410716,0.1120000000000001,0.5619999999999998,-0.1089999999999999,0.11799999999999988,0.16800000000000015
2024-04-11,3.5,2.9249796876410716,0.1189999999999997,0.5499999999999998,-0.0339999999999998,0.2150000000000003,0.254
2024-04-12,3.5,2.9249796876410716,0.1349999999999998,0.5579999999999998,-0.0969999999999999,0.1299999999999999,0.18399999999999972
2024-04-15,3.5,2.9249796876410716,0.121,0.5430000000000001,-0.06,0.13200000000000012,0.1509999999999998
2024-04-16,3.5,2.9249796876410716,0.149,0.5409999999999999,-0.0310000000000001,0.121,0.18299999999999983
2024-04-17,3.5,2.9249796876410716,0.157,0.5319999999999996,-0.0249999999999999,0.09200000000000008,0.16000000000000014
2024-04-18,3.5,2.9249796876410716,0.1349999999999998,0.5329999999999999,-0.0729999999999999,0.05600000000000005,0.11099999999999977
2024-04-19,3.5,2.9249796876410716,0.1150000000000002,0.5140000000000002,-0.032,0.16199999999999992,0.17200000000000015
2024-04-22,3.5,2.9249796876410716,0.1379999999999999,0.5070000000000001,0.012,0.2280000000000002,0.2879999999999998
2024-04-23,3.5,2.9249796876410716,0.1360000000000001,0.5030000000000001,-0.0110000000000001,0.19899999999999984,0.2549999999999999
2024-04-24,3.5,2.9249796876410716,0.1360000000000001,0.4949999999999996,0.0089999999999998,0.20799999999999974,0.24800000000000022
2024-04-25,3.5,2.9249796876410716,0.1639999999999997,0.4859999999999997,0.0430000000000001,0.25500000000000034,0.33399999999999963
2024-04-26,3.5,2.9249796876410716,0.1629999999999998,0.4809999999999994,0.0310000000000001,0.238,0.31700000000000017
2024-04-29,3.5,2.9249796876410716,0.1520000000000001,0.472,0.052,0.22999999999999998,0.29100000000000037
2024-04-30,3.5,2.9249796876410716,0.1270000000000002,0.4660000000000002,0.0289999999999999,0.238,0.27500000000000036
2024-05-02,3.5,2.672545667236559,0.129,0.4630000000000001,0.0089999999999998,0.1759999999999997,0.21300000000000008
2024-05-03,3.5,2.672545667236559,0.1139999999999998,0.4580000000000002,0.0,0.1589999999999998,0.16199999999999992
2024-05-07,3.5,2.672545667236559,0.088,0.4639999999999999,-0.052,0.10999999999999988,0.07900000000000018
2024-05-08,3.5,2.672545667236559,0.0909999999999997,0.4619999999999997,-0.0609999999999999,0.10999999999999988,0.09699999999999998
2024-05-09,3.5,2.672545667236559,0.1030000000000002,0.4599999999999999,-0.0470000000000001,0.06999999999999984,0.06800000000000006
2024-05-10,3.5,2.672545667236559,0.0979999999999998,0.4540000000000002,-0.06,0.04899999999999993,0.0349999999999997
2024-05-13,3.5,2.672545667236559,0.1019999999999998,0.4519999999999999,-0.048,-0.014000000000000234,-0.03100000000000014
2024-05-14,3.5,2.672545667236559,0.0919999999999996,0.4459999999999997,-0.0459999999999998,0.051000000000000156,0.008000000000000007
2024-05-16,3.5,2.672545667236559,0.0830000000000001,0.4449999999999998,-0.125,-0.06499999999999995,-0.10299999999999976
2024-05-17,3.5,2.672545667236559,0.0750000000000001,0.4460000000000002,-0.121,-0.08999999999999986,-0.1639999999999997
2024-05-20,3.5,2.672545667236559,0.0849999999999999,0.4410000000000003,-0.088,-0.06300000000000017,-0.13500000000000023
2024-05-21,3.5,2.672545667236559,0.08,0.4420000000000001,-0.0889999999999999,-0.016000000000000014,-0.07099999999999973
2024-05-22,3.5,2.672545667236559,0.0690000000000004,0.439,-0.0910000000000001,-0.05900000000000016,-0.10499999999999998
2024-05-23,3.5,2.672545667236559,0.0699999999999998,0.4379999999999997,-0.0979999999999998,-0.10999999999999988,-0.17799999999999994
2024-05-24,3.5,2.672545667236559,0.092,0.4380000000000001,-0.0769999999999999,-0.06599999999999984,-0.10999999999999988
2024-05-27,3.5,2.672545667236559,0.0850000000000004,0.4380000000000001,-0.0870000000000001,-0.09600000000000009,-0.1469999999999998
2024-05-28,3.5,2.672545667236559,0.0869999999999997,0.4339999999999997,-0.1059999999999998,-0.14900000000000002,-0.22599999999999998
2024-05-29,3.5,2.672545667236559,0.1110000000000002,0.4300000000000001,-0.0750000000000001,-0.10600000000000032,-0.15799999999999992
2024-05-30,3.5,2.672545667236559,0.1240000000000001,0.427,-0.06,-0.1120000000000001,-0.14000000000000012
2024-05-31,3.5,2.672545667236559,0.1259999999999999,0.419,-0.048,-0.07699999999999996,-0.07800000000000029
2024-06-03,3.5,2.4109391867578323,0.0979999999999998,0.419,-0.0659999999999998,-0.07499999999999973,-0.10599999999999987
2024-06-04,3.5,2.4109391867578323,0.08,0.4199999999999999,-0.1099999999999998,-0.10999999999999988,-0.14399999999999968
2024-06-05,3.5,2.4109391867578323,0.0849999999999999,0.4259999999999997,-0.1549999999999998,-0.10299999999999976,-0.10599999999999987
2024-06-07,3.5,2.4109391867578323,0.0769999999999999,0.4280000000000004,-0.1920000000000001,-0.13100000000000023,-0.14500000000000002
2024-06-10,3.5,2.4109391867578323,0.0799999999999996,0.4289999999999998,-0.1469999999999998,-0.09999999999999964,-0.12300000000000022
2024-06-11,3.5,2.4109391867578323,0.0839999999999996,0.4339999999999997,-0.1589999999999998,-0.09899999999999975,-0.11299999999999999
2024-06-12,3.5,2.4109391867578323,0.0750000000000001,0.4380000000000001,-0.193,-0.14500000000000002,-0.1719999999999997
2024-06-13,3.5,2.4109391867578323,0.068,0.4409999999999998,-0.2229999999999998,-0.17700000000000005,-0.20099999999999962
2024-06-14,3.5,2.4109391867578323,0.0500000000000002,0.4420000000000001,-0.2480000000000002,-0.12300000000000022,-0.15600000000000014
2024-06-17,3.5,2.4109391867578323,0.0709999999999997,0.4499999999999997,-0.2879999999999998,-0.16699999999999982,-0.17100000000000026
2024-06-18,3.5,2.4109391867578323,0.0649999999999999,0.4519999999999999,-0.286,-0.19799999999999995,-0.21799999999999997
2024-06-19,3.5,2.4109391867578323,0.0689999999999999,0.4580000000000002,-0.3380000000000001,-0.2490000000000001,-0.26000000000000023
2024-06-20,3.5,2.4109391867578323,0.0729999999999999,0.4519999999999999,-0.3039999999999998,-0.21299999999999963,-0.20900000000000007
2024-06-21,3.5,2.4109391867578323,0.0789999999999997,0.4609999999999998,-0.3239999999999998,-0.22599999999999998,-0.21700000000000008
2024-06-24,3.5,2.4109391867578323,0.0699999999999998,0.4620000000000002,-0.306,-0.2290000000000001,-0.25100000000000033
2024-06-25,3.5,2.4109391867578323,0.0699999999999998,0.4609999999999998,-0.2989999999999999,-0.21199999999999974,-0.2270000000000003
2024-06-26,3.5,2.4109391867578323,0.0630000000000001,0.4610000000000003,-0.2850000000000001,-0.17900000000000027,-0.20299999999999985
2024-06-27,3.5,2.4109391867578323,0.0799999999999996,0.4639999999999999,-0.2799999999999998,-0.20499999999999963,-0.2360000000000002
2024-06-28,3.5,2.4109391867578323,0.084,0.476,-0.318,-0.258,-0.29800000000000004
2024-07-01,3.5,2.5518914547578264,0.1019999999999998,0.4710000000000001,-0.29,-0.242,-0.266
2024-07-02,3.5,2.5518914547578264,0.1200000000000001,0.4649999999999998,-0.3309999999999999,-0.2650000000000001,-0.24299999999999988
2024-07-03,3.5,2.5518914547578264,0.1139999999999998,0.4639999999999999,-0.3399999999999998,-0.22999999999999998,-0.19600000000000017
2024-07-04,3.5,2.5518914547578264,0.1059999999999998,0.4630000000000001,-0.3719999999999999,-0.21700000000000008,-0.19600000000000017
2024-07-05,3.5,2.5518914547578264,0.1119999999999996,0.4669999999999996,-0.3849999999999998,-0.19299999999999962,-0.15799999999999992
2024-07-08,3.5,2.5518914547578264,0.0929999999999999,0.4609999999999998,-0.3809999999999998,-0.23399999999999999,-0.22099999999999964
2024-07-09,3.5,2.5518914547578264,0.0769999999999999,0.4580000000000002,-0.3860000000000001,-0.2270000000000003,-0.23399999999999999
2024-07-10,3.5,2.5518914547578264,0.0779999999999998,0.4559999999999999,-0.3799999999999999,-0.18699999999999983,-0.18400000000000016
2024-07-11,3.5,2.5518914547578264,0.0710000000000001,0.451,-0.3370000000000002,-0.11400000000000032,-0.11100000000000021
2024-07-12,3.5,2.5518914547578264,0.076,0.451,-0.399,-0.1509999999999998,-0.125
2024-07-15,3.5,2.5518914547578264,0.1009999999999999,0.4619999999999997,-0.4239999999999999,-0.13600000000000012,-0.10599999999999987
2024-07-16,3.5,2.5518914547578264,0.1019999999999998,0.4609999999999998,-0.4649999999999998,-0.17899999999999983,-0.1419999999999999
2024-07-17,3.5,2.5518914547578264,0.0889999999999999,0.4590000000000001,-0.4500000000000002,-0.1120000000000001,-0.09200000000000008
2024-07-18,3.5,2.5518914547578264,0.08,0.455,-0.4420000000000001,-0.13800000000000034,-0.13100000000000023
2024-07-19,3.5,2.5518914547578264,0.0820000000000003,0.451,-0.4260000000000001,-0.10200000000000031,-0.09899999999999975
2024-07-22,3.5,2.5518914547578264,0.0739999999999998,0.4509999999999996,-0.4289999999999998,-0.12299999999999978,-0.11899999999999977
2024-07-23,3.5,2.5518914547578264,0.0869999999999997,0.4489999999999998,-0.4159999999999999,-0.11699999999999999,-0.10000000000000009
2024-07-24,3.5,2.5518914547578264,0.0849999999999999,0.4630000000000001,-0.4540000000000002,-0.16900000000000004,-0.14700000000000024
2024-07-25,3.5,2.5518914547578264,0.104,0.4599999999999999,-0.476,-0.19600000000000017,-0.1719999999999997
2024-07-26,3.5,2.5518914547578264,0.084,0.4580000000000002,-0.476,-0.15799999999999992,-0.15799999999999992
2024-07-29,3.5,2.5518914547578264,0.0679999999999996,0.4559999999999999,-0.5219999999999998,-0.23199999999999976,-0.266
2024-07-30,3.5,2.5518914547578264,0.0579999999999998,0.4569999999999998,-0.5059999999999998,-0.17499999999999982,-0.2370000000000001
2024-07-31,3.5,2.5518914547578264,0.06,0.455,-0.496,-0.15600000000000014,-0.20999999999999996
2024-08-01,3.5,2.012825080156766,0.0339999999999998,0.455,-0.524,-0.15200000000000014,-0.2240000000000002
2024-08-02,3.5,2.012825080156766,0.0369999999999999,0.455,-0.5609999999999999,-0.17600000000000016,-0.2509999999999999
2024-08-05,3.5,2.012825080156766,0.072,0.4649999999999998,-0.694,-0.31300000000000017,-0.3340000000000001
2024-08-06,3.5,2.012825080156766,0.0579999999999998,0.4630000000000001,-0.565,-0.17899999999999983,-0.19799999999999995
2024-08-07,3.5,2.012825080156766,0.072,0.4679999999999999,-0.5710000000000002,-0.19100000000000028,-0.19700000000000006
2024-08-08,3.5,2.012825080156766,0.0859999999999998,0.4689999999999998,-0.589,-0.2519999999999998,-0.2370000000000001
2024-08-09,3.5,2.012825080156766,0.0710000000000001,0.4679999999999999,-0.5590000000000002,-0.16000000000000014,-0.16500000000000004
2024-08-12,3.5,2.012825080156766,0.0539999999999998,0.4749999999999996,-0.5539999999999998,-0.1299999999999999,-0.17700000000000005
2024-08-13,3.5,2.012825080156766,0.056,0.4769999999999998,-0.5819999999999999,-0.11699999999999999,-0.1629999999999998
2024-08-14,3.5,2.012825080156766,0.0569999999999999,0.4820000000000002,-0.6120000000000001,-0.16199999999999992,-0.19399999999999995
2024-08-16,3.5,2.012825080156766,0.0449999999999999,0.4870000000000001,-0.5720000000000001,-0.1299999999999999,-0.16500000000000004
2024-08-19,3.5,2.012825080156766,0.0579999999999998,0.4969999999999999,-0.573,-0.1469999999999998,-0.17100000000000026
2024-08-20,3.5,2.012825080156766,0.0550000000000001,0.4980000000000002,-0.556,-0.12700000000000022,-0.1459999999999999
2024-08-21,3.5,2.012825080156766,0.0569999999999999,0.4990000000000001,-0.56,-0.14400000000000013,-0.17399999999999993
2024-08-22,3.5,2.012825080156766,0.0729999999999999,0.5150000000000001,-0.593,-0.1389999999999998,-0.1509999999999998
2024-08-23,3.5,2.012825080156766,0.0849999999999999,0.5190000000000001,-0.5800000000000001,-0.10400000000000009,-0.12300000000000022
2024-08-26,3.5,2.012825080156766,0.084,0.524,-0.6099999999999999,-0.1339999999999999,-0.1339999999999999
2024-08-27,3.5,2.012825080156766,0.133,0.5249999999999999,-0.56,-0.038000000000000256,0.027000000000000135
2024-08-28,3.5,2.012825080156766,0.1349999999999998,0.5369999999999999,-0.581,-0.07500000000000018,0.0019999999999997797
2024-08-29,3.5,2.012825080156766,0.1360000000000001,0.5449999999999999,-0.5609999999999999,-0.06499999999999995,0.01100000000000012
2024-08-30,3.5,2.012825080156766,0.1350000000000002,0.5500000000000003,-0.5470000000000002,-0.02300000000000013,0.07800000000000029
2024-09-02,3.5,1.5950376606114425,0.1320000000000001,0.5529999999999999,-0.5110000000000001,0.04999999999999982,0.14500000000000002
2024-09-03,3.5,1.5950376606114425,0.1390000000000002,0.5640000000000001,-0.5190000000000001,0.17499999999999982,0.242
2024-09-04,3.5,1.5950376606114425,0.121,0.5659999999999998,-0.569,-0.0040000000000000036,0.05900000000000016
2024-09-05,3.5,1.5950376606114425,0.125,0.5750000000000002,-0.5950000000000002,-0.02400000000000002,0.028999999999999915
2024-09-06,3.5,1.5950376606114425,0.1090000000000004,0.5790000000000002,-0.6190000000000002,-0.03000000000000025,-0.006999999999999673
2024-09-09,3.5,1.5950376606114425,0.1350000000000002,0.5740000000000003,-0.6030000000000002,-0.04400000000000004,0.020000000000000018
2024-09-10,3.5,1.5950376606114425,0.133,0.5740000000000003,-0.6230000000000002,-0.0690000000000004,0.009999999999999787
2024-09-11,3.5,1.5950376606114425,0.1230000000000002,0.5860000000000003,-0.6800000000000002,-0.09800000000000031,-0.03100000000000014
2024-09-12,3.5,1.5950376606114425,0.104,0.5829999999999997,-0.6339999999999999,-0.021999999999999797,0.025000000000000355
2024-09-13,3.5,1.5950376606114425,0.1059999999999998,0.5880000000000001,-0.6779999999999999,-0.10599999999999987,-0.04499999999999993
2024-09-19,3.5,1.5950376606114425,0.1360000000000001,0.589,-0.657,-0.08400000000000007,-0.005999999999999783
2024-09-20,3.5,1.5950376606114425,0.1509999999999998,0.5880000000000001,-0.6619999999999999,-0.10599999999999987,-0.010000000000000231
2024-09-23,3.5,1.5950376606114425,0.1579999999999999,0.585,-0.6360000000000001,-0.07600000000000007,0.02499999999999991
2024-09-24,3.5,1.5950376606114425,0.1719999999999997,0.585,-0.6459999999999999,-0.052999999999999936,0.04599999999999982
2024-09-25,3.5,1.5950376606114425,0.185,0.589,-0.6880000000000002,-0.1080000000000001,-0.008000000000000007
2024-09-26,3.5,1.5950376606114425,0.1939999999999999,0.5880000000000001,-0.6930000000000001,-0.08300000000000018,0.02699999999999969
2024-09-27,3.5,1.5950376606114425,0.1739999999999999,0.5829999999999997,-0.6739999999999999,-0.11399999999999988,-0.07299999999999995
2024-09-30,3.5,1.5950376606114425,0.181,0.5859999999999999,-0.6890000000000001,-0.1080000000000001,-0.06199999999999983
2024-10-02,3.5,1.2536417409728884,0.1520000000000001,0.5900000000000003,-0.7200000000000002,-0.15900000000000025,-0.14300000000000024
2024-10-04,3.5,1.2536417409728884,0.1720000000000001,0.5910000000000002,-0.6760000000000002,-0.129,-0.09200000000000008
2024-10-07,3.5,1.2536417409728884,0.141,0.5859999999999999,-0.54,-0.028999999999999915,-0.020000000000000018
2024-10-08,3.5,1.2536417409728884,0.145,0.585,-0.5680000000000001,-0.04899999999999993,-0.04300000000000015
2024-10-10,3.5,1.2536417409728884,0.1259999999999999,0.5799999999999996,-0.5379999999999998,0.03100000000000014,0.03600000000000003
2024-10-11,3.25,1.2536417409728884,0.1379999999999999,0.5760000000000001,-0.3029999999999999,0.04200000000000026,0.05500000000000016
2024-10-14,3.25,1.2536417409728884,0.149,0.5709999999999997,-0.3119999999999998,0.057000000000000384,0.09699999999999998
2024-10-15,3.25,1.2536417409728884,0.1439999999999996,0.569,-0.3439999999999998,0.009000000000000341,0.017999999999999794
2024-10-16,3.25,1.2536417409728884,0.1280000000000001,0.5720000000000001,-0.3700000000000001,0.0030000000000001137,-0.0019999999999997797
2024-10-17,3.25,1.2536417409728884,0.1310000000000002,0.5700000000000003,-0.3530000000000002,0.07699999999999996,0.08499999999999996
2024-10-18,3.25,1.2536417409728884,0.1640000000000001,0.5720000000000001,-0.3420000000000001,0.041999999999999815,0.10199999999999987
2024-10-21,3.25,1.2536417409728884,0.1519999999999997,0.569,-0.3479999999999998,0.08000000000000007,0.1259999999999999
2024-10-22,3.25,1.2536417409728884,0.1869999999999998,0.569,-0.3069999999999999,0.10000000000000009,0.1509999999999998
2024-10-23,3.25,1.2536417409728884,0.1920000000000001,0.5720000000000001,-0.314,0.09799999999999986,0.13900000000000023
2024-10-24,3.25,1.2536417409728884,0.1829999999999998,0.569,-0.359,0.027000000000000135,0.052000000000000046
2024-10-25,3.25,1.2536417409728884,0.1719999999999997,0.569,-0.3679999999999999,0.028000000000000025,0.028000000000000025
2024-10-28,3.25,1.2536417409728884,0.185,0.5710000000000002,-0.318,0.1200000000000001,0.1200000000000001
2024-10-29,3.25,1.2536417409728884,0.1819999999999999,0.5680000000000001,-0.314,0.129,0.11699999999999999
2024-10-30,3.25,1.2536417409728884,0.1680000000000001,0.565,-0.3130000000000001,0.11099999999999977,0.10499999999999998
2024-10-31,3.25,1.2536417409728884,0.1640000000000001,0.5670000000000002,-0.314,0.125,0.1080000000000001
2024-11-01,3.25,1.5264465743698885,0.1509999999999998,0.5680000000000001,-0.3109999999999999,0.15900000000000025,0.15799999999999992
2024-11-04,3.25,1.5264465743698885,0.161,0.5720000000000001,-0.3149999999999999,0.11100000000000021,0.10000000000000009
2024-11-05,3.25,1.5264465743698885,0.1549999999999998,0.573,-0.3319999999999998,-0.041999999999999815,-0.028000000000000025
2024-11-06,3.25,1.5264465743698885,0.1739999999999999,0.569,-0.29,0.028000000000000025,0.05699999999999994
2024-11-07,3.25,1.5264465743698885,0.1759999999999997,0.5699999999999998,-0.3279999999999998,-0.040000000000000036,0.009999999999999787
2024-11-08,3.25,1.5264465743698885,0.1600000000000001,0.5720000000000001,-0.3610000000000002,-0.058000000000000274,-0.03600000000000003
2024-11-11,3.25,1.5264465743698885,0.137,0.5700000000000003,-0.3490000000000002,-0.037000000000000366,-0.04900000000000038
2024-11-12,3.25,1.5264465743698885,0.1139999999999998,0.5670000000000002,-0.3500000000000001,-0.006000000000000227,-0.03600000000000003
2024-11-13,3.25,1.5264465743698885,0.1280000000000001,0.5619999999999998,-0.3109999999999999,0.05900000000000016,0.05900000000000016
2024-11-14,3.25,1.5264465743698885,0.145,0.5630000000000002,-0.3210000000000002,0.03200000000000003,0.04599999999999982
2024-11-15,3.25,1.5264465743698885,0.1430000000000002,0.565,-0.3090000000000001,0.03299999999999992,0.01200000000000001
2024-11-18,3.25,1.5264465743698885,0.1480000000000001,0.5670000000000002,-0.3349999999999999,0.0129999999999999,0.009000000000000341
2024-11-19,3.25,1.5264465743698885,0.1470000000000002,0.5680000000000001,-0.3610000000000002,-0.05400000000000027,-0.09399999999999986
2024-11-20,3.25,1.5264465743698885,0.1439999999999996,0.565,-0.3769999999999998,-0.06299999999999972,-0.11100000000000021
2024-11-21,3.25,1.5264465743698885,0.149,0.5669999999999997,-0.4209999999999998,-0.06199999999999983,-0.09599999999999964
2024-11-22,3.25,1.5264465743698885,0.1600000000000001,0.569,-0.4340000000000001,-0.06600000000000028,-0.07799999999999985
2024-11-25,3.25,1.5264465743698885,0.1469999999999998,0.569,-0.4769999999999998,-0.1589999999999998,-0.19700000000000006
2024-11-26,3.25,1.5264465743698885,0.1299999999999999,0.5699999999999998,-0.4769999999999998,-0.1629999999999998,-0.21499999999999986
2024-11-27,3.25,1.5264465743698885,0.1389999999999998,0.5749999999999997,-0.5089999999999999,-0.19599999999999973,-0.2250000000000001
2024-11-28,3.0,1.5264465743698885,0.1499999999999999,0.5820000000000003,-0.3620000000000001,-0.29800000000000004,-0.3120000000000003
2024-11-29,3.0,1.5264465743698885,0.1439999999999996,0.5869999999999997,-0.3929999999999998,-0.33199999999999985,-0.33899999999999997
2024-12-02,3.0,1.9338241816730273,0.1299999999999999,0.589,-0.4329999999999998,-0.3679999999999999,-0.399
2024-12-03,3.0,1.9338241816730273,0.1280000000000001,0.5840000000000001,-0.415,-0.3330000000000002,-0.3599999999999999
2024-12-04,3.0,1.9338241816730273,0.1390000000000002,0.5840000000000001,-0.3740000000000001,-0.3340000000000001,-0.3689999999999998
2024-12-05,3.0,1.9338241816730273,0.1349999999999998,0.5909999999999997,-0.3969999999999998,-0.31899999999999995,-0.3599999999999999
2024-12-06,3.0,1.9338241816730273,0.1240000000000001,0.5920000000000001,-0.3799999999999999,-0.2689999999999997,-0.3049999999999997
2024-12-09,3.0,1.9338241816730273,0.0979999999999998,0.5939999999999999,-0.4209999999999998,-0.3219999999999996,-0.36099999999999977
2024-12-10,3.0,1.9338241816730273,0.121,0.6509999999999998,-0.476,-0.3759999999999999,-0.3689999999999998
2024-12-11,3.0,1.9338241816730273,0.1560000000000001,0.6520000000000001,-0.4639999999999999,-0.403,-0.375
2024-12-12,3.0,1.9338241816730273,0.1510000000000002,0.6510000000000002,-0.451,-0.3799999999999999,-0.37399999999999967
2024-12-13,3.0,1.9338241816730273,0.1350000000000002,0.6560000000000001,-0.4590000000000001,-0.3999999999999999,-0.4079999999999999
2024-12-16,3.0,1.9338241816730273,0.1680000000000001,0.6590000000000003,-0.447,-0.3620000000000001,-0.3420000000000001
2024-12-17,3.0,1.9338241816730273,0.169,0.6579999999999999,-0.379,-0.2679999999999998,-0.246
2024-12-18,3.0,1.9338241816730273,0.2019999999999999,0.6669999999999998,-0.4639999999999999,-0.3370000000000002,-0.2789999999999999
2024-12-19,3.0,1.9338241816730273,0.2109999999999998,0.6719999999999997,-0.3969999999999998,-0.22599999999999998,-0.16400000000000015
2024-12-20,3.0,1.9338241816730273,0.2440000000000002,0.6709999999999998,-0.371,-0.18699999999999983,-0.10299999999999976
2024-12-23,3.0,1.9338241816730273,0.2279999999999997,0.6759999999999997,-0.3839999999999999,-0.15700000000000003,-0.07600000000000007
2024-12-24,3.0,1.9338241816730273,0.25,0.6819999999999999,-0.3740000000000001,-0.14700000000000024,-0.027000000000000135
2024-12-26,3.0,1.9338241816730273,0.2559999999999998,0.6819999999999999,-0.3519999999999998,-0.09299999999999997,0.02400000000000002
2024-12-27,3.0,1.9338241816730273,0.242,0.6870000000000003,-0.3660000000000001,-0.0040000000000000036,0.08800000000000008
2024-12-30,3.0,1.9338241816730273,0.258,0.6880000000000002,-0.403,-0.010000000000000231,0.10400000000000009
2024-12-31,3.0,1.9338241816730273,0.2589999999999999,0.6879999999999997,-0.4039999999999999,0.028999999999999915,0.15799999999999992
2025-01-02,3.0,2.2444110630025493,0.242,0.69,-0.4929999999999999,-0.07799999999999985,0.03600000000000003
2025-01-03,3.0,2.2444110630025493,0.2719999999999998,0.6879999999999997,-0.5179999999999998,-0.14399999999999968,-0.01100000000000012
2025-01-06,3.0,2.2444110630025493,0.2930000000000001,0.6779999999999999,-0.476,-0.07900000000000018,0.07900000000000018
2025-01-07,3.0,2.2444110630025493,0.286,0.6789999999999998,-0.492,-0.1120000000000001,0.04999999999999982
2025-01-08,3.0,2.2444110630025493,0.2909999999999999,0.677,-0.4950000000000001,-0.07400000000000029,0.11899999999999977
2025-01-09,3.0,2.2444110630025493,0.278,0.6739999999999999,-0.5,-0.02400000000000002,0.133
2025-01-10,3.0,2.2444110630025493,0.2760000000000002,0.6590000000000003,-0.439,0.02499999999999991,0.14500000000000002
2025-01-13,3.0,2.2444110630025493,0.2069999999999998,0.6419999999999999,-0.3359999999999998,0.11500000000000021,0.17099999999999982
2025-01-14,3.0,2.2444110630025493,0.1950000000000002,0.6459999999999999,-0.3540000000000001,0.10499999999999998,0.16500000000000004
2025-01-15,3.0,2.2444110630025493,0.185,0.6400000000000001,-0.3250000000000002,0.12199999999999989,0.1389999999999998
2025-01-16,3.0,2.2444110630025493,0.1760000000000001,0.6499999999999999,-0.3740000000000001,0.004999999999999893,0.01200000000000001
2025-01-17,3.0,2.2444110630025493,0.2250000000000001,0.653,-0.4119999999999999,0.052000000000000046,0.07500000000000018
2025-01-20,3.0,2.2444110630025493,0.2449999999999996,0.6449999999999996,-0.3769999999999998,0.020000000000000018,0.053999999999999826
2025-01-21,3.0,2.2444110630025493,0.2389999999999998,0.6479999999999997,-0.4209999999999998,-0.04999999999999982,-0.05500000000000016
2025-01-22,3.0,2.2444110630025493,0.25,0.6499999999999999,-0.423,-0.039000000000000146,-0.016999999999999904
2025-01-23,3.0,2.2444110630025493,0.2590000000000003,0.6400000000000001,-0.4220000000000001,-0.04800000000000004,-0.0389999999999997
2025-01-24,3.0,2.2444110630025493,0.2890000000000001,0.6400000000000001,-0.4300000000000001,-0.07800000000000029,-0.04499999999999993
2025-01-31,3.0,2.2444110630025493,0.286,0.6310000000000002,-0.427,-0.06099999999999994,-0.016999999999999904
2025-02-03,3.0,2.0214448936544116,0.2629999999999999,0.6240000000000001,-0.4279999999999999,-0.02499999999999991,-0.020000000000000018
2025-02-04,3.0,2.0214448936544116,0.2599999999999998,0.6240000000000001,-0.4159999999999999,-0.01200000000000001,-0.01100000000000012
2025-02-05,3.0,2.0214448936544116,0.2400000000000002,0.6200000000000001,-0.4220000000000001,0.07099999999999973,0.06899999999999995
2025-02-06,3.0,2.0214448936544116,0.2139999999999999,0.6140000000000003,-0.4180000000000001,0.09999999999999964,0.041999999999999815
2025-02-07,3.0,2.0214448936544116,0.201,0.6070000000000002,-0.3650000000000002,0.11099999999999977,0.018999999999999684
2025-02-10,3.0,2.0214448936544116,0.1920000000000001,0.601,-0.3620000000000001,0.1299999999999999,0.03600000000000003
2025-02-11,3.0,2.0214448936544116,0.2160000000000002,0.5950000000000002,-0.367,0.1280000000000001,0.05300000000000038
2025-02-12,3.0,2.0214448936544116,0.2280000000000002,0.5870000000000002,-0.3490000000000002,0.1509999999999998,0.10099999999999998
2025-02-13,3.0,2.0214448936544116,0.2410000000000001,0.5960000000000001,-0.3690000000000002,0.06999999999999984,0.0349999999999997
2025-02-14,3.0,2.0214448936544116,0.2349999999999998,0.597,-0.3889999999999998,-0.052999999999999936,-0.02499999999999991
2025-02-17,3.0,2.0214448936544116,0.246,0.5919999999999996,-0.3769999999999998,-0.022999999999999687,0.028000000000000025
2025-02-18,3.0,2.0214448936544116,0.2370000000000001,0.5830000000000002,-0.359,-0.03399999999999981,0.018000000000000238
2025-02-19,3.0,2.0214448936544116,0.2430000000000003,0.5840000000000001,-0.3700000000000001,0.0040000000000000036,0.07100000000000017
2025-02-20,3.0,2.0214448936544116,0.2599999999999998,0.5840000000000001,-0.3719999999999999,0.040000000000000036,0.07499999999999973
2025-02-21,3.0,2.0214448936544116,0.238,0.5820000000000003,-0.3820000000000001,-0.0050000000000003375,-0.01200000000000001
2025-02-24,3.0,2.0214448936544116,0.2150000000000003,0.581,-0.3900000000000001,0.030999999999999694,0.007000000000000117
2025-02-25,2.75,2.0214448936544116,0.201,0.5819999999999999,-0.1539999999999999,0.019000000000000128,-0.029999999999999805
2025-02-26,2.75,2.0214448936544116,0.1609999999999996,0.577,-0.1589999999999998,0.013000000000000345,-0.08500000000000041
2025-02-27,2.75,2.0214448936544116,0.1619999999999999,0.5800000000000001,-0.1579999999999999,0.02200000000000024,-0.10499999999999998
2025-02-28,2.75,2.0214448936544116,0.1400000000000001,0.5910000000000002,-0.1840000000000001,-0.007000000000000117,-0.15300000000000002
2025-03-04,2.75,2.0535322509872778,0.1619999999999999,0.5910000000000002,-0.209,-0.03100000000000014,-0.13200000000000012
2025-03-05,2.75,2.0535322509872778,0.2080000000000001,0.5859999999999999,-0.185,-0.019000000000000128,-0.07099999999999973
2025-03-06,2.75,2.0535322509872778,0.2120000000000002,0.5800000000000001,-0.1560000000000001,0.016000000000000014,-0.01200000000000001
2025-03-07,2.75,2.0535322509872778,0.2080000000000001,0.5790000000000002,-0.185,-0.016999999999999904,-0.022999999999999687
2025-03-10,2.75,2.0535322509872778,0.205,0.5699999999999998,-0.1539999999999999,-0.0389999999999997,-0.0349999999999997
2025-03-11,2.75,2.0535322509872778,0.1999999999999997,0.5709999999999997,-0.1899999999999999,-0.07799999999999985,-0.07000000000000028
2025-03-12,2.75,2.0535322509872778,0.213,0.577,-0.2000000000000001,-0.08300000000000018,-0.0860000000000003
2025-03-13,2.75,2.0535322509872778,0.2000000000000001,0.5680000000000001,-0.1800000000000001,-0.08099999999999996,-0.10899999999999999
2025-03-14,2.75,2.0535322509872778,0.217,0.565,-0.1539999999999999,-0.0349999999999997,-0.05899999999999972
2025-03-17,2.75,2.0535322509872778,0.2040000000000001,0.5699999999999998,-0.149,-0.010000000000000231,-0.040999999999999925
2025-03-18,2.75,2.0535322509872778,0.1899999999999999,0.5700000000000003,-0.1520000000000001,-0.025000000000000355,-0.0810000000000004
2025-03-19,2.75,2.0535322509872778,0.1899999999999999,0.5630000000000002,-0.129,-0.020000000000000018,-0.06700000000000017
2025-03-20,2.75,2.0535322509872778,0.1939999999999999,0.5700000000000003,-0.1520000000000001,-0.03200000000000003,-0.0810000000000004
2025-03-21,2.75,2.0535322509872778,0.2080000000000001,0.5680000000000001,-0.153,-0.03100000000000014,-0.08299999999999974
2025-03-24,2.75,2.0535322509872778,0.2119999999999997,0.5669999999999997,-0.1459999999999999,-0.01399999999999979,-0.040000000000000036
2025-03-25,2.75,2.0535322509872778,0.209,0.5669999999999997,-0.1379999999999999,0.002000000000000224,-0.0040000000000000036
2025-03-26,2.75,2.0535322509872778,0.221,0.569,-0.1320000000000001,0.021999999999999797,0.041999999999999815
2025-03-27,2.75,2.0535322509872778,0.2160000000000002,0.56,-0.1280000000000001,0.030999999999999694,0.0860000000000003
2025-03-28,2.75,2.0535322509872778,0.213,0.5550000000000002,-0.121,0.03699999999999992,0.08800000000000008
2025-03-31,2.75,2.0535322509872778,0.2019999999999999,0.5710000000000002,-0.181,0.0030000000000001137,0.06499999999999995
2025-04-01,2.75,2.0787650206122166,0.2059999999999999,0.5720000000000001,-0.169,0.040000000000000036,0.08400000000000007
2025-04-02,2.75,2.0787650206122166,0.1829999999999998,0.5669999999999997,-0.1659999999999999,0.019000000000000128,-0.006000000000000227
2025-04-03,2.75,2.0787650206122166,0.209,0.5720000000000001,-0.221,-0.06499999999999995,-0.06800000000000006
2025-04-04,2.75,2.0787650206122166,0.2310000000000003,0.5740000000000003,-0.2890000000000001,-0.10400000000000009,-0.08099999999999996
2025-04-07,2.75,2.0787650206122166,0.2430000000000003,0.5810000000000004,-0.3450000000000002,-0.19100000000000028,-0.15300000000000002
2025-04-08,2.75,2.0787650206122166,0.2730000000000001,0.5820000000000003,-0.3370000000000002,-0.14700000000000024,-0.07399999999999984
2025-04-09,2.75,2.0787650206122166,0.298,0.5759999999999996,-0.3159999999999998,-0.11599999999999966,-0.030999999999999694
2025-04-10,2.75,2.0787650206122166,0.2650000000000001,0.5800000000000001,-0.3130000000000001,-0.133,-0.06800000000000006
2025-04-11,2.75,2.0787650206122166,0.2850000000000001,0.585,-0.3389999999999999,-0.18500000000000005,-0.11699999999999999
2025-04-14,2.75,2.0787650206122166,0.2829999999999999,0.5900000000000003,-0.3420000000000001,-0.19300000000000006,-0.11400000000000032
2025-04-15,2.75,2.0787650206122166,0.2650000000000001,0.585,-0.351,-0.19899999999999984,-0.12399999999999967
2025-04-16,2.75,2.0787650206122166,0.278,0.5899999999999999,-0.399,-0.27,-0.18199999999999994
2025-04-17,2.75,2.0787650206122166,0.2600000000000002,0.5830000000000002,-0.3650000000000002,-0.21300000000000008,-0.1469999999999998
2025-04-18,2.75,2.0787650206122166,0.258,0.5800000000000001,-0.3879999999999999,-0.23499999999999988,-0.18500000000000005
2025-04-21,2.75,2.0787650206122166,0.2709999999999999,0.5870000000000002,-0.419,-0.27300000000000013,-0.21399999999999997
2025-04-22,2.75,2.0787650206122166,0.2909999999999999,0.593,-0.4199999999999999,-0.28200000000000003,-0.20000000000000018
2025-04-23,2.75,2.0787650206122166,0.2609999999999997,0.5899999999999999,-0.4129999999999998,-0.2809999999999997,-0.2410000000000001
2025-04-24,2.75,2.0787650206122166,0.282,0.589,-0.4089999999999998,-0.2809999999999997,-0.21499999999999986
2025-04-25,2.75,2.0787650206122166,0.2709999999999999,0.5959999999999996,-0.4449999999999998,-0.32399999999999984,-0.266
2025-04-28,2.75,2.0787650206122166,0.2720000000000002,0.593,-0.4340000000000001,-0.2530000000000001,-0.18299999999999983
2025-04-29,2.75,2.0787650206122166,0.2930000000000001,0.593,-0.4399999999999999,-0.2709999999999999,-0.18399999999999972
2025-04-30,2.75,2.0787650206122166,0.2960000000000002,0.601,-0.4830000000000001,-0.31700000000000017,-0.20399999999999974
2025-05-02,2.75,1.9018404907975572,0.3109999999999999,0.5899999999999999,-0.4679999999999999,-0.2469999999999999,-0.14500000000000002
2025-05-07,2.75,1.9018404907975572,0.3500000000000001,0.593,-0.4969999999999999,-0.20799999999999974,-0.08899999999999997
2025-05-08,2.75,1.9018404907975572,0.3409999999999997,0.5859999999999999,-0.4689999999999998,-0.12399999999999967,-0.026000000000000245
2025-05-09,2.75,1.9018404907975572,0.3389999999999999,0.5790000000000002,-0.419,-0.08199999999999985,-0.016000000000000014
2025-05-12,2.75,1.9018404907975572,0.355,0.5800000000000001,-0.4199999999999999,-0.10400000000000009,-0.04700000000000015
2025-05-13,2.75,1.9018404907975572,0.3519999999999998,0.569,-0.3799999999999999,-0.06699999999999973,0.020000000000000018
2025-05-14,2.75,1.9018404907975572,0.367,0.573,-0.399,-0.06000000000000005,0.021999999999999797
2025-05-15,2.75,1.9018404907975572,0.3649999999999997,0.569,-0.3879999999999999,-0.04599999999999982,0.03600000000000003
2025-05-16,2.75,1.9018404907975572,0.3570000000000002,0.577,-0.431,-0.08000000000000007,0.01200000000000001
2025-05-19,2.75,1.9018404907975572,0.3809999999999998,0.569,-0.3839999999999999,0.015000000000000124,0.11799999999999988
2025-05-20,2.75,1.9018404907975572,0.383,0.577,-0.4199999999999999,-0.054999999999999716,0.06800000000000006
2025-05-21,2.75,1.9018404907975572,0.4149999999999996,0.5759999999999996,-0.4049999999999998,-0.016999999999999904,0.13999999999999968
2025-05-22,2.75,1.9018404907975572,0.419,0.581,-0.4140000000000001,0.004999999999999893,0.15300000000000002
2025-05-23,2.75,1.9018404907975572,0.4279999999999999,0.5829999999999997,-0.4119999999999999,0.008000000000000007,0.14500000000000002
2025-05-26,2.75,1.9018404907975572,0.4180000000000001,0.5780000000000003,-0.4020000000000001,0.010999999999999677,0.16800000000000015
2025-05-27,2.75,1.9018404907975572,0.3690000000000002,0.573,-0.4100000000000001,-0.001000000000000334,0.08599999999999985
2025-05-28,2.75,1.9018404907975572,0.3919999999999999,0.5789999999999997,-0.4359999999999999,0.008999999999999897,0.1299999999999999
2025-05-29,2.5,1.9018404907975572,0.4189999999999996,0.573,-0.1589999999999998,0.025000000000000355,0.1719999999999997
2025-05-30,2.5,1.9018404907975572,0.439,0.5699999999999998,-0.153,0.03699999999999992,0.18299999999999983
2025-06-02,2.5,2.169711876317648,0.4530000000000003,0.5760000000000001,-0.1600000000000001,0.07299999999999995,0.22999999999999998
2025-06-04,2.5,2.169711876317648,0.48,0.5680000000000001,-0.0859999999999998,0.13200000000000012,0.30100000000000016
2025-06-05,2.5,2.169711876317648,0.4790000000000001,0.5609999999999999,-0.088,0.1589999999999998,0.2879999999999998
2025-06-09,2.5,2.169711876317648,0.4620000000000002,0.5550000000000002,-0.0950000000000002,0.12399999999999967,0.2450000000000001
2025-06-10,2.5,2.169711876317648,0.4460000000000002,0.5700000000000003,-0.1150000000000002,0.053999999999999826,0.16100000000000003
2025-06-11,2.5,2.169711876317648,0.4180000000000001,0.5550000000000002,-0.0809999999999999,0.08899999999999997,0.15200000000000014
2025-06-12,2.5,2.169711876317648,0.3980000000000001,0.5430000000000001,-0.0710000000000001,0.05899999999999972,0.10499999999999998
2025-06-13,2.5,2.169711876317648,0.3569999999999997,0.5349999999999997,-0.0379999999999998,0.11100000000000021,0.10099999999999998
2025-06-16,2.5,2.169711876317648,0.3809999999999998,0.5329999999999999,-0.0169999999999999,0.121,0.137
2025-06-17,2.5,2.169711876317648,0.4199999999999999,0.5380000000000003,-0.052,0.129,0.19199999999999973
2025-06-18,2.5,2.169711876317648,0.4039999999999999,0.528,-0.028,0.10599999999999987,0.129
2025-06-19,2.5,2.169711876317648,0.399,0.5299999999999998,-0.0249999999999999,0.14500000000000002,0.16100000000000003
2025-06-20,2.5,2.169711876317648,0.4039999999999999,0.5329999999999999,-0.0369999999999999,0.11799999999999988,0.1070000000000002
2025-06-23,2.5,2.169711876317648,0.375,0.5209999999999999,-0.0019999999999997,0.16200000000000037,0.11800000000000033
2025-06-24,2.5,2.169711876317648,0.3620000000000001,0.5220000000000002,-0.0390000000000001,0.12299999999999978,0.05699999999999994
2025-06-25,2.5,2.169711876317648,0.3599999999999999,0.5209999999999999,-0.04,0.1120000000000001,0.053999999999999826
2025-06-26,2.5,2.169711876317648,0.3339999999999996,0.5149999999999997,-0.0459999999999998,0.11400000000000032,0.07899999999999974
2025-06-27,2.5,2.169711876317648,0.3320000000000003,0.5140000000000002,-0.0470000000000001,0.1389999999999998,0.07900000000000018
2025-06-30,2.5,2.169711876317648,0.3530000000000002,0.5110000000000001,-0.048,0.11099999999999977,0.04500000000000037
2025-07-01,2.5,2.0941032156313044,0.3299999999999996,0.5049999999999999,-0.0459999999999998,0.1070000000000002,-0.002000000000000224
2025-07-02,2.5,2.0941032156313044,0.3489999999999997,0.4979999999999998,-0.0169999999999999,0.14300000000000024,0.0389999999999997
2025-07-03,2.5,2.0941032156313044,0.3650000000000002,0.5030000000000001,-0.0510000000000001,0.0349999999999997,-0.08000000000000007
2025-07-04,2.5,2.0941032156313044,0.3609999999999997,0.4979999999999998,-0.0329999999999999,0.05500000000000016,-0.06300000000000017
2025-07-07,2.5,2.0941032156313044,0.3579999999999996,0.4909999999999996,-0.0179999999999997,0.0770000000000004,-0.027000000000000135
2025-07-08,2.5,2.0941032156313044,0.3700000000000001,0.4910000000000001,-0.0230000000000001,0.09200000000000008,0.016000000000000014
2025-07-09,2.5,2.0941032156313044,0.3759999999999999,0.4889999999999999,-0.0219999999999997,0.05900000000000016,0.016999999999999904
2025-07-10,2.5,2.0941032156313044,0.3810000000000002,0.4950000000000001,-0.0670000000000001,0.0040000000000000036,-0.0129999999999999
2025-07-11,2.5,2.0941032156313044,0.375,0.4900000000000002,-0.052,-0.014000000000000234,0.0040000000000000036
2025-07-14,2.5,2.0941032156313044,0.4119999999999999,0.4849999999999999,-0.0259999999999998,-0.008999999999999897,0.02200000000000024
2025-07-15,2.5,2.0941032156313044,0.4139999999999997,0.4899999999999997,-0.0369999999999999,0.015000000000000124,0.008999999999999897
2025-07-16,2.5,2.0941032156313044,0.4179999999999997,0.4910000000000001,-0.0409999999999999,-0.0129999999999999,0.0009999999999998899
2025-07-17,2.5,2.0941032156313044,0.4259999999999997,0.4889999999999999,-0.0209999999999999,0.0040000000000000036,0.030999999999999694
2025-07-18,2.5,2.0941032156313044,0.399,0.4869999999999996,-0.0259999999999998,0.01100000000000012,0.006000000000000227
2025-07-21,2.5,2.0941032156313044,0.399,0.492,-0.044,-0.04200000000000026,-0.018000000000000238
2025-07-22,2.5,2.0941032156313044,0.3759999999999999,0.4889999999999999,-0.0369999999999999,0.002000000000000224,0.016000000000000014
2025-07-23,2.5,2.0941032156313044,0.3719999999999999,0.492,-0.0419999999999998,-0.0019999999999997797,0.010000000000000231
2025-07-24,2.5,2.0941032156313044,0.3820000000000001,0.4929999999999999,-0.0329999999999999,0.0129999999999999,0.06100000000000039
2025-07-25,2.5,2.0941032156313044,0.3700000000000001,0.4890000000000003,-0.0150000000000001,0.03200000000000003,0.06999999999999984
2025-07-28,2.5,2.0941032156313044,0.3650000000000002,0.4940000000000002,-0.036,0.01200000000000001,0.02400000000000002
2025-07-29,2.5,2.0941032156313044,0.363,0.492,-0.04,0.005999999999999783,0.039000000000000146
2025-07-30,2.5,2.0941032156313044,0.3429999999999999,0.492,-0.0459999999999998,-0.028999999999999915,-0.0349999999999997
2025-07-31,2.5,2.0941032156313044,0.3250000000000002,0.492,-0.04,0.01100000000000012,-0.028999999999999915
2025-08-01,2.5,1.6675397241138423,0.3539999999999996,0.492,-0.0219999999999997,0.01100000000000012,0.0040000000000000036
2025-08-04,2.5,1.6675397241138423,0.3570000000000002,0.496,-0.0790000000000001,-0.06100000000000039,-0.06199999999999983
2025-08-05,2.5,1.6675397241138423,0.3410000000000002,0.492,-0.0750000000000001,-0.052000000000000046,-0.08099999999999996
2025-08-06,2.5,1.6675397241138423,0.3489999999999997,0.488,-0.0699999999999998,-0.04800000000000004,-0.07500000000000018
2025-08-07,2.5,1.6675397241138423,0.3639999999999999,0.4929999999999999,-0.092,-0.02499999999999991,-0.04200000000000026
2025-08-08,2.5,1.6675397241138423,0.367,0.4930000000000003,-0.0910000000000001,-0.039000000000000146,-0.04700000000000015
2025-08-11,2.5,1.6675397241138423,0.3610000000000002,0.4889999999999999,-0.08,-0.05400000000000027,-0.10499999999999998
2025-08-12,2.5,1.6675397241138423,0.3700000000000001,0.4859999999999997,-0.0689999999999999,-0.03200000000000003,-0.07599999999999962
2025-08-13,2.5,1.6675397241138423,0.3920000000000003,0.4900000000000002,-0.0830000000000001,-0.04200000000000026,-0.06799999999999962
2025-08-14,2.5,1.6675397241138423,0.383,0.492,-0.096,-0.07500000000000018,-0.11799999999999988
2025-08-18,2.5,1.6675397241138423,0.411,0.4859999999999997,-0.0739999999999998,-0.04800000000000004,-0.03600000000000003
2025-08-19,2.5,1.6675397241138423,0.4140000000000001,0.48,-0.056,-0.01200000000000001,0.0030000000000001137
2025-08-20,2.5,1.6675397241138423,0.4120000000000003,0.4820000000000002,-0.0590000000000001,-0.02200000000000024,0.014000000000000234
2025-08-21,2.5,1.6675397241138423,0.407,0.4829999999999996,-0.0619999999999998,-0.020000000000000018,0.015000000000000124
2025-08-22,2.5,1.6675397241138423,0.4039999999999999,0.476,-0.044,-0.01100000000000012,0.010999999999999677
2025-08-25,2.5,1.6675397241138423,0.4179999999999997,0.4809999999999998,-0.0659999999999998,-0.05099999999999971,-0.0030000000000001137
2025-08-26,2.5,1.6675397241138423,0.4379999999999997,0.48,-0.0779999999999998,-0.041999999999999815,0.030999999999999694
2025-08-27,2.5,1.6675397241138423,0.423,0.4849999999999999,-0.0979999999999998,-0.05799999999999983,0.002000000000000224
2025-08-28,2.5,1.6675397241138423,0.399,0.4820000000000002,-0.084,-0.038000000000000256,0.017999999999999794
2025-08-29,2.5,1.6675397241138423,0.3889999999999998,0.48,-0.0739999999999998,-0.03399999999999981,0.029999999999999805
2025-09-01,2.5,2.1020497165285645,0.4119999999999999,0.4779999999999997,-0.0649999999999999,-0.04300000000000015,0.015000000000000124
2025-09-02,2.5,2.1020497165285645,0.4199999999999999,0.4739999999999997,-0.0499999999999998,0.02900000000000036,0.09200000000000008
2025-09-03,2.5,2.1020497165285645,0.4379999999999997,0.4710000000000001,-0.0249999999999999,0.050000000000000266,0.1469999999999998
2025-09-04,2.5,2.1020497165285645,0.411,0.4710000000000001,-0.028,0.041999999999999815,0.10400000000000009
2025-09-05,2.5,2.1020497165285645,0.395,0.4710000000000001,-0.04,0.052000000000000046,0.08300000000000018
2025-09-08,2.5,2.1020497165285645,0.3999999999999999,0.4700000000000002,-0.052,0.039000000000000146,0.07200000000000006
2025-09-09,2.5,2.1020497165285645,0.3930000000000002,0.4730000000000003,-0.0750000000000001,0.004999999999999893,0.03699999999999992
2025-09-10,2.5,2.1020497165285645,0.403,0.472,-0.0699999999999998,-0.0009999999999998899,0.03200000000000003
2025-09-11,2.5,2.1020497165285645,0.3930000000000002,0.472,-0.08,0.0030000000000001137,0.0040000000000000036
2025-09-12,2.5,2.1020497165285645,0.3820000000000001,0.4699999999999997,-0.0689999999999999,0.027000000000000135,0.026000000000000245
2025-09-15,2.5,2.1020497165285645,0.3780000000000001,0.4659999999999997,-0.0569999999999999,0.016999999999999904,-0.016000000000000014
2025-09-16,2.5,2.1020497165285645,0.387,0.4679999999999999,-0.0830000000000001,-0.027000000000000135,-0.05400000000000027
2025-09-17,2.5,2.1020497165285645,0.3689999999999998,0.4629999999999996,-0.0819999999999998,-0.022999999999999687,-0.06600000000000028
2025-09-18,2.5,2.1020497165285645,0.3529999999999997,0.4649999999999998,-0.0969999999999999,-0.03500000000000014,-0.08900000000000041
2025-09-19,2.5,2.1020497165285645,0.3740000000000001,0.4570000000000003,-0.0590000000000001,-0.015000000000000124,-0.04499999999999993
2025-09-22,2.5,2.1020497165285645,0.3740000000000001,0.4529999999999998,-0.0409999999999999,0.02499999999999991,-0.018999999999999684
2025-09-23,2.5,2.1020497165285645,0.3530000000000002,0.4519999999999999,-0.04,0.03799999999999981,-0.04699999999999971
2025-09-24,2.5,2.1020497165285645,0.359,0.4460000000000002,-0.0110000000000001,0.08699999999999974,0.022999999999999687
2025-09-25,2.5,2.1020497165285645,0.3569999999999997,0.4409999999999998,0.028,0.1120000000000001,0.06999999999999984
2025-09-26,2.5,2.1020497165285645,0.3810000000000002,0.439,0.0619999999999998,0.13599999999999968,0.1280000000000001
2025-09-29,2.5,2.1020497165285645,0.3759999999999999,0.4409999999999998,0.0630000000000001,0.1280000000000001,0.09200000000000008
2025-09-30,2.5,2.1020497165285645,0.3690000000000002,0.4399999999999999,0.0819999999999998,0.13199999999999967,0.08099999999999996
2025-10-01,2.5,2.3803295840962635,0.3639999999999999,0.4369999999999998,0.096,0.121,0.04700000000000015
2025-10-02,2.5,2.3803295840962635,0.3780000000000001,0.4380000000000001,0.0809999999999999,0.10899999999999999,0.07600000000000007
2025-10-10,2.5,2.3803295840962635,0.3729999999999998,0.4349999999999996,0.0910000000000001,0.13100000000000023,0.10899999999999999
2025-10-13,2.5,2.3803295840962635,0.3500000000000001,0.4410000000000003,0.0539999999999998,0.10599999999999987,0.05600000000000005
2025-10-14,2.5,2.3803295840962635,0.3380000000000001,0.4420000000000001,0.0329999999999999,0.1080000000000001,0.052999999999999936
2025-10-15,2.5,2.3803295840962635,0.3359999999999998,0.4460000000000002,0.02,0.08999999999999986,0.022999999999999687
2025-10-16,2.5,2.3803295840962635,0.3389999999999999,0.435,0.0689999999999999,0.14900000000000002,0.09499999999999975
2025-10-17,2.5,2.3803295840962635,0.3299999999999996,0.435,0.0550000000000001,0.12400000000000011,0.07199999999999962
2025-10-20,2.5,2.3803295840962635,0.3229999999999999,0.435,0.0689999999999999,0.1259999999999999,0.07099999999999973
2025-10-21,2.5,2.3803295840962635,0.3039999999999998,0.4239999999999999,0.1,0.18300000000000027,0.10000000000000009
2025-10-22,2.5,2.3803295840962635,0.2970000000000001,0.427,0.072,0.15399999999999991,0.0820000000000003
2025-10-23,2.5,2.3803295840962635,0.3069999999999999,0.4220000000000001,0.1049999999999999,0.20199999999999996,0.15600000000000014
2025-10-24,2.5,2.3803295840962635,0.3219999999999996,0.4219999999999997,0.0910000000000001,0.15000000000000036,0.09799999999999986
2025-10-27,2.5,2.3803295840962635,0.3389999999999999,0.4159999999999999,0.1200000000000001,0.16100000000000003,0.1259999999999999
2025-10-28,2.5,2.3803295840962635,0.302,0.4140000000000001,0.133,0.17300000000000004,0.12199999999999989
2025-10-29,2.5,2.3803295840962635,0.3069999999999999,0.4079999999999999,0.177,0.18800000000000017,0.13600000000000012
2025-10-30,2.5,2.3803295840962635,0.3179999999999996,0.4029999999999996,0.2320000000000002,0.20400000000000018,0.16500000000000004
2025-10-31,2.5,2.3803295840962635,0.3449999999999997,0.4059999999999997,0.2160000000000002,0.15400000000000036,0.11799999999999988
2025-11-03,2.5,2.447552447552437,0.3449999999999997,0.4059999999999997,0.2410000000000001,0.17799999999999994,0.1469999999999998
2025-11-04,2.5,2.447552447552437,0.3529999999999997,0.407,0.2290000000000001,0.14700000000000024,0.13099999999999978
2025-11-05,2.5,2.447552447552437,0.3580000000000001,0.4020000000000001,0.2669999999999999,0.17099999999999982,0.16500000000000004
2025-11-06,2.5,2.447552447552437,0.3689999999999998,0.3980000000000001,0.3340000000000001,0.2530000000000001,0.24399999999999977
2025-11-07,2.5,2.447552447552437,0.3319999999999998,0.3919999999999999,0.3940000000000001,0.30299999999999994,0.262
2025-11-10,2.5,2.447552447552437,0.3649999999999997,0.3959999999999999,0.3650000000000002,0.3110000000000004,0.32600000000000007
2025-11-11,2.5,2.447552447552437,0.3700000000000001,0.4050000000000002,0.3309999999999999,0.29800000000000004,0.33000000000000007
2025-11-12,2.5,2.447552447552437,0.359,0.4079999999999999,0.423,0.403,0.42600000000000016
2025-11-13,2.5,2.447552447552437,0.3349999999999999,0.4130000000000002,0.4319999999999999,0.363,0.359
2025-11-14,2.5,2.447552447552437,0.3730000000000002,0.4210000000000002,0.4439999999999999,0.3889999999999998,0.4320000000000004
2025-11-17,2.5,2.447552447552437,0.387,0.4279999999999999,0.4140000000000001,0.3450000000000002,0.40900000000000025
2025-11-18,2.5,2.447552447552437,0.3959999999999999,0.4370000000000003,0.3719999999999999,0.2719999999999998,0.3639999999999999
2025-11-19,2.5,2.447552447552437,0.4119999999999999,0.4389999999999996,0.3690000000000002,0.29700000000000015,0.4119999999999999
2025-11-20,2.5,2.447552447552437,0.4170000000000002,0.4319999999999999,0.4079999999999999,0.30299999999999994,0.41300000000000026
2025-11-21,2.5,2.447552447552437,0.399,0.4359999999999999,0.3719999999999999,0.2809999999999997,0.3580000000000001
2025-11-24,2.5,2.447552447552437,0.3850000000000002,0.4340000000000001,0.4039999999999999,0.2839999999999998,0.33000000000000007
2025-11-25,2.5,2.447552447552437,0.3619999999999996,0.4319999999999999,0.4020000000000001,0.26900000000000013,0.32899999999999974
2025-11-26,2.5,2.447552447552437,0.3559999999999998,0.4329999999999998,0.395,0.21799999999999997,0.2669999999999999
2025-11-27,2.5,2.447552447552437,0.3380000000000001,0.4330000000000003,0.5129999999999999,0.2809999999999997,0.30100000000000016
2025-11-28,2.5,2.447552447552437,0.3529999999999997,0.4369999999999998,0.4910000000000001,0.2749999999999999,0.2829999999999999
2025-12-01,2.5,2.3148551039944287,0.3420000000000001,0.4359999999999999,0.5449999999999999,0.3039999999999998,0.30100000000000016
2025-12-02,2.5,2.3148551039944287,0.3240000000000003,0.4410000000000003,0.5219999999999998,0.2929999999999997,0.26400000000000023
2025-12-03,2.5,2.3148551039944287,0.3269999999999999,0.443,0.5409999999999999,0.274,0.24299999999999988
2025-12-04,2.5,2.3148551039944287,0.351,0.4490000000000003,0.5249999999999999,0.19099999999999984,0.17300000000000004
2025-12-05,2.5,2.3148551039944287,0.3639999999999999,0.4589999999999996,0.4940000000000002,0.10000000000000009,0.13200000000000012
2025-12-08,2.5,2.3148551039944287,0.367,0.4580000000000002,0.5339999999999998,0.1689999999999996,0.17099999999999982
2025-12-09,2.5,2.3148551039944287,0.3689999999999998,0.4609999999999998,0.5840000000000001,0.2530000000000001,0.2519999999999998
2025-12-10,2.5,2.3148551039944287,0.2759999999999998,0.4789999999999996,0.5950000000000002,0.17200000000000015,0.08899999999999997
2025-12-11,2.5,2.3148551039944287,0.2770000000000001,0.484,0.601,0.16900000000000004,0.11100000000000021
2025-12-12,2.5,2.3148551039944287,0.3159999999999998,0.4889999999999999,0.593,0.14900000000000002,0.09199999999999964
2025-12-15,2.5,2.3148551039944287,0.3250000000000002,0.4990000000000001,0.5,0.08599999999999985,0.02400000000000002
2025-12-16,2.5,2.3148551039944287,0.314,0.508,0.4990000000000001,0.12700000000000022,0.04500000000000037
2025-12-17,2.5,2.3148551039944287,0.3279999999999998,0.5110000000000001,0.496,0.12699999999999978,0.042999999999999705
2025-12-18,2.5,2.3148551039944287,0.3449999999999997,0.5169999999999999,0.4670000000000001,0.05900000000000016,-0.013000000000000345
2025-12-19,2.5,2.3148551039944287,0.3320000000000003,0.5130000000000003,0.5099999999999998,0.1379999999999999,0.07100000000000017
2025-12-22,2.5,2.3148551039944287,0.3599999999999999,0.5139999999999998,0.4990000000000001,0.0950000000000002,0.06999999999999984
2025-12-23,2.5,2.3148551039944287,0.4159999999999999,0.5369999999999999,0.4630000000000001,0.06099999999999994,0.11500000000000021
2025-12-24,2.5,2.3148551039944287,0.4060000000000001,0.536,0.439,0.04400000000000004,0.0940000000000003
2025-12-26,2.5,2.3148551039944287,0.4159999999999999,0.5309999999999997,0.4580000000000002,-0.054999999999999716,0.02300000000000013
2025-12-29,2.5,2.3148551039944287,0.415,0.5310000000000001,0.439,-0.052000000000000046,0.010000000000000231
2025-12-30,2.5,2.3148551039944287,0.4329999999999998,0.524,0.4519999999999999,-0.09299999999999997,-0.002000000000000224
2025-12-31,2.5,2.3148551039944287,0.4319999999999999,0.5230000000000001,0.4529999999999998,-0.06899999999999995,0.0389999999999997
2026-01-02,2.5,2.0050125313283207,0.451,0.524,0.435,-0.10599999999999987,0.018000000000000238
2026-01-05,2.5,2.0050125313283207,0.4630000000000001,0.524,0.4329999999999998,-0.09200000000000008,0.020000000000000018
2026-01-06,2.5,2.0050125313283207,0.4500000000000002,0.512,0.4479999999999999,-0.04600000000000026,0.040000000000000036
2026-01-07,2.5,2.0050125313283207,0.4439999999999999,0.5129999999999999,0.4100000000000001,-0.12399999999999967,-0.04699999999999971
2026-01-08,2.5,2.0050125313283207,0.439,0.516,0.4020000000000001,-0.18199999999999994,-0.11199999999999966
2026-01-09,2.5,2.0050125313283207,0.4439999999999999,0.5029999999999997,0.4420000000000001,-0.15300000000000002,0.015000000000000124
2026-01-12,2.5,2.0050125313283207,0.4119999999999999,0.4889999999999999,0.48,-0.121,0.01399999999999979
2026-01-13,2.5,2.0050125313283207,0.4089999999999998,0.4830000000000001,0.5030000000000001,-0.08999999999999986,0.0030000000000001137
2026-01-14,2.5,2.0050125313283207,0.4220000000000001,0.4849999999999999,0.496,-0.0040000000000000036,0.09299999999999997
2026-01-15,2.5,2.0050125313283207,0.403,0.4750000000000001,0.5899999999999999,0.09099999999999975,0.17999999999999972
2026-01-16,2.5,2.0050125313283207,0.4079999999999999,0.48,0.5800000000000001,0.08400000000000007,0.16400000000000015
2026-01-19,2.5,2.0050125313283207,0.435,0.4690000000000003,0.6299999999999999,0.1629999999999998,0.2530000000000001
2026-01-20,2.5,2.0050125313283207,0.4620000000000002,0.4620000000000002,0.6909999999999998,0.18100000000000005,0.31099999999999994
2026-01-21,2.5,2.0050125313283207,0.4639999999999999,0.4860000000000002,0.6379999999999999,0.1389999999999998,0.24299999999999988
2026-01-22,2.5,2.0050125313283207,0.4489999999999998,0.5060000000000002,0.609,0.1459999999999999,0.17899999999999983
2026-01-23,2.5,2.0050125313283207,0.4529999999999998,0.5070000000000001,0.637,0.19799999999999995,0.24499999999999966
2026-01-26,2.5,2.0050125313283207,0.4479999999999999,0.5150000000000001,0.5960000000000001,0.1379999999999999,0.16999999999999993
2026-01-27,2.5,2.0050125313283207,0.4359999999999999,0.5130000000000003,0.5939999999999999,0.1549999999999998,0.1759999999999997
2026-01-28,2.5,2.0050125313283207,0.4509999999999996,0.5219999999999998,0.5670000000000002,0.11500000000000021,0.133
2026-01-29,2.5,2.0050125313283207,0.451,0.52,0.6059999999999999,0.15300000000000002,0.17200000000000015
2026-01-30,2.5,2.0050125313283207,0.4690000000000003,0.52,0.6379999999999999,0.20299999999999985,0.22100000000000009
2026-02-02,2.5,1.9986216402481105,0.451,0.516,0.6520000000000001,0.2190000000000003,0.2070000000000003
2026-02-03,2.5,1.9986216402481105,0.472,0.5190000000000001,0.6890000000000001,0.2410000000000001,0.2629999999999999
2026-02-04,2.5,1.9986216402481105,0.5,0.5189999999999997,0.7120000000000002,0.30200000000000005,0.3580000000000001
2026-02-05,2.5,1.9986216402481105,0.4829999999999996,0.52,0.7040000000000002,0.30200000000000005,0.34599999999999964
2026-02-06,2.5,1.9986216402481105,0.4769999999999998,0.5219999999999998,0.7330000000000001,0.2909999999999999,0.32399999999999984
2026-02-09,2.5,1.9986216402481105,0.4870000000000001,0.52,0.7669999999999999,0.2869999999999999,0.3620000000000001
2026-02-10,2.5,1.9986216402481105,0.4569999999999998,0.5349999999999997,0.7240000000000002,0.22100000000000009,0.26900000000000013
2026-02-11,2.5,1.9986216402481105,0.4389999999999996,0.5459999999999998,0.7000000000000002,0.20400000000000018,0.22099999999999964
2026-02-12,2.5,1.9986216402481105,0.4639999999999999,0.5620000000000003,0.6539999999999999,0.06400000000000006,0.125
2026-02-13,2.5,1.9986216402481105,0.4290000000000002,0.5630000000000002,0.6419999999999999,0.06199999999999983,0.08300000000000018
2026-02-19,2.5,1.9986216402481105,0.4100000000000001,0.5569999999999999,0.6779999999999999,0.04800000000000004,0.02300000000000013
2026-02-20,2.5,1.9986216402481105,0.3970000000000002,0.5750000000000002,0.6429999999999998,-0.04800000000000004,-0.11299999999999999
2026-02-23,2.5,1.9986216402481105,0.4239999999999999,0.5710000000000002,0.6539999999999999,0.016000000000000014,-0.02400000000000002
2026-02-24,2.5,1.9986216402481105,0.435,0.5720000000000001,0.6579999999999999,0.04899999999999993,0.03500000000000014
2026-02-25,2.5,1.9986216402481105,0.4319999999999999,0.581,0.6240000000000001,-0.0129999999999999,-0.03399999999999981
2026-02-26,2.5,1.9986216402481105,0.4080000000000003,0.5910000000000002,0.5619999999999998,-0.03400000000000025,-0.07399999999999984
2026-02-27,2.5,1.9986216402481105,0.4050000000000002,0.5960000000000001,0.5409999999999999,-0.052999999999999936,-0.08399999999999963
2026-03-03,2.5,2.158397110671584,0.4139999999999997,0.589,0.6800000000000002,0.11299999999999999,0.07600000000000007
2026-03-04,2.5,2.158397110671584,0.4090000000000002,0.577,0.7229999999999999,0.11699999999999999,0.07500000000000018
2026-03-05,2.5,2.158397110671584,0.3999999999999999,0.5880000000000001,0.6890000000000001,0.051000000000000156,-0.018000000000000238
2026-03-06,2.5,2.158397110671584,0.3890000000000002,0.5880000000000001,0.7269999999999999,0.07499999999999973,0.0129999999999999
2026-03-09,2.5,2.158397110671584,0.3189999999999999,0.577,0.92,0.23099999999999987,0.07799999999999985
2026-03-10,2.5,2.158397110671584,0.3460000000000001,0.5910000000000002,0.7829999999999999,0.07099999999999973,-0.08300000000000018
2026-03-11,2.5,2.158397110671584,0.355,0.5920000000000001,0.7530000000000001,0.04899999999999993,-0.07899999999999974
2026-03-12,2.5,2.158397110671584,0.3780000000000001,0.5950000000000002,0.7709999999999999,0.03799999999999981,-0.06099999999999994
2026-03-13,2.5,2.158397110671584,0.363,0.581,0.8380000000000001,0.07100000000000017,-0.052999999999999936
2026-03-16,2.5,2.158397110671584,0.3800000000000003,0.5870000000000002,0.7999999999999998,0.07599999999999962,-0.0009999999999998899
2026-03-17,2.5,2.158397110671584,0.3680000000000003,0.5820000000000003,0.8239999999999998,0.12399999999999967,0.05300000000000038
2026-03-18,2.5,2.158397110671584,0.3449999999999997,0.5939999999999999,0.7610000000000001,0.1070000000000002,-0.01200000000000001
2026-03-19,2.5,2.158397110671584,0.3639999999999999,0.5859999999999999,0.8290000000000002,0.18700000000000028,0.12199999999999989
2026-03-20,2.5,2.158397110671584,0.326,0.581,0.91,0.2320000000000002,0.14800000000000013
2026-03-23,2.5,2.158397110671584,0.262,0.5800000000000001,1.117,0.4740000000000002,0.33899999999999997
2026-03-24,2.5,2.158397110671584,0.3119999999999998,0.5980000000000003,1.023,0.3690000000000002,0.2570000000000001
2026-03-25,2.5,2.158397110671584,0.3010000000000001,0.6000000000000005,1.0579999999999998,0.3999999999999999,0.266
2026-03-26,2.5,2.158397110671584,0.3130000000000001,0.6039999999999996,1.052,0.42799999999999994,0.30900000000000016
2026-03-27,2.5,2.158397110671584,0.3330000000000002,0.6000000000000005,1.082,0.52,0.44499999999999984
2026-03-30,2.5,2.158397110671584,0.3490000000000002,0.6150000000000002,1.0419999999999998,0.5009999999999999,0.44499999999999984
2026-03-31,2.5,2.158397110671584,0.3269999999999999,0.6140000000000003,1.052,0.3719999999999999,0.28500000000000014
2026-04-01,2.5,2.5691699604743157,0.3189999999999999,0.641,0.8700000000000001,0.14700000000000024,0.05699999999999994
2026-04-02,2.5,2.5691699604743157,0.3269999999999999,0.637,0.977,0.2879999999999998,0.21499999999999986
2026-04-03,2.5,2.5691699604743157,0.2989999999999999,0.645,0.948,0.22100000000000009,0.13099999999999978
2026-04-06,2.5,2.5691699604743157,0.2930000000000001,0.6490000000000005,0.932,0.01200000000000001,-0.01399999999999979
2026-04-07,2.5,2.5691699604743157,0.3029999999999999,0.6560000000000001,0.951,0.16800000000000015,0.125
2026-04-08,2.5,2.5691699604743157,0.3130000000000001,0.6579999999999999,0.815,0.06199999999999983,0.020000000000000018
2026-04-09,2.5,2.5691699604743157,0.322,0.661,0.8380000000000001,0.06700000000000017,0.01100000000000012
2026-04-10,2.5,2.5691699604743157,0.326,0.6579999999999999,0.8599999999999999,0.021999999999999797,-0.015000000000000124
2026-04-13,2.5,2.5691699604743157,0.3329999999999997,0.661,0.8820000000000001,0.0820000000000003,0.0349999999999997
2026-04-14,2.5,2.5691699604743157,0.3189999999999999,0.6659999999999999,0.839,0.015000000000000124,-0.03400000000000025
2026-04-15,2.5,2.5691699604743157,0.3269999999999999,0.6670000000000003,0.8279999999999998,0.06699999999999973,0.04899999999999993
2026-04-16,2.5,2.5691699604743157,0.3349999999999999,0.665,0.8399999999999999,0.010999999999999677,-0.018000000000000238
2026-04-17,2.5,2.5691699604743157,0.3460000000000001,0.6659999999999999,0.871,-0.039000000000000146,-0.019000000000000128
2026-04-20,2.5,2.5691699604743157,0.3400000000000003,0.6680000000000001,0.8479999999999999,-0.26900000000000013,-0.19099999999999984
2026-04-21,2.5,2.5691699604743157,0.3249999999999997,0.6640000000000001,0.8300000000000001,-0.19300000000000006,-0.18000000000000016
2026-04-22,2.5,2.5691699604743157,0.3319999999999998,0.6629999999999994,0.8650000000000002,-0.19299999999999962,-0.16199999999999992
2026-04-23,2.5,2.5691699604743157,0.3329999999999997,0.649,0.9580000000000002,-0.09399999999999986,-0.07400000000000029
2026-04-24,2.5,2.5691699604743157,0.3210000000000002,0.6489999999999996,0.996,-0.08599999999999985,-0.09799999999999986
2026-04-27,2.5,2.5691699604743157,0.3279999999999998,0.6550000000000002,0.992,-0.04999999999999982,-0.07100000000000017
2026-04-28,2.5,2.5691699604743157,0.3320000000000003,0.6530000000000005,1.029,-0.02300000000000013,-0.017999999999999794
2026-04-29,2.5,2.5691699604743157,0.318,0.6599999999999997,1.025,0.1549999999999998,0.15399999999999991
2026-04-30,2.5,2.5691699604743157,0.3279999999999998,0.653,1.0950000000000002,0.11800000000000033,0.11900000000000022
2026-05-04,2.5,3.1392448610991774,0.3169999999999997,0.6529999999999996,1.1150000000000002,0.16700000000000026,0.18500000000000005
2026-05-06,2.5,3.1392448610991774,0.3369999999999997,0.6539999999999995,1.0950000000000002,0.16300000000000026,0.20699999999999985
2026-05-07,2.5,3.1392448610991774,0.3420000000000001,0.653,1.0459999999999998,0.09499999999999975,0.1339999999999999
2026-05-08,2.5,3.1392448610991774,0.3399999999999998,0.649,1.069,0.254,0.2809999999999997
2026-05-11,2.5,3.1392448610991774,0.3520000000000003,0.6470000000000002,1.098,0.2599999999999998,0.29000000000000004
2026-05-12,2.5,3.1392448610991774,0.3820000000000001,0.637,1.174,0.31400000000000006,0.3700000000000001
2026-05-13,2.5,3.1392448610991774,0.4089999999999998,0.6379999999999999,1.1349999999999998,0.25299999999999967,0.32899999999999974
2026-05-14,2.5,3.1392448610991774,0.431,0.6299999999999999,1.154,0.31499999999999995,0.42700000000000005
2026-05-15,2.5,3.1392448610991774,0.4509999999999996,0.625,1.266,0.43800000000000017,0.5619999999999998
2026-05-18,2.5,3.1392448610991774,0.4819999999999997,0.6240000000000001,1.257,0.41700000000000026,0.5640000000000001
2026-05-19,2.5,3.1392448610991774,0.4590000000000001,0.6259999999999999,1.251,0.3799999999999999,0.4929999999999999
2026-05-20,2.5,3.1392448610991774,0.4380000000000006,0.6260000000000003,1.2599999999999998,0.4119999999999999,0.5100000000000002
2026-05-21,2.5,3.1392448610991774,0.4210000000000002,0.6280000000000001,1.253,0.42300000000000004,0.5190000000000006
2026-05-22,2.5,3.1392448610991774,0.3919999999999999,0.6249999999999996,1.2360000000000002,0.371,0.43100000000000005
2026-05-26,2.5,3.1392448610991774,0.4090000000000002,0.6309999999999998,1.164,0.20599999999999996,0.2820000000000005
2026-05-27,2.5,3.1392448610991774,0.3910000000000004,0.6250000000000004,1.211,0.21499999999999986,0.28500000000000014
2026-05-28,2.5,3.1392448610991774,0.3810000000000002,0.6180000000000003,1.266,0.274,0.3270000000000004
2026-05-29,2.5,3.1392448610991774,0.3369999999999997,0.6219999999999999,1.231,0.20199999999999996,0.2069999999999994
2026-06-01,2.5,3.1639583870690435,0.3840000000000003,0.6200000000000001,1.29,0.2650000000000001,0.3310000000000004
2026-06-02,2.5,3.1639583870690435,0.3619999999999996,0.6240000000000001,1.273,0.17799999999999994,0.21199999999999974
2026-06-04,2.5,3.1639583870690435,0.371,0.6220000000000003,1.358,0.24299999999999988,0.29700000000000015
2026-06-05,2.5,3.1639583870690435,0.3719999999999994,0.6190000000000002,1.382,0.2869999999999999,0.3219999999999996
2026-06-08,2.5,3.1639583870690435,0.4079999999999999,0.6250000000000004,1.44,0.39400000000000013,0.45999999999999996
2026-06-09,2.5,3.1639583870690435,0.4169999999999998,0.6360000000000001,1.356,0.2869999999999999,0.3639999999999999
2026-06-10,2.5,3.1639583870690435,0.3919999999999999,0.6179999999999999,1.3809999999999998,0.2829999999999999,0.3229999999999995
2026-06-11,2.5,3.1639583870690435,0.3959999999999999,0.6109999999999998,1.404,0.22999999999999998,0.24399999999999977
2026-06-12,2.5,3.1639583870690435,0.3870000000000004,0.625,1.3079999999999998,0.17300000000000004,0.1510000000000007
2026-06-15,2.5,3.1639583870690435,0.3740000000000001,0.629,1.2440000000000002,0.0900000000000003,0.03300000000000036
2026-06-16,2.5,3.1639583870690435,0.3930000000000002,0.6309999999999998,1.217,-0.04899999999999993,-0.10699999999999932
2026-06-17,2.5,3.1639583870690435,0.3609999999999997,0.6349999999999998,1.21,-0.04700000000000015,-0.16800000000000015
2026-06-18,2.5,3.1639583870690435,0.3680000000000003,0.6310000000000002,1.25,-0.0009999999999998899,-0.09199999999999964
2026-06-19,2.5,3.1639583870690435,0.3870000000000004,0.6349999999999998,1.2839999999999998,0.02400000000000002,-0.027000000000000135
2026-06-22,2.5,3.1639583870690435,0.3850000000000002,0.6320000000000001,1.31,0.05699999999999994,0.020999999999999908
2026-06-23,2.5,3.1639583870690435,0.4010000000000002,0.6469999999999998,1.27,0.03399999999999981,0.04300000000000015
2026-06-24,2.5,3.1639583870690435,0.3990000000000004,0.6560000000000001,1.2719999999999998,0.10799999999999965,0.09799999999999986
2026-06-25,2.5,3.1639583870690435,0.387,0.6459999999999995,1.257,0.04600000000000026,0.041999999999999815
2026-06-26,2.5,3.1639583870690435,0.395,0.6579999999999999,1.222,-0.04400000000000004,-0.03000000000000025
2026-06-29,2.5,3.1639583870690435,0.411,0.6629999999999998,1.233,0.002000000000000224,0.07600000000000051
2026-06-30,2.5,3.1639583870690435,0.3880000000000003,0.6720000000000002,1.2029999999999998,-0.08700000000000019,-0.08300000000000018
2026-07-01,2.5,2.7892207346378317,0.4140000000000001,0.6750000000000003,1.291,0.017999999999999794,0.07000000000000028
2026-07-02,2.5,2.7892207346378317,0.4359999999999999,0.6840000000000002,1.247,-0.11100000000000021,-0.04600000000000026
2026-07-03,2.5,2.7892207346378317,0.4489999999999998,0.6849999999999996,1.2480000000000002,-0.1339999999999999,-0.056999999999999496
2026-07-06,2.5,2.7892207346378317,0.4270000000000005,0.6829999999999998,1.2759999999999998,-0.16400000000000015,-0.14499999999999957
2026-07-07,2.5,2.7892207346378317,0.4330000000000003,0.6920000000000006,1.2799999999999998,-0.07600000000000007,-0.05999999999999961
2026-07-08,2.5,2.7892207346378317,0.4700000000000002,0.698,1.275,-0.10599999999999987,-0.02799999999999958
2026-07-09,2.5,2.7892207346378317,0.472,0.6999999999999997,1.278,-0.1259999999999999,-0.04999999999999982
2026-07-10,2.5,2.7892207346378317,0.4620000000000006,0.6980000000000004,1.2679999999999998,-0.040000000000000036,0.03500000000000014
2026-07-13,2.5,2.7892207346378317,0.4539999999999997,0.6970000000000001,1.3090000000000002,0.06499999999999995,0.14499999999999957
2026-07-14,2.5,2.7892207346378317,0.4460000000000002,0.6949999999999998,1.387,0.16999999999999993,0.22299999999999986
2026-07-15,2.5,2.7892207346378317,0.4609999999999998,0.6969999999999996,1.366,0.15600000000000014,0.2560000000000002
2026-07-16,2.75,2.7892207346378317,0.4489999999999998,0.6959999999999997,1.098,0.09799999999999986,0.17899999999999938
2026-07-20,2.75,2.7892207346378317,0.4410000000000003,0.6949999999999998,1.145,0.11100000000000021,0.16500000000000004
2026-07-21,2.75,2.7892207346378317,0.4610000000000003,0.7039999999999997,1.117,0.05699999999999994,0.133
2026-07-22,2.75,2.7892207346378317,0.4810000000000003,0.6910000000000003,1.1629999999999998,0.1429999999999998,0.22299999999999986
2026-07-23,2.75,2.7892207346378317,0.4750000000000005,0.6920000000000002,1.1669999999999998,0.14500000000000002,0.22100000000000009
2026-07-24,2.75,2.7892207346378317,0.488,0.6939999999999995,1.209,0.20199999999999996,0.30299999999999994
2026-07-27,2.75,2.7892207346378317,0.4679999999999999,0.7109999999999994,1.1150000000000002,0.14300000000000024,0.2160000000000002
2026-07-28,2.75,2.7892207346378317,0.4599999999999995,0.7159999999999997,1.0790000000000002,0.09600000000000009,0.14499999999999957
2026-07-29,2.75,2.7892207346378317,0.4569999999999998,0.7119999999999997,1.0499999999999998,0.09699999999999998,0.16599999999999948
2026-07-30,2.75,2.7892207346378317,0.48,0.7100000000000004,1.081,0.040000000000000036,0.10599999999999987
2026-07-31,2.75,2.7892207346378317,0.5030000000000001,0.7199999999999998,1.008,0.01100000000000012,0.07800000000000029
2026-08-03,2.75,2.7892207346378317,0.5220000000000002,0.7199999999999998,0.992,-0.006000000000000227,0.06700000000000017
2026-08-04,2.75,2.7892207346378317,0.5199999999999996,0.718,0.9900000000000002,-0.03599999999999959,0.056999999999999496
2026-08-05,2.75,2.7892207346378317,0.4810000000000003,0.7230000000000003,0.919,-0.11099999999999977,-0.06299999999999972
2026-08-06,2.75,2.7892207346378317,0.4530000000000003,0.7030000000000003,0.992,-0.03299999999999992,-0.04999999999999982
2026-08-07,2.75,2.7892207346378317,0.4620000000000002,0.7020000000000004,0.996,-0.03200000000000003,-0.041999999999999815
