STAT_CODE,STAT_NAME,ITEM_CODE1,ITEM_NAME1,ITEM_CODE2,ITEM_NAME2,ITEM_CODE3,ITEM_NAME3,ITEM_CODE4,ITEM_NAME4,UNIT_NAME,WGT,TIME,DATA_VALUE
817Y002,1.3.2.1. 시장금리(일별),010300000,"회사채(3년, AA-)",,,,,,,연%,,20150102,2.464
817Y002,1.3.2.1. 시장금리(일별),010300000,"회사채(3년, AA-)",,,,,,,연%,,20150105,2.446
817Y002,1.3.2.1. 시장금리(일별),010300000,"회사채(3년, AA-)",,,,,,,연%,,20150106,2.408
817Y002,1.3.2.1. 시장금리(일별),010300000,"회사채(3년, AA-)",,,,,,,연%,,20150107,2.408
817Y002,1.3.2.1. 시장금리(일별),010300000,"회사채(3년, AA-)",,,,,,,연%,,20150108,2.403
817Y002,1.3.2.1. 시장금리(일별),010300000,"회사채(3년, AA-)",,,,,,,연%,,20150109,2.391
817Y002,1.3.2.1. 시장금리(일별),010300000,"회사채(3년, AA-)",,,,,,,연%,,20150112,2.339
817Y002,1.3.2.1. 시장금리(일별),010300000,"회사채(3년, AA-)",,,,,,,연%,,20150113,2.343
817Y002,1.3.2.1. 시장금리(일별),010300000,"회사채(3년, AA-)",,,,,,,연%,,20150114,2.296
817Y002,1.3.2.1. 시장금리(일별),010300000,"회사채(3년, AA-)",,,,,,,연%,,20150115,2.362
817Y002,1.3.2.1. 시장금리(일별),010300000,"회사채(3년, AA-)",,,,,,,연%,,20150116,2.33
817Y002,1.3.2.1. 시장금리(일별),010300000,"회사채(3년, AA-)",,,,,,,연%,,20150119,2.359
817Y002,1.3.2.1. 시장금리(일별),010300000,"회사채(3년, AA-)",,,,,,,연%,,20150120,2.346
817Y002,1.3.2.1. 시장금리(일별),010300000,"회사채(3년, AA-)",,,,,,,연%,,20150121,2.361
817Y002,1.3.2.1. 시장금리(일별),010300000,"회사채(3년, AA-)",,,,,,,연%,,20150122,2.377
817Y002,1.3.2.1. 시장금리(일별),010300000,"회사채(3년, AA-)",,,,,,,연%,,20150123,2.333
817Y002,1.3.2.1. 시장금리(일별),010300000,"회사채(3년, AA-)",,,,,,,연%,,20150126,2.322
817Y002,1.3.2.1. 시장금리(일별),010300000,"회사채(3년, AA-)",,,,,,,연%,,20150127,2.325
817Y002,1.3.2.1. 시장금리(일별),010300000,"회사채(3년, AA-)",,,,,,,연%,,20150128,2.303
817Y002,1.3.2.1. 시장금리(일별),010300000,"회사채(3년, AA-)",,,,,,,연%,,20150129,2.296
817Y002,1.3.2.1. 시장금리(일별),010300000,"회사채(3년, AA-)",,,,,,,연%,,20150130,2.274
817Y002,1.3.2.1. 시장금리(일별),010300000,"회사채(3년, AA-)",,,,,,,연%,,20150202,2.28
817Y002,1.3.2.1. 시장금리(일별),010300000,"회사채(3년, AA-)",,,,,,,연%,,20150203,2.241
817Y002,1.3.2.1. 시장금리(일별),010300000,"회사채(3년, AA-)",,,,,,,연%,,20150204,2.258
817Y002,1.3.2.1. 시장금리(일별),010300000,"회사채(3년, AA-)",,,,,,,연%,,20150205,2.266
817Y002,1.3.2.1. 시장금리(일별),010300000,"회사채(3년, AA-)",,,,,,,연%,,20150206,2.251
817Y002,1.3.2.1. 시장금리(일별),010300000,"회사채(3년, AA-)",,,,,,,연%,,20150209,2.264
817Y002,1.3.2.1. 시장금리(일별),010300000,"회사채(3년, AA-)",,,,,,,연%,,20150210,2.321
817Y002,1.3.2.1. 시장금리(일별),010300000,"회사채(3년, AA-)",,,,,,,연%,,20150211,2.318
817Y002,1.3.2.1. 시장금리(일별),010300000,"회사채(3년, AA-)",,,,,,,연%,,20150212,2.34
817Y002,1.3.2.1. 시장금리(일별),010300000,"회사채(3년, AA-)",,,,,,,연%,,20150213,2.321
817Y002,1.3.2.1. 시장금리(일별),010300000,"회사채(3년, AA-)",,,,,,,연%,,20150216,2.356
817Y002,1.3.2.1. 시장금리(일별),010300000,"회사채(3년, AA-)",,,,,,,연%,,20150217,2.323
817Y002,1.3.2.1. 시장금리(일별),010300000,"회사채(3년, AA-)",,,,,,,연%,,20150223,2.332
817Y002,1.3.2.1. 시장금리(일별),010300000,"회사채(3년, AA-)",,,,,,,연%,,20150224,2.334
817Y002,1.3.2.1. 시장금리(일별),010300000,"회사채(3년, AA-)",,,,,,,연%,,20150225,2.307
817Y002,1.3.2.1. 시장금리(일별),010300000,"회사채(3년, AA-)",,,,,,,연%,,20150226,2.302
817Y002,1.3.2.1. 시장금리(일별),010300000,"회사채(3년, AA-)",,,,,,,연%,,20150227,2.291
817Y002,1.3.2.1. 시장금리(일별),010300000,"회사채(3년, AA-)",,,,,,,연%,,20150302,2.263
817Y002,1.3.2.1. 시장금리(일별),010300000,"회사채(3년, AA-)",,,,,,,연%,,20150303,2.258
817Y002,1.3.2.1. 시장금리(일별),010300000,"회사채(3년, AA-)",,,,,,,연%,,20150304,2.25
817Y002,1.3.2.1. 시장금리(일별),010300000,"회사채(3년, AA-)",,,,,,,연%,,20150305,2.246
817Y002,1.3.2.1. 시장금리(일별),010300000,"회사채(3년, AA-)",,,,,,,연%,,20150306,2.214
817Y002,1.3.2.1. 시장금리(일별),010300000,"회사채(3년, AA-)",,,,,,,연%,,20150309,2.202
817Y002,1.3.2.1. 시장금리(일별),010300000,"회사채(3년, AA-)",,,,,,,연%,,20150310,2.206
817Y002,1.3.2.1. 시장금리(일별),010300000,"회사채(3년, AA-)",,,,,,,연%,,20150311,2.166
817Y002,1.3.2.1. 시장금리(일별),010300000,"회사채(3년, AA-)",,,,,,,연%,,20150312,2.154
817Y002,1.3.2.1. 시장금리(일별),010300000,"회사채(3년, AA-)",,,,,,,연%,,20150313,2.129
817Y002,1.3.2.1. 시장금리(일별),010300000,"회사채(3년, AA-)",,,,,,,연%,,20150316,2.115
817Y002,1.3.2.1. 시장금리(일별),010300000,"회사채(3년, AA-)",,,,,,,연%,,20150317,2.126
817Y002,1.3.2.1. 시장금리(일별),010300000,"회사채(3년, AA-)",,,,,,,연%,,20150318,2.114
817Y002,1.3.2.1. 시장금리(일별),010300000,"회사채(3년, AA-)",,,,,,,연%,,20150319,2.083
817Y002,1.3.2.1. 시장금리(일별),010300000,"회사채(3년, AA-)",,,,,,,연%,,20150320,2.062
817Y002,1.3.2.1. 시장금리(일별),010300000,"회사채(3년, AA-)",,,,,,,연%,,20150323,2.058
817Y002,1.3.2.1. 시장금리(일별),010300000,"회사채(3년, AA-)",,,,,,,연%,,20150324,2.055
817Y002,1.3.2.1. 시장금리(일별),010300000,"회사채(3년, AA-)",,,,,,,연%,,20150325,2.045
817Y002,1.3.2.1. 시장금리(일별),010300000,"회사채(3년, AA-)",,,,,,,연%,,20150326,2.043
817Y002,1.3.2.1. 시장금리(일별),010300000,"회사채(3년, AA-)",,,,,,,연%,,20150327,2.03
817Y002,1.3.2.1. 시장금리(일별),010300000,"회사채(3년, AA-)",,,,,,,연%,,20150330,2.011
817Y002,1.3.2.1. 시장금리(일별),010300000,"회사채(3년, AA-)",,,,,,,연%,,20150331,1.992
817Y002,1.3.2.1. 시장금리(일별),010300000,"회사채(3년, AA-)",,,,,,,연%,,20150401,1.99
817Y002,1.3.2.1. 시장금리(일별),010300000,"회사채(3년, AA-)",,,,,,,연%,,20150402,1.988
817Y002,1.3.2.1. 시장금리(일별),010300000,"회사채(3년, AA-)",,,,,,,연%,,20150403,1.98
817Y002,1.3.2.1. 시장금리(일별),010300000,"회사채(3년, AA-)",,,,,,,연%,,20150406,1.971
817Y002,1.3.2.1. 시장금리(일별),010300000,"회사채(3년, AA-)",,,,,,,연%,,20150407,1.975
817Y002,1.3.2.1. 시장금리(일별),010300000,"회사채(3년, AA-)",,,,,,,연%,,20150408,1.978
817Y002,1.3.2.1. 시장금리(일별),010300000,"회사채(3년, AA-)",,,,,,,연%,,20150409,1.951
817Y002,1.3.2.1. 시장금리(일별),010300000,"회사채(3년, AA-)",,,,,,,연%,,20150410,1.963
817Y002,1.3.2.1. 시장금리(일별),010300000,"회사채(3년, AA-)",,,,,,,연%,,20150413,1.975
817Y002,1.3.2.1. 시장금리(일별),010300000,"회사채(3년, AA-)",,,,,,,연%,,20150414,1.978
817Y002,1.3.2.1. 시장금리(일별),010300000,"회사채(3년, AA-)",,,,,,,연%,,20150415,1.972
817Y002,1.3.2.1. 시장금리(일별),010300000,"회사채(3년, AA-)",,,,,,,연%,,20150416,1.976
817Y002,1.3.2.1. 시장금리(일별),010300000,"회사채(3년, AA-)",,,,,,,연%,,20150417,1.944
817Y002,1.3.2.1. 시장금리(일별),010300000,"회사채(3년, AA-)",,,,,,,연%,,20150420,1.948
817Y002,1.3.2.1. 시장금리(일별),010300000,"회사채(3년, AA-)",,,,,,,연%,,20150421,1.958
817Y002,1.3.2.1. 시장금리(일별),010300000,"회사채(3년, AA-)",,,,,,,연%,,20150422,1.959
817Y002,1.3.2.1. 시장금리(일별),010300000,"회사채(3년, AA-)",,,,,,,연%,,20150423,1.983
817Y002,1.3.2.1. 시장금리(일별),010300000,"회사채(3년, AA-)",,,,,,,연%,,20150424,2.008
817Y002,1.3.2.1. 시장금리(일별),010300000,"회사채(3년, AA-)",,,,,,,연%,,20150427,2.019
817Y002,1.3.2.1. 시장금리(일별),010300000,"회사채(3년, AA-)",,,,,,,연%,,20150428,2.062
817Y002,1.3.2.1. 시장금리(일별),010300000,"회사채(3년, AA-)",,,,,,,연%,,20150429,2.079
817Y002,1.3.2.1. 시장금리(일별),010300000,"회사채(3년, AA-)",,,,,,,연%,,20150430,2.08
817Y002,1.3.2.1. 시장금리(일별),010300000,"회사채(3년, AA-)",,,,,,,연%,,20150504,2.131
817Y002,1.3.2.1. 시장금리(일별),010300000,"회사채(3년, AA-)",,,,,,,연%,,20150506,2.193
817Y002,1.3.2.1. 시장금리(일별),010300000,"회사채(3년, AA-)",,,,,,,연%,,20150507,2.189
817Y002,1.3.2.1. 시장금리(일별),010300000,"회사채(3년, AA-)",,,,,,,연%,,20150508,2.109
817Y002,1.3.2.1. 시장금리(일별),010300000,"회사채(3년, AA-)",,,,,,,연%,,20150511,2.103
817Y002,1.3.2.1. 시장금리(일별),010300000,"회사채(3년, AA-)",,,,,,,연%,,20150512,2.177
817Y002,1.3.2.1. 시장금리(일별),010300000,"회사채(3년, AA-)",,,,,,,연%,,20150513,2.107
817Y002,1.3.2.1. 시장금리(일별),010300000,"회사채(3년, AA-)",,,,,,,연%,,20150514,2.098
817Y002,1.3.2.1. 시장금리(일별),010300000,"회사채(3년, AA-)",,,,,,,연%,,20150515,2.121
817Y002,1.3.2.1. 시장금리(일별),010300000,"회사채(3년, AA-)",,,,,,,연%,,20150518,2.129
817Y002,1.3.2.1. 시장금리(일별),010300000,"회사채(3년, AA-)",,,,,,,연%,,20150519,2.142
817Y002,1.3.2.1. 시장금리(일별),010300000,"회사채(3년, AA-)",,,,,,,연%,,20150520,2.119
817Y002,1.3.2.1. 시장금리(일별),010300000,"회사채(3년, AA-)",,,,,,,연%,,20150521,2.122
817Y002,1.3.2.1. 시장금리(일별),010300000,"회사채(3년, AA-)",,,,,,,연%,,20150522,2.114
817Y002,1.3.2.1. 시장금리(일별),010300000,"회사채(3년, AA-)",,,,,,,연%,,20150526,2.095
817Y002,1.3.2.1. 시장금리(일별),010300000,"회사채(3년, AA-)",,,,,,,연%,,20150527,2.062
817Y002,1.3.2.1. 시장금리(일별),010300000,"회사채(3년, AA-)",,,,,,,연%,,20150528,2.054
817Y002,1.3.2.1. 시장금리(일별),010300000,"회사채(3년, AA-)",,,,,,,연%,,20150529,2.006
817Y002,1.3.2.1. 시장금리(일별),010300000,"회사채(3년, AA-)",,,,,,,연%,,20150601,2.008
817Y002,1.3.2.1. 시장금리(일별),010300000,"회사채(3년, AA-)",,,,,,,연%,,20150602,1.991
817Y002,1.3.2.1. 시장금리(일별),010300000,"회사채(3년, AA-)",,,,,,,연%,,20150603,2.018
817Y002,1.3.2.1. 시장금리(일별),010300000,"회사채(3년, AA-)",,,,,,,연%,,20150604,2.027
817Y002,1.3.2.1. 시장금리(일별),010300000,"회사채(3년, AA-)",,,,,,,연%,,20150605,2
817Y002,1.3.2.1. 시장금리(일별),010300000,"회사채(3년, AA-)",,,,,,,연%,,20150608,1.993
817Y002,1.3.2.1. 시장금리(일별),010300000,"회사채(3년, AA-)",,,,,,,연%,,20150609,1.99
817Y002,1.3.2.1. 시장금리(일별),010300000,"회사채(3년, AA-)",,,,,,,연%,,20150610,2.011
817Y002,1.3.2.1. 시장금리(일별),010300000,"회사채(3년, AA-)",,,,,,,연%,,20150611,2.035
817Y002,1.3.2.1. 시장금리(일별),010300000,"회사채(3년, AA-)",,,,,,,연%,,20150612,2.003
817Y002,1.3.2.1. 시장금리(일별),010300000,"회사채(3년, AA-)",,,,,,,연%,,20150615,2
817Y002,1.3.2.1. 시장금리(일별),010300000,"회사채(3년, AA-)",,,,,,,연%,,20150616,2.001
817Y002,1.3.2.1. 시장금리(일별),010300000,"회사채(3년, AA-)",,,,,,,연%,,20150617,2.03
817Y002,1.3.2.1. 시장금리(일별),010300000,"회사채(3년, AA-)",,,,,,,연%,,20150618,2.013
817Y002,1.3.2.1. 시장금리(일별),010300000,"회사채(3년, AA-)",,,,,,,연%,,20150619,1.998
817Y002,1.3.2.1. 시장금리(일별),010300000,"회사채(3년, AA-)",,,,,,,연%,,20150622,2.015
817Y002,1.3.2.1. 시장금리(일별),010300000,"회사채(3년, AA-)",,,,,,,연%,,20150623,2.02
817Y002,1.3.2.1. 시장금리(일별),010300000,"회사채(3년, AA-)",,,,,,,연%,,20150624,2.028
817Y002,1.3.2.1. 시장금리(일별),010300000,"회사채(3년, AA-)",,,,,,,연%,,20150625,2.031
817Y002,1.3.2.1. 시장금리(일별),010300000,"회사채(3년, AA-)",,,,,,,연%,,20150626,2.03
817Y002,1.3.2.1. 시장금리(일별),010300000,"회사채(3년, AA-)",,,,,,,연%,,20150629,2.009
817Y002,1.3.2.1. 시장금리(일별),010300000,"회사채(3년, AA-)",,,,,,,연%,,20150630,2.007
817Y002,1.3.2.1. 시장금리(일별),010300000,"회사채(3년, AA-)",,,,,,,연%,,20150701,2.019
817Y002,1.3.2.1. 시장금리(일별),010300000,"회사채(3년, AA-)",,,,,,,연%,,20150702,2.042
817Y002,1.3.2.1. 시장금리(일별),010300000,"회사채(3년, AA-)",,,,,,,연%,,20150703,2.037
817Y002,1.3.2.1. 시장금리(일별),010300000,"회사채(3년, AA-)",,,,,,,연%,,20150706,2.033
817Y002,1.3.2.1. 시장금리(일별),010300000,"회사채(3년, AA-)",,,,,,,연%,,20150707,2.031
817Y002,1.3.2.1. 시장금리(일별),010300000,"회사채(3년, AA-)",,,,,,,연%,,20150708,2.015
817Y002,1.3.2.1. 시장금리(일별),010300000,"회사채(3년, AA-)",,,,,,,연%,,20150709,2.017
817Y002,1.3.2.1. 시장금리(일별),010300000,"회사채(3년, AA-)",,,,,,,연%,,20150710,2.023
817Y002,1.3.2.1. 시장금리(일별),010300000,"회사채(3년, AA-)",,,,,,,연%,,20150713,2.021
817Y002,1.3.2.1. 시장금리(일별),010300000,"회사채(3년, AA-)",,,,,,,연%,,20150714,2.017
817Y002,1.3.2.1. 시장금리(일별),010300000,"회사채(3년, AA-)",,,,,,,연%,,20150715,2.015
817Y002,1.3.2.1. 시장금리(일별),010300000,"회사채(3년, AA-)",,,,,,,연%,,20150716,2.012
817Y002,1.3.2.1. 시장금리(일별),010300000,"회사채(3년, AA-)",,,,,,,연%,,20150717,2.008
817Y002,1.3.2.1. 시장금리(일별),010300000,"회사채(3년, AA-)",,,,,,,연%,,20150720,2.002
817Y002,1.3.2.1. 시장금리(일별),010300000,"회사채(3년, AA-)",,,,,,,연%,,20150721,2
817Y002,1.3.2.1. 시장금리(일별),010300000,"회사채(3년, AA-)",,,,,,,연%,,20150722,1.983
817Y002,1.3.2.1. 시장금리(일별),010300000,"회사채(3년, AA-)",,,,,,,연%,,20150723,1.955
817Y002,1.3.2.1. 시장금리(일별),010300000,"회사채(3년, AA-)",,,,,,,연%,,20150724,1.945
817Y002,1.3.2.1. 시장금리(일별),010300000,"회사채(3년, AA-)",,,,,,,연%,,20150727,1.942
817Y002,1.3.2.1. 시장금리(일별),010300000,"회사채(3년, AA-)",,,,,,,연%,,20150728,1.969
817Y002,1.3.2.1. 시장금리(일별),010300000,"회사채(3년, AA-)",,,,,,,연%,,20150729,1.959
817Y002,1.3.2.1. 시장금리(일별),010300000,"회사채(3년, AA-)",,,,,,,연%,,20150730,1.979
817Y002,1.3.2.1. 시장금리(일별),010300000,"회사채(3년, AA-)",,,,,,,연%,,20150731,2.01
817Y002,1.3.2.1. 시장금리(일별),010300000,"회사채(3년, AA-)",,,,,,,연%,,20150803,2
817Y002,1.3.2.1. 시장금리(일별),010300000,"회사채(3년, AA-)",,,,,,,연%,,20150804,2.01
817Y002,1.3.2.1. 시장금리(일별),010300000,"회사채(3년, AA-)",,,,,,,연%,,20150805,2.026
817Y002,1.3.2.1. 시장금리(일별),010300000,"회사채(3년, AA-)",,,,,,,연%,,20150806,2.019
817Y002,1.3.2.1. 시장금리(일별),010300000,"회사채(3년, AA-)",,,,,,,연%,,20150807,2.017
817Y002,1.3.2.1. 시장금리(일별),010300000,"회사채(3년, AA-)",,,,,,,연%,,20150810,1.996
817Y002,1.3.2.1. 시장금리(일별),010300000,"회사채(3년, AA-)",,,,,,,연%,,20150811,1.977
817Y002,1.3.2.1. 시장금리(일별),010300000,"회사채(3년, AA-)",,,,,,,연%,,20150812,1.945
817Y002,1.3.2.1. 시장금리(일별),010300000,"회사채(3년, AA-)",,,,,,,연%,,20150813,1.971
817Y002,1.3.2.1. 시장금리(일별),010300000,"회사채(3년, AA-)",,,,,,,연%,,20150817,1.968
817Y002,1.3.2.1. 시장금리(일별),010300000,"회사채(3년, AA-)",,,,,,,연%,,20150818,1.96
817Y002,1.3.2.1. 시장금리(일별),010300000,"회사채(3년, AA-)",,,,,,,연%,,20150819,1.974
817Y002,1.3.2.1. 시장금리(일별),010300000,"회사채(3년, AA-)",,,,,,,연%,,20150820,1.962
817Y002,1.3.2.1. 시장금리(일별),010300000,"회사채(3년, AA-)",,,,,,,연%,,20150821,1.959
817Y002,1.3.2.1. 시장금리(일별),010300000,"회사채(3년, AA-)",,,,,,,연%,,20150824,1.947
817Y002,1.3.2.1. 시장금리(일별),010300000,"회사채(3년, AA-)",,,,,,,연%,,20150825,1.963
817Y002,1.3.2.1. 시장금리(일별),010300000,"회사채(3년, AA-)",,,,,,,연%,,20150826,1.975
817Y002,1.3.2.1. 시장금리(일별),010300000,"회사채(3년, AA-)",,,,,,,연%,,20150827,1.965
817Y002,1.3.2.1. 시장금리(일별),010300000,"회사채(3년, AA-)",,,,,,,연%,,20150828,1.978
817Y002,1.3.2.1. 시장금리(일별),010300000,"회사채(3년, AA-)",,,,,,,연%,,20150831,1.994
817Y002,1.3.2.1. 시장금리(일별),010300000,"회사채(3년, AA-)",,,,,,,연%,,20150901,1.989
817Y002,1.3.2.1. 시장금리(일별),010300000,"회사채(3년, AA-)",,,,,,,연%,,20150902,1.965
817Y002,1.3.2.1. 시장금리(일별),010300000,"회사채(3년, AA-)",,,,,,,연%,,20150903,1.949
817Y002,1.3.2.1. 시장금리(일별),010300000,"회사채(3년, AA-)",,,,,,,연%,,20150904,1.925
817Y002,1.3.2.1. 시장금리(일별),010300000,"회사채(3년, AA-)",,,,,,,연%,,20150907,1.93
817Y002,1.3.2.1. 시장금리(일별),010300000,"회사채(3년, AA-)",,,,,,,연%,,20150908,1.947
817Y002,1.3.2.1. 시장금리(일별),010300000,"회사채(3년, AA-)",,,,,,,연%,,20150909,1.962
817Y002,1.3.2.1. 시장금리(일별),010300000,"회사채(3년, AA-)",,,,,,,연%,,20150910,1.94
817Y002,1.3.2.1. 시장금리(일별),010300000,"회사채(3년, AA-)",,,,,,,연%,,20150911,1.949
817Y002,1.3.2.1. 시장금리(일별),010300000,"회사채(3년, AA-)",,,,,,,연%,,20150914,1.964
817Y002,1.3.2.1. 시장금리(일별),010300000,"회사채(3년, AA-)",,,,,,,연%,,20150915,1.952
817Y002,1.3.2.1. 시장금리(일별),010300000,"회사채(3년, AA-)",,,,,,,연%,,20150916,1.97
817Y002,1.3.2.1. 시장금리(일별),010300000,"회사채(3년, AA-)",,,,,,,연%,,20150917,1.982
817Y002,1.3.2.1. 시장금리(일별),010300000,"회사채(3년, AA-)",,,,,,,연%,,20150918,1.94
817Y002,1.3.2.1. 시장금리(일별),010300000,"회사채(3년, AA-)",,,,,,,연%,,20150921,1.925
817Y002,1.3.2.1. 시장금리(일별),010300000,"회사채(3년, AA-)",,,,,,,연%,,20150922,1.931
817Y002,1.3.2.1. 시장금리(일별),010300000,"회사채(3년, AA-)",,,,,,,연%,,20150923,1.928
817Y002,1.3.2.1. 시장금리(일별),010300000,"회사채(3년, AA-)",,,,,,,연%,,20150924,1.942
817Y002,1.3.2.1. 시장금리(일별),010300000,"회사채(3년, AA-)",,,,,,,연%,,20150925,1.93
817Y002,1.3.2.1. 시장금리(일별),010300000,"회사채(3년, AA-)",,,,,,,연%,,20150930,1.893
817Y002,1.3.2.1. 시장금리(일별),010300000,"회사채(3년, AA-)",,,,,,,연%,,20151001,1.922
817Y002,1.3.2.1. 시장금리(일별),010300000,"회사채(3년, AA-)",,,,,,,연%,,20151002,1.911
817Y002,1.3.2.1. 시장금리(일별),010300000,"회사채(3년, AA-)",,,,,,,연%,,20151005,1.904
817Y002,1.3.2.1. 시장금리(일별),010300000,"회사채(3년, AA-)",,,,,,,연%,,20151006,1.919
817Y002,1.3.2.1. 시장금리(일별),010300000,"회사채(3년, AA-)",,,,,,,연%,,20151007,1.942
817Y002,1.3.2.1. 시장금리(일별),010300000,"회사채(3년, AA-)",,,,,,,연%,,20151008,1.943
817Y002,1.3.2.1. 시장금리(일별),010300000,"회사채(3년, AA-)",,,,,,,연%,,20151012,1.976
817Y002,1.3.2.1. 시장금리(일별),010300000,"회사채(3년, AA-)",,,,,,,연%,,20151013,1.968
817Y002,1.3.2.1. 시장금리(일별),010300000,"회사채(3년, AA-)",,,,,,,연%,,20151014,1.98
817Y002,1.3.2.1. 시장금리(일별),010300000,"회사채(3년, AA-)",,,,,,,연%,,20151015,1.955
817Y002,1.3.2.1. 시장금리(일별),010300000,"회사채(3년, AA-)",,,,,,,연%,,20151016,1.956
817Y002,1.3.2.1. 시장금리(일별),010300000,"회사채(3년, AA-)",,,,,,,연%,,20151019,1.96
817Y002,1.3.2.1. 시장금리(일별),010300000,"회사채(3년, AA-)",,,,,,,연%,,20151020,1.977
817Y002,1.3.2.1. 시장금리(일별),010300000,"회사채(3년, AA-)",,,,,,,연%,,20151021,1.985
817Y002,1.3.2.1. 시장금리(일별),010300000,"회사채(3년, AA-)",,,,,,,연%,,20151022,1.992
817Y002,1.3.2.1. 시장금리(일별),010300000,"회사채(3년, AA-)",,,,,,,연%,,20151023,1.991
817Y002,1.3.2.1. 시장금리(일별),010300000,"회사채(3년, AA-)",,,,,,,연%,,20151026,1.989
817Y002,1.3.2.1. 시장금리(일별),010300000,"회사채(3년, AA-)",,,,,,,연%,,20151027,1.976
817Y002,1.3.2.1. 시장금리(일별),010300000,"회사채(3년, AA-)",,,,,,,연%,,20151028,1.975
817Y002,1.3.2.1. 시장금리(일별),010300000,"회사채(3년, AA-)",,,,,,,연%,,20151029,1.988
817Y002,1.3.2.1. 시장금리(일별),010300000,"회사채(3년, AA-)",,,,,,,연%,,20151030,2.003
817Y002,1.3.2.1. 시장금리(일별),010300000,"회사채(3년, AA-)",,,,,,,연%,,20151102,2.006
817Y002,1.3.2.1. 시장금리(일별),010300000,"회사채(3년, AA-)",,,,,,,연%,,20151103,2.019
817Y002,1.3.2.1. 시장금리(일별),010300000,"회사채(3년, AA-)",,,,,,,연%,,20151104,2.032
817Y002,1.3.2.1. 시장금리(일별),010300000,"회사채(3년, AA-)",,,,,,,연%,,20151105,2.047
817Y002,1.3.2.1. 시장금리(일별),010300000,"회사채(3년, AA-)",,,,,,,연%,,20151106,2.083
817Y002,1.3.2.1. 시장금리(일별),010300000,"회사채(3년, AA-)",,,,,,,연%,,20151109,2.157
817Y002,1.3.2.1. 시장금리(일별),010300000,"회사채(3년, AA-)",,,,,,,연%,,20151110,2.137
817Y002,1.3.2.1. 시장금리(일별),010300000,"회사채(3년, AA-)",,,,,,,연%,,20151111,2.157
817Y002,1.3.2.1. 시장금리(일별),010300000,"회사채(3년, AA-)",,,,,,,연%,,20151112,2.151
817Y002,1.3.2.1. 시장금리(일별),010300000,"회사채(3년, AA-)",,,,,,,연%,,20151113,2.145
817Y002,1.3.2.1. 시장금리(일별),010300000,"회사채(3년, AA-)",,,,,,,연%,,20151116,2.119
817Y002,1.3.2.1. 시장금리(일별),010300000,"회사채(3년, AA-)",,,,,,,연%,,20151117,2.129
817Y002,1.3.2.1. 시장금리(일별),010300000,"회사채(3년, AA-)",,,,,,,연%,,20151118,2.123
817Y002,1.3.2.1. 시장금리(일별),010300000,"회사채(3년, AA-)",,,,,,,연%,,20151119,2.109
817Y002,1.3.2.1. 시장금리(일별),010300000,"회사채(3년, AA-)",,,,,,,연%,,20151120,2.134
817Y002,1.3.2.1. 시장금리(일별),010300000,"회사채(3년, AA-)",,,,,,,연%,,20151123,2.137
817Y002,1.3.2.1. 시장금리(일별),010300000,"회사채(3년, AA-)",,,,,,,연%,,20151124,2.145
817Y002,1.3.2.1. 시장금리(일별),010300000,"회사채(3년, AA-)",,,,,,,연%,,20151125,2.147
817Y002,1.3.2.1. 시장금리(일별),010300000,"회사채(3년, AA-)",,,,,,,연%,,20151126,2.157
817Y002,1.3.2.1. 시장금리(일별),010300000,"회사채(3년, AA-)",,,,,,,연%,,20151127,2.179
817Y002,1.3.2.1. 시장금리(일별),010300000,"회사채(3년, AA-)",,,,,,,연%,,20151130,2.168
817Y002,1.3.2.1. 시장금리(일별),010300000,"회사채(3년, AA-)",,,,,,,연%,,20151201,2.162
817Y002,1.3.2.1. 시장금리(일별),010300000,"회사채(3년, AA-)",,,,,,,연%,,20151202,2.156
817Y002,1.3.2.1. 시장금리(일별),010300000,"회사채(3년, AA-)",,,,,,,연%,,20151203,2.15
817Y002,1.3.2.1. 시장금리(일별),010300000,"회사채(3년, AA-)",,,,,,,연%,,20151204,2.178
817Y002,1.3.2.1. 시장금리(일별),010300000,"회사채(3년, AA-)",,,,,,,연%,,20151207,2.182
817Y002,1.3.2.1. 시장금리(일별),010300000,"회사채(3년, AA-)",,,,,,,연%,,20151208,2.167
817Y002,1.3.2.1. 시장금리(일별),010300000,"회사채(3년, AA-)",,,,,,,연%,,20151209,2.166
817Y002,1.3.2.1. 시장금리(일별),010300000,"회사채(3년, AA-)",,,,,,,연%,,20151210,2.155
817Y002,1.3.2.1. 시장금리(일별),010300000,"회사채(3년, AA-)",,,,,,,연%,,20151211,2.162
817Y002,1.3.2.1. 시장금리(일별),010300000,"회사채(3년, AA-)",,,,,,,연%,,20151214,2.154
817Y002,1.3.2.1. 시장금리(일별),010300000,"회사채(3년, AA-)",,,,,,,연%,,20151215,2.156
817Y002,1.3.2.1. 시장금리(일별),010300000,"회사채(3년, AA-)",,,,,,,연%,,20151216,2.172
817Y002,1.3.2.1. 시장금리(일별),010300000,"회사채(3년, AA-)",,,,,,,연%,,20151217,2.153
817Y002,1.3.2.1. 시장금리(일별),010300000,"회사채(3년, AA-)",,,,,,,연%,,20151218,2.128
817Y002,1.3.2.1. 시장금리(일별),010300000,"회사채(3년, AA-)",,,,,,,연%,,20151221,2.102
817Y002,1.3.2.1. 시장금리(일별),010300000,"회사채(3년, AA-)",,,,,,,연%,,20151222,2.119
817Y002,1.3.2.1. 시장금리(일별),010300000,"회사채(3년, AA-)",,,,,,,연%,,20151223,2.115
817Y002,1.3.2.1. 시장금리(일별),010300000,"회사채(3년, AA-)",,,,,,,연%,,20151224,2.112
817Y002,1.3.2.1. 시장금리(일별),010300000,"회사채(3년, AA-)",,,,,,,연%,,20151228,2.121
817Y002,1.3.2.1. 시장금리(일별),010300000,"회사채(3년, AA-)",,,,,,,연%,,20151229,2.106
817Y002,1.3.2.1. 시장금리(일별),010300000,"회사채(3년, AA-)",,,,,,,연%,,20151230,2.113
817Y002,1.3.2.1. 시장금리(일별),010300000,"회사채(3년, AA-)",,,,,,,연%,,20151231,2.113
817Y002,1.3.2.1. 시장금리(일별),010300000,"회사채(3년, AA-)",,,,,,,연%,,20160104,2.093
817Y002,1.3.2.1. 시장금리(일별),010300000,"회사채(3년, AA-)",,,,,,,연%,,20160105,2.103
817Y002,1.3.2.1. 시장금리(일별),010300000,"회사채(3년, AA-)",,,,,,,연%,,20160106,2.099
817Y002,1.3.2.1. 시장금리(일별),010300000,"회사채(3년, AA-)",,,,,,,연%,,20160107,2.097
817Y002,1.3.2.1. 시장금리(일별),010300000,"회사채(3년, AA-)",,,,,,,연%,,20160108,2.121
817Y002,1.3.2.1. 시장금리(일별),010300000,"회사채(3년, AA-)",,,,,,,연%,,20160111,2.094
817Y002,1.3.2.1. 시장금리(일별),010300000,"회사채(3년, AA-)",,,,,,,연%,,20160112,2.097
817Y002,1.3.2.1. 시장금리(일별),010300000,"회사채(3년, AA-)",,,,,,,연%,,20160113,2.094
817Y002,1.3.2.1. 시장금리(일별),010300000,"회사채(3년, AA-)",,,,,,,연%,,20160114,2.106
817Y002,1.3.2.1. 시장금리(일별),010300000,"회사채(3년, AA-)",,,,,,,연%,,20160115,2.106
817Y002,1.3.2.1. 시장금리(일별),010300000,"회사채(3년, AA-)",,,,,,,연%,,20160118,2.107
817Y002,1.3.2.1. 시장금리(일별),010300000,"회사채(3년, AA-)",,,,,,,연%,,20160119,2.108
817Y002,1.3.2.1. 시장금리(일별),010300000,"회사채(3년, AA-)",,,,,,,연%,,20160120,2.083
817Y002,1.3.2.1. 시장금리(일별),010300000,"회사채(3년, AA-)",,,,,,,연%,,20160121,2.077
817Y002,1.3.2.1. 시장금리(일별),010300000,"회사채(3년, AA-)",,,,,,,연%,,20160122,2.087
817Y002,1.3.2.1. 시장금리(일별),010300000,"회사채(3년, AA-)",,,,,,,연%,,20160125,2.088
817Y002,1.3.2.1. 시장금리(일별),010300000,"회사채(3년, AA-)",,,,,,,연%,,20160126,2.067
817Y002,1.3.2.1. 시장금리(일별),010300000,"회사채(3년, AA-)",,,,,,,연%,,20160127,2.072
817Y002,1.3.2.1. 시장금리(일별),010300000,"회사채(3년, AA-)",,,,,,,연%,,20160128,2.085
817Y002,1.3.2.1. 시장금리(일별),010300000,"회사채(3년, AA-)",,,,,,,연%,,20160129,2.038
817Y002,1.3.2.1. 시장금리(일별),010300000,"회사채(3년, AA-)",,,,,,,연%,,20160201,2
817Y002,1.3.2.1. 시장금리(일별),010300000,"회사채(3년, AA-)",,,,,,,연%,,20160202,1.993
817Y002,1.3.2.1. 시장금리(일별),010300000,"회사채(3년, AA-)",,,,,,,연%,,20160203,1.968
817Y002,1.3.2.1. 시장금리(일별),010300000,"회사채(3년, AA-)",,,,,,,연%,,20160204,1.964
817Y002,1.3.2.1. 시장금리(일별),010300000,"회사채(3년, AA-)",,,,,,,연%,,20160205,1.975
817Y002,1.3.2.1. 시장금리(일별),010300000,"회사채(3년, AA-)",,,,,,,연%,,20160211,1.915
817Y002,1.3.2.1. 시장금리(일별),010300000,"회사채(3년, AA-)",,,,,,,연%,,20160212,1.94
817Y002,1.3.2.1. 시장금리(일별),010300000,"회사채(3년, AA-)",,,,,,,연%,,20160215,1.955
817Y002,1.3.2.1. 시장금리(일별),010300000,"회사채(3년, AA-)",,,,,,,연%,,20160216,1.909
817Y002,1.3.2.1. 시장금리(일별),010300000,"회사채(3년, AA-)",,,,,,,연%,,20160217,1.915
817Y002,1.3.2.1. 시장금리(일별),010300000,"회사채(3년, AA-)",,,,,,,연%,,20160218,1.93
817Y002,1.3.2.1. 시장금리(일별),010300000,"회사채(3년, AA-)",,,,,,,연%,,20160219,1.944
817Y002,1.3.2.1. 시장금리(일별),010300000,"회사채(3년, AA-)",,,,,,,연%,,20160222,1.959
817Y002,1.3.2.1. 시장금리(일별),010300000,"회사채(3년, AA-)",,,,,,,연%,,20160223,1.96
817Y002,1.3.2.1. 시장금리(일별),010300000,"회사채(3년, AA-)",,,,,,,연%,,20160224,1.95
817Y002,1.3.2.1. 시장금리(일별),010300000,"회사채(3년, AA-)",,,,,,,연%,,20160225,1.948
817Y002,1.3.2.1. 시장금리(일별),010300000,"회사채(3년, AA-)",,,,,,,연%,,20160226,1.938
817Y002,1.3.2.1. 시장금리(일별),010300000,"회사채(3년, AA-)",,,,,,,연%,,20160229,1.939
817Y002,1.3.2.1. 시장금리(일별),010300000,"회사채(3년, AA-)",,,,,,,연%,,20160302,1.953
817Y002,1.3.2.1. 시장금리(일별),010300000,"회사채(3년, AA-)",,,,,,,연%,,20160303,1.986
817Y002,1.3.2.1. 시장금리(일별),010300000,"회사채(3년, AA-)",,,,,,,연%,,20160304,2.001
817Y002,1.3.2.1. 시장금리(일별),010300000,"회사채(3년, AA-)",,,,,,,연%,,20160307,1.983
817Y002,1.3.2.1. 시장금리(일별),010300000,"회사채(3년, AA-)",,,,,,,연%,,20160308,1.966
817Y002,1.3.2.1. 시장금리(일별),010300000,"회사채(3년, AA-)",,,,,,,연%,,20160309,1.955
817Y002,1.3.2.1. 시장금리(일별),010300000,"회사채(3년, AA-)",,,,,,,연%,,20160310,1.977
817Y002,1.3.2.1. 시장금리(일별),010300000,"회사채(3년, AA-)",,,,,,,연%,,20160311,2.027
817Y002,1.3.2.1. 시장금리(일별),010300000,"회사채(3년, AA-)",,,,,,,연%,,20160314,2.014
817Y002,1.3.2.1. 시장금리(일별),010300000,"회사채(3년, AA-)",,,,,,,연%,,20160315,2.014
817Y002,1.3.2.1. 시장금리(일별),010300000,"회사채(3년, AA-)",,,,,,,연%,,20160316,2.023
817Y002,1.3.2.1. 시장금리(일별),010300000,"회사채(3년, AA-)",,,,,,,연%,,20160317,1.994
817Y002,1.3.2.1. 시장금리(일별),010300000,"회사채(3년, AA-)",,,,,,,연%,,20160318,1.981
817Y002,1.3.2.1. 시장금리(일별),010300000,"회사채(3년, AA-)",,,,,,,연%,,20160321,1.974
817Y002,1.3.2.1. 시장금리(일별),010300000,"회사채(3년, AA-)",,,,,,,연%,,20160322,1.99
817Y002,1.3.2.1. 시장금리(일별),010300000,"회사채(3년, AA-)",,,,,,,연%,,20160323,1.992
817Y002,1.3.2.1. 시장금리(일별),010300000,"회사채(3년, AA-)",,,,,,,연%,,20160324,1.981
817Y002,1.3.2.1. 시장금리(일별),010300000,"회사채(3년, AA-)",,,,,,,연%,,20160325,1.972
817Y002,1.3.2.1. 시장금리(일별),010300000,"회사채(3년, AA-)",,,,,,,연%,,20160328,1.962
817Y002,1.3.2.1. 시장금리(일별),010300000,"회사채(3년, AA-)",,,,,,,연%,,20160329,1.934
817Y002,1.3.2.1. 시장금리(일별),010300000,"회사채(3년, AA-)",,,,,,,연%,,20160330,1.934
817Y002,1.3.2.1. 시장금리(일별),010300000,"회사채(3년, AA-)",,,,,,,연%,,20160331,1.932
817Y002,1.3.2.1. 시장금리(일별),010300000,"회사채(3년, AA-)",,,,,,,연%,,20160401,1.932
817Y002,1.3.2.1. 시장금리(일별),010300000,"회사채(3년, AA-)",,,,,,,연%,,20160404,1.923
817Y002,1.3.2.1. 시장금리(일별),010300000,"회사채(3년, AA-)",,,,,,,연%,,20160405,1.93
817Y002,1.3.2.1. 시장금리(일별),010300000,"회사채(3년, AA-)",,,,,,,연%,,20160406,1.934
817Y002,1.3.2.1. 시장금리(일별),010300000,"회사채(3년, AA-)",,,,,,,연%,,20160407,1.943
817Y002,1.3.2.1. 시장금리(일별),010300000,"회사채(3년, AA-)",,,,,,,연%,,20160408,1.938
817Y002,1.3.2.1. 시장금리(일별),010300000,"회사채(3년, AA-)",,,,,,,연%,,20160411,1.938
817Y002,1.3.2.1. 시장금리(일별),010300000,"회사채(3년, AA-)",,,,,,,연%,,20160412,1.938
817Y002,1.3.2.1. 시장금리(일별),010300000,"회사채(3년, AA-)",,,,,,,연%,,20160414,1.972
817Y002,1.3.2.1. 시장금리(일별),010300000,"회사채(3년, AA-)",,,,,,,연%,,20160415,1.965
817Y002,1.3.2.1. 시장금리(일별),010300000,"회사채(3년, AA-)",,,,,,,연%,,20160418,1.975
817Y002,1.3.2.1. 시장금리(일별),010300000,"회사채(3년, AA-)",,,,,,,연%,,20160419,1.969
817Y002,1.3.2.1. 시장금리(일별),010300000,"회사채(3년, AA-)",,,,,,,연%,,20160420,1.941
817Y002,1.3.2.1. 시장금리(일별),010300000,"회사채(3년, AA-)",,,,,,,연%,,20160421,1.951
817Y002,1.3.2.1. 시장금리(일별),010300000,"회사채(3년, AA-)",,,,,,,연%,,20160422,1.944
817Y002,1.3.2.1. 시장금리(일별),010300000,"회사채(3년, AA-)",,,,,,,연%,,20160425,1.929
817Y002,1.3.2.1. 시장금리(일별),010300000,"회사채(3년, AA-)",,,,,,,연%,,20160426,1.924
817Y002,1.3.2.1. 시장금리(일별),010300000,"회사채(3년, AA-)",,,,,,,연%,,20160427,1.923
817Y002,1.3.2.1. 시장금리(일별),010300000,"회사채(3년, AA-)",,,,,,,연%,,20160428,1.914
817Y002,1.3.2.1. 시장금리(일별),010300000,"회사채(3년, AA-)",,,,,,,연%,,20160429,1.915
817Y002,1.3.2.1. 시장금리(일별),010300000,"회사채(3년, AA-)",,,,,,,연%,,20160502,1.925
817Y002,1.3.2.1. 시장금리(일별),010300000,"회사채(3년, AA-)",,,,,,,연%,,20160503,1.909
817Y002,1.3.2.1. 시장금리(일별),010300000,"회사채(3년, AA-)",,,,,,,연%,,20160504,1.895
817Y002,1.3.2.1. 시장금리(일별),010300000,"회사채(3년, AA-)",,,,,,,연%,,20160509,1.879
817Y002,1.3.2.1. 시장금리(일별),010300000,"회사채(3년, AA-)",,,,,,,연%,,20160510,1.877
817Y002,1.3.2.1. 시장금리(일별),010300000,"회사채(3년, AA-)",,,,,,,연%,,20160511,1.875
817Y002,1.3.2.1. 시장금리(일별),010300000,"회사채(3년, AA-)",,,,,,,연%,,20160512,1.878
817Y002,1.3.2.1. 시장금리(일별),010300000,"회사채(3년, AA-)",,,,,,,연%,,20160513,1.892
817Y002,1.3.2.1. 시장금리(일별),010300000,"회사채(3년, AA-)",,,,,,,연%,,20160516,1.894
817Y002,1.3.2.1. 시장금리(일별),010300000,"회사채(3년, AA-)",,,,,,,연%,,20160517,1.905
817Y002,1.3.2.1. 시장금리(일별),010300000,"회사채(3년, AA-)",,,,,,,연%,,20160518,1.92
817Y002,1.3.2.1. 시장금리(일별),010300000,"회사채(3년, AA-)",,,,,,,연%,,20160519,1.941
817Y002,1.3.2.1. 시장금리(일별),010300000,"회사채(3년, AA-)",,,,,,,연%,,20160520,1.925
817Y002,1.3.2.1. 시장금리(일별),010300000,"회사채(3년, AA-)",,,,,,,연%,,20160523,1.924
817Y002,1.3.2.1. 시장금리(일별),010300000,"회사채(3년, AA-)",,,,,,,연%,,20160524,1.904
817Y002,1.3.2.1. 시장금리(일별),010300000,"회사채(3년, AA-)",,,,,,,연%,,20160525,1.917
817Y002,1.3.2.1. 시장금리(일별),010300000,"회사채(3년, AA-)",,,,,,,연%,,20160526,1.92
817Y002,1.3.2.1. 시장금리(일별),010300000,"회사채(3년, AA-)",,,,,,,연%,,20160527,1.92
817Y002,1.3.2.1. 시장금리(일별),010300000,"회사채(3년, AA-)",,,,,,,연%,,20160530,1.951
817Y002,1.3.2.1. 시장금리(일별),010300000,"회사채(3년, AA-)",,,,,,,연%,,20160531,1.949
817Y002,1.3.2.1. 시장금리(일별),010300000,"회사채(3년, AA-)",,,,,,,연%,,20160601,1.89
817Y002,1.3.2.1. 시장금리(일별),010300000,"회사채(3년, AA-)",,,,,,,연%,,20160602,1.894
817Y002,1.3.2.1. 시장금리(일별),010300000,"회사채(3년, AA-)",,,,,,,연%,,20160603,1.876
817Y002,1.3.2.1. 시장금리(일별),010300000,"회사채(3년, AA-)",,,,,,,연%,,20160607,1.855
817Y002,1.3.2.1. 시장금리(일별),010300000,"회사채(3년, AA-)",,,,,,,연%,,20160608,1.833
817Y002,1.3.2.1. 시장금리(일별),010300000,"회사채(3년, AA-)",,,,,,,연%,,20160609,1.8
817Y002,1.3.2.1. 시장금리(일별),010300000,"회사채(3년, AA-)",,,,,,,연%,,20160610,1.79
817Y002,1.3.2.1. 시장금리(일별),010300000,"회사채(3년, AA-)",,,,,,,연%,,20160613,1.78
817Y002,1.3.2.1. 시장금리(일별),010300000,"회사채(3년, AA-)",,,,,,,연%,,20160614,1.803
817Y002,1.3.2.1. 시장금리(일별),010300000,"회사채(3년, AA-)",,,,,,,연%,,20160615,1.8
817Y002,1.3.2.1. 시장금리(일별),010300000,"회사채(3년, AA-)",,,,,,,연%,,20160616,1.779
817Y002,1.3.2.1. 시장금리(일별),010300000,"회사채(3년, AA-)",,,,,,,연%,,20160617,1.793
817Y002,1.3.2.1. 시장금리(일별),010300000,"회사채(3년, AA-)",,,,,,,연%,,20160620,1.817
817Y002,1.3.2.1. 시장금리(일별),010300000,"회사채(3년, AA-)",,,,,,,연%,,20160621,1.803
817Y002,1.3.2.1. 시장금리(일별),010300000,"회사채(3년, AA-)",,,,,,,연%,,20160622,1.815
817Y002,1.3.2.1. 시장금리(일별),010300000,"회사채(3년, AA-)",,,,,,,연%,,20160623,1.797
817Y002,1.3.2.1. 시장금리(일별),010300000,"회사채(3년, AA-)",,,,,,,연%,,20160624,1.7
817Y002,1.3.2.1. 시장금리(일별),010300000,"회사채(3년, AA-)",,,,,,,연%,,20160627,1.68
817Y002,1.3.2.1. 시장금리(일별),010300000,"회사채(3년, AA-)",,,,,,,연%,,20160628,1.688
817Y002,1.3.2.1. 시장금리(일별),010300000,"회사채(3년, AA-)",,,,,,,연%,,20160629,1.677
817Y002,1.3.2.1. 시장금리(일별),010300000,"회사채(3년, AA-)",,,,,,,연%,,20160630,1.689
817Y002,1.3.2.1. 시장금리(일별),010300000,"회사채(3년, AA-)",,,,,,,연%,,20160701,1.653
817Y002,1.3.2.1. 시장금리(일별),010300000,"회사채(3년, AA-)",,,,,,,연%,,20160704,1.662
817Y002,1.3.2.1. 시장금리(일별),010300000,"회사채(3년, AA-)",,,,,,,연%,,20160705,1.657
817Y002,1.3.2.1. 시장금리(일별),010300000,"회사채(3년, AA-)",,,,,,,연%,,20160706,1.643
817Y002,1.3.2.1. 시장금리(일별),010300000,"회사채(3년, AA-)",,,,,,,연%,,20160707,1.645
817Y002,1.3.2.1. 시장금리(일별),010300000,"회사채(3년, AA-)",,,,,,,연%,,20160708,1.648
817Y002,1.3.2.1. 시장금리(일별),010300000,"회사채(3년, AA-)",,,,,,,연%,,20160711,1.644
817Y002,1.3.2.1. 시장금리(일별),010300000,"회사채(3년, AA-)",,,,,,,연%,,20160712,1.649
817Y002,1.3.2.1. 시장금리(일별),010300000,"회사채(3년, AA-)",,,,,,,연%,,20160713,1.646
817Y002,1.3.2.1. 시장금리(일별),010300000,"회사채(3년, AA-)",,,,,,,연%,,20160714,1.64
817Y002,1.3.2.1. 시장금리(일별),010300000,"회사채(3년, AA-)",,,,,,,연%,,20160715,1.652
817Y002,1.3.2.1. 시장금리(일별),010300000,"회사채(3년, AA-)",,,,,,,연%,,20160718,1.661
817Y002,1.3.2.1. 시장금리(일별),010300000,"회사채(3년, AA-)",,,,,,,연%,,20160719,1.657
817Y002,1.3.2.1. 시장금리(일별),010300000,"회사채(3년, AA-)",,,,,,,연%,,20160720,1.654
817Y002,1.3.2.1. 시장금리(일별),010300000,"회사채(3년, AA-)",,,,,,,연%,,20160721,1.665
817Y002,1.3.2.1. 시장금리(일별),010300000,"회사채(3년, AA-)",,,,,,,연%,,20160722,1.655
817Y002,1.3.2.1. 시장금리(일별),010300000,"회사채(3년, AA-)",,,,,,,연%,,20160725,1.655
817Y002,1.3.2.1. 시장금리(일별),010300000,"회사채(3년, AA-)",,,,,,,연%,,20160726,1.65
817Y002,1.3.2.1. 시장금리(일별),010300000,"회사채(3년, AA-)",,,,,,,연%,,20160727,1.649
817Y002,1.3.2.1. 시장금리(일별),010300000,"회사채(3년, AA-)",,,,,,,연%,,20160728,1.63
817Y002,1.3.2.1. 시장금리(일별),010300000,"회사채(3년, AA-)",,,,,,,연%,,20160729,1.642
817Y002,1.3.2.1. 시장금리(일별),010300000,"회사채(3년, AA-)",,,,,,,연%,,20160801,1.637
817Y002,1.3.2.1. 시장금리(일별),010300000,"회사채(3년, AA-)",,,,,,,연%,,20160802,1.638
817Y002,1.3.2.1. 시장금리(일별),010300000,"회사채(3년, AA-)",,,,,,,연%,,20160803,1.658
817Y002,1.3.2.1. 시장금리(일별),010300000,"회사채(3년, AA-)",,,,,,,연%,,20160804,1.651
817Y002,1.3.2.1. 시장금리(일별),010300000,"회사채(3년, AA-)",,,,,,,연%,,20160805,1.64
817Y002,1.3.2.1. 시장금리(일별),010300000,"회사채(3년, AA-)",,,,,,,연%,,20160808,1.658
817Y002,1.3.2.1. 시장금리(일별),010300000,"회사채(3년, AA-)",,,,,,,연%,,20160809,1.656
817Y002,1.3.2.1. 시장금리(일별),010300000,"회사채(3년, AA-)",,,,,,,연%,,20160810,1.628
817Y002,1.3.2.1. 시장금리(일별),010300000,"회사채(3년, AA-)",,,,,,,연%,,20160811,1.632
817Y002,1.3.2.1. 시장금리(일별),010300000,"회사채(3년, AA-)",,,,,,,연%,,20160812,1.638
817Y002,1.3.2.1. 시장금리(일별),010300000,"회사채(3년, AA-)",,,,,,,연%,,20160816,1.628
817Y002,1.3.2.1. 시장금리(일별),010300000,"회사채(3년, AA-)",,,,,,,연%,,20160817,1.641
817Y002,1.3.2.1. 시장금리(일별),010300000,"회사채(3년, AA-)",,,,,,,연%,,20160818,1.633
817Y002,1.3.2.1. 시장금리(일별),010300000,"회사채(3년, AA-)",,,,,,,연%,,20160819,1.635
817Y002,1.3.2.1. 시장금리(일별),010300000,"회사채(3년, AA-)",,,,,,,연%,,20160822,1.638
817Y002,1.3.2.1. 시장금리(일별),010300000,"회사채(3년, AA-)",,,,,,,연%,,20160823,1.632
817Y002,1.3.2.1. 시장금리(일별),010300000,"회사채(3년, AA-)",,,,,,,연%,,20160824,1.632
817Y002,1.3.2.1. 시장금리(일별),010300000,"회사채(3년, AA-)",,,,,,,연%,,20160825,1.637
817Y002,1.3.2.1. 시장금리(일별),010300000,"회사채(3년, AA-)",,,,,,,연%,,20160826,1.64
817Y002,1.3.2.1. 시장금리(일별),010300000,"회사채(3년, AA-)",,,,,,,연%,,20160829,1.668
817Y002,1.3.2.1. 시장금리(일별),010300000,"회사채(3년, AA-)",,,,,,,연%,,20160830,1.671
817Y002,1.3.2.1. 시장금리(일별),010300000,"회사채(3년, AA-)",,,,,,,연%,,20160831,1.694
817Y002,1.3.2.1. 시장금리(일별),010300000,"회사채(3년, AA-)",,,,,,,연%,,20160901,1.713
817Y002,1.3.2.1. 시장금리(일별),010300000,"회사채(3년, AA-)",,,,,,,연%,,20160902,1.708
817Y002,1.3.2.1. 시장금리(일별),010300000,"회사채(3년, AA-)",,,,,,,연%,,20160905,1.693
817Y002,1.3.2.1. 시장금리(일별),010300000,"회사채(3년, AA-)",,,,,,,연%,,20160906,1.687
817Y002,1.3.2.1. 시장금리(일별),010300000,"회사채(3년, AA-)",,,,,,,연%,,20160907,1.666
817Y002,1.3.2.1. 시장금리(일별),010300000,"회사채(3년, AA-)",,,,,,,연%,,20160908,1.675
817Y002,1.3.2.1. 시장금리(일별),010300000,"회사채(3년, AA-)",,,,,,,연%,,20160909,1.706
817Y002,1.3.2.1. 시장금리(일별),010300000,"회사채(3년, AA-)",,,,,,,연%,,20160912,1.735
817Y002,1.3.2.1. 시장금리(일별),010300000,"회사채(3년, AA-)",,,,,,,연%,,20160913,1.733
817Y002,1.3.2.1. 시장금리(일별),010300000,"회사채(3년, AA-)",,,,,,,연%,,20160919,1.734
817Y002,1.3.2.1. 시장금리(일별),010300000,"회사채(3년, AA-)",,,,,,,연%,,20160920,1.728
817Y002,1.3.2.1. 시장금리(일별),010300000,"회사채(3년, AA-)",,,,,,,연%,,20160921,1.722
817Y002,1.3.2.1. 시장금리(일별),010300000,"회사채(3년, AA-)",,,,,,,연%,,20160922,1.696
817Y002,1.3.2.1. 시장금리(일별),010300000,"회사채(3년, AA-)",,,,,,,연%,,20160923,1.7
817Y002,1.3.2.1. 시장금리(일별),010300000,"회사채(3년, AA-)",,,,,,,연%,,20160926,1.706
817Y002,1.3.2.1. 시장금리(일별),010300000,"회사채(3년, AA-)",,,,,,,연%,,20160927,1.706
817Y002,1.3.2.1. 시장금리(일별),010300000,"회사채(3년, AA-)",,,,,,,연%,,20160928,1.704
817Y002,1.3.2.1. 시장금리(일별),010300000,"회사채(3년, AA-)",,,,,,,연%,,20160929,1.701
817Y002,1.3.2.1. 시장금리(일별),010300000,"회사채(3년, AA-)",,,,,,,연%,,20160930,1.669
817Y002,1.3.2.1. 시장금리(일별),010300000,"회사채(3년, AA-)",,,,,,,연%,,20161004,1.694
817Y002,1.3.2.1. 시장금리(일별),010300000,"회사채(3년, AA-)",,,,,,,연%,,20161005,1.727
817Y002,1.3.2.1. 시장금리(일별),010300000,"회사채(3년, AA-)",,,,,,,연%,,20161006,1.732
817Y002,1.3.2.1. 시장금리(일별),010300000,"회사채(3년, AA-)",,,,,,,연%,,20161007,1.737
817Y002,1.3.2.1. 시장금리(일별),010300000,"회사채(3년, AA-)",,,,,,,연%,,20161010,1.75
817Y002,1.3.2.1. 시장금리(일별),010300000,"회사채(3년, AA-)",,,,,,,연%,,20161011,1.783
817Y002,1.3.2.1. 시장금리(일별),010300000,"회사채(3년, AA-)",,,,,,,연%,,20161012,1.774
817Y002,1.3.2.1. 시장금리(일별),010300000,"회사채(3년, AA-)",,,,,,,연%,,20161013,1.749
817Y002,1.3.2.1. 시장금리(일별),010300000,"회사채(3년, AA-)",,,,,,,연%,,20161014,1.75
817Y002,1.3.2.1. 시장금리(일별),010300000,"회사채(3년, AA-)",,,,,,,연%,,20161017,1.78
817Y002,1.3.2.1. 시장금리(일별),010300000,"회사채(3년, AA-)",,,,,,,연%,,20161018,1.78
817Y002,1.3.2.1. 시장금리(일별),010300000,"회사채(3년, AA-)",,,,,,,연%,,20161019,1.78
817Y002,1.3.2.1. 시장금리(일별),010300000,"회사채(3년, AA-)",,,,,,,연%,,20161020,1.781
817Y002,1.3.2.1. 시장금리(일별),010300000,"회사채(3년, AA-)",,,,,,,연%,,20161021,1.804
817Y002,1.3.2.1. 시장금리(일별),010300000,"회사채(3년, AA-)",,,,,,,연%,,20161024,1.808
817Y002,1.3.2.1. 시장금리(일별),010300000,"회사채(3년, AA-)",,,,,,,연%,,20161025,1.824
817Y002,1.3.2.1. 시장금리(일별),010300000,"회사채(3년, AA-)",,,,,,,연%,,20161026,1.829
817Y002,1.3.2.1. 시장금리(일별),010300000,"회사채(3년, AA-)",,,,,,,연%,,20161027,1.835
817Y002,1.3.2.1. 시장금리(일별),010300000,"회사채(3년, AA-)",,,,,,,연%,,20161028,1.856
817Y002,1.3.2.1. 시장금리(일별),010300000,"회사채(3년, AA-)",,,,,,,연%,,20161031,1.852
817Y002,1.3.2.1. 시장금리(일별),010300000,"회사채(3년, AA-)",,,,,,,연%,,20161101,1.868
817Y002,1.3.2.1. 시장금리(일별),010300000,"회사채(3년, AA-)",,,,,,,연%,,20161102,1.854
817Y002,1.3.2.1. 시장금리(일별),010300000,"회사채(3년, AA-)",,,,,,,연%,,20161103,1.85
817Y002,1.3.2.1. 시장금리(일별),010300000,"회사채(3년, AA-)",,,,,,,연%,,20161104,1.852
817Y002,1.3.2.1. 시장금리(일별),010300000,"회사채(3년, AA-)",,,,,,,연%,,20161107,1.848
817Y002,1.3.2.1. 시장금리(일별),010300000,"회사채(3년, AA-)",,,,,,,연%,,20161108,1.844
817Y002,1.3.2.1. 시장금리(일별),010300000,"회사채(3년, AA-)",,,,,,,연%,,20161109,1.823
817Y002,1.3.2.1. 시장금리(일별),010300000,"회사채(3년, AA-)",,,,,,,연%,,20161110,1.884
817Y002,1.3.2.1. 시장금리(일별),010300000,"회사채(3년, AA-)",,,,,,,연%,,20161111,1.924
817Y002,1.3.2.1. 시장금리(일별),010300000,"회사채(3년, AA-)",,,,,,,연%,,20161114,2.013
817Y002,1.3.2.1. 시장금리(일별),010300000,"회사채(3년, AA-)",,,,,,,연%,,20161115,2.025
817Y002,1.3.2.1. 시장금리(일별),010300000,"회사채(3년, AA-)",,,,,,,연%,,20161116,2.074
817Y002,1.3.2.1. 시장금리(일별),010300000,"회사채(3년, AA-)",,,,,,,연%,,20161117,2.097
817Y002,1.3.2.1. 시장금리(일별),010300000,"회사채(3년, AA-)",,,,,,,연%,,20161118,2.132
817Y002,1.3.2.1. 시장금리(일별),010300000,"회사채(3년, AA-)",,,,,,,연%,,20161121,2.132
817Y002,1.3.2.1. 시장금리(일별),010300000,"회사채(3년, AA-)",,,,,,,연%,,20161122,2.141
817Y002,1.3.2.1. 시장금리(일별),010300000,"회사채(3년, AA-)",,,,,,,연%,,20161123,2.172
817Y002,1.3.2.1. 시장금리(일별),010300000,"회사채(3년, AA-)",,,,,,,연%,,20161124,2.215
817Y002,1.3.2.1. 시장금리(일별),010300000,"회사채(3년, AA-)",,,,,,,연%,,20161125,2.219
817Y002,1.3.2.1. 시장금리(일별),010300000,"회사채(3년, AA-)",,,,,,,연%,,20161128,2.18
817Y002,1.3.2.1. 시장금리(일별),010300000,"회사채(3년, AA-)",,,,,,,연%,,20161129,2.152
817Y002,1.3.2.1. 시장금리(일별),010300000,"회사채(3년, AA-)",,,,,,,연%,,20161130,2.152
817Y002,1.3.2.1. 시장금리(일별),010300000,"회사채(3년, AA-)",,,,,,,연%,,20161201,2.175
817Y002,1.3.2.1. 시장금리(일별),010300000,"회사채(3년, AA-)",,,,,,,연%,,20161202,2.194
817Y002,1.3.2.1. 시장금리(일별),010300000,"회사채(3년, AA-)",,,,,,,연%,,20161205,2.177
817Y002,1.3.2.1. 시장금리(일별),010300000,"회사채(3년, AA-)",,,,,,,연%,,20161206,2.189
817Y002,1.3.2.1. 시장금리(일별),010300000,"회사채(3년, AA-)",,,,,,,연%,,20161207,2.188
817Y002,1.3.2.1. 시장금리(일별),010300000,"회사채(3년, AA-)",,,,,,,연%,,20161208,2.167
817Y002,1.3.2.1. 시장금리(일별),010300000,"회사채(3년, AA-)",,,,,,,연%,,20161209,2.187
817Y002,1.3.2.1. 시장금리(일별),010300000,"회사채(3년, AA-)",,,,,,,연%,,20161212,2.197
817Y002,1.3.2.1. 시장금리(일별),010300000,"회사채(3년, AA-)",,,,,,,연%,,20161213,2.153
817Y002,1.3.2.1. 시장금리(일별),010300000,"회사채(3년, AA-)",,,,,,,연%,,20161214,2.125
817Y002,1.3.2.1. 시장금리(일별),010300000,"회사채(3년, AA-)",,,,,,,연%,,20161215,2.169
817Y002,1.3.2.1. 시장금리(일별),010300000,"회사채(3년, AA-)",,,,,,,연%,,20161216,2.159
817Y002,1.3.2.1. 시장금리(일별),010300000,"회사채(3년, AA-)",,,,,,,연%,,20161219,2.164
817Y002,1.3.2.1. 시장금리(일별),010300000,"회사채(3년, AA-)",,,,,,,연%,,20161220,2.172
817Y002,1.3.2.1. 시장금리(일별),010300000,"회사채(3년, AA-)",,,,,,,연%,,20161221,2.156
817Y002,1.3.2.1. 시장금리(일별),010300000,"회사채(3년, AA-)",,,,,,,연%,,20161222,2.14
817Y002,1.3.2.1. 시장금리(일별),010300000,"회사채(3년, AA-)",,,,,,,연%,,20161223,2.149
817Y002,1.3.2.1. 시장금리(일별),010300000,"회사채(3년, AA-)",,,,,,,연%,,20161226,2.155
817Y002,1.3.2.1. 시장금리(일별),010300000,"회사채(3년, AA-)",,,,,,,연%,,20161227,2.147
817Y002,1.3.2.1. 시장금리(일별),010300000,"회사채(3년, AA-)",,,,,,,연%,,20161228,2.135
817Y002,1.3.2.1. 시장금리(일별),010300000,"회사채(3년, AA-)",,,,,,,연%,,20161229,2.128
817Y002,1.3.2.1. 시장금리(일별),010300000,"회사채(3년, AA-)",,,,,,,연%,,20161230,2.128
817Y002,1.3.2.1. 시장금리(일별),010300000,"회사채(3년, AA-)",,,,,,,연%,,20170102,2.12
817Y002,1.3.2.1. 시장금리(일별),010300000,"회사채(3년, AA-)",,,,,,,연%,,20170103,2.097
817Y002,1.3.2.1. 시장금리(일별),010300000,"회사채(3년, AA-)",,,,,,,연%,,20170104,2.095
817Y002,1.3.2.1. 시장금리(일별),010300000,"회사채(3년, AA-)",,,,,,,연%,,20170105,2.072
817Y002,1.3.2.1. 시장금리(일별),010300000,"회사채(3년, AA-)",,,,,,,연%,,20170106,2.086
817Y002,1.3.2.1. 시장금리(일별),010300000,"회사채(3년, AA-)",,,,,,,연%,,20170109,2.115
817Y002,1.3.2.1. 시장금리(일별),010300000,"회사채(3년, AA-)",,,,,,,연%,,20170110,2.098
817Y002,1.3.2.1. 시장금리(일별),010300000,"회사채(3년, AA-)",,,,,,,연%,,20170111,2.105
817Y002,1.3.2.1. 시장금리(일별),010300000,"회사채(3년, AA-)",,,,,,,연%,,20170112,2.075
817Y002,1.3.2.1. 시장금리(일별),010300000,"회사채(3년, AA-)",,,,,,,연%,,20170113,2.089
817Y002,1.3.2.1. 시장금리(일별),010300000,"회사채(3년, AA-)",,,,,,,연%,,20170116,2.092
817Y002,1.3.2.1. 시장금리(일별),010300000,"회사채(3년, AA-)",,,,,,,연%,,20170117,2.083
817Y002,1.3.2.1. 시장금리(일별),010300000,"회사채(3년, AA-)",,,,,,,연%,,20170118,2.102
817Y002,1.3.2.1. 시장금리(일별),010300000,"회사채(3년, AA-)",,,,,,,연%,,20170119,2.135
817Y002,1.3.2.1. 시장금리(일별),010300000,"회사채(3년, AA-)",,,,,,,연%,,20170120,2.117
817Y002,1.3.2.1. 시장금리(일별),010300000,"회사채(3년, AA-)",,,,,,,연%,,20170123,2.104
817Y002,1.3.2.1. 시장금리(일별),010300000,"회사채(3년, AA-)",,,,,,,연%,,20170124,2.093
817Y002,1.3.2.1. 시장금리(일별),010300000,"회사채(3년, AA-)",,,,,,,연%,,20170125,2.111
817Y002,1.3.2.1. 시장금리(일별),010300000,"회사채(3년, AA-)",,,,,,,연%,,20170126,2.151
817Y002,1.3.2.1. 시장금리(일별),010300000,"회사채(3년, AA-)",,,,,,,연%,,20170131,2.14
817Y002,1.3.2.1. 시장금리(일별),010300000,"회사채(3년, AA-)",,,,,,,연%,,20170201,2.151
817Y002,1.3.2.1. 시장금리(일별),010300000,"회사채(3년, AA-)",,,,,,,연%,,20170202,2.139
817Y002,1.3.2.1. 시장금리(일별),010300000,"회사채(3년, AA-)",,,,,,,연%,,20170203,2.149
817Y002,1.3.2.1. 시장금리(일별),010300000,"회사채(3년, AA-)",,,,,,,연%,,20170206,2.126
817Y002,1.3.2.1. 시장금리(일별),010300000,"회사채(3년, AA-)",,,,,,,연%,,20170207,2.105
817Y002,1.3.2.1. 시장금리(일별),010300000,"회사채(3년, AA-)",,,,,,,연%,,20170208,2.112
817Y002,1.3.2.1. 시장금리(일별),010300000,"회사채(3년, AA-)",,,,,,,연%,,20170209,2.109
817Y002,1.3.2.1. 시장금리(일별),010300000,"회사채(3년, AA-)",,,,,,,연%,,20170210,2.127
817Y002,1.3.2.1. 시장금리(일별),010300000,"회사채(3년, AA-)",,,,,,,연%,,20170213,2.123
817Y002,1.3.2.1. 시장금리(일별),010300000,"회사채(3년, AA-)",,,,,,,연%,,20170214,2.113
817Y002,1.3.2.1. 시장금리(일별),010300000,"회사채(3년, AA-)",,,,,,,연%,,20170215,2.126
817Y002,1.3.2.1. 시장금리(일별),010300000,"회사채(3년, AA-)",,,,,,,연%,,20170216,2.121
817Y002,1.3.2.1. 시장금리(일별),010300000,"회사채(3년, AA-)",,,,,,,연%,,20170217,2.121
817Y002,1.3.2.1. 시장금리(일별),010300000,"회사채(3년, AA-)",,,,,,,연%,,20170220,2.135
817Y002,1.3.2.1. 시장금리(일별),010300000,"회사채(3년, AA-)",,,,,,,연%,,20170221,2.137
817Y002,1.3.2.1. 시장금리(일별),010300000,"회사채(3년, AA-)",,,,,,,연%,,20170222,2.155
817Y002,1.3.2.1. 시장금리(일별),010300000,"회사채(3년, AA-)",,,,,,,연%,,20170223,2.141
817Y002,1.3.2.1. 시장금리(일별),010300000,"회사채(3년, AA-)",,,,,,,연%,,20170224,2.133
817Y002,1.3.2.1. 시장금리(일별),010300000,"회사채(3년, AA-)",,,,,,,연%,,20170227,2.129
817Y002,1.3.2.1. 시장금리(일별),010300000,"회사채(3년, AA-)",,,,,,,연%,,20170228,2.138
817Y002,1.3.2.1. 시장금리(일별),010300000,"회사채(3년, AA-)",,,,,,,연%,,20170302,2.18
817Y002,1.3.2.1. 시장금리(일별),010300000,"회사채(3년, AA-)",,,,,,,연%,,20170303,2.182
817Y002,1.3.2.1. 시장금리(일별),010300000,"회사채(3년, AA-)",,,,,,,연%,,20170306,2.217
817Y002,1.3.2.1. 시장금리(일별),010300000,"회사채(3년, AA-)",,,,,,,연%,,20170307,2.257
817Y002,1.3.2.1. 시장금리(일별),010300000,"회사채(3년, AA-)",,,,,,,연%,,20170308,2.256
817Y002,1.3.2.1. 시장금리(일별),010300000,"회사채(3년, AA-)",,,,,,,연%,,20170309,2.265
817Y002,1.3.2.1. 시장금리(일별),010300000,"회사채(3년, AA-)",,,,,,,연%,,20170310,2.258
817Y002,1.3.2.1. 시장금리(일별),010300000,"회사채(3년, AA-)",,,,,,,연%,,20170313,2.248
817Y002,1.3.2.1. 시장금리(일별),010300000,"회사채(3년, AA-)",,,,,,,연%,,20170314,2.244
817Y002,1.3.2.1. 시장금리(일별),010300000,"회사채(3년, AA-)",,,,,,,연%,,20170315,2.247
817Y002,1.3.2.1. 시장금리(일별),010300000,"회사채(3년, AA-)",,,,,,,연%,,20170316,2.196
817Y002,1.3.2.1. 시장금리(일별),010300000,"회사채(3년, AA-)",,,,,,,연%,,20170317,2.187
817Y002,1.3.2.1. 시장금리(일별),010300000,"회사채(3년, AA-)",,,,,,,연%,,20170320,2.188
817Y002,1.3.2.1. 시장금리(일별),010300000,"회사채(3년, AA-)",,,,,,,연%,,20170321,2.187
817Y002,1.3.2.1. 시장금리(일별),010300000,"회사채(3년, AA-)",,,,,,,연%,,20170322,2.179
817Y002,1.3.2.1. 시장금리(일별),010300000,"회사채(3년, AA-)",,,,,,,연%,,20170323,2.184
817Y002,1.3.2.1. 시장금리(일별),010300000,"회사채(3년, AA-)",,,,,,,연%,,20170324,2.199
817Y002,1.3.2.1. 시장금리(일별),010300000,"회사채(3년, AA-)",,,,,,,연%,,20170327,2.174
817Y002,1.3.2.1. 시장금리(일별),010300000,"회사채(3년, AA-)",,,,,,,연%,,20170328,2.18
817Y002,1.3.2.1. 시장금리(일별),010300000,"회사채(3년, AA-)",,,,,,,연%,,20170329,2.179
817Y002,1.3.2.1. 시장금리(일별),010300000,"회사채(3년, AA-)",,,,,,,연%,,20170330,2.186
817Y002,1.3.2.1. 시장금리(일별),010300000,"회사채(3년, AA-)",,,,,,,연%,,20170331,2.183
817Y002,1.3.2.1. 시장금리(일별),010300000,"회사채(3년, AA-)",,,,,,,연%,,20170403,2.184
817Y002,1.3.2.1. 시장금리(일별),010300000,"회사채(3년, AA-)",,,,,,,연%,,20170404,2.161
817Y002,1.3.2.1. 시장금리(일별),010300000,"회사채(3년, AA-)",,,,,,,연%,,20170405,2.169
817Y002,1.3.2.1. 시장금리(일별),010300000,"회사채(3년, AA-)",,,,,,,연%,,20170406,2.192
817Y002,1.3.2.1. 시장금리(일별),010300000,"회사채(3년, AA-)",,,,,,,연%,,20170407,2.198
817Y002,1.3.2.1. 시장금리(일별),010300000,"회사채(3년, AA-)",,,,,,,연%,,20170410,2.234
817Y002,1.3.2.1. 시장금리(일별),010300000,"회사채(3년, AA-)",,,,,,,연%,,20170411,2.205
817Y002,1.3.2.1. 시장금리(일별),010300000,"회사채(3년, AA-)",,,,,,,연%,,20170412,2.199
817Y002,1.3.2.1. 시장금리(일별),010300000,"회사채(3년, AA-)",,,,,,,연%,,20170413,2.187
817Y002,1.3.2.1. 시장금리(일별),010300000,"회사채(3년, AA-)",,,,,,,연%,,20170414,2.19
817Y002,1.3.2.1. 시장금리(일별),010300000,"회사채(3년, AA-)",,,,,,,연%,,20170417,2.187
817Y002,1.3.2.1. 시장금리(일별),010300000,"회사채(3년, AA-)",,,,,,,연%,,20170418,2.191
817Y002,1.3.2.1. 시장금리(일별),010300000,"회사채(3년, AA-)",,,,,,,연%,,20170419,2.185
817Y002,1.3.2.1. 시장금리(일별),010300000,"회사채(3년, AA-)",,,,,,,연%,,20170420,2.191
817Y002,1.3.2.1. 시장금리(일별),010300000,"회사채(3년, AA-)",,,,,,,연%,,20170421,2.202
817Y002,1.3.2.1. 시장금리(일별),010300000,"회사채(3년, AA-)",,,,,,,연%,,20170424,2.22
817Y002,1.3.2.1. 시장금리(일별),010300000,"회사채(3년, AA-)",,,,,,,연%,,20170425,2.203
817Y002,1.3.2.1. 시장금리(일별),010300000,"회사채(3년, AA-)",,,,,,,연%,,20170426,2.207
817Y002,1.3.2.1. 시장금리(일별),010300000,"회사채(3년, AA-)",,,,,,,연%,,20170427,2.199
817Y002,1.3.2.1. 시장금리(일별),010300000,"회사채(3년, AA-)",,,,,,,연%,,20170428,2.2
817Y002,1.3.2.1. 시장금리(일별),010300000,"회사채(3년, AA-)",,,,,,,연%,,20170502,2.216
817Y002,1.3.2.1. 시장금리(일별),010300000,"회사채(3년, AA-)",,,,,,,연%,,20170504,2.206
817Y002,1.3.2.1. 시장금리(일별),010300000,"회사채(3년, AA-)",,,,,,,연%,,20170508,2.231
817Y002,1.3.2.1. 시장금리(일별),010300000,"회사채(3년, AA-)",,,,,,,연%,,20170510,2.256
817Y002,1.3.2.1. 시장금리(일별),010300000,"회사채(3년, AA-)",,,,,,,연%,,20170511,2.252
817Y002,1.3.2.1. 시장금리(일별),010300000,"회사채(3년, AA-)",,,,,,,연%,,20170512,2.237
817Y002,1.3.2.1. 시장금리(일별),010300000,"회사채(3년, AA-)",,,,,,,연%,,20170515,2.237
817Y002,1.3.2.1. 시장금리(일별),010300000,"회사채(3년, AA-)",,,,,,,연%,,20170516,2.24
817Y002,1.3.2.1. 시장금리(일별),010300000,"회사채(3년, AA-)",,,,,,,연%,,20170517,2.207
817Y002,1.3.2.1. 시장금리(일별),010300000,"회사채(3년, AA-)",,,,,,,연%,,20170518,2.207
817Y002,1.3.2.1. 시장금리(일별),010300000,"회사채(3년, AA-)",,,,,,,연%,,20170519,2.195
817Y002,1.3.2.1. 시장금리(일별),010300000,"회사채(3년, AA-)",,,,,,,연%,,20170522,2.211
817Y002,1.3.2.1. 시장금리(일별),010300000,"회사채(3년, AA-)",,,,,,,연%,,20170523,2.202
817Y002,1.3.2.1. 시장금리(일별),010300000,"회사채(3년, AA-)",,,,,,,연%,,20170524,2.216
817Y002,1.3.2.1. 시장금리(일별),010300000,"회사채(3년, AA-)",,,,,,,연%,,20170525,2.207
817Y002,1.3.2.1. 시장금리(일별),010300000,"회사채(3년, AA-)",,,,,,,연%,,20170526,2.204
817Y002,1.3.2.1. 시장금리(일별),010300000,"회사채(3년, AA-)",,,,,,,연%,,20170529,2.202
817Y002,1.3.2.1. 시장금리(일별),010300000,"회사채(3년, AA-)",,,,,,,연%,,20170530,2.189
817Y002,1.3.2.1. 시장금리(일별),010300000,"회사채(3년, AA-)",,,,,,,연%,,20170531,2.193
817Y002,1.3.2.1. 시장금리(일별),010300000,"회사채(3년, AA-)",,,,,,,연%,,20170601,2.179
817Y002,1.3.2.1. 시장금리(일별),010300000,"회사채(3년, AA-)",,,,,,,연%,,20170602,2.166
817Y002,1.3.2.1. 시장금리(일별),010300000,"회사채(3년, AA-)",,,,,,,연%,,20170605,2.158
817Y002,1.3.2.1. 시장금리(일별),010300000,"회사채(3년, AA-)",,,,,,,연%,,20170607,2.157
817Y002,1.3.2.1. 시장금리(일별),010300000,"회사채(3년, AA-)",,,,,,,연%,,20170608,2.173
817Y002,1.3.2.1. 시장금리(일별),010300000,"회사채(3년, AA-)",,,,,,,연%,,20170609,2.17
817Y002,1.3.2.1. 시장금리(일별),010300000,"회사채(3년, AA-)",,,,,,,연%,,20170612,2.225
817Y002,1.3.2.1. 시장금리(일별),010300000,"회사채(3년, AA-)",,,,,,,연%,,20170613,2.194
817Y002,1.3.2.1. 시장금리(일별),010300000,"회사채(3년, AA-)",,,,,,,연%,,20170614,2.213
817Y002,1.3.2.1. 시장금리(일별),010300000,"회사채(3년, AA-)",,,,,,,연%,,20170615,2.212
817Y002,1.3.2.1. 시장금리(일별),010300000,"회사채(3년, AA-)",,,,,,,연%,,20170616,2.227
817Y002,1.3.2.1. 시장금리(일별),010300000,"회사채(3년, AA-)",,,,,,,연%,,20170619,2.216
817Y002,1.3.2.1. 시장금리(일별),010300000,"회사채(3년, AA-)",,,,,,,연%,,20170620,2.218
817Y002,1.3.2.1. 시장금리(일별),010300000,"회사채(3년, AA-)",,,,,,,연%,,20170621,2.225
817Y002,1.3.2.1. 시장금리(일별),010300000,"회사채(3년, AA-)",,,,,,,연%,,20170622,2.235
817Y002,1.3.2.1. 시장금리(일별),010300000,"회사채(3년, AA-)",,,,,,,연%,,20170623,2.223
817Y002,1.3.2.1. 시장금리(일별),010300000,"회사채(3년, AA-)",,,,,,,연%,,20170626,2.222
817Y002,1.3.2.1. 시장금리(일별),010300000,"회사채(3년, AA-)",,,,,,,연%,,20170627,2.218
817Y002,1.3.2.1. 시장금리(일별),010300000,"회사채(3년, AA-)",,,,,,,연%,,20170628,2.246
817Y002,1.3.2.1. 시장금리(일별),010300000,"회사채(3년, AA-)",,,,,,,연%,,20170629,2.241
817Y002,1.3.2.1. 시장금리(일별),010300000,"회사채(3년, AA-)",,,,,,,연%,,20170630,2.24
817Y002,1.3.2.1. 시장금리(일별),010300000,"회사채(3년, AA-)",,,,,,,연%,,20170703,2.256
817Y002,1.3.2.1. 시장금리(일별),010300000,"회사채(3년, AA-)",,,,,,,연%,,20170704,2.28
817Y002,1.3.2.1. 시장금리(일별),010300000,"회사채(3년, AA-)",,,,,,,연%,,20170705,2.285
817Y002,1.3.2.1. 시장금리(일별),010300000,"회사채(3년, AA-)",,,,,,,연%,,20170706,2.29
817Y002,1.3.2.1. 시장금리(일별),010300000,"회사채(3년, AA-)",,,,,,,연%,,20170707,2.318
817Y002,1.3.2.1. 시장금리(일별),010300000,"회사채(3년, AA-)",,,,,,,연%,,20170710,2.295
817Y002,1.3.2.1. 시장금리(일별),010300000,"회사채(3년, AA-)",,,,,,,연%,,20170711,2.3
817Y002,1.3.2.1. 시장금리(일별),010300000,"회사채(3년, AA-)",,,,,,,연%,,20170712,2.299
817Y002,1.3.2.1. 시장금리(일별),010300000,"회사채(3년, AA-)",,,,,,,연%,,20170713,2.28
817Y002,1.3.2.1. 시장금리(일별),010300000,"회사채(3년, AA-)",,,,,,,연%,,20170714,2.285
817Y002,1.3.2.1. 시장금리(일별),010300000,"회사채(3년, AA-)",,,,,,,연%,,20170717,2.292
817Y002,1.3.2.1. 시장금리(일별),010300000,"회사채(3년, AA-)",,,,,,,연%,,20170718,2.285
817Y002,1.3.2.1. 시장금리(일별),010300000,"회사채(3년, AA-)",,,,,,,연%,,20170719,2.285
817Y002,1.3.2.1. 시장금리(일별),010300000,"회사채(3년, AA-)",,,,,,,연%,,20170720,2.279
817Y002,1.3.2.1. 시장금리(일별),010300000,"회사채(3년, AA-)",,,,,,,연%,,20170721,2.262
817Y002,1.3.2.1. 시장금리(일별),010300000,"회사채(3년, AA-)",,,,,,,연%,,20170724,2.259
817Y002,1.3.2.1. 시장금리(일별),010300000,"회사채(3년, AA-)",,,,,,,연%,,20170725,2.248
817Y002,1.3.2.1. 시장금리(일별),010300000,"회사채(3년, AA-)",,,,,,,연%,,20170726,2.264
817Y002,1.3.2.1. 시장금리(일별),010300000,"회사채(3년, AA-)",,,,,,,연%,,20170727,2.25
817Y002,1.3.2.1. 시장금리(일별),010300000,"회사채(3년, AA-)",,,,,,,연%,,20170728,2.257
817Y002,1.3.2.1. 시장금리(일별),010300000,"회사채(3년, AA-)",,,,,,,연%,,20170731,2.26
817Y002,1.3.2.1. 시장금리(일별),010300000,"회사채(3년, AA-)",,,,,,,연%,,20170801,2.271
817Y002,1.3.2.1. 시장금리(일별),010300000,"회사채(3년, AA-)",,,,,,,연%,,20170802,2.27
817Y002,1.3.2.1. 시장금리(일별),010300000,"회사채(3년, AA-)",,,,,,,연%,,20170803,2.276
817Y002,1.3.2.1. 시장금리(일별),010300000,"회사채(3년, AA-)",,,,,,,연%,,20170804,2.279
817Y002,1.3.2.1. 시장금리(일별),010300000,"회사채(3년, AA-)",,,,,,,연%,,20170807,2.307
817Y002,1.3.2.1. 시장금리(일별),010300000,"회사채(3년, AA-)",,,,,,,연%,,20170808,2.331
817Y002,1.3.2.1. 시장금리(일별),010300000,"회사채(3년, AA-)",,,,,,,연%,,20170809,2.363
817Y002,1.3.2.1. 시장금리(일별),010300000,"회사채(3년, AA-)",,,,,,,연%,,20170810,2.353
817Y002,1.3.2.1. 시장금리(일별),010300000,"회사채(3년, AA-)",,,,,,,연%,,20170811,2.338
817Y002,1.3.2.1. 시장금리(일별),010300000,"회사채(3년, AA-)",,,,,,,연%,,20170814,2.338
817Y002,1.3.2.1. 시장금리(일별),010300000,"회사채(3년, AA-)",,,,,,,연%,,20170816,2.359
817Y002,1.3.2.1. 시장금리(일별),010300000,"회사채(3년, AA-)",,,,,,,연%,,20170817,2.34
817Y002,1.3.2.1. 시장금리(일별),010300000,"회사채(3년, AA-)",,,,,,,연%,,20170818,2.323
817Y002,1.3.2.1. 시장금리(일별),010300000,"회사채(3년, AA-)",,,,,,,연%,,20170821,2.325
817Y002,1.3.2.1. 시장금리(일별),010300000,"회사채(3년, AA-)",,,,,,,연%,,20170822,2.341
817Y002,1.3.2.1. 시장금리(일별),010300000,"회사채(3년, AA-)",,,,,,,연%,,20170823,2.336
817Y002,1.3.2.1. 시장금리(일별),010300000,"회사채(3년, AA-)",,,,,,,연%,,20170824,2.339
817Y002,1.3.2.1. 시장금리(일별),010300000,"회사채(3년, AA-)",,,,,,,연%,,20170825,2.306
817Y002,1.3.2.1. 시장금리(일별),010300000,"회사채(3년, AA-)",,,,,,,연%,,20170828,2.308
817Y002,1.3.2.1. 시장금리(일별),010300000,"회사채(3년, AA-)",,,,,,,연%,,20170829,2.322
817Y002,1.3.2.1. 시장금리(일별),010300000,"회사채(3년, AA-)",,,,,,,연%,,20170830,2.307
817Y002,1.3.2.1. 시장금리(일별),010300000,"회사채(3년, AA-)",,,,,,,연%,,20170831,2.304
817Y002,1.3.2.1. 시장금리(일별),010300000,"회사채(3년, AA-)",,,,,,,연%,,20170901,2.302
817Y002,1.3.2.1. 시장금리(일별),010300000,"회사채(3년, AA-)",,,,,,,연%,,20170904,2.335
817Y002,1.3.2.1. 시장금리(일별),010300000,"회사채(3년, AA-)",,,,,,,연%,,20170905,2.333
817Y002,1.3.2.1. 시장금리(일별),010300000,"회사채(3년, AA-)",,,,,,,연%,,20170906,2.324
817Y002,1.3.2.1. 시장금리(일별),010300000,"회사채(3년, AA-)",,,,,,,연%,,20170907,2.326
817Y002,1.3.2.1. 시장금리(일별),010300000,"회사채(3년, AA-)",,,,,,,연%,,20170908,2.301
817Y002,1.3.2.1. 시장금리(일별),010300000,"회사채(3년, AA-)",,,,,,,연%,,20170911,2.303
817Y002,1.3.2.1. 시장금리(일별),010300000,"회사채(3년, AA-)",,,,,,,연%,,20170912,2.301
817Y002,1.3.2.1. 시장금리(일별),010300000,"회사채(3년, AA-)",,,,,,,연%,,20170913,2.291
817Y002,1.3.2.1. 시장금리(일별),010300000,"회사채(3년, AA-)",,,,,,,연%,,20170914,2.291
817Y002,1.3.2.1. 시장금리(일별),010300000,"회사채(3년, AA-)",,,,,,,연%,,20170915,2.29
817Y002,1.3.2.1. 시장금리(일별),010300000,"회사채(3년, AA-)",,,,,,,연%,,20170918,2.294
817Y002,1.3.2.1. 시장금리(일별),010300000,"회사채(3년, AA-)",,,,,,,연%,,20170919,2.326
817Y002,1.3.2.1. 시장금리(일별),010300000,"회사채(3년, AA-)",,,,,,,연%,,20170920,2.322
817Y002,1.3.2.1. 시장금리(일별),010300000,"회사채(3년, AA-)",,,,,,,연%,,20170921,2.329
817Y002,1.3.2.1. 시장금리(일별),010300000,"회사채(3년, AA-)",,,,,,,연%,,20170922,2.322
817Y002,1.3.2.1. 시장금리(일별),010300000,"회사채(3년, AA-)",,,,,,,연%,,20170925,2.334
817Y002,1.3.2.1. 시장금리(일별),010300000,"회사채(3년, AA-)",,,,,,,연%,,20170926,2.375
817Y002,1.3.2.1. 시장금리(일별),010300000,"회사채(3년, AA-)",,,,,,,연%,,20170927,2.426
817Y002,1.3.2.1. 시장금리(일별),010300000,"회사채(3년, AA-)",,,,,,,연%,,20170928,2.431
817Y002,1.3.2.1. 시장금리(일별),010300000,"회사채(3년, AA-)",,,,,,,연%,,20170929,2.429
817Y002,1.3.2.1. 시장금리(일별),010300000,"회사채(3년, AA-)",,,,,,,연%,,20171010,2.476
817Y002,1.3.2.1. 시장금리(일별),010300000,"회사채(3년, AA-)",,,,,,,연%,,20171011,2.469
817Y002,1.3.2.1. 시장금리(일별),010300000,"회사채(3년, AA-)",,,,,,,연%,,20171012,2.443
817Y002,1.3.2.1. 시장금리(일별),010300000,"회사채(3년, AA-)",,,,,,,연%,,20171013,2.46
817Y002,1.3.2.1. 시장금리(일별),010300000,"회사채(3년, AA-)",,,,,,,연%,,20171016,2.473
817Y002,1.3.2.1. 시장금리(일별),010300000,"회사채(3년, AA-)",,,,,,,연%,,20171017,2.489
817Y002,1.3.2.1. 시장금리(일별),010300000,"회사채(3년, AA-)",,,,,,,연%,,20171018,2.477
817Y002,1.3.2.1. 시장금리(일별),010300000,"회사채(3년, AA-)",,,,,,,연%,,20171019,2.55
817Y002,1.3.2.1. 시장금리(일별),010300000,"회사채(3년, AA-)",,,,,,,연%,,20171020,2.63
817Y002,1.3.2.1. 시장금리(일별),010300000,"회사채(3년, AA-)",,,,,,,연%,,20171023,2.584
817Y002,1.3.2.1. 시장금리(일별),010300000,"회사채(3년, AA-)",,,,,,,연%,,20171024,2.61
817Y002,1.3.2.1. 시장금리(일별),010300000,"회사채(3년, AA-)",,,,,,,연%,,20171025,2.648
817Y002,1.3.2.1. 시장금리(일별),010300000,"회사채(3년, AA-)",,,,,,,연%,,20171026,2.729
817Y002,1.3.2.1. 시장금리(일별),010300000,"회사채(3년, AA-)",,,,,,,연%,,20171027,2.716
817Y002,1.3.2.1. 시장금리(일별),010300000,"회사채(3년, AA-)",,,,,,,연%,,20171030,2.697
817Y002,1.3.2.1. 시장금리(일별),010300000,"회사채(3년, AA-)",,,,,,,연%,,20171031,2.728
817Y002,1.3.2.1. 시장금리(일별),010300000,"회사채(3년, AA-)",,,,,,,연%,,20171101,2.705
817Y002,1.3.2.1. 시장금리(일별),010300000,"회사채(3년, AA-)",,,,,,,연%,,20171102,2.688
817Y002,1.3.2.1. 시장금리(일별),010300000,"회사채(3년, AA-)",,,,,,,연%,,20171103,2.694
817Y002,1.3.2.1. 시장금리(일별),010300000,"회사채(3년, AA-)",,,,,,,연%,,20171106,2.711
817Y002,1.3.2.1. 시장금리(일별),010300000,"회사채(3년, AA-)",,,,,,,연%,,20171107,2.695
817Y002,1.3.2.1. 시장금리(일별),010300000,"회사채(3년, AA-)",,,,,,,연%,,20171108,2.709
817Y002,1.3.2.1. 시장금리(일별),010300000,"회사채(3년, AA-)",,,,,,,연%,,20171109,2.709
817Y002,1.3.2.1. 시장금리(일별),010300000,"회사채(3년, AA-)",,,,,,,연%,,20171110,2.72
817Y002,1.3.2.1. 시장금리(일별),010300000,"회사채(3년, AA-)",,,,,,,연%,,20171113,2.742
817Y002,1.3.2.1. 시장금리(일별),010300000,"회사채(3년, AA-)",,,,,,,연%,,20171114,2.771
817Y002,1.3.2.1. 시장금리(일별),010300000,"회사채(3년, AA-)",,,,,,,연%,,20171115,2.739
817Y002,1.3.2.1. 시장금리(일별),010300000,"회사채(3년, AA-)",,,,,,,연%,,20171116,2.735
817Y002,1.3.2.1. 시장금리(일별),010300000,"회사채(3년, AA-)",,,,,,,연%,,20171117,2.732
817Y002,1.3.2.1. 시장금리(일별),010300000,"회사채(3년, AA-)",,,,,,,연%,,20171120,2.713
817Y002,1.3.2.1. 시장금리(일별),010300000,"회사채(3년, AA-)",,,,,,,연%,,20171121,2.714
817Y002,1.3.2.1. 시장금리(일별),010300000,"회사채(3년, AA-)",,,,,,,연%,,20171122,2.724
817Y002,1.3.2.1. 시장금리(일별),010300000,"회사채(3년, AA-)",,,,,,,연%,,20171123,2.696
817Y002,1.3.2.1. 시장금리(일별),010300000,"회사채(3년, AA-)",,,,,,,연%,,20171124,2.722
817Y002,1.3.2.1. 시장금리(일별),010300000,"회사채(3년, AA-)",,,,,,,연%,,20171127,2.706
817Y002,1.3.2.1. 시장금리(일별),010300000,"회사채(3년, AA-)",,,,,,,연%,,20171128,2.676
817Y002,1.3.2.1. 시장금리(일별),010300000,"회사채(3년, AA-)",,,,,,,연%,,20171129,2.668
817Y002,1.3.2.1. 시장금리(일별),010300000,"회사채(3년, AA-)",,,,,,,연%,,20171130,2.631
817Y002,1.3.2.1. 시장금리(일별),010300000,"회사채(3년, AA-)",,,,,,,연%,,20171201,2.637
817Y002,1.3.2.1. 시장금리(일별),010300000,"회사채(3년, AA-)",,,,,,,연%,,20171204,2.635
817Y002,1.3.2.1. 시장금리(일별),010300000,"회사채(3년, AA-)",,,,,,,연%,,20171205,2.663
817Y002,1.3.2.1. 시장금리(일별),010300000,"회사채(3년, AA-)",,,,,,,연%,,20171206,2.637
817Y002,1.3.2.1. 시장금리(일별),010300000,"회사채(3년, AA-)",,,,,,,연%,,20171207,2.645
817Y002,1.3.2.1. 시장금리(일별),010300000,"회사채(3년, AA-)",,,,,,,연%,,20171208,2.645
817Y002,1.3.2.1. 시장금리(일별),010300000,"회사채(3년, AA-)",,,,,,,연%,,20171211,2.64
817Y002,1.3.2.1. 시장금리(일별),010300000,"회사채(3년, AA-)",,,,,,,연%,,20171212,2.628
817Y002,1.3.2.1. 시장금리(일별),010300000,"회사채(3년, AA-)",,,,,,,연%,,20171213,2.628
817Y002,1.3.2.1. 시장금리(일별),010300000,"회사채(3년, AA-)",,,,,,,연%,,20171214,2.628
817Y002,1.3.2.1. 시장금리(일별),010300000,"회사채(3년, AA-)",,,,,,,연%,,20171215,2.625
817Y002,1.3.2.1. 시장금리(일별),010300000,"회사채(3년, AA-)",,,,,,,연%,,20171218,2.636
817Y002,1.3.2.1. 시장금리(일별),010300000,"회사채(3년, AA-)",,,,,,,연%,,20171219,2.643
817Y002,1.3.2.1. 시장금리(일별),010300000,"회사채(3년, AA-)",,,,,,,연%,,20171220,2.638
817Y002,1.3.2.1. 시장금리(일별),010300000,"회사채(3년, AA-)",,,,,,,연%,,20171221,2.643
817Y002,1.3.2.1. 시장금리(일별),010300000,"회사채(3년, AA-)",,,,,,,연%,,20171222,2.678
817Y002,1.3.2.1. 시장금리(일별),010300000,"회사채(3년, AA-)",,,,,,,연%,,20171226,2.678
817Y002,1.3.2.1. 시장금리(일별),010300000,"회사채(3년, AA-)",,,,,,,연%,,20171227,2.693
817Y002,1.3.2.1. 시장금리(일별),010300000,"회사채(3년, AA-)",,,,,,,연%,,20171228,2.678
817Y002,1.3.2.1. 시장금리(일별),010300000,"회사채(3년, AA-)",,,,,,,연%,,20171229,2.678
817Y002,1.3.2.1. 시장금리(일별),010300000,"회사채(3년, AA-)",,,,,,,연%,,20180102,2.662
817Y002,1.3.2.1. 시장금리(일별),010300000,"회사채(3년, AA-)",,,,,,,연%,,20180103,2.664
817Y002,1.3.2.1. 시장금리(일별),010300000,"회사채(3년, AA-)",,,,,,,연%,,20180104,2.676
817Y002,1.3.2.1. 시장금리(일별),010300000,"회사채(3년, AA-)",,,,,,,연%,,20180105,2.644
817Y002,1.3.2.1. 시장금리(일별),010300000,"회사채(3년, AA-)",,,,,,,연%,,20180108,2.671
817Y002,1.3.2.1. 시장금리(일별),010300000,"회사채(3년, AA-)",,,,,,,연%,,20180109,2.684
817Y002,1.3.2.1. 시장금리(일별),010300000,"회사채(3년, AA-)",,,,,,,연%,,20180110,2.707
817Y002,1.3.2.1. 시장금리(일별),010300000,"회사채(3년, AA-)",,,,,,,연%,,20180111,2.69
817Y002,1.3.2.1. 시장금리(일별),010300000,"회사채(3년, AA-)",,,,,,,연%,,20180112,2.707
817Y002,1.3.2.1. 시장금리(일별),010300000,"회사채(3년, AA-)",,,,,,,연%,,20180115,2.75
817Y002,1.3.2.1. 시장금리(일별),010300000,"회사채(3년, AA-)",,,,,,,연%,,20180116,2.745
817Y002,1.3.2.1. 시장금리(일별),010300000,"회사채(3년, AA-)",,,,,,,연%,,20180117,2.745
817Y002,1.3.2.1. 시장금리(일별),010300000,"회사채(3년, AA-)",,,,,,,연%,,20180118,2.701
817Y002,1.3.2.1. 시장금리(일별),010300000,"회사채(3년, AA-)",,,,,,,연%,,20180119,2.701
817Y002,1.3.2.1. 시장금리(일별),010300000,"회사채(3년, AA-)",,,,,,,연%,,20180122,2.731
817Y002,1.3.2.1. 시장금리(일별),010300000,"회사채(3년, AA-)",,,,,,,연%,,20180123,2.725
817Y002,1.3.2.1. 시장금리(일별),010300000,"회사채(3년, AA-)",,,,,,,연%,,20180124,2.731
817Y002,1.3.2.1. 시장금리(일별),010300000,"회사채(3년, AA-)",,,,,,,연%,,20180125,2.748
817Y002,1.3.2.1. 시장금리(일별),010300000,"회사채(3년, AA-)",,,,,,,연%,,20180126,2.757
817Y002,1.3.2.1. 시장금리(일별),010300000,"회사채(3년, AA-)",,,,,,,연%,,20180129,2.81
817Y002,1.3.2.1. 시장금리(일별),010300000,"회사채(3년, AA-)",,,,,,,연%,,20180130,2.833
817Y002,1.3.2.1. 시장금리(일별),010300000,"회사채(3년, AA-)",,,,,,,연%,,20180131,2.809
817Y002,1.3.2.1. 시장금리(일별),010300000,"회사채(3년, AA-)",,,,,,,연%,,20180201,2.789
817Y002,1.3.2.1. 시장금리(일별),010300000,"회사채(3년, AA-)",,,,,,,연%,,20180202,2.786
817Y002,1.3.2.1. 시장금리(일별),010300000,"회사채(3년, AA-)",,,,,,,연%,,20180205,2.817
817Y002,1.3.2.1. 시장금리(일별),010300000,"회사채(3년, AA-)",,,,,,,연%,,20180206,2.788
817Y002,1.3.2.1. 시장금리(일별),010300000,"회사채(3년, AA-)",,,,,,,연%,,20180207,2.779
817Y002,1.3.2.1. 시장금리(일별),010300000,"회사채(3년, AA-)",,,,,,,연%,,20180208,2.802
817Y002,1.3.2.1. 시장금리(일별),010300000,"회사채(3년, AA-)",,,,,,,연%,,20180209,2.808
817Y002,1.3.2.1. 시장금리(일별),010300000,"회사채(3년, AA-)",,,,,,,연%,,20180212,2.835
817Y002,1.3.2.1. 시장금리(일별),010300000,"회사채(3년, AA-)",,,,,,,연%,,20180213,2.816
817Y002,1.3.2.1. 시장금리(일별),010300000,"회사채(3년, AA-)",,,,,,,연%,,20180214,2.807
817Y002,1.3.2.1. 시장금리(일별),010300000,"회사채(3년, AA-)",,,,,,,연%,,20180219,2.841
817Y002,1.3.2.1. 시장금리(일별),010300000,"회사채(3년, AA-)",,,,,,,연%,,20180220,2.852
817Y002,1.3.2.1. 시장금리(일별),010300000,"회사채(3년, AA-)",,,,,,,연%,,20180221,2.845
817Y002,1.3.2.1. 시장금리(일별),010300000,"회사채(3년, AA-)",,,,,,,연%,,20180222,2.842
817Y002,1.3.2.1. 시장금리(일별),010300000,"회사채(3년, AA-)",,,,,,,연%,,20180223,2.831
817Y002,1.3.2.1. 시장금리(일별),010300000,"회사채(3년, AA-)",,,,,,,연%,,20180226,2.813
817Y002,1.3.2.1. 시장금리(일별),010300000,"회사채(3년, AA-)",,,,,,,연%,,20180227,2.809
817Y002,1.3.2.1. 시장금리(일별),010300000,"회사채(3년, AA-)",,,,,,,연%,,20180228,2.817
817Y002,1.3.2.1. 시장금리(일별),010300000,"회사채(3년, AA-)",,,,,,,연%,,20180302,2.84
817Y002,1.3.2.1. 시장금리(일별),010300000,"회사채(3년, AA-)",,,,,,,연%,,20180305,2.853
817Y002,1.3.2.1. 시장금리(일별),010300000,"회사채(3년, AA-)",,,,,,,연%,,20180306,2.858
817Y002,1.3.2.1. 시장금리(일별),010300000,"회사채(3년, AA-)",,,,,,,연%,,20180307,2.845
817Y002,1.3.2.1. 시장금리(일별),010300000,"회사채(3년, AA-)",,,,,,,연%,,20180308,2.837
817Y002,1.3.2.1. 시장금리(일별),010300000,"회사채(3년, AA-)",,,,,,,연%,,20180309,2.846
817Y002,1.3.2.1. 시장금리(일별),010300000,"회사채(3년, AA-)",,,,,,,연%,,20180312,2.857
817Y002,1.3.2.1. 시장금리(일별),010300000,"회사채(3년, AA-)",,,,,,,연%,,20180313,2.853
817Y002,1.3.2.1. 시장금리(일별),010300000,"회사채(3년, AA-)",,,,,,,연%,,20180314,2.833
817Y002,1.3.2.1. 시장금리(일별),010300000,"회사채(3년, AA-)",,,,,,,연%,,20180315,2.827
817Y002,1.3.2.1. 시장금리(일별),010300000,"회사채(3년, AA-)",,,,,,,연%,,20180316,2.835
817Y002,1.3.2.1. 시장금리(일별),010300000,"회사채(3년, AA-)",,,,,,,연%,,20180319,2.838
817Y002,1.3.2.1. 시장금리(일별),010300000,"회사채(3년, AA-)",,,,,,,연%,,20180320,2.848
817Y002,1.3.2.1. 시장금리(일별),010300000,"회사채(3년, AA-)",,,,,,,연%,,20180321,2.85
817Y002,1.3.2.1. 시장금리(일별),010300000,"회사채(3년, AA-)",,,,,,,연%,,20180322,2.823
817Y002,1.3.2.1. 시장금리(일별),010300000,"회사채(3년, AA-)",,,,,,,연%,,20180323,2.797
817Y002,1.3.2.1. 시장금리(일별),010300000,"회사채(3년, AA-)",,,,,,,연%,,20180326,2.815
817Y002,1.3.2.1. 시장금리(일별),010300000,"회사채(3년, AA-)",,,,,,,연%,,20180327,2.807
817Y002,1.3.2.1. 시장금리(일별),010300000,"회사채(3년, AA-)",,,,,,,연%,,20180328,2.796
817Y002,1.3.2.1. 시장금리(일별),010300000,"회사채(3년, AA-)",,,,,,,연%,,20180329,2.799
817Y002,1.3.2.1. 시장금리(일별),010300000,"회사채(3년, AA-)",,,,,,,연%,,20180330,2.795
817Y002,1.3.2.1. 시장금리(일별),010300000,"회사채(3년, AA-)",,,,,,,연%,,20180402,2.802
817Y002,1.3.2.1. 시장금리(일별),010300000,"회사채(3년, AA-)",,,,,,,연%,,20180403,2.785
817Y002,1.3.2.1. 시장금리(일별),010300000,"회사채(3년, AA-)",,,,,,,연%,,20180404,2.764
817Y002,1.3.2.1. 시장금리(일별),010300000,"회사채(3년, AA-)",,,,,,,연%,,20180405,2.777
817Y002,1.3.2.1. 시장금리(일별),010300000,"회사채(3년, AA-)",,,,,,,연%,,20180406,2.763
817Y002,1.3.2.1. 시장금리(일별),010300000,"회사채(3년, AA-)",,,,,,,연%,,20180409,2.774
817Y002,1.3.2.1. 시장금리(일별),010300000,"회사채(3년, AA-)",,,,,,,연%,,20180410,2.785
817Y002,1.3.2.1. 시장금리(일별),010300000,"회사채(3년, AA-)",,,,,,,연%,,20180411,2.77
817Y002,1.3.2.1. 시장금리(일별),010300000,"회사채(3년, AA-)",,,,,,,연%,,20180412,2.762
817Y002,1.3.2.1. 시장금리(일별),010300000,"회사채(3년, AA-)",,,,,,,연%,,20180413,2.764
817Y002,1.3.2.1. 시장금리(일별),010300000,"회사채(3년, AA-)",,,,,,,연%,,20180416,2.777
817Y002,1.3.2.1. 시장금리(일별),010300000,"회사채(3년, AA-)",,,,,,,연%,,20180417,2.785
817Y002,1.3.2.1. 시장금리(일별),010300000,"회사채(3년, AA-)",,,,,,,연%,,20180418,2.795
817Y002,1.3.2.1. 시장금리(일별),010300000,"회사채(3년, AA-)",,,,,,,연%,,20180419,2.798
817Y002,1.3.2.1. 시장금리(일별),010300000,"회사채(3년, AA-)",,,,,,,연%,,20180420,2.806
817Y002,1.3.2.1. 시장금리(일별),010300000,"회사채(3년, AA-)",,,,,,,연%,,20180423,2.837
817Y002,1.3.2.1. 시장금리(일별),010300000,"회사채(3년, AA-)",,,,,,,연%,,20180424,2.83
817Y002,1.3.2.1. 시장금리(일별),010300000,"회사채(3년, AA-)",,,,,,,연%,,20180425,2.849
817Y002,1.3.2.1. 시장금리(일별),010300000,"회사채(3년, AA-)",,,,,,,연%,,20180426,2.835
817Y002,1.3.2.1. 시장금리(일별),010300000,"회사채(3년, AA-)",,,,,,,연%,,20180427,2.806
817Y002,1.3.2.1. 시장금리(일별),010300000,"회사채(3년, AA-)",,,,,,,연%,,20180430,2.819
817Y002,1.3.2.1. 시장금리(일별),010300000,"회사채(3년, AA-)",,,,,,,연%,,20180502,2.839
817Y002,1.3.2.1. 시장금리(일별),010300000,"회사채(3년, AA-)",,,,,,,연%,,20180503,2.847
817Y002,1.3.2.1. 시장금리(일별),010300000,"회사채(3년, AA-)",,,,,,,연%,,20180504,2.876
817Y002,1.3.2.1. 시장금리(일별),010300000,"회사채(3년, AA-)",,,,,,,연%,,20180508,2.901
817Y002,1.3.2.1. 시장금리(일별),010300000,"회사채(3년, AA-)",,,,,,,연%,,20180509,2.904
817Y002,1.3.2.1. 시장금리(일별),010300000,"회사채(3년, AA-)",,,,,,,연%,,20180510,2.881
817Y002,1.3.2.1. 시장금리(일별),010300000,"회사채(3년, AA-)",,,,,,,연%,,20180511,2.891
817Y002,1.3.2.1. 시장금리(일별),010300000,"회사채(3년, AA-)",,,,,,,연%,,20180514,2.909
817Y002,1.3.2.1. 시장금리(일별),010300000,"회사채(3년, AA-)",,,,,,,연%,,20180515,2.912
817Y002,1.3.2.1. 시장금리(일별),010300000,"회사채(3년, AA-)",,,,,,,연%,,20180516,2.892
817Y002,1.3.2.1. 시장금리(일별),010300000,"회사채(3년, AA-)",,,,,,,연%,,20180517,2.872
817Y002,1.3.2.1. 시장금리(일별),010300000,"회사채(3년, AA-)",,,,,,,연%,,20180518,2.844
817Y002,1.3.2.1. 시장금리(일별),010300000,"회사채(3년, AA-)",,,,,,,연%,,20180521,2.863
817Y002,1.3.2.1. 시장금리(일별),010300000,"회사채(3년, AA-)",,,,,,,연%,,20180523,2.85
817Y002,1.3.2.1. 시장금리(일별),010300000,"회사채(3년, AA-)",,,,,,,연%,,20180524,2.818
817Y002,1.3.2.1. 시장금리(일별),010300000,"회사채(3년, AA-)",,,,,,,연%,,20180525,2.823
817Y002,1.3.2.1. 시장금리(일별),010300000,"회사채(3년, AA-)",,,,,,,연%,,20180528,2.829
817Y002,1.3.2.1. 시장금리(일별),010300000,"회사채(3년, AA-)",,,,,,,연%,,20180529,2.813
817Y002,1.3.2.1. 시장금리(일별),010300000,"회사채(3년, AA-)",,,,,,,연%,,20180530,2.817
817Y002,1.3.2.1. 시장금리(일별),010300000,"회사채(3년, AA-)",,,,,,,연%,,20180531,2.816
817Y002,1.3.2.1. 시장금리(일별),010300000,"회사채(3년, AA-)",,,,,,,연%,,20180601,2.814
817Y002,1.3.2.1. 시장금리(일별),010300000,"회사채(3년, AA-)",,,,,,,연%,,20180604,2.834
817Y002,1.3.2.1. 시장금리(일별),010300000,"회사채(3년, AA-)",,,,,,,연%,,20180605,2.827
817Y002,1.3.2.1. 시장금리(일별),010300000,"회사채(3년, AA-)",,,,,,,연%,,20180607,2.842
817Y002,1.3.2.1. 시장금리(일별),010300000,"회사채(3년, AA-)",,,,,,,연%,,20180608,2.818
817Y002,1.3.2.1. 시장금리(일별),010300000,"회사채(3년, AA-)",,,,,,,연%,,20180611,2.833
817Y002,1.3.2.1. 시장금리(일별),010300000,"회사채(3년, AA-)",,,,,,,연%,,20180612,2.833
817Y002,1.3.2.1. 시장금리(일별),010300000,"회사채(3년, AA-)",,,,,,,연%,,20180614,2.846
817Y002,1.3.2.1. 시장금리(일별),010300000,"회사채(3년, AA-)",,,,,,,연%,,20180615,2.815
817Y002,1.3.2.1. 시장금리(일별),010300000,"회사채(3년, AA-)",,,,,,,연%,,20180618,2.807
817Y002,1.3.2.1. 시장금리(일별),010300000,"회사채(3년, AA-)",,,,,,,연%,,20180619,2.795
817Y002,1.3.2.1. 시장금리(일별),010300000,"회사채(3년, AA-)",,,,,,,연%,,20180620,2.797
817Y002,1.3.2.1. 시장금리(일별),010300000,"회사채(3년, AA-)",,,,,,,연%,,20180621,2.786
817Y002,1.3.2.1. 시장금리(일별),010300000,"회사채(3년, AA-)",,,,,,,연%,,20180622,2.788
817Y002,1.3.2.1. 시장금리(일별),010300000,"회사채(3년, AA-)",,,,,,,연%,,20180625,2.784
817Y002,1.3.2.1. 시장금리(일별),010300000,"회사채(3년, AA-)",,,,,,,연%,,20180626,2.788
817Y002,1.3.2.1. 시장금리(일별),010300000,"회사채(3년, AA-)",,,,,,,연%,,20180627,2.767
817Y002,1.3.2.1. 시장금리(일별),010300000,"회사채(3년, AA-)",,,,,,,연%,,20180628,2.762
817Y002,1.3.2.1. 시장금리(일별),010300000,"회사채(3년, AA-)",,,,,,,연%,,20180629,2.766
817Y002,1.3.2.1. 시장금리(일별),010300000,"회사채(3년, AA-)",,,,,,,연%,,20180702,2.766
817Y002,1.3.2.1. 시장금리(일별),010300000,"회사채(3년, AA-)",,,,,,,연%,,20180703,2.781
817Y002,1.3.2.1. 시장금리(일별),010300000,"회사채(3년, AA-)",,,,,,,연%,,20180704,2.761
817Y002,1.3.2.1. 시장금리(일별),010300000,"회사채(3년, AA-)",,,,,,,연%,,20180705,2.742
817Y002,1.3.2.1. 시장금리(일별),010300000,"회사채(3년, AA-)",,,,,,,연%,,20180706,2.749
817Y002,1.3.2.1. 시장금리(일별),010300000,"회사채(3년, AA-)",,,,,,,연%,,20180709,2.755
817Y002,1.3.2.1. 시장금리(일별),010300000,"회사채(3년, AA-)",,,,,,,연%,,20180710,2.745
817Y002,1.3.2.1. 시장금리(일별),010300000,"회사채(3년, AA-)",,,,,,,연%,,20180711,2.708
817Y002,1.3.2.1. 시장금리(일별),010300000,"회사채(3년, AA-)",,,,,,,연%,,20180712,2.744
817Y002,1.3.2.1. 시장금리(일별),010300000,"회사채(3년, AA-)",,,,,,,연%,,20180713,2.755
817Y002,1.3.2.1. 시장금리(일별),010300000,"회사채(3년, AA-)",,,,,,,연%,,20180716,2.741
817Y002,1.3.2.1. 시장금리(일별),010300000,"회사채(3년, AA-)",,,,,,,연%,,20180717,2.746
817Y002,1.3.2.1. 시장금리(일별),010300000,"회사채(3년, AA-)",,,,,,,연%,,20180718,2.74
817Y002,1.3.2.1. 시장금리(일별),010300000,"회사채(3년, AA-)",,,,,,,연%,,20180719,2.744
817Y002,1.3.2.1. 시장금리(일별),010300000,"회사채(3년, AA-)",,,,,,,연%,,20180720,2.732
817Y002,1.3.2.1. 시장금리(일별),010300000,"회사채(3년, AA-)",,,,,,,연%,,20180723,2.735
817Y002,1.3.2.1. 시장금리(일별),010300000,"회사채(3년, AA-)",,,,,,,연%,,20180724,2.748
817Y002,1.3.2.1. 시장금리(일별),010300000,"회사채(3년, AA-)",,,,,,,연%,,20180725,2.739
817Y002,1.3.2.1. 시장금리(일별),010300000,"회사채(3년, AA-)",,,,,,,연%,,20180726,2.732
817Y002,1.3.2.1. 시장금리(일별),010300000,"회사채(3년, AA-)",,,,,,,연%,,20180727,2.771
817Y002,1.3.2.1. 시장금리(일별),010300000,"회사채(3년, AA-)",,,,,,,연%,,20180730,2.786
817Y002,1.3.2.1. 시장금리(일별),010300000,"회사채(3년, AA-)",,,,,,,연%,,20180731,2.781
817Y002,1.3.2.1. 시장금리(일별),010300000,"회사채(3년, AA-)",,,,,,,연%,,20180801,2.78
817Y002,1.3.2.1. 시장금리(일별),010300000,"회사채(3년, AA-)",,,,,,,연%,,20180802,2.77
817Y002,1.3.2.1. 시장금리(일별),010300000,"회사채(3년, AA-)",,,,,,,연%,,20180803,2.765
817Y002,1.3.2.1. 시장금리(일별),010300000,"회사채(3년, AA-)",,,,,,,연%,,20180806,2.755
817Y002,1.3.2.1. 시장금리(일별),010300000,"회사채(3년, AA-)",,,,,,,연%,,20180807,2.743
817Y002,1.3.2.1. 시장금리(일별),010300000,"회사채(3년, AA-)",,,,,,,연%,,20180808,2.732
817Y002,1.3.2.1. 시장금리(일별),010300000,"회사채(3년, AA-)",,,,,,,연%,,20180809,2.714
817Y002,1.3.2.1. 시장금리(일별),010300000,"회사채(3년, AA-)",,,,,,,연%,,20180810,2.703
817Y002,1.3.2.1. 시장금리(일별),010300000,"회사채(3년, AA-)",,,,,,,연%,,20180813,2.711
817Y002,1.3.2.1. 시장금리(일별),010300000,"회사채(3년, AA-)",,,,,,,연%,,20180814,2.721
817Y002,1.3.2.1. 시장금리(일별),010300000,"회사채(3년, AA-)",,,,,,,연%,,20180816,2.707
817Y002,1.3.2.1. 시장금리(일별),010300000,"회사채(3년, AA-)",,,,,,,연%,,20180817,2.659
817Y002,1.3.2.1. 시장금리(일별),010300000,"회사채(3년, AA-)",,,,,,,연%,,20180820,2.65
817Y002,1.3.2.1. 시장금리(일별),010300000,"회사채(3년, AA-)",,,,,,,연%,,20180821,2.592
817Y002,1.3.2.1. 시장금리(일별),010300000,"회사채(3년, AA-)",,,,,,,연%,,20180822,2.626
817Y002,1.3.2.1. 시장금리(일별),010300000,"회사채(3년, AA-)",,,,,,,연%,,20180823,2.625
817Y002,1.3.2.1. 시장금리(일별),010300000,"회사채(3년, AA-)",,,,,,,연%,,20180824,2.624
817Y002,1.3.2.1. 시장금리(일별),010300000,"회사채(3년, AA-)",,,,,,,연%,,20180827,2.581
817Y002,1.3.2.1. 시장금리(일별),010300000,"회사채(3년, AA-)",,,,,,,연%,,20180828,2.546
817Y002,1.3.2.1. 시장금리(일별),010300000,"회사채(3년, AA-)",,,,,,,연%,,20180829,2.507
817Y002,1.3.2.1. 시장금리(일별),010300000,"회사채(3년, AA-)",,,,,,,연%,,20180830,2.5
817Y002,1.3.2.1. 시장금리(일별),010300000,"회사채(3년, AA-)",,,,,,,연%,,20180831,2.416
817Y002,1.3.2.1. 시장금리(일별),010300000,"회사채(3년, AA-)",,,,,,,연%,,20180903,2.404
817Y002,1.3.2.1. 시장금리(일별),010300000,"회사채(3년, AA-)",,,,,,,연%,,20180904,2.386
817Y002,1.3.2.1. 시장금리(일별),010300000,"회사채(3년, AA-)",,,,,,,연%,,20180905,2.358
817Y002,1.3.2.1. 시장금리(일별),010300000,"회사채(3년, AA-)",,,,,,,연%,,20180906,2.366
817Y002,1.3.2.1. 시장금리(일별),010300000,"회사채(3년, AA-)",,,,,,,연%,,20180907,2.365
817Y002,1.3.2.1. 시장금리(일별),010300000,"회사채(3년, AA-)",,,,,,,연%,,20180910,2.367
817Y002,1.3.2.1. 시장금리(일별),010300000,"회사채(3년, AA-)",,,,,,,연%,,20180911,2.373
817Y002,1.3.2.1. 시장금리(일별),010300000,"회사채(3년, AA-)",,,,,,,연%,,20180912,2.343
817Y002,1.3.2.1. 시장금리(일별),010300000,"회사채(3년, AA-)",,,,,,,연%,,20180913,2.37
817Y002,1.3.2.1. 시장금리(일별),010300000,"회사채(3년, AA-)",,,,,,,연%,,20180914,2.406
817Y002,1.3.2.1. 시장금리(일별),010300000,"회사채(3년, AA-)",,,,,,,연%,,20180917,2.413
817Y002,1.3.2.1. 시장금리(일별),010300000,"회사채(3년, AA-)",,,,,,,연%,,20180918,2.422
817Y002,1.3.2.1. 시장금리(일별),010300000,"회사채(3년, AA-)",,,,,,,연%,,20180919,2.438
817Y002,1.3.2.1. 시장금리(일별),010300000,"회사채(3년, AA-)",,,,,,,연%,,20180920,2.476
817Y002,1.3.2.1. 시장금리(일별),010300000,"회사채(3년, AA-)",,,,,,,연%,,20180921,2.463
817Y002,1.3.2.1. 시장금리(일별),010300000,"회사채(3년, AA-)",,,,,,,연%,,20180927,2.45
817Y002,1.3.2.1. 시장금리(일별),010300000,"회사채(3년, AA-)",,,,,,,연%,,20180928,2.449
817Y002,1.3.2.1. 시장금리(일별),010300000,"회사채(3년, AA-)",,,,,,,연%,,20181001,2.464
817Y002,1.3.2.1. 시장금리(일별),010300000,"회사채(3년, AA-)",,,,,,,연%,,20181002,2.46
817Y002,1.3.2.1. 시장금리(일별),010300000,"회사채(3년, AA-)",,,,,,,연%,,20181004,2.506
817Y002,1.3.2.1. 시장금리(일별),010300000,"회사채(3년, AA-)",,,,,,,연%,,20181005,2.522
817Y002,1.3.2.1. 시장금리(일별),010300000,"회사채(3년, AA-)",,,,,,,연%,,20181008,2.528
817Y002,1.3.2.1. 시장금리(일별),010300000,"회사채(3년, AA-)",,,,,,,연%,,20181010,2.497
817Y002,1.3.2.1. 시장금리(일별),010300000,"회사채(3년, AA-)",,,,,,,연%,,20181011,2.455
817Y002,1.3.2.1. 시장금리(일별),010300000,"회사채(3년, AA-)",,,,,,,연%,,20181012,2.486
817Y002,1.3.2.1. 시장금리(일별),010300000,"회사채(3년, AA-)",,,,,,,연%,,20181015,2.485
817Y002,1.3.2.1. 시장금리(일별),010300000,"회사채(3년, AA-)",,,,,,,연%,,20181016,2.482
817Y002,1.3.2.1. 시장금리(일별),010300000,"회사채(3년, AA-)",,,,,,,연%,,20181017,2.463
817Y002,1.3.2.1. 시장금리(일별),010300000,"회사채(3년, AA-)",,,,,,,연%,,20181018,2.423
817Y002,1.3.2.1. 시장금리(일별),010300000,"회사채(3년, AA-)",,,,,,,연%,,20181019,2.432
817Y002,1.3.2.1. 시장금리(일별),010300000,"회사채(3년, AA-)",,,,,,,연%,,20181022,2.451
817Y002,1.3.2.1. 시장금리(일별),010300000,"회사채(3년, AA-)",,,,,,,연%,,20181023,2.432
817Y002,1.3.2.1. 시장금리(일별),010300000,"회사채(3년, AA-)",,,,,,,연%,,20181024,2.445
817Y002,1.3.2.1. 시장금리(일별),010300000,"회사채(3년, AA-)",,,,,,,연%,,20181025,2.426
817Y002,1.3.2.1. 시장금리(일별),010300000,"회사채(3년, AA-)",,,,,,,연%,,20181026,2.413
817Y002,1.3.2.1. 시장금리(일별),010300000,"회사채(3년, AA-)",,,,,,,연%,,20181029,2.344
817Y002,1.3.2.1. 시장금리(일별),010300000,"회사채(3년, AA-)",,,,,,,연%,,20181030,2.384
817Y002,1.3.2.1. 시장금리(일별),010300000,"회사채(3년, AA-)",,,,,,,연%,,20181031,2.393
817Y002,1.3.2.1. 시장금리(일별),010300000,"회사채(3년, AA-)",,,,,,,연%,,20181101,2.394
817Y002,1.3.2.1. 시장금리(일별),010300000,"회사채(3년, AA-)",,,,,,,연%,,20181102,2.431
817Y002,1.3.2.1. 시장금리(일별),010300000,"회사채(3년, AA-)",,,,,,,연%,,20181105,2.432
817Y002,1.3.2.1. 시장금리(일별),010300000,"회사채(3년, AA-)",,,,,,,연%,,20181106,2.436
817Y002,1.3.2.1. 시장금리(일별),010300000,"회사채(3년, AA-)",,,,,,,연%,,20181107,2.419
817Y002,1.3.2.1. 시장금리(일별),010300000,"회사채(3년, AA-)",,,,,,,연%,,20181108,2.42
817Y002,1.3.2.1. 시장금리(일별),010300000,"회사채(3년, AA-)",,,,,,,연%,,20181109,2.416
817Y002,1.3.2.1. 시장금리(일별),010300000,"회사채(3년, AA-)",,,,,,,연%,,20181112,2.406
817Y002,1.3.2.1. 시장금리(일별),010300000,"회사채(3년, AA-)",,,,,,,연%,,20181113,2.402
817Y002,1.3.2.1. 시장금리(일별),010300000,"회사채(3년, AA-)",,,,,,,연%,,20181114,2.39
817Y002,1.3.2.1. 시장금리(일별),010300000,"회사채(3년, AA-)",,,,,,,연%,,20181115,2.409
817Y002,1.3.2.1. 시장금리(일별),010300000,"회사채(3년, AA-)",,,,,,,연%,,20181116,2.411
817Y002,1.3.2.1. 시장금리(일별),010300000,"회사채(3년, AA-)",,,,,,,연%,,20181119,2.405
817Y002,1.3.2.1. 시장금리(일별),010300000,"회사채(3년, AA-)",,,,,,,연%,,20181120,2.405
817Y002,1.3.2.1. 시장금리(일별),010300000,"회사채(3년, AA-)",,,,,,,연%,,20181121,2.409
817Y002,1.3.2.1. 시장금리(일별),010300000,"회사채(3년, AA-)",,,,,,,연%,,20181122,2.406
817Y002,1.3.2.1. 시장금리(일별),010300000,"회사채(3년, AA-)",,,,,,,연%,,20181123,2.388
817Y002,1.3.2.1. 시장금리(일별),010300000,"회사채(3년, AA-)",,,,,,,연%,,20181126,2.388
817Y002,1.3.2.1. 시장금리(일별),010300000,"회사채(3년, AA-)",,,,,,,연%,,20181127,2.38
817Y002,1.3.2.1. 시장금리(일별),010300000,"회사채(3년, AA-)",,,,,,,연%,,20181128,2.388
817Y002,1.3.2.1. 시장금리(일별),010300000,"회사채(3년, AA-)",,,,,,,연%,,20181129,2.36
817Y002,1.3.2.1. 시장금리(일별),010300000,"회사채(3년, AA-)",,,,,,,연%,,20181130,2.367
817Y002,1.3.2.1. 시장금리(일별),010300000,"회사채(3년, AA-)",,,,,,,연%,,20181203,2.388
817Y002,1.3.2.1. 시장금리(일별),010300000,"회사채(3년, AA-)",,,,,,,연%,,20181204,2.382
817Y002,1.3.2.1. 시장금리(일별),010300000,"회사채(3년, AA-)",,,,,,,연%,,20181205,2.372
817Y002,1.3.2.1. 시장금리(일별),010300000,"회사채(3년, AA-)",,,,,,,연%,,20181206,2.319
817Y002,1.3.2.1. 시장금리(일별),010300000,"회사채(3년, AA-)",,,,,,,연%,,20181207,2.313
817Y002,1.3.2.1. 시장금리(일별),010300000,"회사채(3년, AA-)",,,,,,,연%,,20181210,2.293
817Y002,1.3.2.1. 시장금리(일별),010300000,"회사채(3년, AA-)",,,,,,,연%,,20181211,2.284
817Y002,1.3.2.1. 시장금리(일별),010300000,"회사채(3년, AA-)",,,,,,,연%,,20181212,2.292
817Y002,1.3.2.1. 시장금리(일별),010300000,"회사채(3년, AA-)",,,,,,,연%,,20181213,2.288
817Y002,1.3.2.1. 시장금리(일별),010300000,"회사채(3년, AA-)",,,,,,,연%,,20181214,2.277
817Y002,1.3.2.1. 시장금리(일별),010300000,"회사채(3년, AA-)",,,,,,,연%,,20181217,2.283
817Y002,1.3.2.1. 시장금리(일별),010300000,"회사채(3년, AA-)",,,,,,,연%,,20181218,2.282
817Y002,1.3.2.1. 시장금리(일별),010300000,"회사채(3년, AA-)",,,,,,,연%,,20181219,2.272
817Y002,1.3.2.1. 시장금리(일별),010300000,"회사채(3년, AA-)",,,,,,,연%,,20181220,2.283
817Y002,1.3.2.1. 시장금리(일별),010300000,"회사채(3년, AA-)",,,,,,,연%,,20181221,2.31
817Y002,1.3.2.1. 시장금리(일별),010300000,"회사채(3년, AA-)",,,,,,,연%,,20181224,2.313
817Y002,1.3.2.1. 시장금리(일별),010300000,"회사채(3년, AA-)",,,,,,,연%,,20181226,2.279
817Y002,1.3.2.1. 시장금리(일별),010300000,"회사채(3년, AA-)",,,,,,,연%,,20181227,2.282
817Y002,1.3.2.1. 시장금리(일별),010300000,"회사채(3년, AA-)",,,,,,,연%,,20181228,2.287
817Y002,1.3.2.1. 시장금리(일별),010300000,"회사채(3년, AA-)",,,,,,,연%,,20181231,2.287
817Y002,1.3.2.1. 시장금리(일별),010300000,"회사채(3년, AA-)",,,,,,,연%,,20190102,2.27
817Y002,1.3.2.1. 시장금리(일별),010300000,"회사채(3년, AA-)",,,,,,,연%,,20190103,2.265
817Y002,1.3.2.1. 시장금리(일별),010300000,"회사채(3년, AA-)",,,,,,,연%,,20190104,2.259
817Y002,1.3.2.1. 시장금리(일별),010300000,"회사채(3년, AA-)",,,,,,,연%,,20190107,2.268
817Y002,1.3.2.1. 시장금리(일별),010300000,"회사채(3년, AA-)",,,,,,,연%,,20190108,2.269
817Y002,1.3.2.1. 시장금리(일별),010300000,"회사채(3년, AA-)",,,,,,,연%,,20190109,2.27
817Y002,1.3.2.1. 시장금리(일별),010300000,"회사채(3년, AA-)",,,,,,,연%,,20190110,2.259
817Y002,1.3.2.1. 시장금리(일별),010300000,"회사채(3년, AA-)",,,,,,,연%,,20190111,2.262
817Y002,1.3.2.1. 시장금리(일별),010300000,"회사채(3년, AA-)",,,,,,,연%,,20190114,2.257
817Y002,1.3.2.1. 시장금리(일별),010300000,"회사채(3년, AA-)",,,,,,,연%,,20190115,2.258
817Y002,1.3.2.1. 시장금리(일별),010300000,"회사채(3년, AA-)",,,,,,,연%,,20190116,2.258
817Y002,1.3.2.1. 시장금리(일별),010300000,"회사채(3년, AA-)",,,,,,,연%,,20190117,2.255
817Y002,1.3.2.1. 시장금리(일별),010300000,"회사채(3년, AA-)",,,,,,,연%,,20190118,2.267
817Y002,1.3.2.1. 시장금리(일별),010300000,"회사채(3년, AA-)",,,,,,,연%,,20190121,2.271
817Y002,1.3.2.1. 시장금리(일별),010300000,"회사채(3년, AA-)",,,,,,,연%,,20190122,2.255
817Y002,1.3.2.1. 시장금리(일별),010300000,"회사채(3년, AA-)",,,,,,,연%,,20190123,2.256
817Y002,1.3.2.1. 시장금리(일별),010300000,"회사채(3년, AA-)",,,,,,,연%,,20190124,2.261
817Y002,1.3.2.1. 시장금리(일별),010300000,"회사채(3년, AA-)",,,,,,,연%,,20190125,2.261
817Y002,1.3.2.1. 시장금리(일별),010300000,"회사채(3년, AA-)",,,,,,,연%,,20190128,2.267
817Y002,1.3.2.1. 시장금리(일별),010300000,"회사채(3년, AA-)",,,,,,,연%,,20190129,2.269
817Y002,1.3.2.1. 시장금리(일별),010300000,"회사채(3년, AA-)",,,,,,,연%,,20190130,2.272
817Y002,1.3.2.1. 시장금리(일별),010300000,"회사채(3년, AA-)",,,,,,,연%,,20190131,2.256
817Y002,1.3.2.1. 시장금리(일별),010300000,"회사채(3년, AA-)",,,,,,,연%,,20190201,2.251
817Y002,1.3.2.1. 시장금리(일별),010300000,"회사채(3년, AA-)",,,,,,,연%,,20190207,2.249
817Y002,1.3.2.1. 시장금리(일별),010300000,"회사채(3년, AA-)",,,,,,,연%,,20190208,2.234
817Y002,1.3.2.1. 시장금리(일별),010300000,"회사채(3년, AA-)",,,,,,,연%,,20190211,2.229
817Y002,1.3.2.1. 시장금리(일별),010300000,"회사채(3년, AA-)",,,,,,,연%,,20190212,2.242
817Y002,1.3.2.1. 시장금리(일별),010300000,"회사채(3년, AA-)",,,,,,,연%,,20190213,2.247
817Y002,1.3.2.1. 시장금리(일별),010300000,"회사채(3년, AA-)",,,,,,,연%,,20190214,2.242
817Y002,1.3.2.1. 시장금리(일별),010300000,"회사채(3년, AA-)",,,,,,,연%,,20190215,2.231
817Y002,1.3.2.1. 시장금리(일별),010300000,"회사채(3년, AA-)",,,,,,,연%,,20190218,2.251
817Y002,1.3.2.1. 시장금리(일별),010300000,"회사채(3년, AA-)",,,,,,,연%,,20190219,2.249
817Y002,1.3.2.1. 시장금리(일별),010300000,"회사채(3년, AA-)",,,,,,,연%,,20190220,2.252
817Y002,1.3.2.1. 시장금리(일별),010300000,"회사채(3년, AA-)",,,,,,,연%,,20190221,2.258
817Y002,1.3.2.1. 시장금리(일별),010300000,"회사채(3년, AA-)",,,,,,,연%,,20190222,2.26
817Y002,1.3.2.1. 시장금리(일별),010300000,"회사채(3년, AA-)",,,,,,,연%,,20190225,2.265
817Y002,1.3.2.1. 시장금리(일별),010300000,"회사채(3년, AA-)",,,,,,,연%,,20190226,2.261
817Y002,1.3.2.1. 시장금리(일별),010300000,"회사채(3년, AA-)",,,,,,,연%,,20190227,2.254
817Y002,1.3.2.1. 시장금리(일별),010300000,"회사채(3년, AA-)",,,,,,,연%,,20190228,2.261
817Y002,1.3.2.1. 시장금리(일별),010300000,"회사채(3년, AA-)",,,,,,,연%,,20190304,2.281
817Y002,1.3.2.1. 시장금리(일별),010300000,"회사채(3년, AA-)",,,,,,,연%,,20190305,2.283
817Y002,1.3.2.1. 시장금리(일별),010300000,"회사채(3년, AA-)",,,,,,,연%,,20190306,2.278
817Y002,1.3.2.1. 시장금리(일별),010300000,"회사채(3년, AA-)",,,,,,,연%,,20190307,2.269
817Y002,1.3.2.1. 시장금리(일별),010300000,"회사채(3년, AA-)",,,,,,,연%,,20190308,2.255
817Y002,1.3.2.1. 시장금리(일별),010300000,"회사채(3년, AA-)",,,,,,,연%,,20190311,2.261
817Y002,1.3.2.1. 시장금리(일별),010300000,"회사채(3년, AA-)",,,,,,,연%,,20190312,2.262
817Y002,1.3.2.1. 시장금리(일별),010300000,"회사채(3년, AA-)",,,,,,,연%,,20190313,2.248
817Y002,1.3.2.1. 시장금리(일별),010300000,"회사채(3년, AA-)",,,,,,,연%,,20190314,2.246
817Y002,1.3.2.1. 시장금리(일별),010300000,"회사채(3년, AA-)",,,,,,,연%,,20190315,2.256
817Y002,1.3.2.1. 시장금리(일별),010300000,"회사채(3년, AA-)",,,,,,,연%,,20190318,2.264
817Y002,1.3.2.1. 시장금리(일별),010300000,"회사채(3년, AA-)",,,,,,,연%,,20190319,2.262
817Y002,1.3.2.1. 시장금리(일별),010300000,"회사채(3년, AA-)",,,,,,,연%,,20190320,2.265
817Y002,1.3.2.1. 시장금리(일별),010300000,"회사채(3년, AA-)",,,,,,,연%,,20190321,2.247
817Y002,1.3.2.1. 시장금리(일별),010300000,"회사채(3년, AA-)",,,,,,,연%,,20190322,2.254
817Y002,1.3.2.1. 시장금리(일별),010300000,"회사채(3년, AA-)",,,,,,,연%,,20190325,2.225
817Y002,1.3.2.1. 시장금리(일별),010300000,"회사채(3년, AA-)",,,,,,,연%,,20190326,2.217
817Y002,1.3.2.1. 시장금리(일별),010300000,"회사채(3년, AA-)",,,,,,,연%,,20190327,2.187
817Y002,1.3.2.1. 시장금리(일별),010300000,"회사채(3년, AA-)",,,,,,,연%,,20190328,2.151
817Y002,1.3.2.1. 시장금리(일별),010300000,"회사채(3년, AA-)",,,,,,,연%,,20190329,2.163
817Y002,1.3.2.1. 시장금리(일별),010300000,"회사채(3년, AA-)",,,,,,,연%,,20190401,2.197
817Y002,1.3.2.1. 시장금리(일별),010300000,"회사채(3년, AA-)",,,,,,,연%,,20190402,2.178
817Y002,1.3.2.1. 시장금리(일별),010300000,"회사채(3년, AA-)",,,,,,,연%,,20190403,2.193
817Y002,1.3.2.1. 시장금리(일별),010300000,"회사채(3년, AA-)",,,,,,,연%,,20190404,2.194
817Y002,1.3.2.1. 시장금리(일별),010300000,"회사채(3년, AA-)",,,,,,,연%,,20190405,2.207
817Y002,1.3.2.1. 시장금리(일별),010300000,"회사채(3년, AA-)",,,,,,,연%,,20190408,2.196
817Y002,1.3.2.1. 시장금리(일별),010300000,"회사채(3년, AA-)",,,,,,,연%,,20190409,2.197
817Y002,1.3.2.1. 시장금리(일별),010300000,"회사채(3년, AA-)",,,,,,,연%,,20190410,2.201
817Y002,1.3.2.1. 시장금리(일별),010300000,"회사채(3년, AA-)",,,,,,,연%,,20190411,2.202
817Y002,1.3.2.1. 시장금리(일별),010300000,"회사채(3년, AA-)",,,,,,,연%,,20190412,2.204
817Y002,1.3.2.1. 시장금리(일별),010300000,"회사채(3년, AA-)",,,,,,,연%,,20190415,2.23
817Y002,1.3.2.1. 시장금리(일별),010300000,"회사채(3년, AA-)",,,,,,,연%,,20190416,2.234
817Y002,1.3.2.1. 시장금리(일별),010300000,"회사채(3년, AA-)",,,,,,,연%,,20190417,2.249
817Y002,1.3.2.1. 시장금리(일별),010300000,"회사채(3년, AA-)",,,,,,,연%,,20190418,2.215
817Y002,1.3.2.1. 시장금리(일별),010300000,"회사채(3년, AA-)",,,,,,,연%,,20190419,2.228
817Y002,1.3.2.1. 시장금리(일별),010300000,"회사채(3년, AA-)",,,,,,,연%,,20190422,2.241
817Y002,1.3.2.1. 시장금리(일별),010300000,"회사채(3년, AA-)",,,,,,,연%,,20190423,2.238
817Y002,1.3.2.1. 시장금리(일별),010300000,"회사채(3년, AA-)",,,,,,,연%,,20190424,2.219
817Y002,1.3.2.1. 시장금리(일별),010300000,"회사채(3년, AA-)",,,,,,,연%,,20190425,2.195
817Y002,1.3.2.1. 시장금리(일별),010300000,"회사채(3년, AA-)",,,,,,,연%,,20190426,2.191
817Y002,1.3.2.1. 시장금리(일별),010300000,"회사채(3년, AA-)",,,,,,,연%,,20190429,2.184
817Y002,1.3.2.1. 시장금리(일별),010300000,"회사채(3년, AA-)",,,,,,,연%,,20190430,2.171
817Y002,1.3.2.1. 시장금리(일별),010300000,"회사채(3년, AA-)",,,,,,,연%,,20190502,2.201
817Y002,1.3.2.1. 시장금리(일별),010300000,"회사채(3년, AA-)",,,,,,,연%,,20190503,2.204
817Y002,1.3.2.1. 시장금리(일별),010300000,"회사채(3년, AA-)",,,,,,,연%,,20190507,2.189
817Y002,1.3.2.1. 시장금리(일별),010300000,"회사채(3년, AA-)",,,,,,,연%,,20190508,2.184
817Y002,1.3.2.1. 시장금리(일별),010300000,"회사채(3년, AA-)",,,,,,,연%,,20190509,2.176
817Y002,1.3.2.1. 시장금리(일별),010300000,"회사채(3년, AA-)",,,,,,,연%,,20190510,2.187
817Y002,1.3.2.1. 시장금리(일별),010300000,"회사채(3년, AA-)",,,,,,,연%,,20190513,2.186
817Y002,1.3.2.1. 시장금리(일별),010300000,"회사채(3년, AA-)",,,,,,,연%,,20190514,2.177
817Y002,1.3.2.1. 시장금리(일별),010300000,"회사채(3년, AA-)",,,,,,,연%,,20190515,2.175
817Y002,1.3.2.1. 시장금리(일별),010300000,"회사채(3년, AA-)",,,,,,,연%,,20190516,2.146
817Y002,1.3.2.1. 시장금리(일별),010300000,"회사채(3년, AA-)",,,,,,,연%,,20190517,2.145
817Y002,1.3.2.1. 시장금리(일별),010300000,"회사채(3년, AA-)",,,,,,,연%,,20190520,2.157
817Y002,1.3.2.1. 시장금리(일별),010300000,"회사채(3년, AA-)",,,,,,,연%,,20190521,2.142
817Y002,1.3.2.1. 시장금리(일별),010300000,"회사채(3년, AA-)",,,,,,,연%,,20190522,2.144
817Y002,1.3.2.1. 시장금리(일별),010300000,"회사채(3년, AA-)",,,,,,,연%,,20190523,2.131
817Y002,1.3.2.1. 시장금리(일별),010300000,"회사채(3년, AA-)",,,,,,,연%,,20190524,2.126
817Y002,1.3.2.1. 시장금리(일별),010300000,"회사채(3년, AA-)",,,,,,,연%,,20190527,2.131
817Y002,1.3.2.1. 시장금리(일별),010300000,"회사채(3년, AA-)",,,,,,,연%,,20190528,2.13
817Y002,1.3.2.1. 시장금리(일별),010300000,"회사채(3년, AA-)",,,,,,,연%,,20190529,2.103
817Y002,1.3.2.1. 시장금리(일별),010300000,"회사채(3년, AA-)",,,,,,,연%,,20190530,2.11
817Y002,1.3.2.1. 시장금리(일별),010300000,"회사채(3년, AA-)",,,,,,,연%,,20190531,2.075
817Y002,1.3.2.1. 시장금리(일별),010300000,"회사채(3년, AA-)",,,,,,,연%,,20190603,2.074
817Y002,1.3.2.1. 시장금리(일별),010300000,"회사채(3년, AA-)",,,,,,,연%,,20190604,2.07
817Y002,1.3.2.1. 시장금리(일별),010300000,"회사채(3년, AA-)",,,,,,,연%,,20190605,2.05
817Y002,1.3.2.1. 시장금리(일별),010300000,"회사채(3년, AA-)",,,,,,,연%,,20190607,2.047
817Y002,1.3.2.1. 시장금리(일별),010300000,"회사채(3년, AA-)",,,,,,,연%,,20190610,2.048
817Y002,1.3.2.1. 시장금리(일별),010300000,"회사채(3년, AA-)",,,,,,,연%,,20190611,2.053
817Y002,1.3.2.1. 시장금리(일별),010300000,"회사채(3년, AA-)",,,,,,,연%,,20190612,1.999
817Y002,1.3.2.1. 시장금리(일별),010300000,"회사채(3년, AA-)",,,,,,,연%,,20190613,2.002
817Y002,1.3.2.1. 시장금리(일별),010300000,"회사채(3년, AA-)",,,,,,,연%,,20190614,1.989
817Y002,1.3.2.1. 시장금리(일별),010300000,"회사채(3년, AA-)",,,,,,,연%,,20190617,2.005
817Y002,1.3.2.1. 시장금리(일별),010300000,"회사채(3년, AA-)",,,,,,,연%,,20190618,2.007
817Y002,1.3.2.1. 시장금리(일별),010300000,"회사채(3년, AA-)",,,,,,,연%,,20190619,1.995
817Y002,1.3.2.1. 시장금리(일별),010300000,"회사채(3년, AA-)",,,,,,,연%,,20190620,1.939
817Y002,1.3.2.1. 시장금리(일별),010300000,"회사채(3년, AA-)",,,,,,,연%,,20190621,1.949
817Y002,1.3.2.1. 시장금리(일별),010300000,"회사채(3년, AA-)",,,,,,,연%,,20190624,1.949
817Y002,1.3.2.1. 시장금리(일별),010300000,"회사채(3년, AA-)",,,,,,,연%,,20190625,1.971
817Y002,1.3.2.1. 시장금리(일별),010300000,"회사채(3년, AA-)",,,,,,,연%,,20190626,1.982
817Y002,1.3.2.1. 시장금리(일별),010300000,"회사채(3년, AA-)",,,,,,,연%,,20190627,1.984
817Y002,1.3.2.1. 시장금리(일별),010300000,"회사채(3년, AA-)",,,,,,,연%,,20190628,1.967
817Y002,1.3.2.1. 시장금리(일별),010300000,"회사채(3년, AA-)",,,,,,,연%,,20190701,1.974
817Y002,1.3.2.1. 시장금리(일별),010300000,"회사채(3년, AA-)",,,,,,,연%,,20190702,1.958
817Y002,1.3.2.1. 시장금리(일별),010300000,"회사채(3년, AA-)",,,,,,,연%,,20190703,1.925
817Y002,1.3.2.1. 시장금리(일별),010300000,"회사채(3년, AA-)",,,,,,,연%,,20190704,1.915
817Y002,1.3.2.1. 시장금리(일별),010300000,"회사채(3년, AA-)",,,,,,,연%,,20190705,1.923
817Y002,1.3.2.1. 시장금리(일별),010300000,"회사채(3년, AA-)",,,,,,,연%,,20190708,1.922
817Y002,1.3.2.1. 시장금리(일별),010300000,"회사채(3년, AA-)",,,,,,,연%,,20190709,1.923
817Y002,1.3.2.1. 시장금리(일별),010300000,"회사채(3년, AA-)",,,,,,,연%,,20190710,1.938
817Y002,1.3.2.1. 시장금리(일별),010300000,"회사채(3년, AA-)",,,,,,,연%,,20190711,1.92
817Y002,1.3.2.1. 시장금리(일별),010300000,"회사채(3년, AA-)",,,,,,,연%,,20190712,1.927
817Y002,1.3.2.1. 시장금리(일별),010300000,"회사채(3년, AA-)",,,,,,,연%,,20190715,1.937
817Y002,1.3.2.1. 시장금리(일별),010300000,"회사채(3년, AA-)",,,,,,,연%,,20190716,1.934
817Y002,1.3.2.1. 시장금리(일별),010300000,"회사채(3년, AA-)",,,,,,,연%,,20190717,1.903
817Y002,1.3.2.1. 시장금리(일별),010300000,"회사채(3년, AA-)",,,,,,,연%,,20190718,1.85
817Y002,1.3.2.1. 시장금리(일별),010300000,"회사채(3년, AA-)",,,,,,,연%,,20190719,1.832
817Y002,1.3.2.1. 시장금리(일별),010300000,"회사채(3년, AA-)",,,,,,,연%,,20190722,1.837
817Y002,1.3.2.1. 시장금리(일별),010300000,"회사채(3년, AA-)",,,,,,,연%,,20190723,1.843
817Y002,1.3.2.1. 시장금리(일별),010300000,"회사채(3년, AA-)",,,,,,,연%,,20190724,1.83
817Y002,1.3.2.1. 시장금리(일별),010300000,"회사채(3년, AA-)",,,,,,,연%,,20190725,1.809
817Y002,1.3.2.1. 시장금리(일별),010300000,"회사채(3년, AA-)",,,,,,,연%,,20190726,1.817
817Y002,1.3.2.1. 시장금리(일별),010300000,"회사채(3년, AA-)",,,,,,,연%,,20190729,1.817
817Y002,1.3.2.1. 시장금리(일별),010300000,"회사채(3년, AA-)",,,,,,,연%,,20190730,1.812
817Y002,1.3.2.1. 시장금리(일별),010300000,"회사채(3년, AA-)",,,,,,,연%,,20190731,1.803
817Y002,1.3.2.1. 시장금리(일별),010300000,"회사채(3년, AA-)",,,,,,,연%,,20190801,1.822
817Y002,1.3.2.1. 시장금리(일별),010300000,"회사채(3년, AA-)",,,,,,,연%,,20190802,1.773
817Y002,1.3.2.1. 시장금리(일별),010300000,"회사채(3년, AA-)",,,,,,,연%,,20190805,1.693
817Y002,1.3.2.1. 시장금리(일별),010300000,"회사채(3년, AA-)",,,,,,,연%,,20190806,1.688
817Y002,1.3.2.1. 시장금리(일별),010300000,"회사채(3년, AA-)",,,,,,,연%,,20190807,1.678
817Y002,1.3.2.1. 시장금리(일별),010300000,"회사채(3년, AA-)",,,,,,,연%,,20190808,1.691
817Y002,1.3.2.1. 시장금리(일별),010300000,"회사채(3년, AA-)",,,,,,,연%,,20190809,1.707
817Y002,1.3.2.1. 시장금리(일별),010300000,"회사채(3년, AA-)",,,,,,,연%,,20190812,1.706
817Y002,1.3.2.1. 시장금리(일별),010300000,"회사채(3년, AA-)",,,,,,,연%,,20190813,1.678
817Y002,1.3.2.1. 시장금리(일별),010300000,"회사채(3년, AA-)",,,,,,,연%,,20190814,1.678
817Y002,1.3.2.1. 시장금리(일별),010300000,"회사채(3년, AA-)",,,,,,,연%,,20190816,1.626
817Y002,1.3.2.1. 시장금리(일별),010300000,"회사채(3년, AA-)",,,,,,,연%,,20190819,1.628
817Y002,1.3.2.1. 시장금리(일별),010300000,"회사채(3년, AA-)",,,,,,,연%,,20190820,1.636
817Y002,1.3.2.1. 시장금리(일별),010300000,"회사채(3년, AA-)",,,,,,,연%,,20190821,1.685
817Y002,1.3.2.1. 시장금리(일별),010300000,"회사채(3년, AA-)",,,,,,,연%,,20190822,1.658
817Y002,1.3.2.1. 시장금리(일별),010300000,"회사채(3년, AA-)",,,,,,,연%,,20190823,1.691
817Y002,1.3.2.1. 시장금리(일별),010300000,"회사채(3년, AA-)",,,,,,,연%,,20190826,1.648
817Y002,1.3.2.1. 시장금리(일별),010300000,"회사채(3년, AA-)",,,,,,,연%,,20190827,1.695
817Y002,1.3.2.1. 시장금리(일별),010300000,"회사채(3년, AA-)",,,,,,,연%,,20190828,1.701
817Y002,1.3.2.1. 시장금리(일별),010300000,"회사채(3년, AA-)",,,,,,,연%,,20190829,1.691
817Y002,1.3.2.1. 시장금리(일별),010300000,"회사채(3년, AA-)",,,,,,,연%,,20190830,1.693
817Y002,1.3.2.1. 시장금리(일별),010300000,"회사채(3년, AA-)",,,,,,,연%,,20190902,1.74
817Y002,1.3.2.1. 시장금리(일별),010300000,"회사채(3년, AA-)",,,,,,,연%,,20190903,1.734
817Y002,1.3.2.1. 시장금리(일별),010300000,"회사채(3년, AA-)",,,,,,,연%,,20190904,1.741
817Y002,1.3.2.1. 시장금리(일별),010300000,"회사채(3년, AA-)",,,,,,,연%,,20190905,1.76
817Y002,1.3.2.1. 시장금리(일별),010300000,"회사채(3년, AA-)",,,,,,,연%,,20190906,1.769
817Y002,1.3.2.1. 시장금리(일별),010300000,"회사채(3년, AA-)",,,,,,,연%,,20190909,1.742
817Y002,1.3.2.1. 시장금리(일별),010300000,"회사채(3년, AA-)",,,,,,,연%,,20190910,1.748
817Y002,1.3.2.1. 시장금리(일별),010300000,"회사채(3년, AA-)",,,,,,,연%,,20190911,1.764
817Y002,1.3.2.1. 시장금리(일별),010300000,"회사채(3년, AA-)",,,,,,,연%,,20190916,1.85
817Y002,1.3.2.1. 시장금리(일별),010300000,"회사채(3년, AA-)",,,,,,,연%,,20190917,1.822
817Y002,1.3.2.1. 시장금리(일별),010300000,"회사채(3년, AA-)",,,,,,,연%,,20190918,1.816
817Y002,1.3.2.1. 시장금리(일별),010300000,"회사채(3년, AA-)",,,,,,,연%,,20190919,1.835
817Y002,1.3.2.1. 시장금리(일별),010300000,"회사채(3년, AA-)",,,,,,,연%,,20190920,1.836
817Y002,1.3.2.1. 시장금리(일별),010300000,"회사채(3년, AA-)",,,,,,,연%,,20190923,1.837
817Y002,1.3.2.1. 시장금리(일별),010300000,"회사채(3년, AA-)",,,,,,,연%,,20190924,1.829
817Y002,1.3.2.1. 시장금리(일별),010300000,"회사채(3년, AA-)",,,,,,,연%,,20190925,1.807
817Y002,1.3.2.1. 시장금리(일별),010300000,"회사채(3년, AA-)",,,,,,,연%,,20190926,1.806
817Y002,1.3.2.1. 시장금리(일별),010300000,"회사채(3년, AA-)",,,,,,,연%,,20190927,1.806
817Y002,1.3.2.1. 시장금리(일별),010300000,"회사채(3년, AA-)",,,,,,,연%,,20190930,1.8
817Y002,1.3.2.1. 시장금리(일별),010300000,"회사채(3년, AA-)",,,,,,,연%,,20191001,1.824
817Y002,1.3.2.1. 시장금리(일별),010300000,"회사채(3년, AA-)",,,,,,,연%,,20191002,1.806
817Y002,1.3.2.1. 시장금리(일별),010300000,"회사채(3년, AA-)",,,,,,,연%,,20191004,1.717
817Y002,1.3.2.1. 시장금리(일별),010300000,"회사채(3년, AA-)",,,,,,,연%,,20191007,1.738
817Y002,1.3.2.1. 시장금리(일별),010300000,"회사채(3년, AA-)",,,,,,,연%,,20191008,1.766
817Y002,1.3.2.1. 시장금리(일별),010300000,"회사채(3년, AA-)",,,,,,,연%,,20191010,1.779
817Y002,1.3.2.1. 시장금리(일별),010300000,"회사채(3년, AA-)",,,,,,,연%,,20191011,1.785
817Y002,1.3.2.1. 시장금리(일별),010300000,"회사채(3년, AA-)",,,,,,,연%,,20191014,1.787
817Y002,1.3.2.1. 시장금리(일별),010300000,"회사채(3년, AA-)",,,,,,,연%,,20191015,1.791
817Y002,1.3.2.1. 시장금리(일별),010300000,"회사채(3년, AA-)",,,,,,,연%,,20191016,1.827
817Y002,1.3.2.1. 시장금리(일별),010300000,"회사채(3년, AA-)",,,,,,,연%,,20191017,1.879
817Y002,1.3.2.1. 시장금리(일별),010300000,"회사채(3년, AA-)",,,,,,,연%,,20191018,1.88
817Y002,1.3.2.1. 시장금리(일별),010300000,"회사채(3년, AA-)",,,,,,,연%,,20191021,1.912
817Y002,1.3.2.1. 시장금리(일별),010300000,"회사채(3년, AA-)",,,,,,,연%,,20191022,1.885
817Y002,1.3.2.1. 시장금리(일별),010300000,"회사채(3년, AA-)",,,,,,,연%,,20191023,1.894
817Y002,1.3.2.1. 시장금리(일별),010300000,"회사채(3년, AA-)",,,,,,,연%,,20191024,1.905
817Y002,1.3.2.1. 시장금리(일별),010300000,"회사채(3년, AA-)",,,,,,,연%,,20191025,1.943
817Y002,1.3.2.1. 시장금리(일별),010300000,"회사채(3년, AA-)",,,,,,,연%,,20191028,2.018
817Y002,1.3.2.1. 시장금리(일별),010300000,"회사채(3년, AA-)",,,,,,,연%,,20191029,1.994
817Y002,1.3.2.1. 시장금리(일별),010300000,"회사채(3년, AA-)",,,,,,,연%,,20191030,1.981
817Y002,1.3.2.1. 시장금리(일별),010300000,"회사채(3년, AA-)",,,,,,,연%,,20191031,1.973
817Y002,1.3.2.1. 시장금리(일별),010300000,"회사채(3년, AA-)",,,,,,,연%,,20191101,1.976
817Y002,1.3.2.1. 시장금리(일별),010300000,"회사채(3년, AA-)",,,,,,,연%,,20191104,2.053
817Y002,1.3.2.1. 시장금리(일별),010300000,"회사채(3년, AA-)",,,,,,,연%,,20191105,2.026
817Y002,1.3.2.1. 시장금리(일별),010300000,"회사채(3년, AA-)",,,,,,,연%,,20191106,2.033
817Y002,1.3.2.1. 시장금리(일별),010300000,"회사채(3년, AA-)",,,,,,,연%,,20191107,2.048
817Y002,1.3.2.1. 시장금리(일별),010300000,"회사채(3년, AA-)",,,,,,,연%,,20191108,2.023
817Y002,1.3.2.1. 시장금리(일별),010300000,"회사채(3년, AA-)",,,,,,,연%,,20191111,2.011
817Y002,1.3.2.1. 시장금리(일별),010300000,"회사채(3년, AA-)",,,,,,,연%,,20191112,2.064
817Y002,1.3.2.1. 시장금리(일별),010300000,"회사채(3년, AA-)",,,,,,,연%,,20191113,2.015
817Y002,1.3.2.1. 시장금리(일별),010300000,"회사채(3년, AA-)",,,,,,,연%,,20191114,2.016
817Y002,1.3.2.1. 시장금리(일별),010300000,"회사채(3년, AA-)",,,,,,,연%,,20191115,2.019
817Y002,1.3.2.1. 시장금리(일별),010300000,"회사채(3년, AA-)",,,,,,,연%,,20191118,2.023
817Y002,1.3.2.1. 시장금리(일별),010300000,"회사채(3년, AA-)",,,,,,,연%,,20191119,1.995
817Y002,1.3.2.1. 시장금리(일별),010300000,"회사채(3년, AA-)",,,,,,,연%,,20191120,1.965
817Y002,1.3.2.1. 시장금리(일별),010300000,"회사채(3년, AA-)",,,,,,,연%,,20191121,1.978
817Y002,1.3.2.1. 시장금리(일별),010300000,"회사채(3년, AA-)",,,,,,,연%,,20191122,1.972
817Y002,1.3.2.1. 시장금리(일별),010300000,"회사채(3년, AA-)",,,,,,,연%,,20191125,1.988
817Y002,1.3.2.1. 시장금리(일별),010300000,"회사채(3년, AA-)",,,,,,,연%,,20191126,1.989
817Y002,1.3.2.1. 시장금리(일별),010300000,"회사채(3년, AA-)",,,,,,,연%,,20191127,1.975
817Y002,1.3.2.1. 시장금리(일별),010300000,"회사채(3년, AA-)",,,,,,,연%,,20191128,1.957
817Y002,1.3.2.1. 시장금리(일별),010300000,"회사채(3년, AA-)",,,,,,,연%,,20191129,1.922
817Y002,1.3.2.1. 시장금리(일별),010300000,"회사채(3년, AA-)",,,,,,,연%,,20191202,1.957
817Y002,1.3.2.1. 시장금리(일별),010300000,"회사채(3년, AA-)",,,,,,,연%,,20191203,1.986
817Y002,1.3.2.1. 시장금리(일별),010300000,"회사채(3년, AA-)",,,,,,,연%,,20191204,1.939
817Y002,1.3.2.1. 시장금리(일별),010300000,"회사채(3년, AA-)",,,,,,,연%,,20191205,1.957
817Y002,1.3.2.1. 시장금리(일별),010300000,"회사채(3년, AA-)",,,,,,,연%,,20191206,1.969
817Y002,1.3.2.1. 시장금리(일별),010300000,"회사채(3년, AA-)",,,,,,,연%,,20191209,1.955
817Y002,1.3.2.1. 시장금리(일별),010300000,"회사채(3년, AA-)",,,,,,,연%,,20191210,1.949
817Y002,1.3.2.1. 시장금리(일별),010300000,"회사채(3년, AA-)",,,,,,,연%,,20191211,1.942
817Y002,1.3.2.1. 시장금리(일별),010300000,"회사채(3년, AA-)",,,,,,,연%,,20191212,1.942
817Y002,1.3.2.1. 시장금리(일별),010300000,"회사채(3년, AA-)",,,,,,,연%,,20191213,1.962
817Y002,1.3.2.1. 시장금리(일별),010300000,"회사채(3년, AA-)",,,,,,,연%,,20191216,1.935
817Y002,1.3.2.1. 시장금리(일별),010300000,"회사채(3년, AA-)",,,,,,,연%,,20191217,1.93
817Y002,1.3.2.1. 시장금리(일별),010300000,"회사채(3년, AA-)",,,,,,,연%,,20191218,1.927
817Y002,1.3.2.1. 시장금리(일별),010300000,"회사채(3년, AA-)",,,,,,,연%,,20191219,1.949
817Y002,1.3.2.1. 시장금리(일별),010300000,"회사채(3년, AA-)",,,,,,,연%,,20191220,1.959
817Y002,1.3.2.1. 시장금리(일별),010300000,"회사채(3년, AA-)",,,,,,,연%,,20191223,1.951
817Y002,1.3.2.1. 시장금리(일별),010300000,"회사채(3년, AA-)",,,,,,,연%,,20191224,1.945
817Y002,1.3.2.1. 시장금리(일별),010300000,"회사채(3년, AA-)",,,,,,,연%,,20191226,1.941
817Y002,1.3.2.1. 시장금리(일별),010300000,"회사채(3년, AA-)",,,,,,,연%,,20191227,1.944
817Y002,1.3.2.1. 시장금리(일별),010300000,"회사채(3년, AA-)",,,,,,,연%,,20191230,1.937
817Y002,1.3.2.1. 시장금리(일별),010300000,"회사채(3년, AA-)",,,,,,,연%,,20191231,1.937
817Y002,1.3.2.1. 시장금리(일별),010300000,"회사채(3년, AA-)",,,,,,,연%,,20200102,1.907
817Y002,1.3.2.1. 시장금리(일별),010300000,"회사채(3년, AA-)",,,,,,,연%,,20200103,1.858
817Y002,1.3.2.1. 시장금리(일별),010300000,"회사채(3년, AA-)",,,,,,,연%,,20200106,1.861
817Y002,1.3.2.1. 시장금리(일별),010300000,"회사채(3년, AA-)",,,,,,,연%,,20200107,1.911
817Y002,1.3.2.1. 시장금리(일별),010300000,"회사채(3년, AA-)",,,,,,,연%,,20200108,1.939
817Y002,1.3.2.1. 시장금리(일별),010300000,"회사채(3년, AA-)",,,,,,,연%,,20200109,1.983
817Y002,1.3.2.1. 시장금리(일별),010300000,"회사채(3년, AA-)",,,,,,,연%,,20200110,1.991
817Y002,1.3.2.1. 시장금리(일별),010300000,"회사채(3년, AA-)",,,,,,,연%,,20200113,1.989
817Y002,1.3.2.1. 시장금리(일별),010300000,"회사채(3년, AA-)",,,,,,,연%,,20200114,1.968
817Y002,1.3.2.1. 시장금리(일별),010300000,"회사채(3년, AA-)",,,,,,,연%,,20200115,1.972
817Y002,1.3.2.1. 시장금리(일별),010300000,"회사채(3년, AA-)",,,,,,,연%,,20200116,2.001
817Y002,1.3.2.1. 시장금리(일별),010300000,"회사채(3년, AA-)",,,,,,,연%,,20200117,2.01
817Y002,1.3.2.1. 시장금리(일별),010300000,"회사채(3년, AA-)",,,,,,,연%,,20200120,2.034
817Y002,1.3.2.1. 시장금리(일별),010300000,"회사채(3년, AA-)",,,,,,,연%,,20200121,1.986
817Y002,1.3.2.1. 시장금리(일별),010300000,"회사채(3년, AA-)",,,,,,,연%,,20200122,2.016
817Y002,1.3.2.1. 시장금리(일별),010300000,"회사채(3년, AA-)",,,,,,,연%,,20200123,2.006
817Y002,1.3.2.1. 시장금리(일별),010300000,"회사채(3년, AA-)",,,,,,,연%,,20200128,1.94
817Y002,1.3.2.1. 시장금리(일별),010300000,"회사채(3년, AA-)",,,,,,,연%,,20200129,1.922
817Y002,1.3.2.1. 시장금리(일별),010300000,"회사채(3년, AA-)",,,,,,,연%,,20200130,1.897
817Y002,1.3.2.1. 시장금리(일별),010300000,"회사채(3년, AA-)",,,,,,,연%,,20200131,1.899
817Y002,1.3.2.1. 시장금리(일별),010300000,"회사채(3년, AA-)",,,,,,,연%,,20200203,1.884
817Y002,1.3.2.1. 시장금리(일별),010300000,"회사채(3년, AA-)",,,,,,,연%,,20200204,1.923
817Y002,1.3.2.1. 시장금리(일별),010300000,"회사채(3년, AA-)",,,,,,,연%,,20200205,1.901
817Y002,1.3.2.1. 시장금리(일별),010300000,"회사채(3년, AA-)",,,,,,,연%,,20200206,1.904
817Y002,1.3.2.1. 시장금리(일별),010300000,"회사채(3년, AA-)",,,,,,,연%,,20200207,1.874
817Y002,1.3.2.1. 시장금리(일별),010300000,"회사채(3년, AA-)",,,,,,,연%,,20200210,1.886
817Y002,1.3.2.1. 시장금리(일별),010300000,"회사채(3년, AA-)",,,,,,,연%,,20200211,1.888
817Y002,1.3.2.1. 시장금리(일별),010300000,"회사채(3년, AA-)",,,,,,,연%,,20200212,1.89
817Y002,1.3.2.1. 시장금리(일별),010300000,"회사채(3년, AA-)",,,,,,,연%,,20200213,1.873
817Y002,1.3.2.1. 시장금리(일별),010300000,"회사채(3년, AA-)",,,,,,,연%,,20200214,1.913
817Y002,1.3.2.1. 시장금리(일별),010300000,"회사채(3년, AA-)",,,,,,,연%,,20200217,1.906
817Y002,1.3.2.1. 시장금리(일별),010300000,"회사채(3년, AA-)",,,,,,,연%,,20200218,1.863
817Y002,1.3.2.1. 시장금리(일별),010300000,"회사채(3년, AA-)",,,,,,,연%,,20200219,1.875
817Y002,1.3.2.1. 시장금리(일별),010300000,"회사채(3년, AA-)",,,,,,,연%,,20200220,1.833
817Y002,1.3.2.1. 시장금리(일별),010300000,"회사채(3년, AA-)",,,,,,,연%,,20200221,1.782
817Y002,1.3.2.1. 시장금리(일별),010300000,"회사채(3년, AA-)",,,,,,,연%,,20200224,1.74
817Y002,1.3.2.1. 시장금리(일별),010300000,"회사채(3년, AA-)",,,,,,,연%,,20200225,1.765
817Y002,1.3.2.1. 시장금리(일별),010300000,"회사채(3년, AA-)",,,,,,,연%,,20200226,1.734
817Y002,1.3.2.1. 시장금리(일별),010300000,"회사채(3년, AA-)",,,,,,,연%,,20200227,1.79
817Y002,1.3.2.1. 시장금리(일별),010300000,"회사채(3년, AA-)",,,,,,,연%,,20200228,1.707
817Y002,1.3.2.1. 시장금리(일별),010300000,"회사채(3년, AA-)",,,,,,,연%,,20200302,1.728
817Y002,1.3.2.1. 시장금리(일별),010300000,"회사채(3년, AA-)",,,,,,,연%,,20200303,1.718
817Y002,1.3.2.1. 시장금리(일별),010300000,"회사채(3년, AA-)",,,,,,,연%,,20200304,1.644
817Y002,1.3.2.1. 시장금리(일별),010300000,"회사채(3년, AA-)",,,,,,,연%,,20200305,1.666
817Y002,1.3.2.1. 시장금리(일별),010300000,"회사채(3년, AA-)",,,,,,,연%,,20200306,1.692
817Y002,1.3.2.1. 시장금리(일별),010300000,"회사채(3년, AA-)",,,,,,,연%,,20200309,1.657
817Y002,1.3.2.1. 시장금리(일별),010300000,"회사채(3년, AA-)",,,,,,,연%,,20200310,1.708
817Y002,1.3.2.1. 시장금리(일별),010300000,"회사채(3년, AA-)",,,,,,,연%,,20200311,1.712
817Y002,1.3.2.1. 시장금리(일별),010300000,"회사채(3년, AA-)",,,,,,,연%,,20200312,1.707
817Y002,1.3.2.1. 시장금리(일별),010300000,"회사채(3년, AA-)",,,,,,,연%,,20200313,1.81
817Y002,1.3.2.1. 시장금리(일별),010300000,"회사채(3년, AA-)",,,,,,,연%,,20200316,1.765
817Y002,1.3.2.1. 시장금리(일별),010300000,"회사채(3년, AA-)",,,,,,,연%,,20200317,1.74
817Y002,1.3.2.1. 시장금리(일별),010300000,"회사채(3년, AA-)",,,,,,,연%,,20200318,1.77
817Y002,1.3.2.1. 시장금리(일별),010300000,"회사채(3년, AA-)",,,,,,,연%,,20200319,1.947
817Y002,1.3.2.1. 시장금리(일별),010300000,"회사채(3년, AA-)",,,,,,,연%,,20200320,1.945
817Y002,1.3.2.1. 시장금리(일별),010300000,"회사채(3년, AA-)",,,,,,,연%,,20200323,2.01
817Y002,1.3.2.1. 시장금리(일별),010300000,"회사채(3년, AA-)",,,,,,,연%,,20200324,2.006
817Y002,1.3.2.1. 시장금리(일별),010300000,"회사채(3년, AA-)",,,,,,,연%,,20200325,2.025
817Y002,1.3.2.1. 시장금리(일별),010300000,"회사채(3년, AA-)",,,,,,,연%,,20200326,2.035
817Y002,1.3.2.1. 시장금리(일별),010300000,"회사채(3년, AA-)",,,,,,,연%,,20200327,2.039
817Y002,1.3.2.1. 시장금리(일별),010300000,"회사채(3년, AA-)",,,,,,,연%,,20200330,2.074
817Y002,1.3.2.1. 시장금리(일별),010300000,"회사채(3년, AA-)",,,,,,,연%,,20200331,2.077
817Y002,1.3.2.1. 시장금리(일별),010300000,"회사채(3년, AA-)",,,,,,,연%,,20200401,2.099
817Y002,1.3.2.1. 시장금리(일별),010300000,"회사채(3년, AA-)",,,,,,,연%,,20200402,2.093
817Y002,1.3.2.1. 시장금리(일별),010300000,"회사채(3년, AA-)",,,,,,,연%,,20200403,2.1
817Y002,1.3.2.1. 시장금리(일별),010300000,"회사채(3년, AA-)",,,,,,,연%,,20200406,2.1
817Y002,1.3.2.1. 시장금리(일별),010300000,"회사채(3년, AA-)",,,,,,,연%,,20200407,2.1
817Y002,1.3.2.1. 시장금리(일별),010300000,"회사채(3년, AA-)",,,,,,,연%,,20200408,2.097
817Y002,1.3.2.1. 시장금리(일별),010300000,"회사채(3년, AA-)",,,,,,,연%,,20200409,2.093
817Y002,1.3.2.1. 시장금리(일별),010300000,"회사채(3년, AA-)",,,,,,,연%,,20200410,2.092
817Y002,1.3.2.1. 시장금리(일별),010300000,"회사채(3년, AA-)",,,,,,,연%,,20200413,2.12
817Y002,1.3.2.1. 시장금리(일별),010300000,"회사채(3년, AA-)",,,,,,,연%,,20200414,2.126
817Y002,1.3.2.1. 시장금리(일별),010300000,"회사채(3년, AA-)",,,,,,,연%,,20200416,2.123
817Y002,1.3.2.1. 시장금리(일별),010300000,"회사채(3년, AA-)",,,,,,,연%,,20200417,2.148
817Y002,1.3.2.1. 시장금리(일별),010300000,"회사채(3년, AA-)",,,,,,,연%,,20200420,2.153
817Y002,1.3.2.1. 시장금리(일별),010300000,"회사채(3년, AA-)",,,,,,,연%,,20200421,2.188
817Y002,1.3.2.1. 시장금리(일별),010300000,"회사채(3년, AA-)",,,,,,,연%,,20200422,2.203
817Y002,1.3.2.1. 시장금리(일별),010300000,"회사채(3년, AA-)",,,,,,,연%,,20200423,2.203
817Y002,1.3.2.1. 시장금리(일별),010300000,"회사채(3년, AA-)",,,,,,,연%,,20200424,2.201
817Y002,1.3.2.1. 시장금리(일별),010300000,"회사채(3년, AA-)",,,,,,,연%,,20200427,2.215
817Y002,1.3.2.1. 시장금리(일별),010300000,"회사채(3년, AA-)",,,,,,,연%,,20200428,2.224
817Y002,1.3.2.1. 시장금리(일별),010300000,"회사채(3년, AA-)",,,,,,,연%,,20200429,2.218
817Y002,1.3.2.1. 시장금리(일별),010300000,"회사채(3년, AA-)",,,,,,,연%,,20200504,2.203
817Y002,1.3.2.1. 시장금리(일별),010300000,"회사채(3년, AA-)",,,,,,,연%,,20200506,2.202
817Y002,1.3.2.1. 시장금리(일별),010300000,"회사채(3년, AA-)",,,,,,,연%,,20200507,2.198
817Y002,1.3.2.1. 시장금리(일별),010300000,"회사채(3년, AA-)",,,,,,,연%,,20200508,2.182
817Y002,1.3.2.1. 시장금리(일별),010300000,"회사채(3년, AA-)",,,,,,,연%,,20200511,2.198
817Y002,1.3.2.1. 시장금리(일별),010300000,"회사채(3년, AA-)",,,,,,,연%,,20200512,2.173
817Y002,1.3.2.1. 시장금리(일별),010300000,"회사채(3년, AA-)",,,,,,,연%,,20200513,2.155
817Y002,1.3.2.1. 시장금리(일별),010300000,"회사채(3년, AA-)",,,,,,,연%,,20200514,2.17
817Y002,1.3.2.1. 시장금리(일별),010300000,"회사채(3년, AA-)",,,,,,,연%,,20200515,2.176
817Y002,1.3.2.1. 시장금리(일별),010300000,"회사채(3년, AA-)",,,,,,,연%,,20200518,2.188
817Y002,1.3.2.1. 시장금리(일별),010300000,"회사채(3년, AA-)",,,,,,,연%,,20200519,2.185
817Y002,1.3.2.1. 시장금리(일별),010300000,"회사채(3년, AA-)",,,,,,,연%,,20200520,2.181
817Y002,1.3.2.1. 시장금리(일별),010300000,"회사채(3년, AA-)",,,,,,,연%,,20200521,2.177
817Y002,1.3.2.1. 시장금리(일별),010300000,"회사채(3년, AA-)",,,,,,,연%,,20200522,2.165
817Y002,1.3.2.1. 시장금리(일별),010300000,"회사채(3년, AA-)",,,,,,,연%,,20200525,2.152
817Y002,1.3.2.1. 시장금리(일별),010300000,"회사채(3년, AA-)",,,,,,,연%,,20200526,2.176
817Y002,1.3.2.1. 시장금리(일별),010300000,"회사채(3년, AA-)",,,,,,,연%,,20200527,2.196
817Y002,1.3.2.1. 시장금리(일별),010300000,"회사채(3년, AA-)",,,,,,,연%,,20200528,2.157
817Y002,1.3.2.1. 시장금리(일별),010300000,"회사채(3년, AA-)",,,,,,,연%,,20200529,2.158
817Y002,1.3.2.1. 시장금리(일별),010300000,"회사채(3년, AA-)",,,,,,,연%,,20200601,2.164
817Y002,1.3.2.1. 시장금리(일별),010300000,"회사채(3년, AA-)",,,,,,,연%,,20200602,2.182
817Y002,1.3.2.1. 시장금리(일별),010300000,"회사채(3년, AA-)",,,,,,,연%,,20200603,2.199
817Y002,1.3.2.1. 시장금리(일별),010300000,"회사채(3년, AA-)",,,,,,,연%,,20200604,2.217
817Y002,1.3.2.1. 시장금리(일별),010300000,"회사채(3년, AA-)",,,,,,,연%,,20200605,2.224
817Y002,1.3.2.1. 시장금리(일별),010300000,"회사채(3년, AA-)",,,,,,,연%,,20200608,2.227
817Y002,1.3.2.1. 시장금리(일별),010300000,"회사채(3년, AA-)",,,,,,,연%,,20200609,2.204
817Y002,1.3.2.1. 시장금리(일별),010300000,"회사채(3년, AA-)",,,,,,,연%,,20200610,2.205
817Y002,1.3.2.1. 시장금리(일별),010300000,"회사채(3년, AA-)",,,,,,,연%,,20200611,2.204
817Y002,1.3.2.1. 시장금리(일별),010300000,"회사채(3년, AA-)",,,,,,,연%,,20200612,2.21
817Y002,1.3.2.1. 시장금리(일별),010300000,"회사채(3년, AA-)",,,,,,,연%,,20200615,2.229
817Y002,1.3.2.1. 시장금리(일별),010300000,"회사채(3년, AA-)",,,,,,,연%,,20200616,2.225
817Y002,1.3.2.1. 시장금리(일별),010300000,"회사채(3년, AA-)",,,,,,,연%,,20200617,2.244
817Y002,1.3.2.1. 시장금리(일별),010300000,"회사채(3년, AA-)",,,,,,,연%,,20200618,2.225
817Y002,1.3.2.1. 시장금리(일별),010300000,"회사채(3년, AA-)",,,,,,,연%,,20200619,2.23
817Y002,1.3.2.1. 시장금리(일별),010300000,"회사채(3년, AA-)",,,,,,,연%,,20200622,2.232
817Y002,1.3.2.1. 시장금리(일별),010300000,"회사채(3년, AA-)",,,,,,,연%,,20200623,2.224
817Y002,1.3.2.1. 시장금리(일별),010300000,"회사채(3년, AA-)",,,,,,,연%,,20200624,2.221
817Y002,1.3.2.1. 시장금리(일별),010300000,"회사채(3년, AA-)",,,,,,,연%,,20200625,2.22
817Y002,1.3.2.1. 시장금리(일별),010300000,"회사채(3년, AA-)",,,,,,,연%,,20200626,2.22
817Y002,1.3.2.1. 시장금리(일별),010300000,"회사채(3년, AA-)",,,,,,,연%,,20200629,2.246
817Y002,1.3.2.1. 시장금리(일별),010300000,"회사채(3년, AA-)",,,,,,,연%,,20200630,2.25
817Y002,1.3.2.1. 시장금리(일별),010300000,"회사채(3년, AA-)",,,,,,,연%,,20200701,2.251
817Y002,1.3.2.1. 시장금리(일별),010300000,"회사채(3년, AA-)",,,,,,,연%,,20200702,2.235
817Y002,1.3.2.1. 시장금리(일별),010300000,"회사채(3년, AA-)",,,,,,,연%,,20200703,2.239
817Y002,1.3.2.1. 시장금리(일별),010300000,"회사채(3년, AA-)",,,,,,,연%,,20200706,2.249
817Y002,1.3.2.1. 시장금리(일별),010300000,"회사채(3년, AA-)",,,,,,,연%,,20200707,2.236
817Y002,1.3.2.1. 시장금리(일별),010300000,"회사채(3년, AA-)",,,,,,,연%,,20200708,2.232
817Y002,1.3.2.1. 시장금리(일별),010300000,"회사채(3년, AA-)",,,,,,,연%,,20200709,2.235
817Y002,1.3.2.1. 시장금리(일별),010300000,"회사채(3년, AA-)",,,,,,,연%,,20200710,2.237
817Y002,1.3.2.1. 시장금리(일별),010300000,"회사채(3년, AA-)",,,,,,,연%,,20200713,2.249
817Y002,1.3.2.1. 시장금리(일별),010300000,"회사채(3년, AA-)",,,,,,,연%,,20200714,2.246
817Y002,1.3.2.1. 시장금리(일별),010300000,"회사채(3년, AA-)",,,,,,,연%,,20200715,2.241
817Y002,1.3.2.1. 시장금리(일별),010300000,"회사채(3년, AA-)",,,,,,,연%,,20200716,2.227
817Y002,1.3.2.1. 시장금리(일별),010300000,"회사채(3년, AA-)",,,,,,,연%,,20200717,2.214
817Y002,1.3.2.1. 시장금리(일별),010300000,"회사채(3년, AA-)",,,,,,,연%,,20200720,2.205
817Y002,1.3.2.1. 시장금리(일별),010300000,"회사채(3년, AA-)",,,,,,,연%,,20200721,2.216
817Y002,1.3.2.1. 시장금리(일별),010300000,"회사채(3년, AA-)",,,,,,,연%,,20200722,2.209
817Y002,1.3.2.1. 시장금리(일별),010300000,"회사채(3년, AA-)",,,,,,,연%,,20200723,2.194
817Y002,1.3.2.1. 시장금리(일별),010300000,"회사채(3년, AA-)",,,,,,,연%,,20200724,2.189
817Y002,1.3.2.1. 시장금리(일별),010300000,"회사채(3년, AA-)",,,,,,,연%,,20200727,2.188
817Y002,1.3.2.1. 시장금리(일별),010300000,"회사채(3년, AA-)",,,,,,,연%,,20200728,2.194
817Y002,1.3.2.1. 시장금리(일별),010300000,"회사채(3년, AA-)",,,,,,,연%,,20200729,2.19
817Y002,1.3.2.1. 시장금리(일별),010300000,"회사채(3년, AA-)",,,,,,,연%,,20200730,2.181
817Y002,1.3.2.1. 시장금리(일별),010300000,"회사채(3년, AA-)",,,,,,,연%,,20200731,2.177
817Y002,1.3.2.1. 시장금리(일별),010300000,"회사채(3년, AA-)",,,,,,,연%,,20200803,2.177
817Y002,1.3.2.1. 시장금리(일별),010300000,"회사채(3년, AA-)",,,,,,,연%,,20200804,2.179
817Y002,1.3.2.1. 시장금리(일별),010300000,"회사채(3년, AA-)",,,,,,,연%,,20200805,2.168
817Y002,1.3.2.1. 시장금리(일별),010300000,"회사채(3년, AA-)",,,,,,,연%,,20200806,2.172
817Y002,1.3.2.1. 시장금리(일별),010300000,"회사채(3년, AA-)",,,,,,,연%,,20200807,2.174
817Y002,1.3.2.1. 시장금리(일별),010300000,"회사채(3년, AA-)",,,,,,,연%,,20200810,2.191
817Y002,1.3.2.1. 시장금리(일별),010300000,"회사채(3년, AA-)",,,,,,,연%,,20200811,2.183
817Y002,1.3.2.1. 시장금리(일별),010300000,"회사채(3년, AA-)",,,,,,,연%,,20200812,2.192
817Y002,1.3.2.1. 시장금리(일별),010300000,"회사채(3년, AA-)",,,,,,,연%,,20200813,2.184
817Y002,1.3.2.1. 시장금리(일별),010300000,"회사채(3년, AA-)",,,,,,,연%,,20200814,2.195
817Y002,1.3.2.1. 시장금리(일별),010300000,"회사채(3년, AA-)",,,,,,,연%,,20200818,2.182
817Y002,1.3.2.1. 시장금리(일별),010300000,"회사채(3년, AA-)",,,,,,,연%,,20200819,2.177
817Y002,1.3.2.1. 시장금리(일별),010300000,"회사채(3년, AA-)",,,,,,,연%,,20200820,2.183
817Y002,1.3.2.1. 시장금리(일별),010300000,"회사채(3년, AA-)",,,,,,,연%,,20200821,2.204
817Y002,1.3.2.1. 시장금리(일별),010300000,"회사채(3년, AA-)",,,,,,,연%,,20200824,2.185
817Y002,1.3.2.1. 시장금리(일별),010300000,"회사채(3년, AA-)",,,,,,,연%,,20200825,2.188
817Y002,1.3.2.1. 시장금리(일별),010300000,"회사채(3년, AA-)",,,,,,,연%,,20200826,2.197
817Y002,1.3.2.1. 시장금리(일별),010300000,"회사채(3년, AA-)",,,,,,,연%,,20200827,2.212
817Y002,1.3.2.1. 시장금리(일별),010300000,"회사채(3년, AA-)",,,,,,,연%,,20200828,2.24
817Y002,1.3.2.1. 시장금리(일별),010300000,"회사채(3년, AA-)",,,,,,,연%,,20200831,2.264
817Y002,1.3.2.1. 시장금리(일별),010300000,"회사채(3년, AA-)",,,,,,,연%,,20200901,2.291
817Y002,1.3.2.1. 시장금리(일별),010300000,"회사채(3년, AA-)",,,,,,,연%,,20200902,2.261
817Y002,1.3.2.1. 시장금리(일별),010300000,"회사채(3년, AA-)",,,,,,,연%,,20200903,2.261
817Y002,1.3.2.1. 시장금리(일별),010300000,"회사채(3년, AA-)",,,,,,,연%,,20200904,2.268
817Y002,1.3.2.1. 시장금리(일별),010300000,"회사채(3년, AA-)",,,,,,,연%,,20200907,2.287
817Y002,1.3.2.1. 시장금리(일별),010300000,"회사채(3년, AA-)",,,,,,,연%,,20200908,2.269
817Y002,1.3.2.1. 시장금리(일별),010300000,"회사채(3년, AA-)",,,,,,,연%,,20200909,2.244
817Y002,1.3.2.1. 시장금리(일별),010300000,"회사채(3년, AA-)",,,,,,,연%,,20200910,2.243
817Y002,1.3.2.1. 시장금리(일별),010300000,"회사채(3년, AA-)",,,,,,,연%,,20200911,2.251
817Y002,1.3.2.1. 시장금리(일별),010300000,"회사채(3년, AA-)",,,,,,,연%,,20200914,2.247
817Y002,1.3.2.1. 시장금리(일별),010300000,"회사채(3년, AA-)",,,,,,,연%,,20200915,2.238
817Y002,1.3.2.1. 시장금리(일별),010300000,"회사채(3년, AA-)",,,,,,,연%,,20200916,2.233
817Y002,1.3.2.1. 시장금리(일별),010300000,"회사채(3년, AA-)",,,,,,,연%,,20200917,2.236
817Y002,1.3.2.1. 시장금리(일별),010300000,"회사채(3년, AA-)",,,,,,,연%,,20200918,2.232
817Y002,1.3.2.1. 시장금리(일별),010300000,"회사채(3년, AA-)",,,,,,,연%,,20200921,2.232
817Y002,1.3.2.1. 시장금리(일별),010300000,"회사채(3년, AA-)",,,,,,,연%,,20200922,2.228
817Y002,1.3.2.1. 시장금리(일별),010300000,"회사채(3년, AA-)",,,,,,,연%,,20200923,2.217
817Y002,1.3.2.1. 시장금리(일별),010300000,"회사채(3년, AA-)",,,,,,,연%,,20200924,2.2
817Y002,1.3.2.1. 시장금리(일별),010300000,"회사채(3년, AA-)",,,,,,,연%,,20200925,2.2
817Y002,1.3.2.1. 시장금리(일별),010300000,"회사채(3년, AA-)",,,,,,,연%,,20200928,2.192
817Y002,1.3.2.1. 시장금리(일별),010300000,"회사채(3년, AA-)",,,,,,,연%,,20200929,2.193
817Y002,1.3.2.1. 시장금리(일별),010300000,"회사채(3년, AA-)",,,,,,,연%,,20201005,2.221
817Y002,1.3.2.1. 시장금리(일별),010300000,"회사채(3년, AA-)",,,,,,,연%,,20201006,2.242
817Y002,1.3.2.1. 시장금리(일별),010300000,"회사채(3년, AA-)",,,,,,,연%,,20201007,2.244
817Y002,1.3.2.1. 시장금리(일별),010300000,"회사채(3년, AA-)",,,,,,,연%,,20201008,2.241
817Y002,1.3.2.1. 시장금리(일별),010300000,"회사채(3년, AA-)",,,,,,,연%,,20201012,2.251
817Y002,1.3.2.1. 시장금리(일별),010300000,"회사채(3년, AA-)",,,,,,,연%,,20201013,2.248
817Y002,1.3.2.1. 시장금리(일별),010300000,"회사채(3년, AA-)",,,,,,,연%,,20201014,2.237
817Y002,1.3.2.1. 시장금리(일별),010300000,"회사채(3년, AA-)",,,,,,,연%,,20201015,2.22
817Y002,1.3.2.1. 시장금리(일별),010300000,"회사채(3년, AA-)",,,,,,,연%,,20201016,2.23
817Y002,1.3.2.1. 시장금리(일별),010300000,"회사채(3년, AA-)",,,,,,,연%,,20201019,2.229
817Y002,1.3.2.1. 시장금리(일별),010300000,"회사채(3년, AA-)",,,,,,,연%,,20201020,2.241
817Y002,1.3.2.1. 시장금리(일별),010300000,"회사채(3년, AA-)",,,,,,,연%,,20201021,2.259
817Y002,1.3.2.1. 시장금리(일별),010300000,"회사채(3년, AA-)",,,,,,,연%,,20201022,2.246
817Y002,1.3.2.1. 시장금리(일별),010300000,"회사채(3년, AA-)",,,,,,,연%,,20201023,2.235
817Y002,1.3.2.1. 시장금리(일별),010300000,"회사채(3년, AA-)",,,,,,,연%,,20201026,2.231
817Y002,1.3.2.1. 시장금리(일별),010300000,"회사채(3년, AA-)",,,,,,,연%,,20201027,2.239
817Y002,1.3.2.1. 시장금리(일별),010300000,"회사채(3년, AA-)",,,,,,,연%,,20201028,2.232
817Y002,1.3.2.1. 시장금리(일별),010300000,"회사채(3년, AA-)",,,,,,,연%,,20201029,2.24
817Y002,1.3.2.1. 시장금리(일별),010300000,"회사채(3년, AA-)",,,,,,,연%,,20201030,2.247
817Y002,1.3.2.1. 시장금리(일별),010300000,"회사채(3년, AA-)",,,,,,,연%,,20201102,2.273
817Y002,1.3.2.1. 시장금리(일별),010300000,"회사채(3년, AA-)",,,,,,,연%,,20201103,2.276
817Y002,1.3.2.1. 시장금리(일별),010300000,"회사채(3년, AA-)",,,,,,,연%,,20201104,2.257
817Y002,1.3.2.1. 시장금리(일별),010300000,"회사채(3년, AA-)",,,,,,,연%,,20201105,2.237
817Y002,1.3.2.1. 시장금리(일별),010300000,"회사채(3년, AA-)",,,,,,,연%,,20201106,2.249
817Y002,1.3.2.1. 시장금리(일별),010300000,"회사채(3년, AA-)",,,,,,,연%,,20201109,2.254
817Y002,1.3.2.1. 시장금리(일별),010300000,"회사채(3년, AA-)",,,,,,,연%,,20201110,2.269
817Y002,1.3.2.1. 시장금리(일별),010300000,"회사채(3년, AA-)",,,,,,,연%,,20201111,2.274
817Y002,1.3.2.1. 시장금리(일별),010300000,"회사채(3년, AA-)",,,,,,,연%,,20201112,2.256
817Y002,1.3.2.1. 시장금리(일별),010300000,"회사채(3년, AA-)",,,,,,,연%,,20201113,2.253
817Y002,1.3.2.1. 시장금리(일별),010300000,"회사채(3년, AA-)",,,,,,,연%,,20201116,2.254
817Y002,1.3.2.1. 시장금리(일별),010300000,"회사채(3년, AA-)",,,,,,,연%,,20201117,2.25
817Y002,1.3.2.1. 시장금리(일별),010300000,"회사채(3년, AA-)",,,,,,,연%,,20201118,2.239
817Y002,1.3.2.1. 시장금리(일별),010300000,"회사채(3년, AA-)",,,,,,,연%,,20201119,2.237
817Y002,1.3.2.1. 시장금리(일별),010300000,"회사채(3년, AA-)",,,,,,,연%,,20201120,2.234
817Y002,1.3.2.1. 시장금리(일별),010300000,"회사채(3년, AA-)",,,,,,,연%,,20201123,2.219
817Y002,1.3.2.1. 시장금리(일별),010300000,"회사채(3년, AA-)",,,,,,,연%,,20201124,2.224
817Y002,1.3.2.1. 시장금리(일별),010300000,"회사채(3년, AA-)",,,,,,,연%,,20201125,2.233
817Y002,1.3.2.1. 시장금리(일별),010300000,"회사채(3년, AA-)",,,,,,,연%,,20201126,2.24
817Y002,1.3.2.1. 시장금리(일별),010300000,"회사채(3년, AA-)",,,,,,,연%,,20201127,2.232
817Y002,1.3.2.1. 시장금리(일별),010300000,"회사채(3년, AA-)",,,,,,,연%,,20201130,2.235
817Y002,1.3.2.1. 시장금리(일별),010300000,"회사채(3년, AA-)",,,,,,,연%,,20201201,2.232
817Y002,1.3.2.1. 시장금리(일별),010300000,"회사채(3년, AA-)",,,,,,,연%,,20201202,2.233
817Y002,1.3.2.1. 시장금리(일별),010300000,"회사채(3년, AA-)",,,,,,,연%,,20201203,2.226
817Y002,1.3.2.1. 시장금리(일별),010300000,"회사채(3년, AA-)",,,,,,,연%,,20201204,2.22
817Y002,1.3.2.1. 시장금리(일별),010300000,"회사채(3년, AA-)",,,,,,,연%,,20201207,2.215
817Y002,1.3.2.1. 시장금리(일별),010300000,"회사채(3년, AA-)",,,,,,,연%,,20201208,2.211
817Y002,1.3.2.1. 시장금리(일별),010300000,"회사채(3년, AA-)",,,,,,,연%,,20201209,2.214
817Y002,1.3.2.1. 시장금리(일별),010300000,"회사채(3년, AA-)",,,,,,,연%,,20201210,2.212
817Y002,1.3.2.1. 시장금리(일별),010300000,"회사채(3년, AA-)",,,,,,,연%,,20201211,2.215
817Y002,1.3.2.1. 시장금리(일별),010300000,"회사채(3년, AA-)",,,,,,,연%,,20201214,2.216
817Y002,1.3.2.1. 시장금리(일별),010300000,"회사채(3년, AA-)",,,,,,,연%,,20201215,2.215
817Y002,1.3.2.1. 시장금리(일별),010300000,"회사채(3년, AA-)",,,,,,,연%,,20201216,2.221
817Y002,1.3.2.1. 시장금리(일별),010300000,"회사채(3년, AA-)",,,,,,,연%,,20201217,2.229
817Y002,1.3.2.1. 시장금리(일별),010300000,"회사채(3년, AA-)",,,,,,,연%,,20201218,2.208
817Y002,1.3.2.1. 시장금리(일별),010300000,"회사채(3년, AA-)",,,,,,,연%,,20201221,2.201
817Y002,1.3.2.1. 시장금리(일별),010300000,"회사채(3년, AA-)",,,,,,,연%,,20201222,2.19
817Y002,1.3.2.1. 시장금리(일별),010300000,"회사채(3년, AA-)",,,,,,,연%,,20201223,2.179
817Y002,1.3.2.1. 시장금리(일별),010300000,"회사채(3년, AA-)",,,,,,,연%,,20201224,2.196
817Y002,1.3.2.1. 시장금리(일별),010300000,"회사채(3년, AA-)",,,,,,,연%,,20201228,2.196
817Y002,1.3.2.1. 시장금리(일별),010300000,"회사채(3년, AA-)",,,,,,,연%,,20201229,2.202
817Y002,1.3.2.1. 시장금리(일별),010300000,"회사채(3년, AA-)",,,,,,,연%,,20201230,2.208
817Y002,1.3.2.1. 시장금리(일별),010300000,"회사채(3년, AA-)",,,,,,,연%,,20201231,2.208
817Y002,1.3.2.1. 시장금리(일별),010300000,"회사채(3년, AA-)",,,,,,,연%,,20210104,2.192
817Y002,1.3.2.1. 시장금리(일별),010300000,"회사채(3년, AA-)",,,,,,,연%,,20210105,2.173
817Y002,1.3.2.1. 시장금리(일별),010300000,"회사채(3년, AA-)",,,,,,,연%,,20210106,2.176
817Y002,1.3.2.1. 시장금리(일별),010300000,"회사채(3년, AA-)",,,,,,,연%,,20210107,2.177
817Y002,1.3.2.1. 시장금리(일별),010300000,"회사채(3년, AA-)",,,,,,,연%,,20210108,2.178
817Y002,1.3.2.1. 시장금리(일별),010300000,"회사채(3년, AA-)",,,,,,,연%,,20210111,2.161
817Y002,1.3.2.1. 시장금리(일별),010300000,"회사채(3년, AA-)",,,,,,,연%,,20210112,2.161
817Y002,1.3.2.1. 시장금리(일별),010300000,"회사채(3년, AA-)",,,,,,,연%,,20210113,2.158
817Y002,1.3.2.1. 시장금리(일별),010300000,"회사채(3년, AA-)",,,,,,,연%,,20210114,2.155
817Y002,1.3.2.1. 시장금리(일별),010300000,"회사채(3년, AA-)",,,,,,,연%,,20210115,2.144
817Y002,1.3.2.1. 시장금리(일별),010300000,"회사채(3년, AA-)",,,,,,,연%,,20210118,2.137
817Y002,1.3.2.1. 시장금리(일별),010300000,"회사채(3년, AA-)",,,,,,,연%,,20210119,2.132
817Y002,1.3.2.1. 시장금리(일별),010300000,"회사채(3년, AA-)",,,,,,,연%,,20210120,2.129
817Y002,1.3.2.1. 시장금리(일별),010300000,"회사채(3년, AA-)",,,,,,,연%,,20210121,2.122
817Y002,1.3.2.1. 시장금리(일별),010300000,"회사채(3년, AA-)",,,,,,,연%,,20210122,2.124
817Y002,1.3.2.1. 시장금리(일별),010300000,"회사채(3년, AA-)",,,,,,,연%,,20210125,2.124
817Y002,1.3.2.1. 시장금리(일별),010300000,"회사채(3년, AA-)",,,,,,,연%,,20210126,2.122
817Y002,1.3.2.1. 시장금리(일별),010300000,"회사채(3년, AA-)",,,,,,,연%,,20210127,2.103
817Y002,1.3.2.1. 시장금리(일별),010300000,"회사채(3년, AA-)",,,,,,,연%,,20210128,2.097
817Y002,1.3.2.1. 시장금리(일별),010300000,"회사채(3년, AA-)",,,,,,,연%,,20210129,2.092
817Y002,1.3.2.1. 시장금리(일별),010300000,"회사채(3년, AA-)",,,,,,,연%,,20210201,2.09
817Y002,1.3.2.1. 시장금리(일별),010300000,"회사채(3년, AA-)",,,,,,,연%,,20210202,2.069
817Y002,1.3.2.1. 시장금리(일별),010300000,"회사채(3년, AA-)",,,,,,,연%,,20210203,2.064
817Y002,1.3.2.1. 시장금리(일별),010300000,"회사채(3년, AA-)",,,,,,,연%,,20210204,2.065
817Y002,1.3.2.1. 시장금리(일별),010300000,"회사채(3년, AA-)",,,,,,,연%,,20210205,2.061
817Y002,1.3.2.1. 시장금리(일별),010300000,"회사채(3년, AA-)",,,,,,,연%,,20210208,2.07
817Y002,1.3.2.1. 시장금리(일별),010300000,"회사채(3년, AA-)",,,,,,,연%,,20210209,2.054
817Y002,1.3.2.1. 시장금리(일별),010300000,"회사채(3년, AA-)",,,,,,,연%,,20210210,2.055
817Y002,1.3.2.1. 시장금리(일별),010300000,"회사채(3년, AA-)",,,,,,,연%,,20210215,2.056
817Y002,1.3.2.1. 시장금리(일별),010300000,"회사채(3년, AA-)",,,,,,,연%,,20210216,2.041
817Y002,1.3.2.1. 시장금리(일별),010300000,"회사채(3년, AA-)",,,,,,,연%,,20210217,2.043
817Y002,1.3.2.1. 시장금리(일별),010300000,"회사채(3년, AA-)",,,,,,,연%,,20210218,2.039
817Y002,1.3.2.1. 시장금리(일별),010300000,"회사채(3년, AA-)",,,,,,,연%,,20210219,2.043
817Y002,1.3.2.1. 시장금리(일별),010300000,"회사채(3년, AA-)",,,,,,,연%,,20210222,2.059
817Y002,1.3.2.1. 시장금리(일별),010300000,"회사채(3년, AA-)",,,,,,,연%,,20210223,2.054
817Y002,1.3.2.1. 시장금리(일별),010300000,"회사채(3년, AA-)",,,,,,,연%,,20210224,2.032
817Y002,1.3.2.1. 시장금리(일별),010300000,"회사채(3년, AA-)",,,,,,,연%,,20210225,2.035
817Y002,1.3.2.1. 시장금리(일별),010300000,"회사채(3년, AA-)",,,,,,,연%,,20210226,2.054
817Y002,1.3.2.1. 시장금리(일별),010300000,"회사채(3년, AA-)",,,,,,,연%,,20210302,2.054
817Y002,1.3.2.1. 시장금리(일별),010300000,"회사채(3년, AA-)",,,,,,,연%,,20210303,2.051
817Y002,1.3.2.1. 시장금리(일별),010300000,"회사채(3년, AA-)",,,,,,,연%,,20210304,2.058
817Y002,1.3.2.1. 시장금리(일별),010300000,"회사채(3년, AA-)",,,,,,,연%,,20210305,2.08
817Y002,1.3.2.1. 시장금리(일별),010300000,"회사채(3년, AA-)",,,,,,,연%,,20210308,2.117
817Y002,1.3.2.1. 시장금리(일별),010300000,"회사채(3년, AA-)",,,,,,,연%,,20210309,2.159
817Y002,1.3.2.1. 시장금리(일별),010300000,"회사채(3년, AA-)",,,,,,,연%,,20210310,2.134
817Y002,1.3.2.1. 시장금리(일별),010300000,"회사채(3년, AA-)",,,,,,,연%,,20210311,2.123
817Y002,1.3.2.1. 시장금리(일별),010300000,"회사채(3년, AA-)",,,,,,,연%,,20210312,2.149
817Y002,1.3.2.1. 시장금리(일별),010300000,"회사채(3년, AA-)",,,,,,,연%,,20210315,2.153
817Y002,1.3.2.1. 시장금리(일별),010300000,"회사채(3년, AA-)",,,,,,,연%,,20210316,2.114
817Y002,1.3.2.1. 시장금리(일별),010300000,"회사채(3년, AA-)",,,,,,,연%,,20210317,2.115
817Y002,1.3.2.1. 시장금리(일별),010300000,"회사채(3년, AA-)",,,,,,,연%,,20210318,2.083
817Y002,1.3.2.1. 시장금리(일별),010300000,"회사채(3년, AA-)",,,,,,,연%,,20210319,2.092
817Y002,1.3.2.1. 시장금리(일별),010300000,"회사채(3년, AA-)",,,,,,,연%,,20210322,2.079
817Y002,1.3.2.1. 시장금리(일별),010300000,"회사채(3년, AA-)",,,,,,,연%,,20210323,2.076
817Y002,1.3.2.1. 시장금리(일별),010300000,"회사채(3년, AA-)",,,,,,,연%,,20210324,2.059
817Y002,1.3.2.1. 시장금리(일별),010300000,"회사채(3년, AA-)",,,,,,,연%,,20210325,2.045
817Y002,1.3.2.1. 시장금리(일별),010300000,"회사채(3년, AA-)",,,,,,,연%,,20210326,2.059
817Y002,1.3.2.1. 시장금리(일별),010300000,"회사채(3년, AA-)",,,,,,,연%,,20210329,2.059
817Y002,1.3.2.1. 시장금리(일별),010300000,"회사채(3년, AA-)",,,,,,,연%,,20210330,2.078
817Y002,1.3.2.1. 시장금리(일별),010300000,"회사채(3년, AA-)",,,,,,,연%,,20210331,2.06
817Y002,1.3.2.1. 시장금리(일별),010300000,"회사채(3년, AA-)",,,,,,,연%,,20210401,2.063
817Y002,1.3.2.1. 시장금리(일별),010300000,"회사채(3년, AA-)",,,,,,,연%,,20210402,2.067
817Y002,1.3.2.1. 시장금리(일별),010300000,"회사채(3년, AA-)",,,,,,,연%,,20210405,2.095
817Y002,1.3.2.1. 시장금리(일별),010300000,"회사채(3년, AA-)",,,,,,,연%,,20210406,2.078
817Y002,1.3.2.1. 시장금리(일별),010300000,"회사채(3년, AA-)",,,,,,,연%,,20210407,2.073
817Y002,1.3.2.1. 시장금리(일별),010300000,"회사채(3년, AA-)",,,,,,,연%,,20210408,2.051
817Y002,1.3.2.1. 시장금리(일별),010300000,"회사채(3년, AA-)",,,,,,,연%,,20210409,2.056
817Y002,1.3.2.1. 시장금리(일별),010300000,"회사채(3년, AA-)",,,,,,,연%,,20210412,2.031
817Y002,1.3.2.1. 시장금리(일별),010300000,"회사채(3년, AA-)",,,,,,,연%,,20210413,2.029
817Y002,1.3.2.1. 시장금리(일별),010300000,"회사채(3년, AA-)",,,,,,,연%,,20210414,2.003
817Y002,1.3.2.1. 시장금리(일별),010300000,"회사채(3년, AA-)",,,,,,,연%,,20210415,2.027
817Y002,1.3.2.1. 시장금리(일별),010300000,"회사채(3년, AA-)",,,,,,,연%,,20210416,2.029
817Y002,1.3.2.1. 시장금리(일별),010300000,"회사채(3년, AA-)",,,,,,,연%,,20210419,1.914
817Y002,1.3.2.1. 시장금리(일별),010300000,"회사채(3년, AA-)",,,,,,,연%,,20210420,1.918
817Y002,1.3.2.1. 시장금리(일별),010300000,"회사채(3년, AA-)",,,,,,,연%,,20210421,1.899
817Y002,1.3.2.1. 시장금리(일별),010300000,"회사채(3년, AA-)",,,,,,,연%,,20210422,1.896
817Y002,1.3.2.1. 시장금리(일별),010300000,"회사채(3년, AA-)",,,,,,,연%,,20210423,1.907
817Y002,1.3.2.1. 시장금리(일별),010300000,"회사채(3년, AA-)",,,,,,,연%,,20210426,1.903
817Y002,1.3.2.1. 시장금리(일별),010300000,"회사채(3년, AA-)",,,,,,,연%,,20210427,1.885
817Y002,1.3.2.1. 시장금리(일별),010300000,"회사채(3년, AA-)",,,,,,,연%,,20210428,1.89
817Y002,1.3.2.1. 시장금리(일별),010300000,"회사채(3년, AA-)",,,,,,,연%,,20210429,1.9
817Y002,1.3.2.1. 시장금리(일별),010300000,"회사채(3년, AA-)",,,,,,,연%,,20210430,1.914
817Y002,1.3.2.1. 시장금리(일별),010300000,"회사채(3년, AA-)",,,,,,,연%,,20210503,1.917
817Y002,1.3.2.1. 시장금리(일별),010300000,"회사채(3년, AA-)",,,,,,,연%,,20210504,1.92
817Y002,1.3.2.1. 시장금리(일별),010300000,"회사채(3년, AA-)",,,,,,,연%,,20210506,1.9
817Y002,1.3.2.1. 시장금리(일별),010300000,"회사채(3년, AA-)",,,,,,,연%,,20210507,1.9
817Y002,1.3.2.1. 시장금리(일별),010300000,"회사채(3년, AA-)",,,,,,,연%,,20210510,1.899
817Y002,1.3.2.1. 시장금리(일별),010300000,"회사채(3년, AA-)",,,,,,,연%,,20210511,1.892
817Y002,1.3.2.1. 시장금리(일별),010300000,"회사채(3년, AA-)",,,,,,,연%,,20210512,1.888
817Y002,1.3.2.1. 시장금리(일별),010300000,"회사채(3년, AA-)",,,,,,,연%,,20210513,1.888
817Y002,1.3.2.1. 시장금리(일별),010300000,"회사채(3년, AA-)",,,,,,,연%,,20210514,1.882
817Y002,1.3.2.1. 시장금리(일별),010300000,"회사채(3년, AA-)",,,,,,,연%,,20210517,1.872
817Y002,1.3.2.1. 시장금리(일별),010300000,"회사채(3년, AA-)",,,,,,,연%,,20210518,1.865
817Y002,1.3.2.1. 시장금리(일별),010300000,"회사채(3년, AA-)",,,,,,,연%,,20210520,1.869
817Y002,1.3.2.1. 시장금리(일별),010300000,"회사채(3년, AA-)",,,,,,,연%,,20210521,1.861
817Y002,1.3.2.1. 시장금리(일별),010300000,"회사채(3년, AA-)",,,,,,,연%,,20210524,1.876
817Y002,1.3.2.1. 시장금리(일별),010300000,"회사채(3년, AA-)",,,,,,,연%,,20210525,1.89
817Y002,1.3.2.1. 시장금리(일별),010300000,"회사채(3년, AA-)",,,,,,,연%,,20210526,1.902
817Y002,1.3.2.1. 시장금리(일별),010300000,"회사채(3년, AA-)",,,,,,,연%,,20210527,1.867
817Y002,1.3.2.1. 시장금리(일별),010300000,"회사채(3년, AA-)",,,,,,,연%,,20210528,1.899
817Y002,1.3.2.1. 시장금리(일별),010300000,"회사채(3년, AA-)",,,,,,,연%,,20210531,1.945
817Y002,1.3.2.1. 시장금리(일별),010300000,"회사채(3년, AA-)",,,,,,,연%,,20210601,1.929
817Y002,1.3.2.1. 시장금리(일별),010300000,"회사채(3년, AA-)",,,,,,,연%,,20210602,1.924
817Y002,1.3.2.1. 시장금리(일별),010300000,"회사채(3년, AA-)",,,,,,,연%,,20210603,1.911
817Y002,1.3.2.1. 시장금리(일별),010300000,"회사채(3년, AA-)",,,,,,,연%,,20210604,1.931
817Y002,1.3.2.1. 시장금리(일별),010300000,"회사채(3년, AA-)",,,,,,,연%,,20210607,1.911
817Y002,1.3.2.1. 시장금리(일별),010300000,"회사채(3년, AA-)",,,,,,,연%,,20210608,1.891
817Y002,1.3.2.1. 시장금리(일별),010300000,"회사채(3년, AA-)",,,,,,,연%,,20210609,1.866
817Y002,1.3.2.1. 시장금리(일별),010300000,"회사채(3년, AA-)",,,,,,,연%,,20210610,1.88
817Y002,1.3.2.1. 시장금리(일별),010300000,"회사채(3년, AA-)",,,,,,,연%,,20210611,1.872
817Y002,1.3.2.1. 시장금리(일별),010300000,"회사채(3년, AA-)",,,,,,,연%,,20210614,1.881
817Y002,1.3.2.1. 시장금리(일별),010300000,"회사채(3년, AA-)",,,,,,,연%,,20210615,1.896
817Y002,1.3.2.1. 시장금리(일별),010300000,"회사채(3년, AA-)",,,,,,,연%,,20210616,1.879
817Y002,1.3.2.1. 시장금리(일별),010300000,"회사채(3년, AA-)",,,,,,,연%,,20210617,1.9
817Y002,1.3.2.1. 시장금리(일별),010300000,"회사채(3년, AA-)",,,,,,,연%,,20210618,1.888
817Y002,1.3.2.1. 시장금리(일별),010300000,"회사채(3년, AA-)",,,,,,,연%,,20210621,1.906
817Y002,1.3.2.1. 시장금리(일별),010300000,"회사채(3년, AA-)",,,,,,,연%,,20210622,1.889
817Y002,1.3.2.1. 시장금리(일별),010300000,"회사채(3년, AA-)",,,,,,,연%,,20210623,1.893
817Y002,1.3.2.1. 시장금리(일별),010300000,"회사채(3년, AA-)",,,,,,,연%,,20210624,1.929
817Y002,1.3.2.1. 시장금리(일별),010300000,"회사채(3년, AA-)",,,,,,,연%,,20210625,1.969
817Y002,1.3.2.1. 시장금리(일별),010300000,"회사채(3년, AA-)",,,,,,,연%,,20210628,1.993
817Y002,1.3.2.1. 시장금리(일별),010300000,"회사채(3년, AA-)",,,,,,,연%,,20210629,1.977
817Y002,1.3.2.1. 시장금리(일별),010300000,"회사채(3년, AA-)",,,,,,,연%,,20210630,1.966
817Y002,1.3.2.1. 시장금리(일별),010300000,"회사채(3년, AA-)",,,,,,,연%,,20210701,1.975
817Y002,1.3.2.1. 시장금리(일별),010300000,"회사채(3년, AA-)",,,,,,,연%,,20210702,1.984
817Y002,1.3.2.1. 시장금리(일별),010300000,"회사채(3년, AA-)",,,,,,,연%,,20210705,1.962
817Y002,1.3.2.1. 시장금리(일별),010300000,"회사채(3년, AA-)",,,,,,,연%,,20210706,1.964
817Y002,1.3.2.1. 시장금리(일별),010300000,"회사채(3년, AA-)",,,,,,,연%,,20210707,1.915
817Y002,1.3.2.1. 시장금리(일별),010300000,"회사채(3년, AA-)",,,,,,,연%,,20210708,1.865
817Y002,1.3.2.1. 시장금리(일별),010300000,"회사채(3년, AA-)",,,,,,,연%,,20210709,1.874
817Y002,1.3.2.1. 시장금리(일별),010300000,"회사채(3년, AA-)",,,,,,,연%,,20210712,1.877
817Y002,1.3.2.1. 시장금리(일별),010300000,"회사채(3년, AA-)",,,,,,,연%,,20210713,1.896
817Y002,1.3.2.1. 시장금리(일별),010300000,"회사채(3년, AA-)",,,,,,,연%,,20210714,1.869
817Y002,1.3.2.1. 시장금리(일별),010300000,"회사채(3년, AA-)",,,,,,,연%,,20210715,1.938
817Y002,1.3.2.1. 시장금리(일별),010300000,"회사채(3년, AA-)",,,,,,,연%,,20210716,1.908
817Y002,1.3.2.1. 시장금리(일별),010300000,"회사채(3년, AA-)",,,,,,,연%,,20210719,1.908
817Y002,1.3.2.1. 시장금리(일별),010300000,"회사채(3년, AA-)",,,,,,,연%,,20210720,1.864
817Y002,1.3.2.1. 시장금리(일별),010300000,"회사채(3년, AA-)",,,,,,,연%,,20210721,1.835
817Y002,1.3.2.1. 시장금리(일별),010300000,"회사채(3년, AA-)",,,,,,,연%,,20210722,1.843
817Y002,1.3.2.1. 시장금리(일별),010300000,"회사채(3년, AA-)",,,,,,,연%,,20210723,1.841
817Y002,1.3.2.1. 시장금리(일별),010300000,"회사채(3년, AA-)",,,,,,,연%,,20210726,1.821
817Y002,1.3.2.1. 시장금리(일별),010300000,"회사채(3년, AA-)",,,,,,,연%,,20210727,1.83
817Y002,1.3.2.1. 시장금리(일별),010300000,"회사채(3년, AA-)",,,,,,,연%,,20210728,1.853
817Y002,1.3.2.1. 시장금리(일별),010300000,"회사채(3년, AA-)",,,,,,,연%,,20210729,1.862
817Y002,1.3.2.1. 시장금리(일별),010300000,"회사채(3년, AA-)",,,,,,,연%,,20210730,1.847
817Y002,1.3.2.1. 시장금리(일별),010300000,"회사채(3년, AA-)",,,,,,,연%,,20210802,1.858
817Y002,1.3.2.1. 시장금리(일별),010300000,"회사채(3년, AA-)",,,,,,,연%,,20210803,1.863
817Y002,1.3.2.1. 시장금리(일별),010300000,"회사채(3년, AA-)",,,,,,,연%,,20210804,1.841
817Y002,1.3.2.1. 시장금리(일별),010300000,"회사채(3년, AA-)",,,,,,,연%,,20210805,1.836
817Y002,1.3.2.1. 시장금리(일별),010300000,"회사채(3년, AA-)",,,,,,,연%,,20210806,1.855
817Y002,1.3.2.1. 시장금리(일별),010300000,"회사채(3년, AA-)",,,,,,,연%,,20210809,1.859
817Y002,1.3.2.1. 시장금리(일별),010300000,"회사채(3년, AA-)",,,,,,,연%,,20210810,1.855
817Y002,1.3.2.1. 시장금리(일별),010300000,"회사채(3년, AA-)",,,,,,,연%,,20210811,1.845
817Y002,1.3.2.1. 시장금리(일별),010300000,"회사채(3년, AA-)",,,,,,,연%,,20210812,1.84
817Y002,1.3.2.1. 시장금리(일별),010300000,"회사채(3년, AA-)",,,,,,,연%,,20210813,1.834
817Y002,1.3.2.1. 시장금리(일별),010300000,"회사채(3년, AA-)",,,,,,,연%,,20210817,1.83
817Y002,1.3.2.1. 시장금리(일별),010300000,"회사채(3년, AA-)",,,,,,,연%,,20210818,1.817
817Y002,1.3.2.1. 시장금리(일별),010300000,"회사채(3년, AA-)",,,,,,,연%,,20210819,1.79
817Y002,1.3.2.1. 시장금리(일별),010300000,"회사채(3년, AA-)",,,,,,,연%,,20210820,1.794
817Y002,1.3.2.1. 시장금리(일별),010300000,"회사채(3년, AA-)",,,,,,,연%,,20210823,1.82
817Y002,1.3.2.1. 시장금리(일별),010300000,"회사채(3년, AA-)",,,,,,,연%,,20210824,1.862
817Y002,1.3.2.1. 시장금리(일별),010300000,"회사채(3년, AA-)",,,,,,,연%,,20210825,1.863
817Y002,1.3.2.1. 시장금리(일별),010300000,"회사채(3년, AA-)",,,,,,,연%,,20210826,1.836
817Y002,1.3.2.1. 시장금리(일별),010300000,"회사채(3년, AA-)",,,,,,,연%,,20210827,1.842
817Y002,1.3.2.1. 시장금리(일별),010300000,"회사채(3년, AA-)",,,,,,,연%,,20210830,1.832
817Y002,1.3.2.1. 시장금리(일별),010300000,"회사채(3년, AA-)",,,,,,,연%,,20210831,1.829
817Y002,1.3.2.1. 시장금리(일별),010300000,"회사채(3년, AA-)",,,,,,,연%,,20210901,1.848
817Y002,1.3.2.1. 시장금리(일별),010300000,"회사채(3년, AA-)",,,,,,,연%,,20210902,1.855
817Y002,1.3.2.1. 시장금리(일별),010300000,"회사채(3년, AA-)",,,,,,,연%,,20210903,1.865
817Y002,1.3.2.1. 시장금리(일별),010300000,"회사채(3년, AA-)",,,,,,,연%,,20210906,1.881
817Y002,1.3.2.1. 시장금리(일별),010300000,"회사채(3년, AA-)",,,,,,,연%,,20210907,1.888
817Y002,1.3.2.1. 시장금리(일별),010300000,"회사채(3년, AA-)",,,,,,,연%,,20210908,1.908
817Y002,1.3.2.1. 시장금리(일별),010300000,"회사채(3년, AA-)",,,,,,,연%,,20210909,1.921
817Y002,1.3.2.1. 시장금리(일별),010300000,"회사채(3년, AA-)",,,,,,,연%,,20210910,1.936
817Y002,1.3.2.1. 시장금리(일별),010300000,"회사채(3년, AA-)",,,,,,,연%,,20210913,1.962
817Y002,1.3.2.1. 시장금리(일별),010300000,"회사채(3년, AA-)",,,,,,,연%,,20210914,1.975
817Y002,1.3.2.1. 시장금리(일별),010300000,"회사채(3년, AA-)",,,,,,,연%,,20210915,1.942
817Y002,1.3.2.1. 시장금리(일별),010300000,"회사채(3년, AA-)",,,,,,,연%,,20210916,1.958
817Y002,1.3.2.1. 시장금리(일별),010300000,"회사채(3년, AA-)",,,,,,,연%,,20210917,1.978
817Y002,1.3.2.1. 시장금리(일별),010300000,"회사채(3년, AA-)",,,,,,,연%,,20210923,1.996
817Y002,1.3.2.1. 시장금리(일별),010300000,"회사채(3년, AA-)",,,,,,,연%,,20210924,2.017
817Y002,1.3.2.1. 시장금리(일별),010300000,"회사채(3년, AA-)",,,,,,,연%,,20210927,2.015
817Y002,1.3.2.1. 시장금리(일별),010300000,"회사채(3년, AA-)",,,,,,,연%,,20210928,2.061
817Y002,1.3.2.1. 시장금리(일별),010300000,"회사채(3년, AA-)",,,,,,,연%,,20210929,2.057
817Y002,1.3.2.1. 시장금리(일별),010300000,"회사채(3년, AA-)",,,,,,,연%,,20210930,2.049
817Y002,1.3.2.1. 시장금리(일별),010300000,"회사채(3년, AA-)",,,,,,,연%,,20211001,2.087
817Y002,1.3.2.1. 시장금리(일별),010300000,"회사채(3년, AA-)",,,,,,,연%,,20211005,2.101
817Y002,1.3.2.1. 시장금리(일별),010300000,"회사채(3년, AA-)",,,,,,,연%,,20211006,2.171
817Y002,1.3.2.1. 시장금리(일별),010300000,"회사채(3년, AA-)",,,,,,,연%,,20211007,2.158
817Y002,1.3.2.1. 시장금리(일별),010300000,"회사채(3년, AA-)",,,,,,,연%,,20211008,2.156
817Y002,1.3.2.1. 시장금리(일별),010300000,"회사채(3년, AA-)",,,,,,,연%,,20211012,2.262
817Y002,1.3.2.1. 시장금리(일별),010300000,"회사채(3년, AA-)",,,,,,,연%,,20211013,2.27
817Y002,1.3.2.1. 시장금리(일별),010300000,"회사채(3년, AA-)",,,,,,,연%,,20211014,2.261
817Y002,1.3.2.1. 시장금리(일별),010300000,"회사채(3년, AA-)",,,,,,,연%,,20211015,2.249
817Y002,1.3.2.1. 시장금리(일별),010300000,"회사채(3년, AA-)",,,,,,,연%,,20211018,2.333
817Y002,1.3.2.1. 시장금리(일별),010300000,"회사채(3년, AA-)",,,,,,,연%,,20211019,2.325
817Y002,1.3.2.1. 시장금리(일별),010300000,"회사채(3년, AA-)",,,,,,,연%,,20211020,2.318
817Y002,1.3.2.1. 시장금리(일별),010300000,"회사채(3년, AA-)",,,,,,,연%,,20211021,2.31
817Y002,1.3.2.1. 시장금리(일별),010300000,"회사채(3년, AA-)",,,,,,,연%,,20211022,2.362
817Y002,1.3.2.1. 시장금리(일별),010300000,"회사채(3년, AA-)",,,,,,,연%,,20211025,2.387
817Y002,1.3.2.1. 시장금리(일별),010300000,"회사채(3년, AA-)",,,,,,,연%,,20211026,2.423
817Y002,1.3.2.1. 시장금리(일별),010300000,"회사채(3년, AA-)",,,,,,,연%,,20211027,2.506
817Y002,1.3.2.1. 시장금리(일별),010300000,"회사채(3년, AA-)",,,,,,,연%,,20211028,2.487
817Y002,1.3.2.1. 시장금리(일별),010300000,"회사채(3년, AA-)",,,,,,,연%,,20211029,2.573
817Y002,1.3.2.1. 시장금리(일별),010300000,"회사채(3년, AA-)",,,,,,,연%,,20211101,2.58
817Y002,1.3.2.1. 시장금리(일별),010300000,"회사채(3년, AA-)",,,,,,,연%,,20211102,2.542
817Y002,1.3.2.1. 시장금리(일별),010300000,"회사채(3년, AA-)",,,,,,,연%,,20211103,2.539
817Y002,1.3.2.1. 시장금리(일별),010300000,"회사채(3년, AA-)",,,,,,,연%,,20211104,2.544
817Y002,1.3.2.1. 시장금리(일별),010300000,"회사채(3년, AA-)",,,,,,,연%,,20211105,2.468
817Y002,1.3.2.1. 시장금리(일별),010300000,"회사채(3년, AA-)",,,,,,,연%,,20211108,2.438
817Y002,1.3.2.1. 시장금리(일별),010300000,"회사채(3년, AA-)",,,,,,,연%,,20211109,2.403
817Y002,1.3.2.1. 시장금리(일별),010300000,"회사채(3년, AA-)",,,,,,,연%,,20211110,2.417
817Y002,1.3.2.1. 시장금리(일별),010300000,"회사채(3년, AA-)",,,,,,,연%,,20211111,2.453
817Y002,1.3.2.1. 시장금리(일별),010300000,"회사채(3년, AA-)",,,,,,,연%,,20211112,2.499
817Y002,1.3.2.1. 시장금리(일별),010300000,"회사채(3년, AA-)",,,,,,,연%,,20211115,2.457
817Y002,1.3.2.1. 시장금리(일별),010300000,"회사채(3년, AA-)",,,,,,,연%,,20211116,2.505
817Y002,1.3.2.1. 시장금리(일별),010300000,"회사채(3년, AA-)",,,,,,,연%,,20211117,2.517
817Y002,1.3.2.1. 시장금리(일별),010300000,"회사채(3년, AA-)",,,,,,,연%,,20211118,2.501
817Y002,1.3.2.1. 시장금리(일별),010300000,"회사채(3년, AA-)",,,,,,,연%,,20211119,2.513
817Y002,1.3.2.1. 시장금리(일별),010300000,"회사채(3년, AA-)",,,,,,,연%,,20211122,2.563
817Y002,1.3.2.1. 시장금리(일별),010300000,"회사채(3년, AA-)",,,,,,,연%,,20211123,2.582
817Y002,1.3.2.1. 시장금리(일별),010300000,"회사채(3년, AA-)",,,,,,,연%,,20211124,2.569
817Y002,1.3.2.1. 시장금리(일별),010300000,"회사채(3년, AA-)",,,,,,,연%,,20211125,2.499
817Y002,1.3.2.1. 시장금리(일별),010300000,"회사채(3년, AA-)",,,,,,,연%,,20211126,2.433
817Y002,1.3.2.1. 시장금리(일별),010300000,"회사채(3년, AA-)",,,,,,,연%,,20211129,2.418
817Y002,1.3.2.1. 시장금리(일별),010300000,"회사채(3년, AA-)",,,,,,,연%,,20211130,2.373
817Y002,1.3.2.1. 시장금리(일별),010300000,"회사채(3년, AA-)",,,,,,,연%,,20211201,2.385
817Y002,1.3.2.1. 시장금리(일별),010300000,"회사채(3년, AA-)",,,,,,,연%,,20211202,2.406
817Y002,1.3.2.1. 시장금리(일별),010300000,"회사채(3년, AA-)",,,,,,,연%,,20211203,2.464
817Y002,1.3.2.1. 시장금리(일별),010300000,"회사채(3년, AA-)",,,,,,,연%,,20211206,2.436
817Y002,1.3.2.1. 시장금리(일별),010300000,"회사채(3년, AA-)",,,,,,,연%,,20211207,2.446
817Y002,1.3.2.1. 시장금리(일별),010300000,"회사채(3년, AA-)",,,,,,,연%,,20211208,2.409
817Y002,1.3.2.1. 시장금리(일별),010300000,"회사채(3년, AA-)",,,,,,,연%,,20211209,2.385
817Y002,1.3.2.1. 시장금리(일별),010300000,"회사채(3년, AA-)",,,,,,,연%,,20211210,2.399
817Y002,1.3.2.1. 시장금리(일별),010300000,"회사채(3년, AA-)",,,,,,,연%,,20211213,2.402
817Y002,1.3.2.1. 시장금리(일별),010300000,"회사채(3년, AA-)",,,,,,,연%,,20211214,2.402
817Y002,1.3.2.1. 시장금리(일별),010300000,"회사채(3년, AA-)",,,,,,,연%,,20211215,2.43
817Y002,1.3.2.1. 시장금리(일별),010300000,"회사채(3년, AA-)",,,,,,,연%,,20211216,2.398
817Y002,1.3.2.1. 시장금리(일별),010300000,"회사채(3년, AA-)",,,,,,,연%,,20211217,2.398
817Y002,1.3.2.1. 시장금리(일별),010300000,"회사채(3년, AA-)",,,,,,,연%,,20211220,2.372
817Y002,1.3.2.1. 시장금리(일별),010300000,"회사채(3년, AA-)",,,,,,,연%,,20211221,2.355
817Y002,1.3.2.1. 시장금리(일별),010300000,"회사채(3년, AA-)",,,,,,,연%,,20211222,2.392
817Y002,1.3.2.1. 시장금리(일별),010300000,"회사채(3년, AA-)",,,,,,,연%,,20211223,2.441
817Y002,1.3.2.1. 시장금리(일별),010300000,"회사채(3년, AA-)",,,,,,,연%,,20211224,2.438
817Y002,1.3.2.1. 시장금리(일별),010300000,"회사채(3년, AA-)",,,,,,,연%,,20211227,2.411
817Y002,1.3.2.1. 시장금리(일별),010300000,"회사채(3년, AA-)",,,,,,,연%,,20211228,2.417
817Y002,1.3.2.1. 시장금리(일별),010300000,"회사채(3년, AA-)",,,,,,,연%,,20211229,2.409
817Y002,1.3.2.1. 시장금리(일별),010300000,"회사채(3년, AA-)",,,,,,,연%,,20211230,2.417
817Y002,1.3.2.1. 시장금리(일별),010300000,"회사채(3년, AA-)",,,,,,,연%,,20211231,2.415
817Y002,1.3.2.1. 시장금리(일별),010300000,"회사채(3년, AA-)",,,,,,,연%,,20220103,2.46
817Y002,1.3.2.1. 시장금리(일별),010300000,"회사채(3년, AA-)",,,,,,,연%,,20220104,2.474
817Y002,1.3.2.1. 시장금리(일별),010300000,"회사채(3년, AA-)",,,,,,,연%,,20220105,2.506
817Y002,1.3.2.1. 시장금리(일별),010300000,"회사채(3년, AA-)",,,,,,,연%,,20220106,2.59
817Y002,1.3.2.1. 시장금리(일별),010300000,"회사채(3년, AA-)",,,,,,,연%,,20220107,2.593
817Y002,1.3.2.1. 시장금리(일별),010300000,"회사채(3년, AA-)",,,,,,,연%,,20220110,2.624
817Y002,1.3.2.1. 시장금리(일별),010300000,"회사채(3년, AA-)",,,,,,,연%,,20220111,2.611
817Y002,1.3.2.1. 시장금리(일별),010300000,"회사채(3년, AA-)",,,,,,,연%,,20220112,2.576
817Y002,1.3.2.1. 시장금리(일별),010300000,"회사채(3년, AA-)",,,,,,,연%,,20220113,2.537
817Y002,1.3.2.1. 시장금리(일별),010300000,"회사채(3년, AA-)",,,,,,,연%,,20220114,2.6
817Y002,1.3.2.1. 시장금리(일별),010300000,"회사채(3년, AA-)",,,,,,,연%,,20220117,2.699
817Y002,1.3.2.1. 시장금리(일별),010300000,"회사채(3년, AA-)",,,,,,,연%,,20220118,2.685
817Y002,1.3.2.1. 시장금리(일별),010300000,"회사채(3년, AA-)",,,,,,,연%,,20220119,2.645
817Y002,1.3.2.1. 시장금리(일별),010300000,"회사채(3년, AA-)",,,,,,,연%,,20220120,2.684
817Y002,1.3.2.1. 시장금리(일별),010300000,"회사채(3년, AA-)",,,,,,,연%,,20220121,2.693
817Y002,1.3.2.1. 시장금리(일별),010300000,"회사채(3년, AA-)",,,,,,,연%,,20220124,2.675
817Y002,1.3.2.1. 시장금리(일별),010300000,"회사채(3년, AA-)",,,,,,,연%,,20220125,2.725
817Y002,1.3.2.1. 시장금리(일별),010300000,"회사채(3년, AA-)",,,,,,,연%,,20220126,2.713
817Y002,1.3.2.1. 시장금리(일별),010300000,"회사채(3년, AA-)",,,,,,,연%,,20220127,2.781
817Y002,1.3.2.1. 시장금리(일별),010300000,"회사채(3년, AA-)",,,,,,,연%,,20220128,2.765
817Y002,1.3.2.1. 시장금리(일별),010300000,"회사채(3년, AA-)",,,,,,,연%,,20220203,2.733
817Y002,1.3.2.1. 시장금리(일별),010300000,"회사채(3년, AA-)",,,,,,,연%,,20220204,2.771
817Y002,1.3.2.1. 시장금리(일별),010300000,"회사채(3년, AA-)",,,,,,,연%,,20220207,2.815
817Y002,1.3.2.1. 시장금리(일별),010300000,"회사채(3년, AA-)",,,,,,,연%,,20220208,2.867
817Y002,1.3.2.1. 시장금리(일별),010300000,"회사채(3년, AA-)",,,,,,,연%,,20220209,2.857
817Y002,1.3.2.1. 시장금리(일별),010300000,"회사채(3년, AA-)",,,,,,,연%,,20220210,2.85
817Y002,1.3.2.1. 시장금리(일별),010300000,"회사채(3년, AA-)",,,,,,,연%,,20220211,2.921
817Y002,1.3.2.1. 시장금리(일별),010300000,"회사채(3년, AA-)",,,,,,,연%,,20220214,2.926
817Y002,1.3.2.1. 시장금리(일별),010300000,"회사채(3년, AA-)",,,,,,,연%,,20220215,2.928
817Y002,1.3.2.1. 시장금리(일별),010300000,"회사채(3년, AA-)",,,,,,,연%,,20220216,2.913
817Y002,1.3.2.1. 시장금리(일별),010300000,"회사채(3년, AA-)",,,,,,,연%,,20220217,2.895
817Y002,1.3.2.1. 시장금리(일별),010300000,"회사채(3년, AA-)",,,,,,,연%,,20220218,2.916
817Y002,1.3.2.1. 시장금리(일별),010300000,"회사채(3년, AA-)",,,,,,,연%,,20220221,2.949
817Y002,1.3.2.1. 시장금리(일별),010300000,"회사채(3년, AA-)",,,,,,,연%,,20220222,2.916
817Y002,1.3.2.1. 시장금리(일별),010300000,"회사채(3년, AA-)",,,,,,,연%,,20220223,2.913
817Y002,1.3.2.1. 시장금리(일별),010300000,"회사채(3년, AA-)",,,,,,,연%,,20220224,2.83
817Y002,1.3.2.1. 시장금리(일별),010300000,"회사채(3년, AA-)",,,,,,,연%,,20220225,2.854
817Y002,1.3.2.1. 시장금리(일별),010300000,"회사채(3년, AA-)",,,,,,,연%,,20220228,2.855
817Y002,1.3.2.1. 시장금리(일별),010300000,"회사채(3년, AA-)",,,,,,,연%,,20220302,2.813
817Y002,1.3.2.1. 시장금리(일별),010300000,"회사채(3년, AA-)",,,,,,,연%,,20220303,2.835
817Y002,1.3.2.1. 시장금리(일별),010300000,"회사채(3년, AA-)",,,,,,,연%,,20220304,2.848
817Y002,1.3.2.1. 시장금리(일별),010300000,"회사채(3년, AA-)",,,,,,,연%,,20220307,2.922
817Y002,1.3.2.1. 시장금리(일별),010300000,"회사채(3년, AA-)",,,,,,,연%,,20220308,2.931
817Y002,1.3.2.1. 시장금리(일별),010300000,"회사채(3년, AA-)",,,,,,,연%,,20220310,2.933
817Y002,1.3.2.1. 시장금리(일별),010300000,"회사채(3년, AA-)",,,,,,,연%,,20220311,2.92
817Y002,1.3.2.1. 시장금리(일별),010300000,"회사채(3년, AA-)",,,,,,,연%,,20220314,2.947
817Y002,1.3.2.1. 시장금리(일별),010300000,"회사채(3년, AA-)",,,,,,,연%,,20220315,2.965
817Y002,1.3.2.1. 시장금리(일별),010300000,"회사채(3년, AA-)",,,,,,,연%,,20220316,2.948
817Y002,1.3.2.1. 시장금리(일별),010300000,"회사채(3년, AA-)",,,,,,,연%,,20220317,2.902
817Y002,1.3.2.1. 시장금리(일별),010300000,"회사채(3년, AA-)",,,,,,,연%,,20220318,2.911
817Y002,1.3.2.1. 시장금리(일별),010300000,"회사채(3년, AA-)",,,,,,,연%,,20220321,2.944
817Y002,1.3.2.1. 시장금리(일별),010300000,"회사채(3년, AA-)",,,,,,,연%,,20220322,3.045
817Y002,1.3.2.1. 시장금리(일별),010300000,"회사채(3년, AA-)",,,,,,,연%,,20220323,3.073
817Y002,1.3.2.1. 시장금리(일별),010300000,"회사채(3년, AA-)",,,,,,,연%,,20220324,3.104
817Y002,1.3.2.1. 시장금리(일별),010300000,"회사채(3년, AA-)",,,,,,,연%,,20220325,3.163
817Y002,1.3.2.1. 시장금리(일별),010300000,"회사채(3년, AA-)",,,,,,,연%,,20220328,3.394
817Y002,1.3.2.1. 시장금리(일별),010300000,"회사채(3년, AA-)",,,,,,,연%,,20220329,3.361
817Y002,1.3.2.1. 시장금리(일별),010300000,"회사채(3년, AA-)",,,,,,,연%,,20220330,3.291
817Y002,1.3.2.1. 시장금리(일별),010300000,"회사채(3년, AA-)",,,,,,,연%,,20220331,3.34
817Y002,1.3.2.1. 시장금리(일별),010300000,"회사채(3년, AA-)",,,,,,,연%,,20220401,3.458
817Y002,1.3.2.1. 시장금리(일별),010300000,"회사채(3년, AA-)",,,,,,,연%,,20220404,3.499
817Y002,1.3.2.1. 시장금리(일별),010300000,"회사채(3년, AA-)",,,,,,,연%,,20220405,3.542
817Y002,1.3.2.1. 시장금리(일별),010300000,"회사채(3년, AA-)",,,,,,,연%,,20220406,3.592
817Y002,1.3.2.1. 시장금리(일별),010300000,"회사채(3년, AA-)",,,,,,,연%,,20220407,3.562
817Y002,1.3.2.1. 시장금리(일별),010300000,"회사채(3년, AA-)",,,,,,,연%,,20220408,3.636
817Y002,1.3.2.1. 시장금리(일별),010300000,"회사채(3년, AA-)",,,,,,,연%,,20220411,3.813
817Y002,1.3.2.1. 시장금리(일별),010300000,"회사채(3년, AA-)",,,,,,,연%,,20220412,3.774
817Y002,1.3.2.1. 시장금리(일별),010300000,"회사채(3년, AA-)",,,,,,,연%,,20220413,3.688
817Y002,1.3.2.1. 시장금리(일별),010300000,"회사채(3년, AA-)",,,,,,,연%,,20220414,3.583
817Y002,1.3.2.1. 시장금리(일별),010300000,"회사채(3년, AA-)",,,,,,,연%,,20220415,3.64
817Y002,1.3.2.1. 시장금리(일별),010300000,"회사채(3년, AA-)",,,,,,,연%,,20220418,3.689
817Y002,1.3.2.1. 시장금리(일별),010300000,"회사채(3년, AA-)",,,,,,,연%,,20220419,3.671
817Y002,1.3.2.1. 시장금리(일별),010300000,"회사채(3년, AA-)",,,,,,,연%,,20220420,3.662
817Y002,1.3.2.1. 시장금리(일별),010300000,"회사채(3년, AA-)",,,,,,,연%,,20220421,3.647
817Y002,1.3.2.1. 시장금리(일별),010300000,"회사채(3년, AA-)",,,,,,,연%,,20220422,3.688
817Y002,1.3.2.1. 시장금리(일별),010300000,"회사채(3년, AA-)",,,,,,,연%,,20220425,3.602
817Y002,1.3.2.1. 시장금리(일별),010300000,"회사채(3년, AA-)",,,,,,,연%,,20220426,3.584
817Y002,1.3.2.1. 시장금리(일별),010300000,"회사채(3년, AA-)",,,,,,,연%,,20220427,3.595
817Y002,1.3.2.1. 시장금리(일별),010300000,"회사채(3년, AA-)",,,,,,,연%,,20220428,3.636
817Y002,1.3.2.1. 시장금리(일별),010300000,"회사채(3년, AA-)",,,,,,,연%,,20220429,3.68
817Y002,1.3.2.1. 시장금리(일별),010300000,"회사채(3년, AA-)",,,,,,,연%,,20220502,3.794
817Y002,1.3.2.1. 시장금리(일별),010300000,"회사채(3년, AA-)",,,,,,,연%,,20220503,3.855
817Y002,1.3.2.1. 시장금리(일별),010300000,"회사채(3년, AA-)",,,,,,,연%,,20220504,3.887
817Y002,1.3.2.1. 시장금리(일별),010300000,"회사채(3년, AA-)",,,,,,,연%,,20220506,3.873
817Y002,1.3.2.1. 시장금리(일별),010300000,"회사채(3년, AA-)",,,,,,,연%,,20220509,3.8
817Y002,1.3.2.1. 시장금리(일별),010300000,"회사채(3년, AA-)",,,,,,,연%,,20220510,3.783
817Y002,1.3.2.1. 시장금리(일별),010300000,"회사채(3년, AA-)",,,,,,,연%,,20220511,3.691
817Y002,1.3.2.1. 시장금리(일별),010300000,"회사채(3년, AA-)",,,,,,,연%,,20220512,3.657
817Y002,1.3.2.1. 시장금리(일별),010300000,"회사채(3년, AA-)",,,,,,,연%,,20220513,3.673
817Y002,1.3.2.1. 시장금리(일별),010300000,"회사채(3년, AA-)",,,,,,,연%,,20220516,3.781
817Y002,1.3.2.1. 시장금리(일별),010300000,"회사채(3년, AA-)",,,,,,,연%,,20220517,3.784
817Y002,1.3.2.1. 시장금리(일별),010300000,"회사채(3년, AA-)",,,,,,,연%,,20220518,3.832
817Y002,1.3.2.1. 시장금리(일별),010300000,"회사채(3년, AA-)",,,,,,,연%,,20220519,3.821
817Y002,1.3.2.1. 시장금리(일별),010300000,"회사채(3년, AA-)",,,,,,,연%,,20220520,3.784
817Y002,1.3.2.1. 시장금리(일별),010300000,"회사채(3년, AA-)",,,,,,,연%,,20220523,3.796
817Y002,1.3.2.1. 시장금리(일별),010300000,"회사채(3년, AA-)",,,,,,,연%,,20220524,3.742
817Y002,1.3.2.1. 시장금리(일별),010300000,"회사채(3년, AA-)",,,,,,,연%,,20220525,3.72
817Y002,1.3.2.1. 시장금리(일별),010300000,"회사채(3년, AA-)",,,,,,,연%,,20220526,3.733
817Y002,1.3.2.1. 시장금리(일별),010300000,"회사채(3년, AA-)",,,,,,,연%,,20220527,3.728
817Y002,1.3.2.1. 시장금리(일별),010300000,"회사채(3년, AA-)",,,,,,,연%,,20220530,3.724
817Y002,1.3.2.1. 시장금리(일별),010300000,"회사채(3년, AA-)",,,,,,,연%,,20220531,3.807
817Y002,1.3.2.1. 시장금리(일별),010300000,"회사채(3년, AA-)",,,,,,,연%,,20220602,3.897
817Y002,1.3.2.1. 시장금리(일별),010300000,"회사채(3년, AA-)",,,,,,,연%,,20220603,3.896
817Y002,1.3.2.1. 시장금리(일별),010300000,"회사채(3년, AA-)",,,,,,,연%,,20220607,4.001
817Y002,1.3.2.1. 시장금리(일별),010300000,"회사채(3년, AA-)",,,,,,,연%,,20220608,3.982
817Y002,1.3.2.1. 시장금리(일별),010300000,"회사채(3년, AA-)",,,,,,,연%,,20220609,3.958
817Y002,1.3.2.1. 시장금리(일별),010300000,"회사채(3년, AA-)",,,,,,,연%,,20220610,3.996
817Y002,1.3.2.1. 시장금리(일별),010300000,"회사채(3년, AA-)",,,,,,,연%,,20220613,4.222
817Y002,1.3.2.1. 시장금리(일별),010300000,"회사채(3년, AA-)",,,,,,,연%,,20220614,4.27
817Y002,1.3.2.1. 시장금리(일별),010300000,"회사채(3년, AA-)",,,,,,,연%,,20220615,4.371
817Y002,1.3.2.1. 시장금리(일별),010300000,"회사채(3년, AA-)",,,,,,,연%,,20220616,4.437
817Y002,1.3.2.1. 시장금리(일별),010300000,"회사채(3년, AA-)",,,,,,,연%,,20220617,4.468
817Y002,1.3.2.1. 시장금리(일별),010300000,"회사채(3년, AA-)",,,,,,,연%,,20220620,4.414
817Y002,1.3.2.1. 시장금리(일별),010300000,"회사채(3년, AA-)",,,,,,,연%,,20220621,4.402
817Y002,1.3.2.1. 시장금리(일별),010300000,"회사채(3년, AA-)",,,,,,,연%,,20220622,4.275
817Y002,1.3.2.1. 시장금리(일별),010300000,"회사채(3년, AA-)",,,,,,,연%,,20220623,4.363
817Y002,1.3.2.1. 시장금리(일별),010300000,"회사채(3년, AA-)",,,,,,,연%,,20220624,4.297
817Y002,1.3.2.1. 시장금리(일별),010300000,"회사채(3년, AA-)",,,,,,,연%,,20220627,4.344
817Y002,1.3.2.1. 시장금리(일별),010300000,"회사채(3년, AA-)",,,,,,,연%,,20220628,4.339
817Y002,1.3.2.1. 시장금리(일별),010300000,"회사채(3년, AA-)",,,,,,,연%,,20220629,4.359
817Y002,1.3.2.1. 시장금리(일별),010300000,"회사채(3년, AA-)",,,,,,,연%,,20220630,4.361
817Y002,1.3.2.1. 시장금리(일별),010300000,"회사채(3년, AA-)",,,,,,,연%,,20220701,4.257
817Y002,1.3.2.1. 시장금리(일별),010300000,"회사채(3년, AA-)",,,,,,,연%,,20220704,4.247
817Y002,1.3.2.1. 시장금리(일별),010300000,"회사채(3년, AA-)",,,,,,,연%,,20220705,4.128
817Y002,1.3.2.1. 시장금리(일별),010300000,"회사채(3년, AA-)",,,,,,,연%,,20220706,4.086
817Y002,1.3.2.1. 시장금리(일별),010300000,"회사채(3년, AA-)",,,,,,,연%,,20220707,4.113
817Y002,1.3.2.1. 시장금리(일별),010300000,"회사채(3년, AA-)",,,,,,,연%,,20220708,4.186
817Y002,1.3.2.1. 시장금리(일별),010300000,"회사채(3년, AA-)",,,,,,,연%,,20220711,4.198
817Y002,1.3.2.1. 시장금리(일별),010300000,"회사채(3년, AA-)",,,,,,,연%,,20220712,4.158
817Y002,1.3.2.1. 시장금리(일별),010300000,"회사채(3년, AA-)",,,,,,,연%,,20220713,4.094
817Y002,1.3.2.1. 시장금리(일별),010300000,"회사채(3년, AA-)",,,,,,,연%,,20220714,4.139
817Y002,1.3.2.1. 시장금리(일별),010300000,"회사채(3년, AA-)",,,,,,,연%,,20220715,4.091
817Y002,1.3.2.1. 시장금리(일별),010300000,"회사채(3년, AA-)",,,,,,,연%,,20220718,4.104
817Y002,1.3.2.1. 시장금리(일별),010300000,"회사채(3년, AA-)",,,,,,,연%,,20220719,4.092
817Y002,1.3.2.1. 시장금리(일별),010300000,"회사채(3년, AA-)",,,,,,,연%,,20220720,4.197
817Y002,1.3.2.1. 시장금리(일별),010300000,"회사채(3년, AA-)",,,,,,,연%,,20220721,4.202
817Y002,1.3.2.1. 시장금리(일별),010300000,"회사채(3년, AA-)",,,,,,,연%,,20220722,4.135
817Y002,1.3.2.1. 시장금리(일별),010300000,"회사채(3년, AA-)",,,,,,,연%,,20220725,4.082
817Y002,1.3.2.1. 시장금리(일별),010300000,"회사채(3년, AA-)",,,,,,,연%,,20220726,4.063
817Y002,1.3.2.1. 시장금리(일별),010300000,"회사채(3년, AA-)",,,,,,,연%,,20220727,4.033
817Y002,1.3.2.1. 시장금리(일별),010300000,"회사채(3년, AA-)",,,,,,,연%,,20220728,4.082
817Y002,1.3.2.1. 시장금리(일별),010300000,"회사채(3년, AA-)",,,,,,,연%,,20220729,3.969
817Y002,1.3.2.1. 시장금리(일별),010300000,"회사채(3년, AA-)",,,,,,,연%,,20220801,4.043
817Y002,1.3.2.1. 시장금리(일별),010300000,"회사채(3년, AA-)",,,,,,,연%,,20220802,3.983
817Y002,1.3.2.1. 시장금리(일별),010300000,"회사채(3년, AA-)",,,,,,,연%,,20220803,4.045
817Y002,1.3.2.1. 시장금리(일별),010300000,"회사채(3년, AA-)",,,,,,,연%,,20220804,4.091
817Y002,1.3.2.1. 시장금리(일별),010300000,"회사채(3년, AA-)",,,,,,,연%,,20220805,4.056
817Y002,1.3.2.1. 시장금리(일별),010300000,"회사채(3년, AA-)",,,,,,,연%,,20220808,4.113
817Y002,1.3.2.1. 시장금리(일별),010300000,"회사채(3년, AA-)",,,,,,,연%,,20220809,4.119
817Y002,1.3.2.1. 시장금리(일별),010300000,"회사채(3년, AA-)",,,,,,,연%,,20220810,4.133
817Y002,1.3.2.1. 시장금리(일별),010300000,"회사채(3년, AA-)",,,,,,,연%,,20220811,4.111
817Y002,1.3.2.1. 시장금리(일별),010300000,"회사채(3년, AA-)",,,,,,,연%,,20220812,4.159
817Y002,1.3.2.1. 시장금리(일별),010300000,"회사채(3년, AA-)",,,,,,,연%,,20220816,4.057
817Y002,1.3.2.1. 시장금리(일별),010300000,"회사채(3년, AA-)",,,,,,,연%,,20220817,4.076
817Y002,1.3.2.1. 시장금리(일별),010300000,"회사채(3년, AA-)",,,,,,,연%,,20220818,4.114
817Y002,1.3.2.1. 시장금리(일별),010300000,"회사채(3년, AA-)",,,,,,,연%,,20220819,4.186
817Y002,1.3.2.1. 시장금리(일별),010300000,"회사채(3년, AA-)",,,,,,,연%,,20220822,4.235
817Y002,1.3.2.1. 시장금리(일별),010300000,"회사채(3년, AA-)",,,,,,,연%,,20220823,4.27
817Y002,1.3.2.1. 시장금리(일별),010300000,"회사채(3년, AA-)",,,,,,,연%,,20220824,4.298
817Y002,1.3.2.1. 시장금리(일별),010300000,"회사채(3년, AA-)",,,,,,,연%,,20220825,4.507
817Y002,1.3.2.1. 시장금리(일별),010300000,"회사채(3년, AA-)",,,,,,,연%,,20220826,4.499
817Y002,1.3.2.1. 시장금리(일별),010300000,"회사채(3년, AA-)",,,,,,,연%,,20220829,4.621
817Y002,1.3.2.1. 시장금리(일별),010300000,"회사채(3년, AA-)",,,,,,,연%,,20220830,4.618
817Y002,1.3.2.1. 시장금리(일별),010300000,"회사채(3년, AA-)",,,,,,,연%,,20220831,4.658
817Y002,1.3.2.1. 시장금리(일별),010300000,"회사채(3년, AA-)",,,,,,,연%,,20220901,4.747
817Y002,1.3.2.1. 시장금리(일별),010300000,"회사채(3년, AA-)",,,,,,,연%,,20220902,4.655
817Y002,1.3.2.1. 시장금리(일별),010300000,"회사채(3년, AA-)",,,,,,,연%,,20220905,4.596
817Y002,1.3.2.1. 시장금리(일별),010300000,"회사채(3년, AA-)",,,,,,,연%,,20220906,4.662
817Y002,1.3.2.1. 시장금리(일별),010300000,"회사채(3년, AA-)",,,,,,,연%,,20220907,4.668
817Y002,1.3.2.1. 시장금리(일별),010300000,"회사채(3년, AA-)",,,,,,,연%,,20220908,4.541
817Y002,1.3.2.1. 시장금리(일별),010300000,"회사채(3년, AA-)",,,,,,,연%,,20220913,4.525
817Y002,1.3.2.1. 시장금리(일별),010300000,"회사채(3년, AA-)",,,,,,,연%,,20220914,4.579
817Y002,1.3.2.1. 시장금리(일별),010300000,"회사채(3년, AA-)",,,,,,,연%,,20220915,4.759
817Y002,1.3.2.1. 시장금리(일별),010300000,"회사채(3년, AA-)",,,,,,,연%,,20220916,4.758
817Y002,1.3.2.1. 시장금리(일별),010300000,"회사채(3년, AA-)",,,,,,,연%,,20220919,4.751
817Y002,1.3.2.1. 시장금리(일별),010300000,"회사채(3년, AA-)",,,,,,,연%,,20220920,4.806
817Y002,1.3.2.1. 시장금리(일별),010300000,"회사채(3년, AA-)",,,,,,,연%,,20220921,4.843
817Y002,1.3.2.1. 시장금리(일별),010300000,"회사채(3년, AA-)",,,,,,,연%,,20220922,5.092
817Y002,1.3.2.1. 시장금리(일별),010300000,"회사채(3년, AA-)",,,,,,,연%,,20220923,5.189
817Y002,1.3.2.1. 시장금리(일별),010300000,"회사채(3년, AA-)",,,,,,,연%,,20220926,5.528
817Y002,1.3.2.1. 시장금리(일별),010300000,"회사채(3년, AA-)",,,,,,,연%,,20220927,5.308
817Y002,1.3.2.1. 시장금리(일별),010300000,"회사채(3년, AA-)",,,,,,,연%,,20220928,5.342
817Y002,1.3.2.1. 시장금리(일별),010300000,"회사채(3년, AA-)",,,,,,,연%,,20220929,5.378
817Y002,1.3.2.1. 시장금리(일별),010300000,"회사채(3년, AA-)",,,,,,,연%,,20220930,5.28
817Y002,1.3.2.1. 시장금리(일별),010300000,"회사채(3년, AA-)",,,,,,,연%,,20221004,5.175
817Y002,1.3.2.1. 시장금리(일별),010300000,"회사채(3년, AA-)",,,,,,,연%,,20221005,5.242
817Y002,1.3.2.1. 시장금리(일별),010300000,"회사채(3년, AA-)",,,,,,,연%,,20221006,5.231
817Y002,1.3.2.1. 시장금리(일별),010300000,"회사채(3년, AA-)",,,,,,,연%,,20221007,5.358
817Y002,1.3.2.1. 시장금리(일별),010300000,"회사채(3년, AA-)",,,,,,,연%,,20221011,5.436
817Y002,1.3.2.1. 시장금리(일별),010300000,"회사채(3년, AA-)",,,,,,,연%,,20221012,5.21
817Y002,1.3.2.1. 시장금리(일별),010300000,"회사채(3년, AA-)",,,,,,,연%,,20221013,5.31
817Y002,1.3.2.1. 시장금리(일별),010300000,"회사채(3년, AA-)",,,,,,,연%,,20221014,5.32
817Y002,1.3.2.1. 시장금리(일별),010300000,"회사채(3년, AA-)",,,,,,,연%,,20221017,5.373
817Y002,1.3.2.1. 시장금리(일별),010300000,"회사채(3년, AA-)",,,,,,,연%,,20221018,5.408
817Y002,1.3.2.1. 시장금리(일별),010300000,"회사채(3년, AA-)",,,,,,,연%,,20221019,5.533
817Y002,1.3.2.1. 시장금리(일별),010300000,"회사채(3년, AA-)",,,,,,,연%,,20221020,5.588
817Y002,1.3.2.1. 시장금리(일별),010300000,"회사채(3년, AA-)",,,,,,,연%,,20221021,5.736
817Y002,1.3.2.1. 시장금리(일별),010300000,"회사채(3년, AA-)",,,,,,,연%,,20221024,5.592
817Y002,1.3.2.1. 시장금리(일별),010300000,"회사채(3년, AA-)",,,,,,,연%,,20221025,5.528
817Y002,1.3.2.1. 시장금리(일별),010300000,"회사채(3년, AA-)",,,,,,,연%,,20221026,5.553
817Y002,1.3.2.1. 시장금리(일별),010300000,"회사채(3년, AA-)",,,,,,,연%,,20221027,5.62
817Y002,1.3.2.1. 시장금리(일별),010300000,"회사채(3년, AA-)",,,,,,,연%,,20221028,5.487
817Y002,1.3.2.1. 시장금리(일별),010300000,"회사채(3년, AA-)",,,,,,,연%,,20221031,5.58
817Y002,1.3.2.1. 시장금리(일별),010300000,"회사채(3년, AA-)",,,,,,,연%,,20221101,5.486
817Y002,1.3.2.1. 시장금리(일별),010300000,"회사채(3년, AA-)",,,,,,,연%,,20221102,5.533
817Y002,1.3.2.1. 시장금리(일별),010300000,"회사채(3년, AA-)",,,,,,,연%,,20221103,5.616
817Y002,1.3.2.1. 시장금리(일별),010300000,"회사채(3년, AA-)",,,,,,,연%,,20221104,5.591
817Y002,1.3.2.1. 시장금리(일별),010300000,"회사채(3년, AA-)",,,,,,,연%,,20221107,5.662
817Y002,1.3.2.1. 시장금리(일별),010300000,"회사채(3년, AA-)",,,,,,,연%,,20221108,5.642
817Y002,1.3.2.1. 시장금리(일별),010300000,"회사채(3년, AA-)",,,,,,,연%,,20221109,5.594
817Y002,1.3.2.1. 시장금리(일별),010300000,"회사채(3년, AA-)",,,,,,,연%,,20221110,5.551
817Y002,1.3.2.1. 시장금리(일별),010300000,"회사채(3년, AA-)",,,,,,,연%,,20221111,5.361
817Y002,1.3.2.1. 시장금리(일별),010300000,"회사채(3년, AA-)",,,,,,,연%,,20221114,5.42
817Y002,1.3.2.1. 시장금리(일별),010300000,"회사채(3년, AA-)",,,,,,,연%,,20221115,5.346
817Y002,1.3.2.1. 시장금리(일별),010300000,"회사채(3년, AA-)",,,,,,,연%,,20221116,5.416
817Y002,1.3.2.1. 시장금리(일별),010300000,"회사채(3년, AA-)",,,,,,,연%,,20221117,5.427
817Y002,1.3.2.1. 시장금리(일별),010300000,"회사채(3년, AA-)",,,,,,,연%,,20221118,5.429
817Y002,1.3.2.1. 시장금리(일별),010300000,"회사채(3년, AA-)",,,,,,,연%,,20221121,5.492
817Y002,1.3.2.1. 시장금리(일별),010300000,"회사채(3년, AA-)",,,,,,,연%,,20221122,5.516
817Y002,1.3.2.1. 시장금리(일별),010300000,"회사채(3년, AA-)",,,,,,,연%,,20221123,5.536
817Y002,1.3.2.1. 시장금리(일별),010300000,"회사채(3년, AA-)",,,,,,,연%,,20221124,5.402
817Y002,1.3.2.1. 시장금리(일별),010300000,"회사채(3년, AA-)",,,,,,,연%,,20221125,5.376
817Y002,1.3.2.1. 시장금리(일별),010300000,"회사채(3년, AA-)",,,,,,,연%,,20221128,5.405
817Y002,1.3.2.1. 시장금리(일별),010300000,"회사채(3년, AA-)",,,,,,,연%,,20221129,5.468
817Y002,1.3.2.1. 시장금리(일별),010300000,"회사채(3년, AA-)",,,,,,,연%,,20221130,5.445
817Y002,1.3.2.1. 시장금리(일별),010300000,"회사채(3년, AA-)",,,,,,,연%,,20221201,5.422
817Y002,1.3.2.1. 시장금리(일별),010300000,"회사채(3년, AA-)",,,,,,,연%,,20221202,5.386
817Y002,1.3.2.1. 시장금리(일별),010300000,"회사채(3년, AA-)",,,,,,,연%,,20221205,5.37
817Y002,1.3.2.1. 시장금리(일별),010300000,"회사채(3년, AA-)",,,,,,,연%,,20221206,5.387
817Y002,1.3.2.1. 시장금리(일별),010300000,"회사채(3년, AA-)",,,,,,,연%,,20221207,5.411
817Y002,1.3.2.1. 시장금리(일별),010300000,"회사채(3년, AA-)",,,,,,,연%,,20221208,5.412
817Y002,1.3.2.1. 시장금리(일별),010300000,"회사채(3년, AA-)",,,,,,,연%,,20221209,5.391
817Y002,1.3.2.1. 시장금리(일별),010300000,"회사채(3년, AA-)",,,,,,,연%,,20221212,5.383
817Y002,1.3.2.1. 시장금리(일별),010300000,"회사채(3년, AA-)",,,,,,,연%,,20221213,5.374
817Y002,1.3.2.1. 시장금리(일별),010300000,"회사채(3년, AA-)",,,,,,,연%,,20221214,5.272
817Y002,1.3.2.1. 시장금리(일별),010300000,"회사채(3년, AA-)",,,,,,,연%,,20221215,5.263
817Y002,1.3.2.1. 시장금리(일별),010300000,"회사채(3년, AA-)",,,,,,,연%,,20221216,5.227
817Y002,1.3.2.1. 시장금리(일별),010300000,"회사채(3년, AA-)",,,,,,,연%,,20221219,5.217
817Y002,1.3.2.1. 시장금리(일별),010300000,"회사채(3년, AA-)",,,,,,,연%,,20221220,5.333
817Y002,1.3.2.1. 시장금리(일별),010300000,"회사채(3년, AA-)",,,,,,,연%,,20221221,5.272
817Y002,1.3.2.1. 시장금리(일별),010300000,"회사채(3년, AA-)",,,,,,,연%,,20221222,5.192
817Y002,1.3.2.1. 시장금리(일별),010300000,"회사채(3년, AA-)",,,,,,,연%,,20221223,5.215
817Y002,1.3.2.1. 시장금리(일별),010300000,"회사채(3년, AA-)",,,,,,,연%,,20221226,5.235
817Y002,1.3.2.1. 시장금리(일별),010300000,"회사채(3년, AA-)",,,,,,,연%,,20221227,5.219
817Y002,1.3.2.1. 시장금리(일별),010300000,"회사채(3년, AA-)",,,,,,,연%,,20221228,5.203
817Y002,1.3.2.1. 시장금리(일별),010300000,"회사채(3년, AA-)",,,,,,,연%,,20221229,5.238
817Y002,1.3.2.1. 시장금리(일별),010300000,"회사채(3년, AA-)",,,,,,,연%,,20221230,5.231
817Y002,1.3.2.1. 시장금리(일별),010300000,"회사채(3년, AA-)",,,,,,,연%,,20230102,5.262
817Y002,1.3.2.1. 시장금리(일별),010300000,"회사채(3년, AA-)",,,,,,,연%,,20230103,5.131
817Y002,1.3.2.1. 시장금리(일별),010300000,"회사채(3년, AA-)",,,,,,,연%,,20230104,5.078
817Y002,1.3.2.1. 시장금리(일별),010300000,"회사채(3년, AA-)",,,,,,,연%,,20230105,5.06
817Y002,1.3.2.1. 시장금리(일별),010300000,"회사채(3년, AA-)",,,,,,,연%,,20230106,5.062
817Y002,1.3.2.1. 시장금리(일별),010300000,"회사채(3년, AA-)",,,,,,,연%,,20230109,4.93
817Y002,1.3.2.1. 시장금리(일별),010300000,"회사채(3년, AA-)",,,,,,,연%,,20230110,4.887
817Y002,1.3.2.1. 시장금리(일별),010300000,"회사채(3년, AA-)",,,,,,,연%,,20230111,4.784
817Y002,1.3.2.1. 시장금리(일별),010300000,"회사채(3년, AA-)",,,,,,,연%,,20230112,4.73
817Y002,1.3.2.1. 시장금리(일별),010300000,"회사채(3년, AA-)",,,,,,,연%,,20230113,4.62
817Y002,1.3.2.1. 시장금리(일별),010300000,"회사채(3년, AA-)",,,,,,,연%,,20230116,4.661
817Y002,1.3.2.1. 시장금리(일별),010300000,"회사채(3년, AA-)",,,,,,,연%,,20230117,4.677
817Y002,1.3.2.1. 시장금리(일별),010300000,"회사채(3년, AA-)",,,,,,,연%,,20230118,4.56
817Y002,1.3.2.1. 시장금리(일별),010300000,"회사채(3년, AA-)",,,,,,,연%,,20230119,4.403
817Y002,1.3.2.1. 시장금리(일별),010300000,"회사채(3년, AA-)",,,,,,,연%,,20230120,4.453
817Y002,1.3.2.1. 시장금리(일별),010300000,"회사채(3년, AA-)",,,,,,,연%,,20230125,4.4
817Y002,1.3.2.1. 시장금리(일별),010300000,"회사채(3년, AA-)",,,,,,,연%,,20230126,4.361
817Y002,1.3.2.1. 시장금리(일별),010300000,"회사채(3년, AA-)",,,,,,,연%,,20230127,4.364
817Y002,1.3.2.1. 시장금리(일별),010300000,"회사채(3년, AA-)",,,,,,,연%,,20230130,4.31
817Y002,1.3.2.1. 시장금리(일별),010300000,"회사채(3년, AA-)",,,,,,,연%,,20230131,4.344
817Y002,1.3.2.1. 시장금리(일별),010300000,"회사채(3년, AA-)",,,,,,,연%,,20230201,4.268
817Y002,1.3.2.1. 시장금리(일별),010300000,"회사채(3년, AA-)",,,,,,,연%,,20230202,4.177
817Y002,1.3.2.1. 시장금리(일별),010300000,"회사채(3년, AA-)",,,,,,,연%,,20230203,4.081
817Y002,1.3.2.1. 시장금리(일별),010300000,"회사채(3년, AA-)",,,,,,,연%,,20230206,4.237
817Y002,1.3.2.1. 시장금리(일별),010300000,"회사채(3년, AA-)",,,,,,,연%,,20230207,4.244
817Y002,1.3.2.1. 시장금리(일별),010300000,"회사채(3년, AA-)",,,,,,,연%,,20230208,4.244
817Y002,1.3.2.1. 시장금리(일별),010300000,"회사채(3년, AA-)",,,,,,,연%,,20230209,4.254
817Y002,1.3.2.1. 시장금리(일별),010300000,"회사채(3년, AA-)",,,,,,,연%,,20230210,4.231
817Y002,1.3.2.1. 시장금리(일별),010300000,"회사채(3년, AA-)",,,,,,,연%,,20230213,4.252
817Y002,1.3.2.1. 시장금리(일별),010300000,"회사채(3년, AA-)",,,,,,,연%,,20230214,4.207
817Y002,1.3.2.1. 시장금리(일별),010300000,"회사채(3년, AA-)",,,,,,,연%,,20230215,4.255
817Y002,1.3.2.1. 시장금리(일별),010300000,"회사채(3년, AA-)",,,,,,,연%,,20230216,4.239
817Y002,1.3.2.1. 시장금리(일별),010300000,"회사채(3년, AA-)",,,,,,,연%,,20230217,4.345
817Y002,1.3.2.1. 시장금리(일별),010300000,"회사채(3년, AA-)",,,,,,,연%,,20230220,4.369
817Y002,1.3.2.1. 시장금리(일별),010300000,"회사채(3년, AA-)",,,,,,,연%,,20230221,4.324
817Y002,1.3.2.1. 시장금리(일별),010300000,"회사채(3년, AA-)",,,,,,,연%,,20230222,4.342
817Y002,1.3.2.1. 시장금리(일별),010300000,"회사채(3년, AA-)",,,,,,,연%,,20230223,4.311
817Y002,1.3.2.1. 시장금리(일별),010300000,"회사채(3년, AA-)",,,,,,,연%,,20230224,4.255
817Y002,1.3.2.1. 시장금리(일별),010300000,"회사채(3년, AA-)",,,,,,,연%,,20230227,4.366
817Y002,1.3.2.1. 시장금리(일별),010300000,"회사채(3년, AA-)",,,,,,,연%,,20230228,4.484
817Y002,1.3.2.1. 시장금리(일별),010300000,"회사채(3년, AA-)",,,,,,,연%,,20230302,4.558
817Y002,1.3.2.1. 시장금리(일별),010300000,"회사채(3년, AA-)",,,,,,,연%,,20230303,4.471
817Y002,1.3.2.1. 시장금리(일별),010300000,"회사채(3년, AA-)",,,,,,,연%,,20230306,4.458
817Y002,1.3.2.1. 시장금리(일별),010300000,"회사채(3년, AA-)",,,,,,,연%,,20230307,4.41
817Y002,1.3.2.1. 시장금리(일별),010300000,"회사채(3년, AA-)",,,,,,,연%,,20230308,4.534
817Y002,1.3.2.1. 시장금리(일별),010300000,"회사채(3년, AA-)",,,,,,,연%,,20230309,4.54
817Y002,1.3.2.1. 시장금리(일별),010300000,"회사채(3년, AA-)",,,,,,,연%,,20230310,4.396
817Y002,1.3.2.1. 시장금리(일별),010300000,"회사채(3년, AA-)",,,,,,,연%,,20230313,4.149
817Y002,1.3.2.1. 시장금리(일별),010300000,"회사채(3년, AA-)",,,,,,,연%,,20230314,4.085
817Y002,1.3.2.1. 시장금리(일별),010300000,"회사채(3년, AA-)",,,,,,,연%,,20230315,4.169
817Y002,1.3.2.1. 시장금리(일별),010300000,"회사채(3년, AA-)",,,,,,,연%,,20230316,4.098
817Y002,1.3.2.1. 시장금리(일별),010300000,"회사채(3년, AA-)",,,,,,,연%,,20230317,4.11
817Y002,1.3.2.1. 시장금리(일별),010300000,"회사채(3년, AA-)",,,,,,,연%,,20230320,3.986
817Y002,1.3.2.1. 시장금리(일별),010300000,"회사채(3년, AA-)",,,,,,,연%,,20230321,4.016
817Y002,1.3.2.1. 시장금리(일별),010300000,"회사채(3년, AA-)",,,,,,,연%,,20230322,4.014
817Y002,1.3.2.1. 시장금리(일별),010300000,"회사채(3년, AA-)",,,,,,,연%,,20230323,3.97
817Y002,1.3.2.1. 시장금리(일별),010300000,"회사채(3년, AA-)",,,,,,,연%,,20230324,3.928
817Y002,1.3.2.1. 시장금리(일별),010300000,"회사채(3년, AA-)",,,,,,,연%,,20230327,3.989
817Y002,1.3.2.1. 시장금리(일별),010300000,"회사채(3년, AA-)",,,,,,,연%,,20230328,4.029
817Y002,1.3.2.1. 시장금리(일별),010300000,"회사채(3년, AA-)",,,,,,,연%,,20230329,4.027
817Y002,1.3.2.1. 시장금리(일별),010300000,"회사채(3년, AA-)",,,,,,,연%,,20230330,4.035
817Y002,1.3.2.1. 시장금리(일별),010300000,"회사채(3년, AA-)",,,,,,,연%,,20230331,4.074
817Y002,1.3.2.1. 시장금리(일별),010300000,"회사채(3년, AA-)",,,,,,,연%,,20230403,4.139
817Y002,1.3.2.1. 시장금리(일별),010300000,"회사채(3년, AA-)",,,,,,,연%,,20230404,4.081
817Y002,1.3.2.1. 시장금리(일별),010300000,"회사채(3년, AA-)",,,,,,,연%,,20230405,4.072
817Y002,1.3.2.1. 시장금리(일별),010300000,"회사채(3년, AA-)",,,,,,,연%,,20230406,4.022
817Y002,1.3.2.1. 시장금리(일별),010300000,"회사채(3년, AA-)",,,,,,,연%,,20230407,4.049
817Y002,1.3.2.1. 시장금리(일별),010300000,"회사채(3년, AA-)",,,,,,,연%,,20230410,4.004
817Y002,1.3.2.1. 시장금리(일별),010300000,"회사채(3년, AA-)",,,,,,,연%,,20230411,4.041
817Y002,1.3.2.1. 시장금리(일별),010300000,"회사채(3년, AA-)",,,,,,,연%,,20230412,4.042
817Y002,1.3.2.1. 시장금리(일별),010300000,"회사채(3년, AA-)",,,,,,,연%,,20230413,4.009
817Y002,1.3.2.1. 시장금리(일별),010300000,"회사채(3년, AA-)",,,,,,,연%,,20230414,4.022
817Y002,1.3.2.1. 시장금리(일별),010300000,"회사채(3년, AA-)",,,,,,,연%,,20230417,4.092
817Y002,1.3.2.1. 시장금리(일별),010300000,"회사채(3년, AA-)",,,,,,,연%,,20230418,4.101
817Y002,1.3.2.1. 시장금리(일별),010300000,"회사채(3년, AA-)",,,,,,,연%,,20230419,4.146
817Y002,1.3.2.1. 시장금리(일별),010300000,"회사채(3년, AA-)",,,,,,,연%,,20230420,4.146
817Y002,1.3.2.1. 시장금리(일별),010300000,"회사채(3년, AA-)",,,,,,,연%,,20230421,4.083
817Y002,1.3.2.1. 시장금리(일별),010300000,"회사채(3년, AA-)",,,,,,,연%,,20230424,4.051
817Y002,1.3.2.1. 시장금리(일별),010300000,"회사채(3년, AA-)",,,,,,,연%,,20230425,4.076
817Y002,1.3.2.1. 시장금리(일별),010300000,"회사채(3년, AA-)",,,,,,,연%,,20230426,4.069
817Y002,1.3.2.1. 시장금리(일별),010300000,"회사채(3년, AA-)",,,,,,,연%,,20230427,4.094
817Y002,1.3.2.1. 시장금리(일별),010300000,"회사채(3년, AA-)",,,,,,,연%,,20230428,4.105
817Y002,1.3.2.1. 시장금리(일별),010300000,"회사채(3년, AA-)",,,,,,,연%,,20230502,4.14
817Y002,1.3.2.1. 시장금리(일별),010300000,"회사채(3년, AA-)",,,,,,,연%,,20230503,4.094
817Y002,1.3.2.1. 시장금리(일별),010300000,"회사채(3년, AA-)",,,,,,,연%,,20230504,4.03
817Y002,1.3.2.1. 시장금리(일별),010300000,"회사채(3년, AA-)",,,,,,,연%,,20230508,4.079
817Y002,1.3.2.1. 시장금리(일별),010300000,"회사채(3년, AA-)",,,,,,,연%,,20230509,4.069
817Y002,1.3.2.1. 시장금리(일별),010300000,"회사채(3년, AA-)",,,,,,,연%,,20230510,4.086
817Y002,1.3.2.1. 시장금리(일별),010300000,"회사채(3년, AA-)",,,,,,,연%,,20230511,4.032
817Y002,1.3.2.1. 시장금리(일별),010300000,"회사채(3년, AA-)",,,,,,,연%,,20230512,4.035
817Y002,1.3.2.1. 시장금리(일별),010300000,"회사채(3년, AA-)",,,,,,,연%,,20230515,4.089
817Y002,1.3.2.1. 시장금리(일별),010300000,"회사채(3년, AA-)",,,,,,,연%,,20230516,4.056
817Y002,1.3.2.1. 시장금리(일별),010300000,"회사채(3년, AA-)",,,,,,,연%,,20230517,4.084
817Y002,1.3.2.1. 시장금리(일별),010300000,"회사채(3년, AA-)",,,,,,,연%,,20230518,4.123
817Y002,1.3.2.1. 시장금리(일별),010300000,"회사채(3년, AA-)",,,,,,,연%,,20230519,4.148
817Y002,1.3.2.1. 시장금리(일별),010300000,"회사채(3년, AA-)",,,,,,,연%,,20230522,4.127
817Y002,1.3.2.1. 시장금리(일별),010300000,"회사채(3년, AA-)",,,,,,,연%,,20230523,4.181
817Y002,1.3.2.1. 시장금리(일별),010300000,"회사채(3년, AA-)",,,,,,,연%,,20230524,4.183
817Y002,1.3.2.1. 시장금리(일별),010300000,"회사채(3년, AA-)",,,,,,,연%,,20230525,4.28
817Y002,1.3.2.1. 시장금리(일별),010300000,"회사채(3년, AA-)",,,,,,,연%,,20230526,4.328
817Y002,1.3.2.1. 시장금리(일별),010300000,"회사채(3년, AA-)",,,,,,,연%,,20230530,4.359
817Y002,1.3.2.1. 시장금리(일별),010300000,"회사채(3년, AA-)",,,,,,,연%,,20230531,4.262
817Y002,1.3.2.1. 시장금리(일별),010300000,"회사채(3년, AA-)",,,,,,,연%,,20230601,4.285
817Y002,1.3.2.1. 시장금리(일별),010300000,"회사채(3년, AA-)",,,,,,,연%,,20230602,4.244
817Y002,1.3.2.1. 시장금리(일별),010300000,"회사채(3년, AA-)",,,,,,,연%,,20230605,4.307
817Y002,1.3.2.1. 시장금리(일별),010300000,"회사채(3년, AA-)",,,,,,,연%,,20230607,4.273
817Y002,1.3.2.1. 시장금리(일별),010300000,"회사채(3년, AA-)",,,,,,,연%,,20230608,4.344
817Y002,1.3.2.1. 시장금리(일별),010300000,"회사채(3년, AA-)",,,,,,,연%,,20230609,4.309
817Y002,1.3.2.1. 시장금리(일별),010300000,"회사채(3년, AA-)",,,,,,,연%,,20230612,4.302
817Y002,1.3.2.1. 시장금리(일별),010300000,"회사채(3년, AA-)",,,,,,,연%,,20230613,4.297
817Y002,1.3.2.1. 시장금리(일별),010300000,"회사채(3년, AA-)",,,,,,,연%,,20230614,4.356
817Y002,1.3.2.1. 시장금리(일별),010300000,"회사채(3년, AA-)",,,,,,,연%,,20230615,4.437
817Y002,1.3.2.1. 시장금리(일별),010300000,"회사채(3년, AA-)",,,,,,,연%,,20230616,4.395
817Y002,1.3.2.1. 시장금리(일별),010300000,"회사채(3년, AA-)",,,,,,,연%,,20230619,4.39
817Y002,1.3.2.1. 시장금리(일별),010300000,"회사채(3년, AA-)",,,,,,,연%,,20230620,4.38
817Y002,1.3.2.1. 시장금리(일별),010300000,"회사채(3년, AA-)",,,,,,,연%,,20230621,4.378
817Y002,1.3.2.1. 시장금리(일별),010300000,"회사채(3년, AA-)",,,,,,,연%,,20230622,4.4
817Y002,1.3.2.1. 시장금리(일별),010300000,"회사채(3년, AA-)",,,,,,,연%,,20230623,4.419
817Y002,1.3.2.1. 시장금리(일별),010300000,"회사채(3년, AA-)",,,,,,,연%,,20230626,4.375
817Y002,1.3.2.1. 시장금리(일별),010300000,"회사채(3년, AA-)",,,,,,,연%,,20230627,4.348
817Y002,1.3.2.1. 시장금리(일별),010300000,"회사채(3년, AA-)",,,,,,,연%,,20230628,4.365
817Y002,1.3.2.1. 시장금리(일별),010300000,"회사채(3년, AA-)",,,,,,,연%,,20230629,4.391
817Y002,1.3.2.1. 시장금리(일별),010300000,"회사채(3년, AA-)",,,,,,,연%,,20230630,4.473
817Y002,1.3.2.1. 시장금리(일별),010300000,"회사채(3년, AA-)",,,,,,,연%,,20230703,4.421
817Y002,1.3.2.1. 시장금리(일별),010300000,"회사채(3년, AA-)",,,,,,,연%,,20230704,4.429
817Y002,1.3.2.1. 시장금리(일별),010300000,"회사채(3년, AA-)",,,,,,,연%,,20230705,4.425
817Y002,1.3.2.1. 시장금리(일별),010300000,"회사채(3년, AA-)",,,,,,,연%,,20230706,4.475
817Y002,1.3.2.1. 시장금리(일별),010300000,"회사채(3년, AA-)",,,,,,,연%,,20230707,4.534
817Y002,1.3.2.1. 시장금리(일별),010300000,"회사채(3년, AA-)",,,,,,,연%,,20230710,4.594
817Y002,1.3.2.1. 시장금리(일별),010300000,"회사채(3년, AA-)",,,,,,,연%,,20230711,4.502
817Y002,1.3.2.1. 시장금리(일별),010300000,"회사채(3년, AA-)",,,,,,,연%,,20230712,4.512
817Y002,1.3.2.1. 시장금리(일별),010300000,"회사채(3년, AA-)",,,,,,,연%,,20230713,4.408
817Y002,1.3.2.1. 시장금리(일별),010300000,"회사채(3년, AA-)",,,,,,,연%,,20230714,4.42
817Y002,1.3.2.1. 시장금리(일별),010300000,"회사채(3년, AA-)",,,,,,,연%,,20230717,4.414
817Y002,1.3.2.1. 시장금리(일별),010300000,"회사채(3년, AA-)",,,,,,,연%,,20230718,4.398
817Y002,1.3.2.1. 시장금리(일별),010300000,"회사채(3년, AA-)",,,,,,,연%,,20230719,4.341
817Y002,1.3.2.1. 시장금리(일별),010300000,"회사채(3년, AA-)",,,,,,,연%,,20230720,4.379
817Y002,1.3.2.1. 시장금리(일별),010300000,"회사채(3년, AA-)",,,,,,,연%,,20230721,4.399
817Y002,1.3.2.1. 시장금리(일별),010300000,"회사채(3년, AA-)",,,,,,,연%,,20230724,4.41
817Y002,1.3.2.1. 시장금리(일별),010300000,"회사채(3년, AA-)",,,,,,,연%,,20230725,4.435
817Y002,1.3.2.1. 시장금리(일별),010300000,"회사채(3년, AA-)",,,,,,,연%,,20230726,4.413
817Y002,1.3.2.1. 시장금리(일별),010300000,"회사채(3년, AA-)",,,,,,,연%,,20230727,4.374
817Y002,1.3.2.1. 시장금리(일별),010300000,"회사채(3년, AA-)",,,,,,,연%,,20230728,4.423
817Y002,1.3.2.1. 시장금리(일별),010300000,"회사채(3년, AA-)",,,,,,,연%,,20230731,4.467
817Y002,1.3.2.1. 시장금리(일별),010300000,"회사채(3년, AA-)",,,,,,,연%,,20230801,4.435
817Y002,1.3.2.1. 시장금리(일별),010300000,"회사채(3년, AA-)",,,,,,,연%,,20230802,4.466
817Y002,1.3.2.1. 시장금리(일별),010300000,"회사채(3년, AA-)",,,,,,,연%,,20230803,4.496
817Y002,1.3.2.1. 시장금리(일별),010300000,"회사채(3년, AA-)",,,,,,,연%,,20230804,4.519
817Y002,1.3.2.1. 시장금리(일별),010300000,"회사채(3년, AA-)",,,,,,,연%,,20230807,4.468
817Y002,1.3.2.1. 시장금리(일별),010300000,"회사채(3년, AA-)",,,,,,,연%,,20230808,4.424
817Y002,1.3.2.1. 시장금리(일별),010300000,"회사채(3년, AA-)",,,,,,,연%,,20230809,4.448
817Y002,1.3.2.1. 시장금리(일별),010300000,"회사채(3년, AA-)",,,,,,,연%,,20230810,4.464
817Y002,1.3.2.1. 시장금리(일별),010300000,"회사채(3년, AA-)",,,,,,,연%,,20230811,4.475
817Y002,1.3.2.1. 시장금리(일별),010300000,"회사채(3년, AA-)",,,,,,,연%,,20230814,4.52
817Y002,1.3.2.1. 시장금리(일별),010300000,"회사채(3년, AA-)",,,,,,,연%,,20230816,4.488
817Y002,1.3.2.1. 시장금리(일별),010300000,"회사채(3년, AA-)",,,,,,,연%,,20230817,4.561
817Y002,1.3.2.1. 시장금리(일별),010300000,"회사채(3년, AA-)",,,,,,,연%,,20230818,4.501
817Y002,1.3.2.1. 시장금리(일별),010300000,"회사채(3년, AA-)",,,,,,,연%,,20230821,4.563
817Y002,1.3.2.1. 시장금리(일별),010300000,"회사채(3년, AA-)",,,,,,,연%,,20230822,4.569
817Y002,1.3.2.1. 시장금리(일별),010300000,"회사채(3년, AA-)",,,,,,,연%,,20230823,4.536
817Y002,1.3.2.1. 시장금리(일별),010300000,"회사채(3년, AA-)",,,,,,,연%,,20230824,4.524
817Y002,1.3.2.1. 시장금리(일별),010300000,"회사채(3년, AA-)",,,,,,,연%,,20230825,4.554
817Y002,1.3.2.1. 시장금리(일별),010300000,"회사채(3년, AA-)",,,,,,,연%,,20230828,4.524
817Y002,1.3.2.1. 시장금리(일별),010300000,"회사채(3년, AA-)",,,,,,,연%,,20230829,4.503
817Y002,1.3.2.1. 시장금리(일별),010300000,"회사채(3년, AA-)",,,,,,,연%,,20230830,4.496
817Y002,1.3.2.1. 시장금리(일별),010300000,"회사채(3년, AA-)",,,,,,,연%,,20230831,4.473
817Y002,1.3.2.1. 시장금리(일별),010300000,"회사채(3년, AA-)",,,,,,,연%,,20230901,4.447
817Y002,1.3.2.1. 시장금리(일별),010300000,"회사채(3년, AA-)",,,,,,,연%,,20230904,4.498
817Y002,1.3.2.1. 시장금리(일별),010300000,"회사채(3년, AA-)",,,,,,,연%,,20230905,4.527
817Y002,1.3.2.1. 시장금리(일별),010300000,"회사채(3년, AA-)",,,,,,,연%,,20230906,4.521
817Y002,1.3.2.1. 시장금리(일별),010300000,"회사채(3년, AA-)",,,,,,,연%,,20230907,4.599
817Y002,1.3.2.1. 시장금리(일별),010300000,"회사채(3년, AA-)",,,,,,,연%,,20230908,4.552
817Y002,1.3.2.1. 시장금리(일별),010300000,"회사채(3년, AA-)",,,,,,,연%,,20230911,4.622
817Y002,1.3.2.1. 시장금리(일별),010300000,"회사채(3년, AA-)",,,,,,,연%,,20230912,4.621
817Y002,1.3.2.1. 시장금리(일별),010300000,"회사채(3년, AA-)",,,,,,,연%,,20230913,4.617
817Y002,1.3.2.1. 시장금리(일별),010300000,"회사채(3년, AA-)",,,,,,,연%,,20230914,4.596
817Y002,1.3.2.1. 시장금리(일별),010300000,"회사채(3년, AA-)",,,,,,,연%,,20230915,4.608
817Y002,1.3.2.1. 시장금리(일별),010300000,"회사채(3년, AA-)",,,,,,,연%,,20230918,4.648
817Y002,1.3.2.1. 시장금리(일별),010300000,"회사채(3년, AA-)",,,,,,,연%,,20230919,4.641
817Y002,1.3.2.1. 시장금리(일별),010300000,"회사채(3년, AA-)",,,,,,,연%,,20230920,4.645
817Y002,1.3.2.1. 시장금리(일별),010300000,"회사채(3년, AA-)",,,,,,,연%,,20230921,4.689
817Y002,1.3.2.1. 시장금리(일별),010300000,"회사채(3년, AA-)",,,,,,,연%,,20230922,4.65
817Y002,1.3.2.1. 시장금리(일별),010300000,"회사채(3년, AA-)",,,,,,,연%,,20230925,4.64
817Y002,1.3.2.1. 시장금리(일별),010300000,"회사채(3년, AA-)",,,,,,,연%,,20230926,4.654
817Y002,1.3.2.1. 시장금리(일별),010300000,"회사채(3년, AA-)",,,,,,,연%,,20230927,4.658
817Y002,1.3.2.1. 시장금리(일별),010300000,"회사채(3년, AA-)",,,,,,,연%,,20231004,4.871
817Y002,1.3.2.1. 시장금리(일별),010300000,"회사채(3년, AA-)",,,,,,,연%,,20231005,4.855
817Y002,1.3.2.1. 시장금리(일별),010300000,"회사채(3년, AA-)",,,,,,,연%,,20231006,4.796
817Y002,1.3.2.1. 시장금리(일별),010300000,"회사채(3년, AA-)",,,,,,,연%,,20231010,4.777
817Y002,1.3.2.1. 시장금리(일별),010300000,"회사채(3년, AA-)",,,,,,,연%,,20231011,4.735
817Y002,1.3.2.1. 시장금리(일별),010300000,"회사채(3년, AA-)",,,,,,,연%,,20231012,4.719
817Y002,1.3.2.1. 시장금리(일별),010300000,"회사채(3년, AA-)",,,,,,,연%,,20231013,4.748
817Y002,1.3.2.1. 시장금리(일별),010300000,"회사채(3년, AA-)",,,,,,,연%,,20231016,4.769
817Y002,1.3.2.1. 시장금리(일별),010300000,"회사채(3년, AA-)",,,,,,,연%,,20231017,4.787
817Y002,1.3.2.1. 시장금리(일별),010300000,"회사채(3년, AA-)",,,,,,,연%,,20231018,4.83
817Y002,1.3.2.1. 시장금리(일별),010300000,"회사채(3년, AA-)",,,,,,,연%,,20231019,4.872
817Y002,1.3.2.1. 시장금리(일별),010300000,"회사채(3년, AA-)",,,,,,,연%,,20231020,4.838
817Y002,1.3.2.1. 시장금리(일별),010300000,"회사채(3년, AA-)",,,,,,,연%,,20231023,4.861
817Y002,1.3.2.1. 시장금리(일별),010300000,"회사채(3년, AA-)",,,,,,,연%,,20231024,4.81
817Y002,1.3.2.1. 시장금리(일별),010300000,"회사채(3년, AA-)",,,,,,,연%,,20231025,4.844
817Y002,1.3.2.1. 시장금리(일별),010300000,"회사채(3년, AA-)",,,,,,,연%,,20231026,4.906
817Y002,1.3.2.1. 시장금리(일별),010300000,"회사채(3년, AA-)",,,,,,,연%,,20231027,4.884
817Y002,1.3.2.1. 시장금리(일별),010300000,"회사채(3년, AA-)",,,,,,,연%,,20231030,4.905
817Y002,1.3.2.1. 시장금리(일별),010300000,"회사채(3년, AA-)",,,,,,,연%,,20231031,4.908
817Y002,1.3.2.1. 시장금리(일별),010300000,"회사채(3년, AA-)",,,,,,,연%,,20231101,4.9
817Y002,1.3.2.1. 시장금리(일별),010300000,"회사채(3년, AA-)",,,,,,,연%,,20231102,4.811
817Y002,1.3.2.1. 시장금리(일별),010300000,"회사채(3년, AA-)",,,,,,,연%,,20231103,4.789
817Y002,1.3.2.1. 시장금리(일별),010300000,"회사채(3년, AA-)",,,,,,,연%,,20231106,4.721
817Y002,1.3.2.1. 시장금리(일별),010300000,"회사채(3년, AA-)",,,,,,,연%,,20231107,4.731
817Y002,1.3.2.1. 시장금리(일별),010300000,"회사채(3년, AA-)",,,,,,,연%,,20231108,4.715
817Y002,1.3.2.1. 시장금리(일별),010300000,"회사채(3년, AA-)",,,,,,,연%,,20231109,4.695
817Y002,1.3.2.1. 시장금리(일별),010300000,"회사채(3년, AA-)",,,,,,,연%,,20231110,4.711
817Y002,1.3.2.1. 시장금리(일별),010300000,"회사채(3년, AA-)",,,,,,,연%,,20231113,4.727
817Y002,1.3.2.1. 시장금리(일별),010300000,"회사채(3년, AA-)",,,,,,,연%,,20231114,4.704
817Y002,1.3.2.1. 시장금리(일별),010300000,"회사채(3년, AA-)",,,,,,,연%,,20231115,4.591
817Y002,1.3.2.1. 시장금리(일별),010300000,"회사채(3년, AA-)",,,,,,,연%,,20231116,4.541
817Y002,1.3.2.1. 시장금리(일별),010300000,"회사채(3년, AA-)",,,,,,,연%,,20231117,4.504
817Y002,1.3.2.1. 시장금리(일별),010300000,"회사채(3년, AA-)",,,,,,,연%,,20231120,4.469
817Y002,1.3.2.1. 시장금리(일별),010300000,"회사채(3년, AA-)",,,,,,,연%,,20231121,4.436
817Y002,1.3.2.1. 시장금리(일별),010300000,"회사채(3년, AA-)",,,,,,,연%,,20231122,4.45
817Y002,1.3.2.1. 시장금리(일별),010300000,"회사채(3년, AA-)",,,,,,,연%,,20231123,4.418
817Y002,1.3.2.1. 시장금리(일별),010300000,"회사채(3년, AA-)",,,,,,,연%,,20231124,4.443
817Y002,1.3.2.1. 시장금리(일별),010300000,"회사채(3년, AA-)",,,,,,,연%,,20231127,4.448
817Y002,1.3.2.1. 시장금리(일별),010300000,"회사채(3년, AA-)",,,,,,,연%,,20231128,4.397
817Y002,1.3.2.1. 시장금리(일별),010300000,"회사채(3년, AA-)",,,,,,,연%,,20231129,4.297
817Y002,1.3.2.1. 시장금리(일별),010300000,"회사채(3년, AA-)",,,,,,,연%,,20231130,4.319
817Y002,1.3.2.1. 시장금리(일별),010300000,"회사채(3년, AA-)",,,,,,,연%,,20231201,4.309
817Y002,1.3.2.1. 시장금리(일별),010300000,"회사채(3년, AA-)",,,,,,,연%,,20231204,4.252
817Y002,1.3.2.1. 시장금리(일별),010300000,"회사채(3년, AA-)",,,,,,,연%,,20231205,4.197
817Y002,1.3.2.1. 시장금리(일별),010300000,"회사채(3년, AA-)",,,,,,,연%,,20231206,4.17
817Y002,1.3.2.1. 시장금리(일별),010300000,"회사채(3년, AA-)",,,,,,,연%,,20231207,4.211
817Y002,1.3.2.1. 시장금리(일별),010300000,"회사채(3년, AA-)",,,,,,,연%,,20231208,4.167
817Y002,1.3.2.1. 시장금리(일별),010300000,"회사채(3년, AA-)",,,,,,,연%,,20231211,4.196
817Y002,1.3.2.1. 시장금리(일별),010300000,"회사채(3년, AA-)",,,,,,,연%,,20231212,4.171
817Y002,1.3.2.1. 시장금리(일별),010300000,"회사채(3년, AA-)",,,,,,,연%,,20231213,4.186
817Y002,1.3.2.1. 시장금리(일별),010300000,"회사채(3년, AA-)",,,,,,,연%,,20231214,3.98
817Y002,1.3.2.1. 시장금리(일별),010300000,"회사채(3년, AA-)",,,,,,,연%,,20231215,4.01
817Y002,1.3.2.1. 시장금리(일별),010300000,"회사채(3년, AA-)",,,,,,,연%,,20231218,4.005
817Y002,1.3.2.1. 시장금리(일별),010300000,"회사채(3년, AA-)",,,,,,,연%,,20231219,4.022
817Y002,1.3.2.1. 시장금리(일별),010300000,"회사채(3년, AA-)",,,,,,,연%,,20231220,3.975
817Y002,1.3.2.1. 시장금리(일별),010300000,"회사채(3년, AA-)",,,,,,,연%,,20231221,3.975
817Y002,1.3.2.1. 시장금리(일별),010300000,"회사채(3년, AA-)",,,,,,,연%,,20231222,3.972
817Y002,1.3.2.1. 시장금리(일별),010300000,"회사채(3년, AA-)",,,,,,,연%,,20231226,3.962
817Y002,1.3.2.1. 시장금리(일별),010300000,"회사채(3년, AA-)",,,,,,,연%,,20231227,3.958
817Y002,1.3.2.1. 시장금리(일별),010300000,"회사채(3년, AA-)",,,,,,,연%,,20231228,3.898
817Y002,1.3.2.1. 시장금리(일별),010300000,"회사채(3년, AA-)",,,,,,,연%,,20231229,3.898
817Y002,1.3.2.1. 시장금리(일별),010300000,"회사채(3년, AA-)",,,,,,,연%,,20240102,3.98
817Y002,1.3.2.1. 시장금리(일별),010300000,"회사채(3년, AA-)",,,,,,,연%,,20240103,4.017
817Y002,1.3.2.1. 시장금리(일별),010300000,"회사채(3년, AA-)",,,,,,,연%,,20240104,3.977
817Y002,1.3.2.1. 시장금리(일별),010300000,"회사채(3년, AA-)",,,,,,,연%,,20240105,4.032
817Y002,1.3.2.1. 시장금리(일별),010300000,"회사채(3년, AA-)",,,,,,,연%,,20240108,4.045
817Y002,1.3.2.1. 시장금리(일별),010300000,"회사채(3년, AA-)",,,,,,,연%,,20240109,4.004
817Y002,1.3.2.1. 시장금리(일별),010300000,"회사채(3년, AA-)",,,,,,,연%,,20240110,4.017
817Y002,1.3.2.1. 시장금리(일별),010300000,"회사채(3년, AA-)",,,,,,,연%,,20240111,3.976
817Y002,1.3.2.1. 시장금리(일별),010300000,"회사채(3년, AA-)",,,,,,,연%,,20240112,3.953
817Y002,1.3.2.1. 시장금리(일별),010300000,"회사채(3년, AA-)",,,,,,,연%,,20240115,3.939
817Y002,1.3.2.1. 시장금리(일별),010300000,"회사채(3년, AA-)",,,,,,,연%,,20240116,3.982
817Y002,1.3.2.1. 시장금리(일별),010300000,"회사채(3년, AA-)",,,,,,,연%,,20240117,4.025
817Y002,1.3.2.1. 시장금리(일별),010300000,"회사채(3년, AA-)",,,,,,,연%,,20240118,4.034
817Y002,1.3.2.1. 시장금리(일별),010300000,"회사채(3년, AA-)",,,,,,,연%,,20240119,4.058
817Y002,1.3.2.1. 시장금리(일별),010300000,"회사채(3년, AA-)",,,,,,,연%,,20240122,4.03
817Y002,1.3.2.1. 시장금리(일별),010300000,"회사채(3년, AA-)",,,,,,,연%,,20240123,4.041
817Y002,1.3.2.1. 시장금리(일별),010300000,"회사채(3년, AA-)",,,,,,,연%,,20240124,4.051
817Y002,1.3.2.1. 시장금리(일별),010300000,"회사채(3년, AA-)",,,,,,,연%,,20240125,4.061
817Y002,1.3.2.1. 시장금리(일별),010300000,"회사채(3년, AA-)",,,,,,,연%,,20240126,4.01
817Y002,1.3.2.1. 시장금리(일별),010300000,"회사채(3년, AA-)",,,,,,,연%,,20240129,4.051
817Y002,1.3.2.1. 시장금리(일별),010300000,"회사채(3년, AA-)",,,,,,,연%,,20240130,4.009
817Y002,1.3.2.1. 시장금리(일별),010300000,"회사채(3년, AA-)",,,,,,,연%,,20240131,4.002
817Y002,1.3.2.1. 시장금리(일별),010300000,"회사채(3년, AA-)",,,,,,,연%,,20240201,4.001
817Y002,1.3.2.1. 시장금리(일별),010300000,"회사채(3년, AA-)",,,,,,,연%,,20240202,3.982
817Y002,1.3.2.1. 시장금리(일별),010300000,"회사채(3년, AA-)",,,,,,,연%,,20240205,4.047
817Y002,1.3.2.1. 시장금리(일별),010300000,"회사채(3년, AA-)",,,,,,,연%,,20240206,4.028
817Y002,1.3.2.1. 시장금리(일별),010300000,"회사채(3년, AA-)",,,,,,,연%,,20240207,4.019
817Y002,1.3.2.1. 시장금리(일별),010300000,"회사채(3년, AA-)",,,,,,,연%,,20240208,4.034
817Y002,1.3.2.1. 시장금리(일별),010300000,"회사채(3년, AA-)",,,,,,,연%,,20240213,4.074
817Y002,1.3.2.1. 시장금리(일별),010300000,"회사채(3년, AA-)",,,,,,,연%,,20240214,4.141
817Y002,1.3.2.1. 시장금리(일별),010300000,"회사채(3년, AA-)",,,,,,,연%,,20240215,4.117
817Y002,1.3.2.1. 시장금리(일별),010300000,"회사채(3년, AA-)",,,,,,,연%,,20240216,4.115
817Y002,1.3.2.1. 시장금리(일별),010300000,"회사채(3년, AA-)",,,,,,,연%,,20240219,4.102
817Y002,1.3.2.1. 시장금리(일별),010300000,"회사채(3년, AA-)",,,,,,,연%,,20240220,4.105
817Y002,1.3.2.1. 시장금리(일별),010300000,"회사채(3년, AA-)",,,,,,,연%,,20240221,4.09
817Y002,1.3.2.1. 시장금리(일별),010300000,"회사채(3년, AA-)",,,,,,,연%,,20240222,4.023
817Y002,1.3.2.1. 시장금리(일별),010300000,"회사채(3년, AA-)",,,,,,,연%,,20240223,4.045
817Y002,1.3.2.1. 시장금리(일별),010300000,"회사채(3년, AA-)",,,,,,,연%,,20240226,4.005
817Y002,1.3.2.1. 시장금리(일별),010300000,"회사채(3년, AA-)",,,,,,,연%,,20240227,4.025
817Y002,1.3.2.1. 시장금리(일별),010300000,"회사채(3년, AA-)",,,,,,,연%,,20240228,4.015
817Y002,1.3.2.1. 시장금리(일별),010300000,"회사채(3년, AA-)",,,,,,,연%,,20240229,4.037
817Y002,1.3.2.1. 시장금리(일별),010300000,"회사채(3년, AA-)",,,,,,,연%,,20240304,4.008
817Y002,1.3.2.1. 시장금리(일별),010300000,"회사채(3년, AA-)",,,,,,,연%,,20240305,3.992
817Y002,1.3.2.1. 시장금리(일별),010300000,"회사채(3년, AA-)",,,,,,,연%,,20240306,3.962
817Y002,1.3.2.1. 시장금리(일별),010300000,"회사채(3년, AA-)",,,,,,,연%,,20240307,3.959
817Y002,1.3.2.1. 시장금리(일별),010300000,"회사채(3년, AA-)",,,,,,,연%,,20240308,3.91
817Y002,1.3.2.1. 시장금리(일별),010300000,"회사채(3년, AA-)",,,,,,,연%,,20240311,3.914
817Y002,1.3.2.1. 시장금리(일별),010300000,"회사채(3년, AA-)",,,,,,,연%,,20240312,3.917
817Y002,1.3.2.1. 시장금리(일별),010300000,"회사채(3년, AA-)",,,,,,,연%,,20240313,3.899
817Y002,1.3.2.1. 시장금리(일별),010300000,"회사채(3년, AA-)",,,,,,,연%,,20240314,3.922
817Y002,1.3.2.1. 시장금리(일별),010300000,"회사채(3년, AA-)",,,,,,,연%,,20240315,3.953
817Y002,1.3.2.1. 시장금리(일별),010300000,"회사채(3년, AA-)",,,,,,,연%,,20240318,3.993
817Y002,1.3.2.1. 시장금리(일별),010300000,"회사채(3년, AA-)",,,,,,,연%,,20240319,4.022
817Y002,1.3.2.1. 시장금리(일별),010300000,"회사채(3년, AA-)",,,,,,,연%,,20240320,4.006
817Y002,1.3.2.1. 시장금리(일별),010300000,"회사채(3년, AA-)",,,,,,,연%,,20240321,3.942
817Y002,1.3.2.1. 시장금리(일별),010300000,"회사채(3년, AA-)",,,,,,,연%,,20240322,3.918
817Y002,1.3.2.1. 시장금리(일별),010300000,"회사채(3년, AA-)",,,,,,,연%,,20240325,3.915
817Y002,1.3.2.1. 시장금리(일별),010300000,"회사채(3년, AA-)",,,,,,,연%,,20240326,3.923
817Y002,1.3.2.1. 시장금리(일별),010300000,"회사채(3년, AA-)",,,,,,,연%,,20240327,3.903
817Y002,1.3.2.1. 시장금리(일별),010300000,"회사채(3년, AA-)",,,,,,,연%,,20240328,3.903
817Y002,1.3.2.1. 시장금리(일별),010300000,"회사채(3년, AA-)",,,,,,,연%,,20240329,3.926
817Y002,1.3.2.1. 시장금리(일별),010300000,"회사채(3년, AA-)",,,,,,,연%,,20240401,3.896
817Y002,1.3.2.1. 시장금리(일별),010300000,"회사채(3년, AA-)",,,,,,,연%,,20240402,3.926
817Y002,1.3.2.1. 시장금리(일별),010300000,"회사채(3년, AA-)",,,,,,,연%,,20240403,3.927
817Y002,1.3.2.1. 시장금리(일별),010300000,"회사채(3년, AA-)",,,,,,,연%,,20240404,3.919
817Y002,1.3.2.1. 시장금리(일별),010300000,"회사채(3년, AA-)",,,,,,,연%,,20240405,3.902
817Y002,1.3.2.1. 시장금리(일별),010300000,"회사채(3년, AA-)",,,,,,,연%,,20240408,3.945
817Y002,1.3.2.1. 시장금리(일별),010300000,"회사채(3년, AA-)",,,,,,,연%,,20240409,3.953
817Y002,1.3.2.1. 시장금리(일별),010300000,"회사채(3년, AA-)",,,,,,,연%,,20240411,4.016
817Y002,1.3.2.1. 시장금리(일별),010300000,"회사채(3년, AA-)",,,,,,,연%,,20240412,3.961
817Y002,1.3.2.1. 시장금리(일별),010300000,"회사채(3년, AA-)",,,,,,,연%,,20240415,3.983
817Y002,1.3.2.1. 시장금리(일별),010300000,"회사채(3년, AA-)",,,,,,,연%,,20240416,4.01
817Y002,1.3.2.1. 시장금리(일별),010300000,"회사채(3년, AA-)",,,,,,,연%,,20240417,4.007
817Y002,1.3.2.1. 시장금리(일별),010300000,"회사채(3년, AA-)",,,,,,,연%,,20240418,3.96
817Y002,1.3.2.1. 시장금리(일별),010300000,"회사채(3년, AA-)",,,,,,,연%,,20240419,3.982
817Y002,1.3.2.1. 시장금리(일별),010300000,"회사채(3년, AA-)",,,,,,,연%,,20240422,4.019
817Y002,1.3.2.1. 시장금리(일별),010300000,"회사채(3년, AA-)",,,,,,,연%,,20240423,3.992
817Y002,1.3.2.1. 시장금리(일별),010300000,"회사채(3년, AA-)",,,,,,,연%,,20240424,4.004
817Y002,1.3.2.1. 시장금리(일별),010300000,"회사채(3년, AA-)",,,,,,,연%,,20240425,4.029
817Y002,1.3.2.1. 시장금리(일별),010300000,"회사채(3년, AA-)",,,,,,,연%,,20240426,4.012
817Y002,1.3.2.1. 시장금리(일별),010300000,"회사채(3년, AA-)",,,,,,,연%,,20240429,4.024
817Y002,1.3.2.1. 시장금리(일별),010300000,"회사채(3년, AA-)",,,,,,,연%,,20240430,3.995
817Y002,1.3.2.1. 시장금리(일별),010300000,"회사채(3년, AA-)",,,,,,,연%,,20240502,3.972
817Y002,1.3.2.1. 시장금리(일별),010300000,"회사채(3년, AA-)",,,,,,,연%,,20240503,3.958
817Y002,1.3.2.1. 시장금리(일별),010300000,"회사채(3년, AA-)",,,,,,,연%,,20240507,3.912
817Y002,1.3.2.1. 시장금리(일별),010300000,"회사채(3년, AA-)",,,,,,,연%,,20240508,3.901
817Y002,1.3.2.1. 시장금리(일별),010300000,"회사채(3년, AA-)",,,,,,,연%,,20240509,3.913
817Y002,1.3.2.1. 시장금리(일별),010300000,"회사채(3년, AA-)",,,,,,,연%,,20240510,3.894
817Y002,1.3.2.1. 시장금리(일별),010300000,"회사채(3년, AA-)",,,,,,,연%,,20240513,3.904
817Y002,1.3.2.1. 시장금리(일별),010300000,"회사채(3년, AA-)",,,,,,,연%,,20240514,3.9
817Y002,1.3.2.1. 시장금리(일별),010300000,"회사채(3년, AA-)",,,,,,,연%,,20240516,3.82
817Y002,1.3.2.1. 시장금리(일별),010300000,"회사채(3년, AA-)",,,,,,,연%,,20240517,3.825
817Y002,1.3.2.1. 시장금리(일별),010300000,"회사채(3년, AA-)",,,,,,,연%,,20240520,3.853
817Y002,1.3.2.1. 시장금리(일별),010300000,"회사채(3년, AA-)",,,,,,,연%,,20240521,3.853
817Y002,1.3.2.1. 시장금리(일별),010300000,"회사채(3년, AA-)",,,,,,,연%,,20240522,3.848
817Y002,1.3.2.1. 시장금리(일별),010300000,"회사채(3년, AA-)",,,,,,,연%,,20240523,3.84
817Y002,1.3.2.1. 시장금리(일별),010300000,"회사채(3년, AA-)",,,,,,,연%,,20240524,3.861
817Y002,1.3.2.1. 시장금리(일별),010300000,"회사채(3년, AA-)",,,,,,,연%,,20240527,3.851
817Y002,1.3.2.1. 시장금리(일별),010300000,"회사채(3년, AA-)",,,,,,,연%,,20240528,3.828
817Y002,1.3.2.1. 시장금리(일별),010300000,"회사채(3년, AA-)",,,,,,,연%,,20240529,3.855
817Y002,1.3.2.1. 시장금리(일별),010300000,"회사채(3년, AA-)",,,,,,,연%,,20240530,3.867
817Y002,1.3.2.1. 시장금리(일별),010300000,"회사채(3년, AA-)",,,,,,,연%,,20240531,3.871
817Y002,1.3.2.1. 시장금리(일별),010300000,"회사채(3년, AA-)",,,,,,,연%,,20240603,3.853
817Y002,1.3.2.1. 시장금리(일별),010300000,"회사채(3년, AA-)",,,,,,,연%,,20240604,3.81
817Y002,1.3.2.1. 시장금리(일별),010300000,"회사채(3년, AA-)",,,,,,,연%,,20240605,3.771
817Y002,1.3.2.1. 시장금리(일별),010300000,"회사채(3년, AA-)",,,,,,,연%,,20240607,3.736
817Y002,1.3.2.1. 시장금리(일별),010300000,"회사채(3년, AA-)",,,,,,,연%,,20240610,3.782
817Y002,1.3.2.1. 시장금리(일별),010300000,"회사채(3년, AA-)",,,,,,,연%,,20240611,3.775
817Y002,1.3.2.1. 시장금리(일별),010300000,"회사채(3년, AA-)",,,,,,,연%,,20240612,3.745
817Y002,1.3.2.1. 시장금리(일별),010300000,"회사채(3년, AA-)",,,,,,,연%,,20240613,3.718
817Y002,1.3.2.1. 시장금리(일별),010300000,"회사채(3년, AA-)",,,,,,,연%,,20240614,3.694
817Y002,1.3.2.1. 시장금리(일별),010300000,"회사채(3년, AA-)",,,,,,,연%,,20240617,3.662
817Y002,1.3.2.1. 시장금리(일별),010300000,"회사채(3년, AA-)",,,,,,,연%,,20240618,3.666
817Y002,1.3.2.1. 시장금리(일별),010300000,"회사채(3년, AA-)",,,,,,,연%,,20240619,3.62
817Y002,1.3.2.1. 시장금리(일별),010300000,"회사채(3년, AA-)",,,,,,,연%,,20240620,3.648
817Y002,1.3.2.1. 시장금리(일별),010300000,"회사채(3년, AA-)",,,,,,,연%,,20240621,3.637
817Y002,1.3.2.1. 시장금리(일별),010300000,"회사채(3년, AA-)",,,,,,,연%,,20240624,3.656
817Y002,1.3.2.1. 시장금리(일별),010300000,"회사채(3년, AA-)",,,,,,,연%,,20240625,3.662
817Y002,1.3.2.1. 시장금리(일별),010300000,"회사채(3년, AA-)",,,,,,,연%,,20240626,3.676
817Y002,1.3.2.1. 시장금리(일별),010300000,"회사채(3년, AA-)",,,,,,,연%,,20240627,3.684
817Y002,1.3.2.1. 시장금리(일별),010300000,"회사채(3년, AA-)",,,,,,,연%,,20240628,3.658
817Y002,1.3.2.1. 시장금리(일별),010300000,"회사채(3년, AA-)",,,,,,,연%,,20240701,3.681
817Y002,1.3.2.1. 시장금리(일별),010300000,"회사채(3년, AA-)",,,,,,,연%,,20240702,3.634
817Y002,1.3.2.1. 시장금리(일별),010300000,"회사채(3년, AA-)",,,,,,,연%,,20240703,3.624
817Y002,1.3.2.1. 시장금리(일별),010300000,"회사채(3년, AA-)",,,,,,,연%,,20240704,3.591
817Y002,1.3.2.1. 시장금리(일별),010300000,"회사채(3년, AA-)",,,,,,,연%,,20240705,3.582
817Y002,1.3.2.1. 시장금리(일별),010300000,"회사채(3년, AA-)",,,,,,,연%,,20240708,3.58
817Y002,1.3.2.1. 시장금리(일별),010300000,"회사채(3년, AA-)",,,,,,,연%,,20240709,3.572
817Y002,1.3.2.1. 시장금리(일별),010300000,"회사채(3년, AA-)",,,,,,,연%,,20240710,3.576
817Y002,1.3.2.1. 시장금리(일별),010300000,"회사채(3년, AA-)",,,,,,,연%,,20240711,3.614
817Y002,1.3.2.1. 시장금리(일별),010300000,"회사채(3년, AA-)",,,,,,,연%,,20240712,3.552
817Y002,1.3.2.1. 시장금리(일별),010300000,"회사채(3년, AA-)",,,,,,,연%,,20240715,3.538
817Y002,1.3.2.1. 시장금리(일별),010300000,"회사채(3년, AA-)",,,,,,,연%,,20240716,3.496
817Y002,1.3.2.1. 시장금리(일별),010300000,"회사채(3년, AA-)",,,,,,,연%,,20240717,3.509
817Y002,1.3.2.1. 시장금리(일별),010300000,"회사채(3년, AA-)",,,,,,,연%,,20240718,3.513
817Y002,1.3.2.1. 시장금리(일별),010300000,"회사채(3년, AA-)",,,,,,,연%,,20240719,3.525
817Y002,1.3.2.1. 시장금리(일별),010300000,"회사채(3년, AA-)",,,,,,,연%,,20240722,3.522
817Y002,1.3.2.1. 시장금리(일별),010300000,"회사채(3년, AA-)",,,,,,,연%,,20240723,3.533
817Y002,1.3.2.1. 시장금리(일별),010300000,"회사채(3년, AA-)",,,,,,,연%,,20240724,3.509
817Y002,1.3.2.1. 시장금리(일별),010300000,"회사채(3년, AA-)",,,,,,,연%,,20240725,3.484
817Y002,1.3.2.1. 시장금리(일별),010300000,"회사채(3년, AA-)",,,,,,,연%,,20240726,3.482
817Y002,1.3.2.1. 시장금리(일별),010300000,"회사채(3년, AA-)",,,,,,,연%,,20240729,3.434
817Y002,1.3.2.1. 시장금리(일별),010300000,"회사채(3년, AA-)",,,,,,,연%,,20240730,3.451
817Y002,1.3.2.1. 시장금리(일별),010300000,"회사채(3년, AA-)",,,,,,,연%,,20240731,3.459
817Y002,1.3.2.1. 시장금리(일별),010300000,"회사채(3년, AA-)",,,,,,,연%,,20240801,3.431
817Y002,1.3.2.1. 시장금리(일별),010300000,"회사채(3년, AA-)",,,,,,,연%,,20240802,3.394
817Y002,1.3.2.1. 시장금리(일별),010300000,"회사채(3년, AA-)",,,,,,,연%,,20240805,3.271
817Y002,1.3.2.1. 시장금리(일별),010300000,"회사채(3년, AA-)",,,,,,,연%,,20240806,3.398
817Y002,1.3.2.1. 시장금리(일별),010300000,"회사채(3년, AA-)",,,,,,,연%,,20240807,3.397
817Y002,1.3.2.1. 시장금리(일별),010300000,"회사채(3년, AA-)",,,,,,,연%,,20240808,3.38
817Y002,1.3.2.1. 시장금리(일별),010300000,"회사채(3년, AA-)",,,,,,,연%,,20240809,3.409
817Y002,1.3.2.1. 시장금리(일별),010300000,"회사채(3년, AA-)",,,,,,,연%,,20240812,3.421
817Y002,1.3.2.1. 시장금리(일별),010300000,"회사채(3년, AA-)",,,,,,,연%,,20240813,3.395
817Y002,1.3.2.1. 시장금리(일별),010300000,"회사채(3년, AA-)",,,,,,,연%,,20240814,3.37
817Y002,1.3.2.1. 시장금리(일별),010300000,"회사채(3년, AA-)",,,,,,,연%,,20240816,3.415
817Y002,1.3.2.1. 시장금리(일별),010300000,"회사채(3년, AA-)",,,,,,,연%,,20240819,3.424
817Y002,1.3.2.1. 시장금리(일별),010300000,"회사채(3년, AA-)",,,,,,,연%,,20240820,3.442
817Y002,1.3.2.1. 시장금리(일별),010300000,"회사채(3년, AA-)",,,,,,,연%,,20240821,3.439
817Y002,1.3.2.1. 시장금리(일별),010300000,"회사채(3년, AA-)",,,,,,,연%,,20240822,3.422
817Y002,1.3.2.1. 시장금리(일별),010300000,"회사채(3년, AA-)",,,,,,,연%,,20240823,3.439
817Y002,1.3.2.1. 시장금리(일별),010300000,"회사채(3년, AA-)",,,,,,,연%,,20240826,3.414
817Y002,1.3.2.1. 시장금리(일별),010300000,"회사채(3년, AA-)",,,,,,,연%,,20240827,3.465
817Y002,1.3.2.1. 시장금리(일별),010300000,"회사채(3년, AA-)",,,,,,,연%,,20240828,3.456
817Y002,1.3.2.1. 시장금리(일별),010300000,"회사채(3년, AA-)",,,,,,,연%,,20240829,3.484
817Y002,1.3.2.1. 시장금리(일별),010300000,"회사채(3년, AA-)",,,,,,,연%,,20240830,3.503
817Y002,1.3.2.1. 시장금리(일별),010300000,"회사채(3년, AA-)",,,,,,,연%,,20240902,3.542
817Y002,1.3.2.1. 시장금리(일별),010300000,"회사채(3년, AA-)",,,,,,,연%,,20240903,3.545
817Y002,1.3.2.1. 시장금리(일별),010300000,"회사채(3년, AA-)",,,,,,,연%,,20240904,3.497
817Y002,1.3.2.1. 시장금리(일별),010300000,"회사채(3년, AA-)",,,,,,,연%,,20240905,3.48
817Y002,1.3.2.1. 시장금리(일별),010300000,"회사채(3년, AA-)",,,,,,,연%,,20240906,3.46
817Y002,1.3.2.1. 시장금리(일별),010300000,"회사채(3년, AA-)",,,,,,,연%,,20240909,3.471
817Y002,1.3.2.1. 시장금리(일별),010300000,"회사채(3년, AA-)",,,,,,,연%,,20240910,3.451
817Y002,1.3.2.1. 시장금리(일별),010300000,"회사채(3년, AA-)",,,,,,,연%,,20240911,3.406
817Y002,1.3.2.1. 시장금리(일별),010300000,"회사채(3년, AA-)",,,,,,,연%,,20240912,3.449
817Y002,1.3.2.1. 시장금리(일별),010300000,"회사채(3년, AA-)",,,,,,,연%,,20240913,3.41
817Y002,1.3.2.1. 시장금리(일별),010300000,"회사채(3년, AA-)",,,,,,,연%,,20240919,3.432
817Y002,1.3.2.1. 시장금리(일별),010300000,"회사채(3년, AA-)",,,,,,,연%,,20240920,3.426
817Y002,1.3.2.1. 시장금리(일별),010300000,"회사채(3년, AA-)",,,,,,,연%,,20240923,3.449
817Y002,1.3.2.1. 시장금리(일별),010300000,"회사채(3년, AA-)",,,,,,,연%,,20240924,3.439
817Y002,1.3.2.1. 시장금리(일별),010300000,"회사채(3년, AA-)",,,,,,,연%,,20240925,3.401
817Y002,1.3.2.1. 시장금리(일별),010300000,"회사채(3년, AA-)",,,,,,,연%,,20240926,3.395
817Y002,1.3.2.1. 시장금리(일별),010300000,"회사채(3년, AA-)",,,,,,,연%,,20240927,3.409
817Y002,1.3.2.1. 시장금리(일별),010300000,"회사채(3년, AA-)",,,,,,,연%,,20240930,3.397
817Y002,1.3.2.1. 시장금리(일별),010300000,"회사채(3년, AA-)",,,,,,,연%,,20241002,3.37
817Y002,1.3.2.1. 시장금리(일별),010300000,"회사채(3년, AA-)",,,,,,,연%,,20241004,3.415
817Y002,1.3.2.1. 시장금리(일별),010300000,"회사채(3년, AA-)",,,,,,,연%,,20241007,3.546
817Y002,1.3.2.1. 시장금리(일별),010300000,"회사채(3년, AA-)",,,,,,,연%,,20241008,3.517
817Y002,1.3.2.1. 시장금리(일별),010300000,"회사채(3년, AA-)",,,,,,,연%,,20241010,3.542
817Y002,1.3.2.1. 시장금리(일별),010300000,"회사채(3년, AA-)",,,,,,,연%,,20241011,3.523
817Y002,1.3.2.1. 시장금리(일별),010300000,"회사채(3년, AA-)",,,,,,,연%,,20241014,3.509
817Y002,1.3.2.1. 시장금리(일별),010300000,"회사채(3년, AA-)",,,,,,,연%,,20241015,3.475
817Y002,1.3.2.1. 시장금리(일별),010300000,"회사채(3년, AA-)",,,,,,,연%,,20241016,3.452
817Y002,1.3.2.1. 시장금리(일별),010300000,"회사채(3년, AA-)",,,,,,,연%,,20241017,3.467
817Y002,1.3.2.1. 시장금리(일별),010300000,"회사채(3년, AA-)",,,,,,,연%,,20241018,3.48
817Y002,1.3.2.1. 시장금리(일별),010300000,"회사채(3년, AA-)",,,,,,,연%,,20241021,3.471
817Y002,1.3.2.1. 시장금리(일별),010300000,"회사채(3년, AA-)",,,,,,,연%,,20241022,3.512
817Y002,1.3.2.1. 시장금리(일별),010300000,"회사채(3년, AA-)",,,,,,,연%,,20241023,3.508
817Y002,1.3.2.1. 시장금리(일별),010300000,"회사채(3년, AA-)",,,,,,,연%,,20241024,3.46
817Y002,1.3.2.1. 시장금리(일별),010300000,"회사채(3년, AA-)",,,,,,,연%,,20241025,3.451
817Y002,1.3.2.1. 시장금리(일별),010300000,"회사채(3년, AA-)",,,,,,,연%,,20241028,3.503
817Y002,1.3.2.1. 시장금리(일별),010300000,"회사채(3년, AA-)",,,,,,,연%,,20241029,3.504
817Y002,1.3.2.1. 시장금리(일별),010300000,"회사채(3년, AA-)",,,,,,,연%,,20241030,3.502
817Y002,1.3.2.1. 시장금리(일별),010300000,"회사채(3년, AA-)",,,,,,,연%,,20241031,3.503
817Y002,1.3.2.1. 시장금리(일별),010300000,"회사채(3년, AA-)",,,,,,,연%,,20241101,3.507
817Y002,1.3.2.1. 시장금리(일별),010300000,"회사채(3년, AA-)",,,,,,,연%,,20241104,3.507
817Y002,1.3.2.1. 시장금리(일별),010300000,"회사채(3년, AA-)",,,,,,,연%,,20241105,3.491
817Y002,1.3.2.1. 시장금리(일별),010300000,"회사채(3년, AA-)",,,,,,,연%,,20241106,3.529
817Y002,1.3.2.1. 시장금리(일별),010300000,"회사채(3년, AA-)",,,,,,,연%,,20241107,3.492
817Y002,1.3.2.1. 시장금리(일별),010300000,"회사채(3년, AA-)",,,,,,,연%,,20241108,3.461
817Y002,1.3.2.1. 시장금리(일별),010300000,"회사채(3년, AA-)",,,,,,,연%,,20241111,3.471
817Y002,1.3.2.1. 시장금리(일별),010300000,"회사채(3년, AA-)",,,,,,,연%,,20241112,3.467
817Y002,1.3.2.1. 시장금리(일별),010300000,"회사채(3년, AA-)",,,,,,,연%,,20241113,3.501
817Y002,1.3.2.1. 시장금리(일별),010300000,"회사채(3년, AA-)",,,,,,,연%,,20241114,3.492
817Y002,1.3.2.1. 시장금리(일별),010300000,"회사채(3년, AA-)",,,,,,,연%,,20241115,3.506
817Y002,1.3.2.1. 시장금리(일별),010300000,"회사채(3년, AA-)",,,,,,,연%,,20241118,3.482
817Y002,1.3.2.1. 시장금리(일별),010300000,"회사채(3년, AA-)",,,,,,,연%,,20241119,3.457
817Y002,1.3.2.1. 시장금리(일별),010300000,"회사채(3년, AA-)",,,,,,,연%,,20241120,3.438
817Y002,1.3.2.1. 시장금리(일별),010300000,"회사채(3년, AA-)",,,,,,,연%,,20241121,3.396
817Y002,1.3.2.1. 시장금리(일별),010300000,"회사채(3년, AA-)",,,,,,,연%,,20241122,3.385
817Y002,1.3.2.1. 시장금리(일별),010300000,"회사채(3년, AA-)",,,,,,,연%,,20241125,3.342
817Y002,1.3.2.1. 시장금리(일별),010300000,"회사채(3년, AA-)",,,,,,,연%,,20241126,3.343
817Y002,1.3.2.1. 시장금리(일별),010300000,"회사채(3년, AA-)",,,,,,,연%,,20241127,3.316
817Y002,1.3.2.1. 시장금리(일별),010300000,"회사채(3년, AA-)",,,,,,,연%,,20241128,3.22
817Y002,1.3.2.1. 시장금리(일별),010300000,"회사채(3년, AA-)",,,,,,,연%,,20241129,3.194
817Y002,1.3.2.1. 시장금리(일별),010300000,"회사채(3년, AA-)",,,,,,,연%,,20241202,3.156
817Y002,1.3.2.1. 시장금리(일별),010300000,"회사채(3년, AA-)",,,,,,,연%,,20241203,3.169
817Y002,1.3.2.1. 시장금리(일별),010300000,"회사채(3년, AA-)",,,,,,,연%,,20241204,3.21
817Y002,1.3.2.1. 시장금리(일별),010300000,"회사채(3년, AA-)",,,,,,,연%,,20241205,3.194
817Y002,1.3.2.1. 시장금리(일별),010300000,"회사채(3년, AA-)",,,,,,,연%,,20241206,3.212
817Y002,1.3.2.1. 시장금리(일별),010300000,"회사채(3년, AA-)",,,,,,,연%,,20241209,3.173
817Y002,1.3.2.1. 시장금리(일별),010300000,"회사채(3년, AA-)",,,,,,,연%,,20241210,3.175
817Y002,1.3.2.1. 시장금리(일별),010300000,"회사채(3년, AA-)",,,,,,,연%,,20241211,3.188
817Y002,1.3.2.1. 시장금리(일별),010300000,"회사채(3년, AA-)",,,,,,,연%,,20241212,3.2
817Y002,1.3.2.1. 시장금리(일별),010300000,"회사채(3년, AA-)",,,,,,,연%,,20241213,3.197
817Y002,1.3.2.1. 시장금리(일별),010300000,"회사채(3년, AA-)",,,,,,,연%,,20241216,3.212
817Y002,1.3.2.1. 시장금리(일별),010300000,"회사채(3년, AA-)",,,,,,,연%,,20241217,3.279
817Y002,1.3.2.1. 시장금리(일별),010300000,"회사채(3년, AA-)",,,,,,,연%,,20241218,3.203
817Y002,1.3.2.1. 시장금리(일별),010300000,"회사채(3년, AA-)",,,,,,,연%,,20241219,3.275
817Y002,1.3.2.1. 시장금리(일별),010300000,"회사채(3년, AA-)",,,,,,,연%,,20241220,3.3
817Y002,1.3.2.1. 시장금리(일별),010300000,"회사채(3년, AA-)",,,,,,,연%,,20241223,3.292
817Y002,1.3.2.1. 시장금리(일별),010300000,"회사채(3년, AA-)",,,,,,,연%,,20241224,3.308
817Y002,1.3.2.1. 시장금리(일별),010300000,"회사채(3년, AA-)",,,,,,,연%,,20241226,3.33
817Y002,1.3.2.1. 시장금리(일별),010300000,"회사채(3년, AA-)",,,,,,,연%,,20241227,3.321
817Y002,1.3.2.1. 시장금리(일별),010300000,"회사채(3년, AA-)",,,,,,,연%,,20241230,3.285
817Y002,1.3.2.1. 시장금리(일별),010300000,"회사채(3년, AA-)",,,,,,,연%,,20241231,3.284
817Y002,1.3.2.1. 시장금리(일별),010300000,"회사채(3년, AA-)",,,,,,,연%,,20250102,3.197
817Y002,1.3.2.1. 시장금리(일별),010300000,"회사채(3년, AA-)",,,,,,,연%,,20250103,3.17
817Y002,1.3.2.1. 시장금리(일별),010300000,"회사채(3년, AA-)",,,,,,,연%,,20250106,3.202
817Y002,1.3.2.1. 시장금리(일별),010300000,"회사채(3년, AA-)",,,,,,,연%,,20250107,3.187
817Y002,1.3.2.1. 시장금리(일별),010300000,"회사채(3년, AA-)",,,,,,,연%,,20250108,3.182
817Y002,1.3.2.1. 시장금리(일별),010300000,"회사채(3년, AA-)",,,,,,,연%,,20250109,3.174
817Y002,1.3.2.1. 시장금리(일별),010300000,"회사채(3년, AA-)",,,,,,,연%,,20250110,3.22
817Y002,1.3.2.1. 시장금리(일별),010300000,"회사채(3년, AA-)",,,,,,,연%,,20250113,3.306
817Y002,1.3.2.1. 시장금리(일별),010300000,"회사채(3년, AA-)",,,,,,,연%,,20250114,3.292
817Y002,1.3.2.1. 시장금리(일별),010300000,"회사채(3년, AA-)",,,,,,,연%,,20250115,3.315
817Y002,1.3.2.1. 시장금리(일별),010300000,"회사채(3년, AA-)",,,,,,,연%,,20250116,3.276
817Y002,1.3.2.1. 시장금리(일별),010300000,"회사채(3년, AA-)",,,,,,,연%,,20250117,3.241
817Y002,1.3.2.1. 시장금리(일별),010300000,"회사채(3년, AA-)",,,,,,,연%,,20250120,3.268
817Y002,1.3.2.1. 시장금리(일별),010300000,"회사채(3년, AA-)",,,,,,,연%,,20250121,3.227
817Y002,1.3.2.1. 시장금리(일별),010300000,"회사채(3년, AA-)",,,,,,,연%,,20250122,3.227
817Y002,1.3.2.1. 시장금리(일별),010300000,"회사채(3년, AA-)",,,,,,,연%,,20250123,3.218
817Y002,1.3.2.1. 시장금리(일별),010300000,"회사채(3년, AA-)",,,,,,,연%,,20250124,3.21
817Y002,1.3.2.1. 시장금리(일별),010300000,"회사채(3년, AA-)",,,,,,,연%,,20250131,3.204
817Y002,1.3.2.1. 시장금리(일별),010300000,"회사채(3년, AA-)",,,,,,,연%,,20250203,3.196
817Y002,1.3.2.1. 시장금리(일별),010300000,"회사채(3년, AA-)",,,,,,,연%,,20250204,3.208
817Y002,1.3.2.1. 시장금리(일별),010300000,"회사채(3년, AA-)",,,,,,,연%,,20250205,3.198
817Y002,1.3.2.1. 시장금리(일별),010300000,"회사채(3년, AA-)",,,,,,,연%,,20250206,3.196
817Y002,1.3.2.1. 시장금리(일별),010300000,"회사채(3년, AA-)",,,,,,,연%,,20250207,3.242
817Y002,1.3.2.1. 시장금리(일별),010300000,"회사채(3년, AA-)",,,,,,,연%,,20250210,3.239
817Y002,1.3.2.1. 시장금리(일별),010300000,"회사채(3년, AA-)",,,,,,,연%,,20250211,3.228
817Y002,1.3.2.1. 시장금리(일별),010300000,"회사채(3년, AA-)",,,,,,,연%,,20250212,3.238
817Y002,1.3.2.1. 시장금리(일별),010300000,"회사채(3년, AA-)",,,,,,,연%,,20250213,3.227
817Y002,1.3.2.1. 시장금리(일별),010300000,"회사채(3년, AA-)",,,,,,,연%,,20250214,3.208
817Y002,1.3.2.1. 시장금리(일별),010300000,"회사채(3년, AA-)",,,,,,,연%,,20250217,3.215
817Y002,1.3.2.1. 시장금리(일별),010300000,"회사채(3년, AA-)",,,,,,,연%,,20250218,3.224
817Y002,1.3.2.1. 시장금리(일별),010300000,"회사채(3년, AA-)",,,,,,,연%,,20250219,3.214
817Y002,1.3.2.1. 시장금리(일별),010300000,"회사채(3년, AA-)",,,,,,,연%,,20250220,3.212
817Y002,1.3.2.1. 시장금리(일별),010300000,"회사채(3년, AA-)",,,,,,,연%,,20250221,3.2
817Y002,1.3.2.1. 시장금리(일별),010300000,"회사채(3년, AA-)",,,,,,,연%,,20250224,3.191
817Y002,1.3.2.1. 시장금리(일별),010300000,"회사채(3년, AA-)",,,,,,,연%,,20250225,3.178
817Y002,1.3.2.1. 시장금리(일별),010300000,"회사채(3년, AA-)",,,,,,,연%,,20250226,3.168
817Y002,1.3.2.1. 시장금리(일별),010300000,"회사채(3년, AA-)",,,,,,,연%,,20250227,3.172
817Y002,1.3.2.1. 시장금리(일별),010300000,"회사채(3년, AA-)",,,,,,,연%,,20250228,3.157
817Y002,1.3.2.1. 시장금리(일별),010300000,"회사채(3년, AA-)",,,,,,,연%,,20250304,3.132
817Y002,1.3.2.1. 시장금리(일별),010300000,"회사채(3년, AA-)",,,,,,,연%,,20250305,3.151
817Y002,1.3.2.1. 시장금리(일별),010300000,"회사채(3년, AA-)",,,,,,,연%,,20250306,3.174
817Y002,1.3.2.1. 시장금리(일별),010300000,"회사채(3년, AA-)",,,,,,,연%,,20250307,3.144
817Y002,1.3.2.1. 시장금리(일별),010300000,"회사채(3년, AA-)",,,,,,,연%,,20250310,3.166
817Y002,1.3.2.1. 시장금리(일별),010300000,"회사채(3년, AA-)",,,,,,,연%,,20250311,3.131
817Y002,1.3.2.1. 시장금리(일별),010300000,"회사채(3년, AA-)",,,,,,,연%,,20250312,3.127
817Y002,1.3.2.1. 시장금리(일별),010300000,"회사채(3년, AA-)",,,,,,,연%,,20250313,3.138
817Y002,1.3.2.1. 시장금리(일별),010300000,"회사채(3년, AA-)",,,,,,,연%,,20250314,3.161
817Y002,1.3.2.1. 시장금리(일별),010300000,"회사채(3년, AA-)",,,,,,,연%,,20250317,3.171
817Y002,1.3.2.1. 시장금리(일별),010300000,"회사채(3년, AA-)",,,,,,,연%,,20250318,3.168
817Y002,1.3.2.1. 시장금리(일별),010300000,"회사채(3년, AA-)",,,,,,,연%,,20250319,3.184
817Y002,1.3.2.1. 시장금리(일별),010300000,"회사채(3년, AA-)",,,,,,,연%,,20250320,3.168
817Y002,1.3.2.1. 시장금리(일별),010300000,"회사채(3년, AA-)",,,,,,,연%,,20250321,3.165
817Y002,1.3.2.1. 시장금리(일별),010300000,"회사채(3년, AA-)",,,,,,,연%,,20250324,3.171
817Y002,1.3.2.1. 시장금리(일별),010300000,"회사채(3년, AA-)",,,,,,,연%,,20250325,3.179
817Y002,1.3.2.1. 시장금리(일별),010300000,"회사채(3년, AA-)",,,,,,,연%,,20250326,3.187
817Y002,1.3.2.1. 시장금리(일별),010300000,"회사채(3년, AA-)",,,,,,,연%,,20250327,3.182
817Y002,1.3.2.1. 시장금리(일별),010300000,"회사채(3년, AA-)",,,,,,,연%,,20250328,3.184
817Y002,1.3.2.1. 시장금리(일별),010300000,"회사채(3년, AA-)",,,,,,,연%,,20250331,3.14
817Y002,1.3.2.1. 시장금리(일별),010300000,"회사채(3년, AA-)",,,,,,,연%,,20250401,3.153
817Y002,1.3.2.1. 시장금리(일별),010300000,"회사채(3년, AA-)",,,,,,,연%,,20250402,3.151
817Y002,1.3.2.1. 시장금리(일별),010300000,"회사채(3년, AA-)",,,,,,,연%,,20250403,3.101
817Y002,1.3.2.1. 시장금리(일별),010300000,"회사채(3년, AA-)",,,,,,,연%,,20250404,3.035
817Y002,1.3.2.1. 시장금리(일별),010300000,"회사채(3년, AA-)",,,,,,,연%,,20250407,2.986
817Y002,1.3.2.1. 시장금리(일별),010300000,"회사채(3년, AA-)",,,,,,,연%,,20250408,2.995
817Y002,1.3.2.1. 시장금리(일별),010300000,"회사채(3년, AA-)",,,,,,,연%,,20250409,3.01
817Y002,1.3.2.1. 시장금리(일별),010300000,"회사채(3년, AA-)",,,,,,,연%,,20250410,3.017
817Y002,1.3.2.1. 시장금리(일별),010300000,"회사채(3년, AA-)",,,,,,,연%,,20250411,2.996
817Y002,1.3.2.1. 시장금리(일별),010300000,"회사채(3년, AA-)",,,,,,,연%,,20250414,2.998
817Y002,1.3.2.1. 시장금리(일별),010300000,"회사채(3년, AA-)",,,,,,,연%,,20250415,2.984
817Y002,1.3.2.1. 시장금리(일별),010300000,"회사채(3년, AA-)",,,,,,,연%,,20250416,2.941
817Y002,1.3.2.1. 시장금리(일별),010300000,"회사채(3년, AA-)",,,,,,,연%,,20250417,2.968
817Y002,1.3.2.1. 시장금리(일별),010300000,"회사채(3년, AA-)",,,,,,,연%,,20250418,2.942
817Y002,1.3.2.1. 시장금리(일별),010300000,"회사채(3년, AA-)",,,,,,,연%,,20250421,2.918
817Y002,1.3.2.1. 시장금리(일별),010300000,"회사채(3년, AA-)",,,,,,,연%,,20250422,2.923
817Y002,1.3.2.1. 시장금리(일별),010300000,"회사채(3년, AA-)",,,,,,,연%,,20250423,2.927
817Y002,1.3.2.1. 시장금리(일별),010300000,"회사채(3년, AA-)",,,,,,,연%,,20250424,2.93
817Y002,1.3.2.1. 시장금리(일별),010300000,"회사채(3년, AA-)",,,,,,,연%,,20250425,2.901
817Y002,1.3.2.1. 시장금리(일별),010300000,"회사채(3년, AA-)",,,,,,,연%,,20250428,2.909
817Y002,1.3.2.1. 시장금리(일별),010300000,"회사채(3년, AA-)",,,,,,,연%,,20250429,2.903
817Y002,1.3.2.1. 시장금리(일별),010300000,"회사채(3년, AA-)",,,,,,,연%,,20250430,2.868
817Y002,1.3.2.1. 시장금리(일별),010300000,"회사채(3년, AA-)",,,,,,,연%,,20250502,2.872
817Y002,1.3.2.1. 시장금리(일별),010300000,"회사채(3년, AA-)",,,,,,,연%,,20250507,2.846
817Y002,1.3.2.1. 시장금리(일별),010300000,"회사채(3년, AA-)",,,,,,,연%,,20250508,2.867
817Y002,1.3.2.1. 시장금리(일별),010300000,"회사채(3년, AA-)",,,,,,,연%,,20250509,2.91
817Y002,1.3.2.1. 시장금리(일별),010300000,"회사채(3년, AA-)",,,,,,,연%,,20250512,2.91
817Y002,1.3.2.1. 시장금리(일별),010300000,"회사채(3년, AA-)",,,,,,,연%,,20250513,2.939
817Y002,1.3.2.1. 시장금리(일별),010300000,"회사채(3년, AA-)",,,,,,,연%,,20250514,2.924
817Y002,1.3.2.1. 시장금리(일별),010300000,"회사채(3년, AA-)",,,,,,,연%,,20250515,2.931
817Y002,1.3.2.1. 시장금리(일별),010300000,"회사채(3년, AA-)",,,,,,,연%,,20250516,2.896
817Y002,1.3.2.1. 시장금리(일별),010300000,"회사채(3년, AA-)",,,,,,,연%,,20250519,2.935
817Y002,1.3.2.1. 시장금리(일별),010300000,"회사채(3년, AA-)",,,,,,,연%,,20250520,2.907
817Y002,1.3.2.1. 시장금리(일별),010300000,"회사채(3년, AA-)",,,,,,,연%,,20250521,2.921
817Y002,1.3.2.1. 시장금리(일별),010300000,"회사채(3년, AA-)",,,,,,,연%,,20250522,2.917
817Y002,1.3.2.1. 시장금리(일별),010300000,"회사채(3년, AA-)",,,,,,,연%,,20250523,2.921
817Y002,1.3.2.1. 시장금리(일별),010300000,"회사채(3년, AA-)",,,,,,,연%,,20250526,2.926
817Y002,1.3.2.1. 시장금리(일별),010300000,"회사채(3년, AA-)",,,,,,,연%,,20250527,2.913
817Y002,1.3.2.1. 시장금리(일별),010300000,"회사채(3년, AA-)",,,,,,,연%,,20250528,2.893
817Y002,1.3.2.1. 시장금리(일별),010300000,"회사채(3년, AA-)",,,,,,,연%,,20250529,2.914
817Y002,1.3.2.1. 시장금리(일별),010300000,"회사채(3년, AA-)",,,,,,,연%,,20250530,2.917
817Y002,1.3.2.1. 시장금리(일별),010300000,"회사채(3년, AA-)",,,,,,,연%,,20250602,2.916
817Y002,1.3.2.1. 시장금리(일별),010300000,"회사채(3년, AA-)",,,,,,,연%,,20250604,2.982
817Y002,1.3.2.1. 시장금리(일별),010300000,"회사채(3년, AA-)",,,,,,,연%,,20250605,2.973
817Y002,1.3.2.1. 시장금리(일별),010300000,"회사채(3년, AA-)",,,,,,,연%,,20250609,2.96
817Y002,1.3.2.1. 시장금리(일별),010300000,"회사채(3년, AA-)",,,,,,,연%,,20250610,2.955
817Y002,1.3.2.1. 시장금리(일별),010300000,"회사채(3년, AA-)",,,,,,,연%,,20250611,2.974
817Y002,1.3.2.1. 시장금리(일별),010300000,"회사채(3년, AA-)",,,,,,,연%,,20250612,2.972
817Y002,1.3.2.1. 시장금리(일별),010300000,"회사채(3년, AA-)",,,,,,,연%,,20250613,2.997
817Y002,1.3.2.1. 시장금리(일별),010300000,"회사채(3년, AA-)",,,,,,,연%,,20250616,3.016
817Y002,1.3.2.1. 시장금리(일별),010300000,"회사채(3년, AA-)",,,,,,,연%,,20250617,2.986
817Y002,1.3.2.1. 시장금리(일별),010300000,"회사채(3년, AA-)",,,,,,,연%,,20250618,3
817Y002,1.3.2.1. 시장금리(일별),010300000,"회사채(3년, AA-)",,,,,,,연%,,20250619,3.005
817Y002,1.3.2.1. 시장금리(일별),010300000,"회사채(3년, AA-)",,,,,,,연%,,20250620,2.996
817Y002,1.3.2.1. 시장금리(일별),010300000,"회사채(3년, AA-)",,,,,,,연%,,20250623,3.019
817Y002,1.3.2.1. 시장금리(일별),010300000,"회사채(3년, AA-)",,,,,,,연%,,20250624,2.983
817Y002,1.3.2.1. 시장금리(일별),010300000,"회사채(3년, AA-)",,,,,,,연%,,20250625,2.981
817Y002,1.3.2.1. 시장금리(일별),010300000,"회사채(3년, AA-)",,,,,,,연%,,20250626,2.969
817Y002,1.3.2.1. 시장금리(일별),010300000,"회사채(3년, AA-)",,,,,,,연%,,20250627,2.967
817Y002,1.3.2.1. 시장금리(일별),010300000,"회사채(3년, AA-)",,,,,,,연%,,20250630,2.963
817Y002,1.3.2.1. 시장금리(일별),010300000,"회사채(3년, AA-)",,,,,,,연%,,20250701,2.959
817Y002,1.3.2.1. 시장금리(일별),010300000,"회사채(3년, AA-)",,,,,,,연%,,20250702,2.981
817Y002,1.3.2.1. 시장금리(일별),010300000,"회사채(3년, AA-)",,,,,,,연%,,20250703,2.952
817Y002,1.3.2.1. 시장금리(일별),010300000,"회사채(3년, AA-)",,,,,,,연%,,20250704,2.965
817Y002,1.3.2.1. 시장금리(일별),010300000,"회사채(3년, AA-)",,,,,,,연%,,20250707,2.973
817Y002,1.3.2.1. 시장금리(일별),010300000,"회사채(3년, AA-)",,,,,,,연%,,20250708,2.968
817Y002,1.3.2.1. 시장금리(일별),010300000,"회사채(3년, AA-)",,,,,,,연%,,20250709,2.967
817Y002,1.3.2.1. 시장금리(일별),010300000,"회사채(3년, AA-)",,,,,,,연%,,20250710,2.928
817Y002,1.3.2.1. 시장금리(일별),010300000,"회사채(3년, AA-)",,,,,,,연%,,20250711,2.938
817Y002,1.3.2.1. 시장금리(일별),010300000,"회사채(3년, AA-)",,,,,,,연%,,20250714,2.959
817Y002,1.3.2.1. 시장금리(일별),010300000,"회사채(3년, AA-)",,,,,,,연%,,20250715,2.953
817Y002,1.3.2.1. 시장금리(일별),010300000,"회사채(3년, AA-)",,,,,,,연%,,20250716,2.95
817Y002,1.3.2.1. 시장금리(일별),010300000,"회사채(3년, AA-)",,,,,,,연%,,20250717,2.968
817Y002,1.3.2.1. 시장금리(일별),010300000,"회사채(3년, AA-)",,,,,,,연%,,20250718,2.961
817Y002,1.3.2.1. 시장금리(일별),010300000,"회사채(3년, AA-)",,,,,,,연%,,20250721,2.948
817Y002,1.3.2.1. 시장금리(일별),010300000,"회사채(3년, AA-)",,,,,,,연%,,20250722,2.952
817Y002,1.3.2.1. 시장금리(일별),010300000,"회사채(3년, AA-)",,,,,,,연%,,20250723,2.95
817Y002,1.3.2.1. 시장금리(일별),010300000,"회사채(3년, AA-)",,,,,,,연%,,20250724,2.96
817Y002,1.3.2.1. 시장금리(일별),010300000,"회사채(3년, AA-)",,,,,,,연%,,20250725,2.974
817Y002,1.3.2.1. 시장금리(일별),010300000,"회사채(3년, AA-)",,,,,,,연%,,20250728,2.958
817Y002,1.3.2.1. 시장금리(일별),010300000,"회사채(3년, AA-)",,,,,,,연%,,20250729,2.952
817Y002,1.3.2.1. 시장금리(일별),010300000,"회사채(3년, AA-)",,,,,,,연%,,20250730,2.946
817Y002,1.3.2.1. 시장금리(일별),010300000,"회사채(3년, AA-)",,,,,,,연%,,20250731,2.952
817Y002,1.3.2.1. 시장금리(일별),010300000,"회사채(3년, AA-)",,,,,,,연%,,20250801,2.97
817Y002,1.3.2.1. 시장금리(일별),010300000,"회사채(3년, AA-)",,,,,,,연%,,20250804,2.917
817Y002,1.3.2.1. 시장금리(일별),010300000,"회사채(3년, AA-)",,,,,,,연%,,20250805,2.917
817Y002,1.3.2.1. 시장금리(일별),010300000,"회사채(3년, AA-)",,,,,,,연%,,20250806,2.918
817Y002,1.3.2.1. 시장금리(일별),010300000,"회사채(3년, AA-)",,,,,,,연%,,20250807,2.901
817Y002,1.3.2.1. 시장금리(일별),010300000,"회사채(3년, AA-)",,,,,,,연%,,20250808,2.902
817Y002,1.3.2.1. 시장금리(일별),010300000,"회사채(3년, AA-)",,,,,,,연%,,20250811,2.909
817Y002,1.3.2.1. 시장금리(일별),010300000,"회사채(3년, AA-)",,,,,,,연%,,20250812,2.917
817Y002,1.3.2.1. 시장금리(일별),010300000,"회사채(3년, AA-)",,,,,,,연%,,20250813,2.907
817Y002,1.3.2.1. 시장금리(일별),010300000,"회사채(3년, AA-)",,,,,,,연%,,20250814,2.896
817Y002,1.3.2.1. 시장금리(일별),010300000,"회사채(3년, AA-)",,,,,,,연%,,20250818,2.912
817Y002,1.3.2.1. 시장금리(일별),010300000,"회사채(3년, AA-)",,,,,,,연%,,20250819,2.924
817Y002,1.3.2.1. 시장금리(일별),010300000,"회사채(3년, AA-)",,,,,,,연%,,20250820,2.923
817Y002,1.3.2.1. 시장금리(일별),010300000,"회사채(3년, AA-)",,,,,,,연%,,20250821,2.921
817Y002,1.3.2.1. 시장금리(일별),010300000,"회사채(3년, AA-)",,,,,,,연%,,20250822,2.932
817Y002,1.3.2.1. 시장금리(일별),010300000,"회사채(3년, AA-)",,,,,,,연%,,20250825,2.915
817Y002,1.3.2.1. 시장금리(일별),010300000,"회사채(3년, AA-)",,,,,,,연%,,20250826,2.902
817Y002,1.3.2.1. 시장금리(일별),010300000,"회사채(3년, AA-)",,,,,,,연%,,20250827,2.887
817Y002,1.3.2.1. 시장금리(일별),010300000,"회사채(3년, AA-)",,,,,,,연%,,20250828,2.898
817Y002,1.3.2.1. 시장금리(일별),010300000,"회사채(3년, AA-)",,,,,,,연%,,20250829,2.906
817Y002,1.3.2.1. 시장금리(일별),010300000,"회사채(3년, AA-)",,,,,,,연%,,20250901,2.913
817Y002,1.3.2.1. 시장금리(일별),010300000,"회사채(3년, AA-)",,,,,,,연%,,20250902,2.924
817Y002,1.3.2.1. 시장금리(일별),010300000,"회사채(3년, AA-)",,,,,,,연%,,20250903,2.946
817Y002,1.3.2.1. 시장금리(일별),010300000,"회사채(3년, AA-)",,,,,,,연%,,20250904,2.943
817Y002,1.3.2.1. 시장금리(일별),010300000,"회사채(3년, AA-)",,,,,,,연%,,20250905,2.931
817Y002,1.3.2.1. 시장금리(일별),010300000,"회사채(3년, AA-)",,,,,,,연%,,20250908,2.918
817Y002,1.3.2.1. 시장금리(일별),010300000,"회사채(3년, AA-)",,,,,,,연%,,20250909,2.898
817Y002,1.3.2.1. 시장금리(일별),010300000,"회사채(3년, AA-)",,,,,,,연%,,20250910,2.902
817Y002,1.3.2.1. 시장금리(일별),010300000,"회사채(3년, AA-)",,,,,,,연%,,20250911,2.892
817Y002,1.3.2.1. 시장금리(일별),010300000,"회사채(3년, AA-)",,,,,,,연%,,20250912,2.901
817Y002,1.3.2.1. 시장금리(일별),010300000,"회사채(3년, AA-)",,,,,,,연%,,20250915,2.909
817Y002,1.3.2.1. 시장금리(일별),010300000,"회사채(3년, AA-)",,,,,,,연%,,20250916,2.885
817Y002,1.3.2.1. 시장금리(일별),010300000,"회사채(3년, AA-)",,,,,,,연%,,20250917,2.881
817Y002,1.3.2.1. 시장금리(일별),010300000,"회사채(3년, AA-)",,,,,,,연%,,20250918,2.868
817Y002,1.3.2.1. 시장금리(일별),010300000,"회사채(3년, AA-)",,,,,,,연%,,20250919,2.898
817Y002,1.3.2.1. 시장금리(일별),010300000,"회사채(3년, AA-)",,,,,,,연%,,20250922,2.912
817Y002,1.3.2.1. 시장금리(일별),010300000,"회사채(3년, AA-)",,,,,,,연%,,20250923,2.912
817Y002,1.3.2.1. 시장금리(일별),010300000,"회사채(3년, AA-)",,,,,,,연%,,20250924,2.935
817Y002,1.3.2.1. 시장금리(일별),010300000,"회사채(3년, AA-)",,,,,,,연%,,20250925,2.969
817Y002,1.3.2.1. 시장금리(일별),010300000,"회사채(3년, AA-)",,,,,,,연%,,20250926,3.001
817Y002,1.3.2.1. 시장금리(일별),010300000,"회사채(3년, AA-)",,,,,,,연%,,20250929,3.004
817Y002,1.3.2.1. 시장금리(일별),010300000,"회사채(3년, AA-)",,,,,,,연%,,20250930,3.022
817Y002,1.3.2.1. 시장금리(일별),010300000,"회사채(3년, AA-)",,,,,,,연%,,20251001,3.033
817Y002,1.3.2.1. 시장금리(일별),010300000,"회사채(3년, AA-)",,,,,,,연%,,20251002,3.019
817Y002,1.3.2.1. 시장금리(일별),010300000,"회사채(3년, AA-)",,,,,,,연%,,20251010,3.026
817Y002,1.3.2.1. 시장금리(일별),010300000,"회사채(3년, AA-)",,,,,,,연%,,20251013,2.995
817Y002,1.3.2.1. 시장금리(일별),010300000,"회사채(3년, AA-)",,,,,,,연%,,20251014,2.975
817Y002,1.3.2.1. 시장금리(일별),010300000,"회사채(3년, AA-)",,,,,,,연%,,20251015,2.966
817Y002,1.3.2.1. 시장금리(일별),010300000,"회사채(3년, AA-)",,,,,,,연%,,20251016,3.004
817Y002,1.3.2.1. 시장금리(일별),010300000,"회사채(3년, AA-)",,,,,,,연%,,20251017,2.99
817Y002,1.3.2.1. 시장금리(일별),010300000,"회사채(3년, AA-)",,,,,,,연%,,20251020,3.004
817Y002,1.3.2.1. 시장금리(일별),010300000,"회사채(3년, AA-)",,,,,,,연%,,20251021,3.024
817Y002,1.3.2.1. 시장금리(일별),010300000,"회사채(3년, AA-)",,,,,,,연%,,20251022,2.999
817Y002,1.3.2.1. 시장금리(일별),010300000,"회사채(3년, AA-)",,,,,,,연%,,20251023,3.027
817Y002,1.3.2.1. 시장금리(일별),010300000,"회사채(3년, AA-)",,,,,,,연%,,20251024,3.013
817Y002,1.3.2.1. 시장금리(일별),010300000,"회사채(3년, AA-)",,,,,,,연%,,20251027,3.036
817Y002,1.3.2.1. 시장금리(일별),010300000,"회사채(3년, AA-)",,,,,,,연%,,20251028,3.047
817Y002,1.3.2.1. 시장금리(일별),010300000,"회사채(3년, AA-)",,,,,,,연%,,20251029,3.085
817Y002,1.3.2.1. 시장금리(일별),010300000,"회사채(3년, AA-)",,,,,,,연%,,20251030,3.135
817Y002,1.3.2.1. 시장금리(일별),010300000,"회사채(3년, AA-)",,,,,,,연%,,20251031,3.122
817Y002,1.3.2.1. 시장금리(일별),010300000,"회사채(3년, AA-)",,,,,,,연%,,20251103,3.147
817Y002,1.3.2.1. 시장금리(일별),010300000,"회사채(3년, AA-)",,,,,,,연%,,20251104,3.136
817Y002,1.3.2.1. 시장금리(일별),010300000,"회사채(3년, AA-)",,,,,,,연%,,20251105,3.169
817Y002,1.3.2.1. 시장금리(일별),010300000,"회사채(3년, AA-)",,,,,,,연%,,20251106,3.232
817Y002,1.3.2.1. 시장금리(일별),010300000,"회사채(3년, AA-)",,,,,,,연%,,20251107,3.286
817Y002,1.3.2.1. 시장금리(일별),010300000,"회사채(3년, AA-)",,,,,,,연%,,20251110,3.261
817Y002,1.3.2.1. 시장금리(일별),010300000,"회사채(3년, AA-)",,,,,,,연%,,20251111,3.236
817Y002,1.3.2.1. 시장금리(일별),010300000,"회사채(3년, AA-)",,,,,,,연%,,20251112,3.331
817Y002,1.3.2.1. 시장금리(일별),010300000,"회사채(3년, AA-)",,,,,,,연%,,20251113,3.345
817Y002,1.3.2.1. 시장금리(일별),010300000,"회사채(3년, AA-)",,,,,,,연%,,20251114,3.365
817Y002,1.3.2.1. 시장금리(일별),010300000,"회사채(3년, AA-)",,,,,,,연%,,20251117,3.342
817Y002,1.3.2.1. 시장금리(일별),010300000,"회사채(3년, AA-)",,,,,,,연%,,20251118,3.309
817Y002,1.3.2.1. 시장금리(일별),010300000,"회사채(3년, AA-)",,,,,,,연%,,20251119,3.308
817Y002,1.3.2.1. 시장금리(일별),010300000,"회사채(3년, AA-)",,,,,,,연%,,20251120,3.34
817Y002,1.3.2.1. 시장금리(일별),010300000,"회사채(3년, AA-)",,,,,,,연%,,20251121,3.308
817Y002,1.3.2.1. 시장금리(일별),010300000,"회사채(3년, AA-)",,,,,,,연%,,20251124,3.338
817Y002,1.3.2.1. 시장금리(일별),010300000,"회사채(3년, AA-)",,,,,,,연%,,20251125,3.334
817Y002,1.3.2.1. 시장금리(일별),010300000,"회사채(3년, AA-)",,,,,,,연%,,20251126,3.328
817Y002,1.3.2.1. 시장금리(일별),010300000,"회사채(3년, AA-)",,,,,,,연%,,20251127,3.446
817Y002,1.3.2.1. 시장금리(일별),010300000,"회사채(3년, AA-)",,,,,,,연%,,20251128,3.428
817Y002,1.3.2.1. 시장금리(일별),010300000,"회사채(3년, AA-)",,,,,,,연%,,20251201,3.481
817Y002,1.3.2.1. 시장금리(일별),010300000,"회사채(3년, AA-)",,,,,,,연%,,20251202,3.463
817Y002,1.3.2.1. 시장금리(일별),010300000,"회사채(3년, AA-)",,,,,,,연%,,20251203,3.484
817Y002,1.3.2.1. 시장금리(일별),010300000,"회사채(3년, AA-)",,,,,,,연%,,20251204,3.474
817Y002,1.3.2.1. 시장금리(일별),010300000,"회사채(3년, AA-)",,,,,,,연%,,20251205,3.453
817Y002,1.3.2.1. 시장금리(일별),010300000,"회사채(3년, AA-)",,,,,,,연%,,20251208,3.492
817Y002,1.3.2.1. 시장금리(일별),010300000,"회사채(3년, AA-)",,,,,,,연%,,20251209,3.545
817Y002,1.3.2.1. 시장금리(일별),010300000,"회사채(3년, AA-)",,,,,,,연%,,20251210,3.574
817Y002,1.3.2.1. 시장금리(일별),010300000,"회사채(3년, AA-)",,,,,,,연%,,20251211,3.585
817Y002,1.3.2.1. 시장금리(일별),010300000,"회사채(3년, AA-)",,,,,,,연%,,20251212,3.582
817Y002,1.3.2.1. 시장금리(일별),010300000,"회사채(3년, AA-)",,,,,,,연%,,20251215,3.499
817Y002,1.3.2.1. 시장금리(일별),010300000,"회사채(3년, AA-)",,,,,,,연%,,20251216,3.507
817Y002,1.3.2.1. 시장금리(일별),010300000,"회사채(3년, AA-)",,,,,,,연%,,20251217,3.507
817Y002,1.3.2.1. 시장금리(일별),010300000,"회사채(3년, AA-)",,,,,,,연%,,20251218,3.484
817Y002,1.3.2.1. 시장금리(일별),010300000,"회사채(3년, AA-)",,,,,,,연%,,20251219,3.523
817Y002,1.3.2.1. 시장금리(일별),010300000,"회사채(3년, AA-)",,,,,,,연%,,20251222,3.513
817Y002,1.3.2.1. 시장금리(일별),010300000,"회사채(3년, AA-)",,,,,,,연%,,20251223,3.5
817Y002,1.3.2.1. 시장금리(일별),010300000,"회사채(3년, AA-)",,,,,,,연%,,20251224,3.475
817Y002,1.3.2.1. 시장금리(일별),010300000,"회사채(3년, AA-)",,,,,,,연%,,20251226,3.489
817Y002,1.3.2.1. 시장금리(일별),010300000,"회사채(3년, AA-)",,,,,,,연%,,20251229,3.47
817Y002,1.3.2.1. 시장금리(일별),010300000,"회사채(3년, AA-)",,,,,,,연%,,20251230,3.476
817Y002,1.3.2.1. 시장금리(일별),010300000,"회사채(3년, AA-)",,,,,,,연%,,20251231,3.476
817Y002,1.3.2.1. 시장금리(일별),010300000,"회사채(3년, AA-)",,,,,,,연%,,20260102,3.459
817Y002,1.3.2.1. 시장금리(일별),010300000,"회사채(3년, AA-)",,,,,,,연%,,20260105,3.457
817Y002,1.3.2.1. 시장금리(일별),010300000,"회사채(3년, AA-)",,,,,,,연%,,20260106,3.46
817Y002,1.3.2.1. 시장금리(일별),010300000,"회사채(3년, AA-)",,,,,,,연%,,20260107,3.423
817Y002,1.3.2.1. 시장금리(일별),010300000,"회사채(3년, AA-)",,,,,,,연%,,20260108,3.418
817Y002,1.3.2.1. 시장금리(일별),010300000,"회사채(3년, AA-)",,,,,,,연%,,20260109,3.445
817Y002,1.3.2.1. 시장금리(일별),010300000,"회사채(3년, AA-)",,,,,,,연%,,20260112,3.469
817Y002,1.3.2.1. 시장금리(일별),010300000,"회사채(3년, AA-)",,,,,,,연%,,20260113,3.486
817Y002,1.3.2.1. 시장금리(일별),010300000,"회사채(3년, AA-)",,,,,,,연%,,20260114,3.481
817Y002,1.3.2.1. 시장금리(일별),010300000,"회사채(3년, AA-)",,,,,,,연%,,20260115,3.565
817Y002,1.3.2.1. 시장금리(일별),010300000,"회사채(3년, AA-)",,,,,,,연%,,20260116,3.56
817Y002,1.3.2.1. 시장금리(일별),010300000,"회사채(3년, AA-)",,,,,,,연%,,20260119,3.599
817Y002,1.3.2.1. 시장금리(일별),010300000,"회사채(3년, AA-)",,,,,,,연%,,20260120,3.653
817Y002,1.3.2.1. 시장금리(일별),010300000,"회사채(3년, AA-)",,,,,,,연%,,20260121,3.624
817Y002,1.3.2.1. 시장금리(일별),010300000,"회사채(3년, AA-)",,,,,,,연%,,20260122,3.615
817Y002,1.3.2.1. 시장금리(일별),010300000,"회사채(3년, AA-)",,,,,,,연%,,20260123,3.644
817Y002,1.3.2.1. 시장금리(일별),010300000,"회사채(3년, AA-)",,,,,,,연%,,20260126,3.611
817Y002,1.3.2.1. 시장금리(일별),010300000,"회사채(3년, AA-)",,,,,,,연%,,20260127,3.607
817Y002,1.3.2.1. 시장금리(일별),010300000,"회사채(3년, AA-)",,,,,,,연%,,20260128,3.589
817Y002,1.3.2.1. 시장금리(일별),010300000,"회사채(3년, AA-)",,,,,,,연%,,20260129,3.626
817Y002,1.3.2.1. 시장금리(일별),010300000,"회사채(3년, AA-)",,,,,,,연%,,20260130,3.658
817Y002,1.3.2.1. 시장금리(일별),010300000,"회사채(3년, AA-)",,,,,,,연%,,20260202,3.668
817Y002,1.3.2.1. 시장금리(일별),010300000,"회사채(3년, AA-)",,,,,,,연%,,20260203,3.708
817Y002,1.3.2.1. 시장금리(일별),010300000,"회사채(3년, AA-)",,,,,,,연%,,20260204,3.731
817Y002,1.3.2.1. 시장금리(일별),010300000,"회사채(3년, AA-)",,,,,,,연%,,20260205,3.724
817Y002,1.3.2.1. 시장금리(일별),010300000,"회사채(3년, AA-)",,,,,,,연%,,20260206,3.755
817Y002,1.3.2.1. 시장금리(일별),010300000,"회사채(3년, AA-)",,,,,,,연%,,20260209,3.787
817Y002,1.3.2.1. 시장금리(일별),010300000,"회사채(3년, AA-)",,,,,,,연%,,20260210,3.759
817Y002,1.3.2.1. 시장금리(일별),010300000,"회사채(3년, AA-)",,,,,,,연%,,20260211,3.746
817Y002,1.3.2.1. 시장금리(일별),010300000,"회사채(3년, AA-)",,,,,,,연%,,20260212,3.716
817Y002,1.3.2.1. 시장금리(일별),010300000,"회사채(3년, AA-)",,,,,,,연%,,20260213,3.705
817Y002,1.3.2.1. 시장금리(일별),010300000,"회사채(3년, AA-)",,,,,,,연%,,20260219,3.735
817Y002,1.3.2.1. 시장금리(일별),010300000,"회사채(3년, AA-)",,,,,,,연%,,20260220,3.718
817Y002,1.3.2.1. 시장금리(일별),010300000,"회사채(3년, AA-)",,,,,,,연%,,20260223,3.725
817Y002,1.3.2.1. 시장금리(일별),010300000,"회사채(3년, AA-)",,,,,,,연%,,20260224,3.73
817Y002,1.3.2.1. 시장금리(일별),010300000,"회사채(3년, AA-)",,,,,,,연%,,20260225,3.705
817Y002,1.3.2.1. 시장금리(일별),010300000,"회사채(3년, AA-)",,,,,,,연%,,20260226,3.653
817Y002,1.3.2.1. 시장금리(일별),010300000,"회사채(3년, AA-)",,,,,,,연%,,20260227,3.637
817Y002,1.3.2.1. 시장금리(일별),010300000,"회사채(3년, AA-)",,,,,,,연%,,20260303,3.769
817Y002,1.3.2.1. 시장금리(일별),010300000,"회사채(3년, AA-)",,,,,,,연%,,20260304,3.8
817Y002,1.3.2.1. 시장금리(일별),010300000,"회사채(3년, AA-)",,,,,,,연%,,20260305,3.777
817Y002,1.3.2.1. 시장금리(일별),010300000,"회사채(3년, AA-)",,,,,,,연%,,20260306,3.815
817Y002,1.3.2.1. 시장금리(일별),010300000,"회사채(3년, AA-)",,,,,,,연%,,20260309,3.997
817Y002,1.3.2.1. 시장금리(일별),010300000,"회사채(3년, AA-)",,,,,,,연%,,20260310,3.874
817Y002,1.3.2.1. 시장금리(일별),010300000,"회사채(3년, AA-)",,,,,,,연%,,20260311,3.845
817Y002,1.3.2.1. 시장금리(일별),010300000,"회사채(3년, AA-)",,,,,,,연%,,20260312,3.866
817Y002,1.3.2.1. 시장금리(일별),010300000,"회사채(3년, AA-)",,,,,,,연%,,20260313,3.919
817Y002,1.3.2.1. 시장금리(일별),010300000,"회사채(3년, AA-)",,,,,,,연%,,20260316,3.887
817Y002,1.3.2.1. 시장금리(일별),010300000,"회사채(3년, AA-)",,,,,,,연%,,20260317,3.906
817Y002,1.3.2.1. 시장금리(일별),010300000,"회사채(3년, AA-)",,,,,,,연%,,20260318,3.855
817Y002,1.3.2.1. 시장금리(일별),010300000,"회사채(3년, AA-)",,,,,,,연%,,20260319,3.915
817Y002,1.3.2.1. 시장금리(일별),010300000,"회사채(3년, AA-)",,,,,,,연%,,20260320,3.991
817Y002,1.3.2.1. 시장금리(일별),010300000,"회사채(3년, AA-)",,,,,,,연%,,20260323,4.197
817Y002,1.3.2.1. 시장금리(일별),010300000,"회사채(3년, AA-)",,,,,,,연%,,20260324,4.121
817Y002,1.3.2.1. 시장금리(일별),010300000,"회사채(3년, AA-)",,,,,,,연%,,20260325,4.158
817Y002,1.3.2.1. 시장금리(일별),010300000,"회사채(3년, AA-)",,,,,,,연%,,20260326,4.156
817Y002,1.3.2.1. 시장금리(일별),010300000,"회사채(3년, AA-)",,,,,,,연%,,20260327,4.182
817Y002,1.3.2.1. 시장금리(일별),010300000,"회사채(3년, AA-)",,,,,,,연%,,20260330,4.157
817Y002,1.3.2.1. 시장금리(일별),010300000,"회사채(3년, AA-)",,,,,,,연%,,20260331,4.166
817Y002,1.3.2.1. 시장금리(일별),010300000,"회사채(3년, AA-)",,,,,,,연%,,20260401,4.011
817Y002,1.3.2.1. 시장금리(일별),010300000,"회사채(3년, AA-)",,,,,,,연%,,20260402,4.114
817Y002,1.3.2.1. 시장금리(일별),010300000,"회사채(3년, AA-)",,,,,,,연%,,20260403,4.093
817Y002,1.3.2.1. 시장금리(일별),010300000,"회사채(3년, AA-)",,,,,,,연%,,20260406,4.081
817Y002,1.3.2.1. 시장금리(일별),010300000,"회사채(3년, AA-)",,,,,,,연%,,20260407,4.107
817Y002,1.3.2.1. 시장금리(일별),010300000,"회사채(3년, AA-)",,,,,,,연%,,20260408,3.973
817Y002,1.3.2.1. 시장금리(일별),010300000,"회사채(3년, AA-)",,,,,,,연%,,20260409,3.999
817Y002,1.3.2.1. 시장금리(일별),010300000,"회사채(3년, AA-)",,,,,,,연%,,20260410,4.018
817Y002,1.3.2.1. 시장금리(일별),010300000,"회사채(3년, AA-)",,,,,,,연%,,20260413,4.043
817Y002,1.3.2.1. 시장금리(일별),010300000,"회사채(3년, AA-)",,,,,,,연%,,20260414,4.005
817Y002,1.3.2.1. 시장금리(일별),010300000,"회사채(3년, AA-)",,,,,,,연%,,20260415,3.995
817Y002,1.3.2.1. 시장금리(일별),010300000,"회사채(3년, AA-)",,,,,,,연%,,20260416,4.005
817Y002,1.3.2.1. 시장금리(일별),010300000,"회사채(3년, AA-)",,,,,,,연%,,20260417,4.037
817Y002,1.3.2.1. 시장금리(일별),010300000,"회사채(3년, AA-)",,,,,,,연%,,20260420,4.016
817Y002,1.3.2.1. 시장금리(일별),010300000,"회사채(3년, AA-)",,,,,,,연%,,20260421,3.994
817Y002,1.3.2.1. 시장금리(일별),010300000,"회사채(3년, AA-)",,,,,,,연%,,20260422,4.028
817Y002,1.3.2.1. 시장금리(일별),010300000,"회사채(3년, AA-)",,,,,,,연%,,20260423,4.107
817Y002,1.3.2.1. 시장금리(일별),010300000,"회사채(3년, AA-)",,,,,,,연%,,20260424,4.145
817Y002,1.3.2.1. 시장금리(일별),010300000,"회사채(3년, AA-)",,,,,,,연%,,20260427,4.147
817Y002,1.3.2.1. 시장금리(일별),010300000,"회사채(3년, AA-)",,,,,,,연%,,20260428,4.182
817Y002,1.3.2.1. 시장금리(일별),010300000,"회사채(3년, AA-)",,,,,,,연%,,20260429,4.185
817Y002,1.3.2.1. 시장금리(일별),010300000,"회사채(3년, AA-)",,,,,,,연%,,20260430,4.248
817Y002,1.3.2.1. 시장금리(일별),010300000,"회사채(3년, AA-)",,,,,,,연%,,20260504,4.268
817Y002,1.3.2.1. 시장금리(일별),010300000,"회사채(3년, AA-)",,,,,,,연%,,20260506,4.249
817Y002,1.3.2.1. 시장금리(일별),010300000,"회사채(3년, AA-)",,,,,,,연%,,20260507,4.199
817Y002,1.3.2.1. 시장금리(일별),010300000,"회사채(3년, AA-)",,,,,,,연%,,20260508,4.218
817Y002,1.3.2.1. 시장금리(일별),010300000,"회사채(3년, AA-)",,,,,,,연%,,20260511,4.245
817Y002,1.3.2.1. 시장금리(일별),010300000,"회사채(3년, AA-)",,,,,,,연%,,20260512,4.311
817Y002,1.3.2.1. 시장금리(일별),010300000,"회사채(3년, AA-)",,,,,,,연%,,20260513,4.273
817Y002,1.3.2.1. 시장금리(일별),010300000,"회사채(3년, AA-)",,,,,,,연%,,20260514,4.284
817Y002,1.3.2.1. 시장금리(일별),010300000,"회사채(3년, AA-)",,,,,,,연%,,20260515,4.391
817Y002,1.3.2.1. 시장금리(일별),010300000,"회사채(3년, AA-)",,,,,,,연%,,20260518,4.381
817Y002,1.3.2.1. 시장금리(일별),010300000,"회사채(3년, AA-)",,,,,,,연%,,20260519,4.377
817Y002,1.3.2.1. 시장금리(일별),010300000,"회사채(3년, AA-)",,,,,,,연%,,20260520,4.386
817Y002,1.3.2.1. 시장금리(일별),010300000,"회사채(3년, AA-)",,,,,,,연%,,20260521,4.381
817Y002,1.3.2.1. 시장금리(일별),010300000,"회사채(3년, AA-)",,,,,,,연%,,20260522,4.361
817Y002,1.3.2.1. 시장금리(일별),010300000,"회사채(3년, AA-)",,,,,,,연%,,20260526,4.295
817Y002,1.3.2.1. 시장금리(일별),010300000,"회사채(3년, AA-)",,,,,,,연%,,20260527,4.336
817Y002,1.3.2.1. 시장금리(일별),010300000,"회사채(3년, AA-)",,,,,,,연%,,20260528,4.384
817Y002,1.3.2.1. 시장금리(일별),010300000,"회사채(3년, AA-)",,,,,,,연%,,20260529,4.353
817Y002,1.3.2.1. 시장금리(일별),010300000,"회사채(3년, AA-)",,,,,,,연%,,20260601,4.41
817Y002,1.3.2.1. 시장금리(일별),010300000,"회사채(3년, AA-)",,,,,,,연%,,20260602,4.397
817Y002,1.3.2.1. 시장금리(일별),010300000,"회사채(3년, AA-)",,,,,,,연%,,20260604,4.48
817Y002,1.3.2.1. 시장금리(일별),010300000,"회사채(3년, AA-)",,,,,,,연%,,20260605,4.501
817Y002,1.3.2.1. 시장금리(일별),010300000,"회사채(3년, AA-)",,,,,,,연%,,20260608,4.565
817Y002,1.3.2.1. 시장금리(일별),010300000,"회사채(3년, AA-)",,,,,,,연%,,20260609,4.492
817Y002,1.3.2.1. 시장금리(일별),010300000,"회사채(3년, AA-)",,,,,,,연%,,20260610,4.499
817Y002,1.3.2.1. 시장금리(일별),010300000,"회사채(3년, AA-)",,,,,,,연%,,20260611,4.515
817Y002,1.3.2.1. 시장금리(일별),010300000,"회사채(3년, AA-)",,,,,,,연%,,20260612,4.433
817Y002,1.3.2.1. 시장금리(일별),010300000,"회사채(3년, AA-)",,,,,,,연%,,20260615,4.373
817Y002,1.3.2.1. 시장금리(일별),010300000,"회사채(3년, AA-)",,,,,,,연%,,20260616,4.348
817Y002,1.3.2.1. 시장금리(일별),010300000,"회사채(3년, AA-)",,,,,,,연%,,20260617,4.345
817Y002,1.3.2.1. 시장금리(일별),010300000,"회사채(3년, AA-)",,,,,,,연%,,20260618,4.381
817Y002,1.3.2.1. 시장금리(일별),010300000,"회사채(3년, AA-)",,,,,,,연%,,20260619,4.419
817Y002,1.3.2.1. 시장금리(일별),010300000,"회사채(3년, AA-)",,,,,,,연%,,20260622,4.442
817Y002,1.3.2.1. 시장금리(일별),010300000,"회사채(3년, AA-)",,,,,,,연%,,20260623,4.417
817Y002,1.3.2.1. 시장금리(일별),010300000,"회사채(3년, AA-)",,,,,,,연%,,20260624,4.428
817Y002,1.3.2.1. 시장금리(일별),010300000,"회사채(3년, AA-)",,,,,,,연%,,20260625,4.403
817Y002,1.3.2.1. 시장금리(일별),010300000,"회사채(3년, AA-)",,,,,,,연%,,20260626,4.38
817Y002,1.3.2.1. 시장금리(일별),010300000,"회사채(3년, AA-)",,,,,,,연%,,20260629,4.396
817Y002,1.3.2.1. 시장금리(일별),010300000,"회사채(3년, AA-)",,,,,,,연%,,20260630,4.375
817Y002,1.3.2.1. 시장금리(일별),010300000,"회사채(3년, AA-)",,,,,,,연%,,20260701,4.466
817Y002,1.3.2.1. 시장금리(일별),010300000,"회사채(3년, AA-)",,,,,,,연%,,20260702,4.431
817Y002,1.3.2.1. 시장금리(일별),010300000,"회사채(3년, AA-)",,,,,,,연%,,20260703,4.433
817Y002,1.3.2.1. 시장금리(일별),010300000,"회사채(3년, AA-)",,,,,,,연%,,20260706,4.459
817Y002,1.3.2.1. 시장금리(일별),010300000,"회사채(3년, AA-)",,,,,,,연%,,20260707,4.472
817Y002,1.3.2.1. 시장금리(일별),010300000,"회사채(3년, AA-)",,,,,,,연%,,20260708,4.473
817Y002,1.3.2.1. 시장금리(일별),010300000,"회사채(3년, AA-)",,,,,,,연%,,20260709,4.478
817Y002,1.3.2.1. 시장금리(일별),010300000,"회사채(3년, AA-)",,,,,,,연%,,20260710,4.466
817Y002,1.3.2.1. 시장금리(일별),010300000,"회사채(3년, AA-)",,,,,,,연%,,20260713,4.506
817Y002,1.3.2.1. 시장금리(일별),010300000,"회사채(3년, AA-)",,,,,,,연%,,20260714,4.582
817Y002,1.3.2.1. 시장금리(일별),010300000,"회사채(3년, AA-)",,,,,,,연%,,20260715,4.563
817Y002,1.3.2.1. 시장금리(일별),010300000,"회사채(3년, AA-)",,,,,,,연%,,20260716,4.544
817Y002,1.3.2.1. 시장금리(일별),010300000,"회사채(3년, AA-)",,,,,,,연%,,20260720,4.59
817Y002,1.3.2.1. 시장금리(일별),010300000,"회사채(3년, AA-)",,,,,,,연%,,20260721,4.571
817Y002,1.3.2.1. 시장금리(일별),010300000,"회사채(3년, AA-)",,,,,,,연%,,20260722,4.604
817Y002,1.3.2.1. 시장금리(일별),010300000,"회사채(3년, AA-)",,,,,,,연%,,20260723,4.609
817Y002,1.3.2.1. 시장금리(일별),010300000,"회사채(3년, AA-)",,,,,,,연%,,20260724,4.653
817Y002,1.3.2.1. 시장금리(일별),010300000,"회사채(3년, AA-)",,,,,,,연%,,20260727,4.576
817Y002,1.3.2.1. 시장금리(일별),010300000,"회사채(3년, AA-)",,,,,,,연%,,20260728,4.545
817Y002,1.3.2.1. 시장금리(일별),010300000,"회사채(3년, AA-)",,,,,,,연%,,20260729,4.512
817Y002,1.3.2.1. 시장금리(일별),010300000,"회사채(3년, AA-)",,,,,,,연%,,20260730,4.541
817Y002,1.3.2.1. 시장금리(일별),010300000,"회사채(3년, AA-)",,,,,,,연%,,20260731,4.478
817Y002,1.3.2.1. 시장금리(일별),010300000,"회사채(3년, AA-)",,,,,,,연%,,20260803,4.462
817Y002,1.3.2.1. 시장금리(일별),010300000,"회사채(3년, AA-)",,,,,,,연%,,20260804,4.458
817Y002,1.3.2.1. 시장금리(일별),010300000,"회사채(3년, AA-)",,,,,,,연%,,20260805,4.392
817Y002,1.3.2.1. 시장금리(일별),010300000,"회사채(3년, AA-)",,,,,,,연%,,20260806,4.445
817Y002,1.3.2.1. 시장금리(일별),010300000,"회사채(3년, AA-)",,,,,,,연%,,20260807,4.448
