STAT_CODE,STAT_NAME,GRP_CODE,GRP_NAME,ITEM_CODE,ITEM_NAME,P_ITEM_CODE,P_ITEM_NAME,CYCLE,START_TIME,END_TIME,DATA_CNT,UNIT_NAME,WEIGHT
901Y009,4.2.1. 소비자물가지수,Group1,계정항목,0,총지수,,,A,1965,2025,61,2020=100,1000
901Y009,4.2.1. 소비자물가지수,Group1,계정항목,0,총지수,,,M,196501,202607,739,2020=100,1000
901Y009,4.2.1. 소비자물가지수,Group1,계정항목,0,총지수,,,Q,1965Q1,2026Q2,246,2020=100,1000
901Y009,4.2.1. 소비자물가지수,Group1,계정항목,A,식료품 및 비주류음료,0,총지수,A,1985,2025,41,2020=100,142
901Y009,4.2.1. 소비자물가지수,Group1,계정항목,A,식료품 및 비주류음료,0,총지수,M,198501,202607,499,2020=100,142
901Y009,4.2.1. 소비자물가지수,Group1,계정항목,A,식료품 및 비주류음료,0,총지수,Q,1985Q1,2026Q2,166,2020=100,142
901Y009,4.2.1. 소비자물가지수,Group1,계정항목,A01,식료품,A,식료품 및 비주류음료,A,1985,2025,41,2020=100,132.3
901Y009,4.2.1. 소비자물가지수,Group1,계정항목,A01,식료품,A,식료품 및 비주류음료,M,198501,202607,499,2020=100,132.3
901Y009,4.2.1. 소비자물가지수,Group1,계정항목,A01,식료품,A,식료품 및 비주류음료,Q,1985Q1,2026Q2,166,2020=100,132.3
901Y009,4.2.1. 소비자물가지수,Group1,계정항목,A011,빵 및 곡물,A01,식료품,A,1985,2025,41,2020=100,22.3
901Y009,4.2.1. 소비자물가지수,Group1,계정항목,A011,빵 및 곡물,A01,식료품,M,198501,202607,499,2020=100,22.3
901Y009,4.2.1. 소비자물가지수,Group1,계정항목,A011,빵 및 곡물,A01,식료품,Q,1985Q1,2026Q2,166,2020=100,22.3
901Y009,4.2.1. 소비자물가지수,Group1,계정항목,A01101,쌀,A011,빵 및 곡물,A,1975,2025,51,2020=100,4.2
901Y009,4.2.1. 소비자물가지수,Group1,계정항목,A01101,쌀,A011,빵 및 곡물,M,197501,202607,619,2020=100,4.2
901Y009,4.2.1. 소비자물가지수,Group1,계정항목,A01101,쌀,A011,빵 및 곡물,Q,1975Q1,2026Q2,206,2020=100,4.2
901Y009,4.2.1. 소비자물가지수,Group1,계정항목,A01102,현미,A011,빵 및 곡물,A,2015,2025,11,2020=100,0.4
901Y009,4.2.1. 소비자물가지수,Group1,계정항목,A01102,현미,A011,빵 및 곡물,M,201501,202607,139,2020=100,0.4
901Y009,4.2.1. 소비자물가지수,Group1,계정항목,A01102,현미,A011,빵 및 곡물,Q,2015Q1,2026Q2,46,2020=100,0.4
901Y009,4.2.1. 소비자물가지수,Group1,계정항목,A01103,찹쌀,A011,빵 및 곡물,A,1975,2025,51,2020=100,0.5
901Y009,4.2.1. 소비자물가지수,Group1,계정항목,A01103,찹쌀,A011,빵 및 곡물,M,197501,202607,619,2020=100,0.5
901Y009,4.2.1. 소비자물가지수,Group1,계정항목,A01103,찹쌀,A011,빵 및 곡물,Q,1975Q1,2026Q2,206,2020=100,0.5
901Y009,4.2.1. 소비자물가지수,Group1,계정항목,A01104,보리쌀,A011,빵 및 곡물,A,1975,2025,51,2020=100,0.2
901Y009,4.2.1. 소비자물가지수,Group1,계정항목,A01104,보리쌀,A011,빵 및 곡물,M,197501,202607,619,2020=100,0.2
901Y009,4.2.1. 소비자물가지수,Group1,계정항목,A01104,보리쌀,A011,빵 및 곡물,Q,1975Q1,2026Q2,206,2020=100,0.2
901Y009,4.2.1. 소비자물가지수,Group1,계정항목,A01105,콩,A011,빵 및 곡물,A,1975,2025,51,2020=100,0.5
901Y009,4.2.1. 소비자물가지수,Group1,계정항목,A01105,콩,A011,빵 및 곡물,M,197501,202607,619,2020=100,0.5
901Y009,4.2.1. 소비자물가지수,Group1,계정항목,A01105,콩,A011,빵 및 곡물,Q,1975Q1,2026Q2,206,2020=100,0.5
901Y009,4.2.1. 소비자물가지수,Group1,계정항목,A01106,땅콩,A011,빵 및 곡물,A,1975,2025,51,2020=100,0.1
901Y009,4.2.1. 소비자물가지수,Group1,계정항목,A01106,땅콩,A011,빵 및 곡물,M,197501,202607,619,2020=100,0.1
901Y009,4.2.1. 소비자물가지수,Group1,계정항목,A01106,땅콩,A011,빵 및 곡물,Q,1975Q1,2026Q2,206,2020=100,0.1
901Y009,4.2.1. 소비자물가지수,Group1,계정항목,A01107,혼식곡,A011,빵 및 곡물,A,2010,2025,16,2020=100,0.4
901Y009,4.2.1. 소비자물가지수,Group1,계정항목,A01107,혼식곡,A011,빵 및 곡물,M,201001,202607,199,2020=100,0.4
901Y009,4.2.1. 소비자물가지수,Group1,계정항목,A01107,혼식곡,A011,빵 및 곡물,Q,2010Q1,2026Q2,66,2020=100,0.4
901Y009,4.2.1. 소비자물가지수,Group1,계정항목,A01108,밀가루,A011,빵 및 곡물,A,1975,2025,51,2020=100,0.1
901Y009,4.2.1. 소비자물가지수,Group1,계정항목,A01108,밀가루,A011,빵 및 곡물,M,197501,202607,619,2020=100,0.1
901Y009,4.2.1. 소비자물가지수,Group1,계정항목,A01108,밀가루,A011,빵 및 곡물,Q,1975Q1,2026Q2,206,2020=100,0.1
901Y009,4.2.1. 소비자물가지수,Group1,계정항목,A01109,국수,A011,빵 및 곡물,A,1975,2025,51,2020=100,0.7
901Y009,4.2.1. 소비자물가지수,Group1,계정항목,A01109,국수,A011,빵 및 곡물,M,197501,202607,619,2020=100,0.7
901Y009,4.2.1. 소비자물가지수,Group1,계정항목,A01109,국수,A011,빵 및 곡물,Q,1975Q1,2026Q2,206,2020=100,0.7
901Y009,4.2.1. 소비자물가지수,Group1,계정항목,A01110,라면,A011,빵 및 곡물,A,1975,2025,51,2020=100,2.4
901Y009,4.2.1. 소비자물가지수,Group1,계정항목,A01110,라면,A011,빵 및 곡물,M,197501,202607,619,2020=100,2.4
901Y009,4.2.1. 소비자물가지수,Group1,계정항목,A01110,라면,A011,빵 및 곡물,Q,1975Q1,2026Q2,206,2020=100,2.4
901Y009,4.2.1. 소비자물가지수,Group1,계정항목,A01111,당면,A011,빵 및 곡물,A,1975,2025,51,2020=100,0.2
901Y009,4.2.1. 소비자물가지수,Group1,계정항목,A01111,당면,A011,빵 및 곡물,M,197501,202607,619,2020=100,0.2
901Y009,4.2.1. 소비자물가지수,Group1,계정항목,A01111,당면,A011,빵 및 곡물,Q,1975Q1,2026Q2,206,2020=100,0.2
901Y009,4.2.1. 소비자물가지수,Group1,계정항목,A01112,두부,A011,빵 및 곡물,A,1975,2025,51,2020=100,1.2
901Y009,4.2.1. 소비자물가지수,Group1,계정항목,A01112,두부,A011,빵 및 곡물,M,197501,202607,619,2020=100,1.2
901Y009,4.2.1. 소비자물가지수,Group1,계정항목,A01112,두부,A011,빵 및 곡물,Q,1975Q1,2026Q2,206,2020=100,1.2
901Y009,4.2.1. 소비자물가지수,Group1,계정항목,A01113,시리얼,A011,빵 및 곡물,A,1995,2025,31,2020=100,0.4
901Y009,4.2.1. 소비자물가지수,Group1,계정항목,A01113,시리얼,A011,빵 및 곡물,M,199501,202607,379,2020=100,0.4
901Y009,4.2.1. 소비자물가지수,Group1,계정항목,A01113,시리얼,A011,빵 및 곡물,Q,1995Q1,2026Q2,126,2020=100,0.4
901Y009,4.2.1. 소비자물가지수,Group1,계정항목,A01114,부침가루,A011,빵 및 곡물,A,2000,2025,26,2020=100,0.6
901Y009,4.2.1. 소비자물가지수,Group1,계정항목,A01114,부침가루,A011,빵 및 곡물,M,200001,202607,319,2020=100,0.6
901Y009,4.2.1. 소비자물가지수,Group1,계정항목,A01114,부침가루,A011,빵 및 곡물,Q,2000Q1,2026Q2,106,2020=100,0.6
901Y009,4.2.1. 소비자물가지수,Group1,계정항목,A01115,케이크,A011,빵 및 곡물,A,1985,2025,41,2020=100,1.6
901Y009,4.2.1. 소비자물가지수,Group1,계정항목,A01115,케이크,A011,빵 및 곡물,M,198501,202607,499,2020=100,1.6
901Y009,4.2.1. 소비자물가지수,Group1,계정항목,A01115,케이크,A011,빵 및 곡물,Q,1985Q1,2026Q2,166,2020=100,1.6
901Y009,4.2.1. 소비자물가지수,Group1,계정항목,A01116,빵,A011,빵 및 곡물,A,1985,2025,41,2020=100,6.8
901Y009,4.2.1. 소비자물가지수,Group1,계정항목,A01116,빵,A011,빵 및 곡물,M,198001,202607,559,2020=100,6.8
901Y009,4.2.1. 소비자물가지수,Group1,계정항목,A01116,빵,A011,빵 및 곡물,Q,1985Q1,2026Q2,166,2020=100,6.8
901Y009,4.2.1. 소비자물가지수,Group1,계정항목,A01117,떡,A011,빵 및 곡물,A,1975,2025,51,2020=100,1.9
901Y009,4.2.1. 소비자물가지수,Group1,계정항목,A01117,떡,A011,빵 및 곡물,M,197501,202607,619,2020=100,1.9
901Y009,4.2.1. 소비자물가지수,Group1,계정항목,A01117,떡,A011,빵 및 곡물,Q,1975Q1,2026Q2,206,2020=100,1.9
901Y009,4.2.1. 소비자물가지수,Group1,계정항목,A01118,파스타면,A011,빵 및 곡물,A,2015,2025,11,2020=100,0.1
901Y009,4.2.1. 소비자물가지수,Group1,계정항목,A01118,파스타면,A011,빵 및 곡물,M,201501,202607,139,2020=100,0.1
901Y009,4.2.1. 소비자물가지수,Group1,계정항목,A01118,파스타면,A011,빵 및 곡물,Q,2015Q1,2026Q2,46,2020=100,0.1
901Y009,4.2.1. 소비자물가지수,Group1,계정항목,A012,육류,A01,식료품,A,1985,2025,41,2020=100,28.6
901Y009,4.2.1. 소비자물가지수,Group1,계정항목,A012,육류,A01,식료품,M,198501,202607,499,2020=100,28.6
901Y009,4.2.1. 소비자물가지수,Group1,계정항목,A012,육류,A01,식료품,Q,1985Q1,2026Q2,166,2020=100,28.6
901Y009,4.2.1. 소비자물가지수,Group1,계정항목,A01201,국산쇠고기,A012,육류,A,1975,2025,51,2020=100,8.6
901Y009,4.2.1. 소비자물가지수,Group1,계정항목,A01201,국산쇠고기,A012,육류,M,197501,202607,619,2020=100,8.6
901Y009,4.2.1. 소비자물가지수,Group1,계정항목,A01201,국산쇠고기,A012,육류,Q,1975Q1,2026Q2,206,2020=100,8.6
901Y009,4.2.1. 소비자물가지수,Group1,계정항목,A01202,수입쇠고기,A012,육류,A,1995,2025,31,2020=100,3.1
901Y009,4.2.1. 소비자물가지수,Group1,계정항목,A01202,수입쇠고기,A012,육류,M,199501,202607,379,2020=100,3.1
901Y009,4.2.1. 소비자물가지수,Group1,계정항목,A01202,수입쇠고기,A012,육류,Q,1995Q1,2026Q2,126,2020=100,3.1
901Y009,4.2.1. 소비자물가지수,Group1,계정항목,A01203,돼지고기,A012,육류,A,1975,2025,51,2020=100,9.8
901Y009,4.2.1. 소비자물가지수,Group1,계정항목,A01203,돼지고기,A012,육류,M,197501,202607,619,2020=100,9.8
901Y009,4.2.1. 소비자물가지수,Group1,계정항목,A01203,돼지고기,A012,육류,Q,1975Q1,2026Q2,206,2020=100,9.8
901Y009,4.2.1. 소비자물가지수,Group1,계정항목,A01204,닭고기,A012,육류,A,1975,2025,51,2020=100,1.5
901Y009,4.2.1. 소비자물가지수,Group1,계정항목,A01204,닭고기,A012,육류,M,197501,202607,619,2020=100,1.5
901Y009,4.2.1. 소비자물가지수,Group1,계정항목,A01204,닭고기,A012,육류,Q,1975Q1,2026Q2,206,2020=100,1.5
901Y009,4.2.1. 소비자물가지수,Group1,계정항목,A01205,소시지,A012,육류,A,1975,2025,51,2020=100,2
901Y009,4.2.1. 소비자물가지수,Group1,계정항목,A01205,소시지,A012,육류,M,197501,202607,619,2020=100,2
901Y009,4.2.1. 소비자물가지수,Group1,계정항목,A01205,소시지,A012,육류,Q,1975Q1,2026Q2,206,2020=100,2
901Y009,4.2.1. 소비자물가지수,Group1,계정항목,A01206,햄및베이컨,A012,육류,A,2005,2025,21,2020=100,2.7
901Y009,4.2.1. 소비자물가지수,Group1,계정항목,A01206,햄및베이컨,A012,육류,M,200501,202607,259,2020=100,2.7
901Y009,4.2.1. 소비자물가지수,Group1,계정항목,A01206,햄및베이컨,A012,육류,Q,2005Q1,2026Q2,86,2020=100,2.7
901Y009,4.2.1. 소비자물가지수,Group1,계정항목,A01207,기타육류가공품,A012,육류,A,2020,2025,6,2020=100,0.9
901Y009,4.2.1. 소비자물가지수,Group1,계정항목,A01207,기타육류가공품,A012,육류,M,202001,202607,79,2020=100,0.9
901Y009,4.2.1. 소비자물가지수,Group1,계정항목,A01207,기타육류가공품,A012,육류,Q,2020Q1,2026Q2,26,2020=100,0.9
901Y009,4.2.1. 소비자물가지수,Group1,계정항목,A013,어류 및 수산,A01,식료품,A,1985,2025,41,2020=100,13
901Y009,4.2.1. 소비자물가지수,Group1,계정항목,A013,어류 및 수산,A01,식료품,M,198501,202607,499,2020=100,13
901Y009,4.2.1. 소비자물가지수,Group1,계정항목,A013,어류 및 수산,A01,식료품,Q,1985Q1,2026Q2,166,2020=100,13
901Y009,4.2.1. 소비자물가지수,Group1,계정항목,A01301,갈치,A013,어류 및 수산,A,1975,2025,51,2020=100,1.1
901Y009,4.2.1. 소비자물가지수,Group1,계정항목,A01301,갈치,A013,어류 및 수산,M,197501,202607,619,2020=100,1.1
901Y009,4.2.1. 소비자물가지수,Group1,계정항목,A01301,갈치,A013,어류 및 수산,Q,1975Q1,2026Q2,206,2020=100,1.1
901Y009,4.2.1. 소비자물가지수,Group1,계정항목,A01302,명태,A013,어류 및 수산,A,1975,2025,51,2020=100,0.7
901Y009,4.2.1. 소비자물가지수,Group1,계정항목,A01302,명태,A013,어류 및 수산,M,197501,202607,619,2020=100,0.7
901Y009,4.2.1. 소비자물가지수,Group1,계정항목,A01302,명태,A013,어류 및 수산,Q,1975Q1,2026Q2,206,2020=100,0.7
901Y009,4.2.1. 소비자물가지수,Group1,계정항목,A01303,조기,A013,어류 및 수산,A,1975,2025,51,2020=100,0.9
901Y009,4.2.1. 소비자물가지수,Group1,계정항목,A01303,조기,A013,어류 및 수산,M,197501,202607,619,2020=100,0.9
901Y009,4.2.1. 소비자물가지수,Group1,계정항목,A01303,조기,A013,어류 및 수산,Q,1975Q1,2026Q2,206,2020=100,0.9
901Y009,4.2.1. 소비자물가지수,Group1,계정항목,A01304,고등어,A013,어류 및 수산,A,1975,2025,51,2020=100,2
901Y009,4.2.1. 소비자물가지수,Group1,계정항목,A01304,고등어,A013,어류 및 수산,M,197501,202607,619,2020=100,2
901Y009,4.2.1. 소비자물가지수,Group1,계정항목,A01304,고등어,A013,어류 및 수산,Q,1975Q1,2026Q2,206,2020=100,2
901Y009,4.2.1. 소비자물가지수,Group1,계정항목,A01305,오징어,A013,어류 및 수산,A,1975,2025,51,2020=100,1
901Y009,4.2.1. 소비자물가지수,Group1,계정항목,A01305,오징어,A013,어류 및 수산,M,197501,202607,619,2020=100,1
901Y009,4.2.1. 소비자물가지수,Group1,계정항목,A01305,오징어,A013,어류 및 수산,Q,1975Q1,2026Q2,206,2020=100,1
901Y009,4.2.1. 소비자물가지수,Group1,계정항목,A01306,게,A013,어류 및 수산,A,2010,2025,16,2020=100,0.9
901Y009,4.2.1. 소비자물가지수,Group1,계정항목,A01306,게,A013,어류 및 수산,M,201001,202607,199,2020=100,0.9
901Y009,4.2.1. 소비자물가지수,Group1,계정항목,A01306,게,A013,어류 및 수산,Q,2010Q1,2026Q2,66,2020=100,0.9
901Y009,4.2.1. 소비자물가지수,Group1,계정항목,A01307,굴,A013,어류 및 수산,A,1975,2025,51,2020=100,0.4
901Y009,4.2.1. 소비자물가지수,Group1,계정항목,A01307,굴,A013,어류 및 수산,M,197501,202607,619,2020=100,0.4
901Y009,4.2.1. 소비자물가지수,Group1,계정항목,A01307,굴,A013,어류 및 수산,Q,1975Q1,2026Q2,206,2020=100,0.4
901Y009,4.2.1. 소비자물가지수,Group1,계정항목,A01308,조개,A013,어류 및 수산,A,1975,2025,51,2020=100,0.6
901Y009,4.2.1. 소비자물가지수,Group1,계정항목,A01308,조개,A013,어류 및 수산,M,197501,202607,619,2020=100,0.6
901Y009,4.2.1. 소비자물가지수,Group1,계정항목,A01308,조개,A013,어류 및 수산,Q,1975Q1,2026Q2,206,2020=100,0.6
901Y009,4.2.1. 소비자물가지수,Group1,계정항목,A01309,전복,A013,어류 및 수산,A,2010,2025,16,2020=100,0.5
901Y009,4.2.1. 소비자물가지수,Group1,계정항목,A01309,전복,A013,어류 및 수산,M,201001,202607,199,2020=100,0.5
901Y009,4.2.1. 소비자물가지수,Group1,계정항목,A01309,전복,A013,어류 및 수산,Q,2010Q1,2026Q2,66,2020=100,0.5
901Y009,4.2.1. 소비자물가지수,Group1,계정항목,A01310,새우,A013,어류 및 수산,A,2020,2025,6,2020=100,0.7
901Y009,4.2.1. 소비자물가지수,Group1,계정항목,A01310,새우,A013,어류 및 수산,M,202001,202607,79,2020=100,0.7
901Y009,4.2.1. 소비자물가지수,Group1,계정항목,A01310,새우,A013,어류 및 수산,Q,2020Q1,2026Q2,26,2020=100,0.7
901Y009,4.2.1. 소비자물가지수,Group1,계정항목,A01311,마른멸치,A013,어류 및 수산,A,1975,2025,51,2020=100,0.5
901Y009,4.2.1. 소비자물가지수,Group1,계정항목,A01311,마른멸치,A013,어류 및 수산,M,197501,202607,619,2020=100,0.5
901Y009,4.2.1. 소비자물가지수,Group1,계정항목,A01311,마른멸치,A013,어류 및 수산,Q,1975Q1,2026Q2,206,2020=100,0.5
901Y009,4.2.1. 소비자물가지수,Group1,계정항목,A01312,마른오징어,A013,어류 및 수산,A,1975,2025,51,2020=100,0.2
901Y009,4.2.1. 소비자물가지수,Group1,계정항목,A01312,마른오징어,A013,어류 및 수산,M,197501,202607,619,2020=100,0.2
901Y009,4.2.1. 소비자물가지수,Group1,계정항목,A01312,마른오징어,A013,어류 및 수산,Q,1975Q1,2026Q2,206,2020=100,0.2
901Y009,4.2.1. 소비자물가지수,Group1,계정항목,A01313,낙지,A013,어류 및 수산,A,2015,2025,11,2020=100,0.5
901Y009,4.2.1. 소비자물가지수,Group1,계정항목,A01313,낙지,A013,어류 및 수산,M,201501,202607,139,2020=100,0.5
901Y009,4.2.1. 소비자물가지수,Group1,계정항목,A01313,낙지,A013,어류 및 수산,Q,2015Q1,2026Q2,46,2020=100,0.5
901Y009,4.2.1. 소비자물가지수,Group1,계정항목,A01314,오징어채,A013,어류 및 수산,A,1990,2025,36,2020=100,0.2
901Y009,4.2.1. 소비자물가지수,Group1,계정항목,A01314,오징어채,A013,어류 및 수산,M,199001,202607,439,2020=100,0.2
901Y009,4.2.1. 소비자물가지수,Group1,계정항목,A01314,오징어채,A013,어류 및 수산,Q,1990Q1,2026Q2,146,2020=100,0.2
901Y009,4.2.1. 소비자물가지수,Group1,계정항목,A01315,북어채,A013,어류 및 수산,A,1990,2025,36,2020=100,0.4
901Y009,4.2.1. 소비자물가지수,Group1,계정항목,A01315,북어채,A013,어류 및 수산,M,199001,202607,439,2020=100,0.4
901Y009,4.2.1. 소비자물가지수,Group1,계정항목,A01315,북어채,A013,어류 및 수산,Q,1990Q1,2026Q2,146,2020=100,0.4
901Y009,4.2.1. 소비자물가지수,Group1,계정항목,A01316,어묵,A013,어류 및 수산,A,1985,2025,41,2020=100,0.8
901Y009,4.2.1. 소비자물가지수,Group1,계정항목,A01316,어묵,A013,어류 및 수산,M,198501,202607,499,2020=100,0.8
901Y009,4.2.1. 소비자물가지수,Group1,계정항목,A01316,어묵,A013,어류 및 수산,Q,1985Q1,2026Q2,166,2020=100,0.8
901Y009,4.2.1. 소비자물가지수,Group1,계정항목,A01317,맛살,A013,어류 및 수산,A,1990,2025,36,2020=100,0.2
901Y009,4.2.1. 소비자물가지수,Group1,계정항목,A01317,맛살,A013,어류 및 수산,M,199001,202607,439,2020=100,0.2
901Y009,4.2.1. 소비자물가지수,Group1,계정항목,A01317,맛살,A013,어류 및 수산,Q,1990Q1,2026Q2,146,2020=100,0.2
901Y009,4.2.1. 소비자물가지수,Group1,계정항목,A01318,수산물통조림,A013,어류 및 수산,A,1975,2025,51,2020=100,0.7
901Y009,4.2.1. 소비자물가지수,Group1,계정항목,A01318,수산물통조림,A013,어류 및 수산,M,197501,202607,619,2020=100,0.7
901Y009,4.2.1. 소비자물가지수,Group1,계정항목,A01318,수산물통조림,A013,어류 및 수산,Q,1975Q1,2026Q2,206,2020=100,0.7
901Y009,4.2.1. 소비자물가지수,Group1,계정항목,A01319,젓갈,A013,어류 및 수산,A,1975,2025,51,2020=100,0.7
901Y009,4.2.1. 소비자물가지수,Group1,계정항목,A01319,젓갈,A013,어류 및 수산,M,197501,202607,619,2020=100,0.7
901Y009,4.2.1. 소비자물가지수,Group1,계정항목,A01319,젓갈,A013,어류 및 수산,Q,1975Q1,2026Q2,206,2020=100,0.7
901Y009,4.2.1. 소비자물가지수,Group1,계정항목,A014,"우유, 치즈 및 계란",A01,식료품,A,1985,2025,41,2020=100,9.6
901Y009,4.2.1. 소비자물가지수,Group1,계정항목,A014,"우유, 치즈 및 계란",A01,식료품,M,198501,202607,499,2020=100,9.6
901Y009,4.2.1. 소비자물가지수,Group1,계정항목,A014,"우유, 치즈 및 계란",A01,식료품,Q,1985Q1,2026Q2,166,2020=100,9.6
901Y009,4.2.1. 소비자물가지수,Group1,계정항목,A01401,우유,A014,"우유, 치즈 및 계란",A,1985,2025,41,2020=100,3.4
901Y009,4.2.1. 소비자물가지수,Group1,계정항목,A01401,우유,A014,"우유, 치즈 및 계란",M,198501,202607,499,2020=100,3.4
901Y009,4.2.1. 소비자물가지수,Group1,계정항목,A01401,우유,A014,"우유, 치즈 및 계란",Q,1985Q1,2026Q2,166,2020=100,3.4
901Y009,4.2.1. 소비자물가지수,Group1,계정항목,A01402,분유,A014,"우유, 치즈 및 계란",A,1975,2025,51,2020=100,0.5
901Y009,4.2.1. 소비자물가지수,Group1,계정항목,A01402,분유,A014,"우유, 치즈 및 계란",M,197501,202607,619,2020=100,0.5
901Y009,4.2.1. 소비자물가지수,Group1,계정항목,A01402,분유,A014,"우유, 치즈 및 계란",Q,1975Q1,2026Q2,206,2020=100,0.5
901Y009,4.2.1. 소비자물가지수,Group1,계정항목,A01403,치즈,A014,"우유, 치즈 및 계란",A,1990,2025,36,2020=100,0.7
901Y009,4.2.1. 소비자물가지수,Group1,계정항목,A01403,치즈,A014,"우유, 치즈 및 계란",M,199001,202607,439,2020=100,0.7
901Y009,4.2.1. 소비자물가지수,Group1,계정항목,A01403,치즈,A014,"우유, 치즈 및 계란",Q,1990Q1,2026Q2,146,2020=100,0.7
901Y009,4.2.1. 소비자물가지수,Group1,계정항목,A01404,발효유,A014,"우유, 치즈 및 계란",A,1975,2025,51,2020=100,2
901Y009,4.2.1. 소비자물가지수,Group1,계정항목,A01404,발효유,A014,"우유, 치즈 및 계란",M,197501,202607,619,2020=100,2
901Y009,4.2.1. 소비자물가지수,Group1,계정항목,A01404,발효유,A014,"우유, 치즈 및 계란",Q,1975Q1,2026Q2,206,2020=100,2
901Y009,4.2.1. 소비자물가지수,Group1,계정항목,A01405,달걀,A014,"우유, 치즈 및 계란",A,1975,2025,51,2020=100,3
901Y009,4.2.1. 소비자물가지수,Group1,계정항목,A01405,달걀,A014,"우유, 치즈 및 계란",M,197501,202607,619,2020=100,3
901Y009,4.2.1. 소비자물가지수,Group1,계정항목,A01405,달걀,A014,"우유, 치즈 및 계란",Q,1975Q1,2026Q2,206,2020=100,3
901Y009,4.2.1. 소비자물가지수,Group1,계정항목,A015,식용유지,A01,식료품,A,1985,2025,41,2020=100,1.4
901Y009,4.2.1. 소비자물가지수,Group1,계정항목,A015,식용유지,A01,식료품,M,198501,202607,499,2020=100,1.4
901Y009,4.2.1. 소비자물가지수,Group1,계정항목,A015,식용유지,A01,식료품,Q,1985Q1,2026Q2,166,2020=100,1.4
901Y009,4.2.1. 소비자물가지수,Group1,계정항목,A01501,참기름,A015,식용유지,A,1975,2025,51,2020=100,0.6
901Y009,4.2.1. 소비자물가지수,Group1,계정항목,A01501,참기름,A015,식용유지,M,197501,202607,619,2020=100,0.6
901Y009,4.2.1. 소비자물가지수,Group1,계정항목,A01501,참기름,A015,식용유지,Q,1975Q1,2026Q2,206,2020=100,0.6
901Y009,4.2.1. 소비자물가지수,Group1,계정항목,A01502,식용유,A015,식용유지,A,1975,2025,51,2020=100,0.8
901Y009,4.2.1. 소비자물가지수,Group1,계정항목,A01502,식용유,A015,식용유지,M,197501,202607,619,2020=100,0.8
901Y009,4.2.1. 소비자물가지수,Group1,계정항목,A01502,식용유,A015,식용유지,Q,1975Q1,2026Q2,206,2020=100,0.8
901Y009,4.2.1. 소비자물가지수,Group1,계정항목,A016,과일,A01,식료품,A,1985,2025,41,2020=100,15.6
901Y009,4.2.1. 소비자물가지수,Group1,계정항목,A016,과일,A01,식료품,M,198501,202607,499,2020=100,15.6
901Y009,4.2.1. 소비자물가지수,Group1,계정항목,A016,과일,A01,식료품,Q,1985Q1,2026Q2,166,2020=100,15.6
901Y009,4.2.1. 소비자물가지수,Group1,계정항목,A01601,사과,A016,과일,A,1980,2025,46,2020=100,2.3
901Y009,4.2.1. 소비자물가지수,Group1,계정항목,A01601,사과,A016,과일,M,198001,202607,559,2020=100,2.3
901Y009,4.2.1. 소비자물가지수,Group1,계정항목,A01601,사과,A016,과일,Q,1980Q1,2026Q2,186,2020=100,2.3
901Y009,4.2.1. 소비자물가지수,Group1,계정항목,A01602,배,A016,과일,A,1975,2025,51,2020=100,0.7
901Y009,4.2.1. 소비자물가지수,Group1,계정항목,A01602,배,A016,과일,M,197501,202607,619,2020=100,0.7
901Y009,4.2.1. 소비자물가지수,Group1,계정항목,A01602,배,A016,과일,Q,1975Q1,2026Q2,206,2020=100,0.7
901Y009,4.2.1. 소비자물가지수,Group1,계정항목,A01603,복숭아,A016,과일,A,1975,2025,51,2020=100,1
901Y009,4.2.1. 소비자물가지수,Group1,계정항목,A01603,복숭아,A016,과일,M,197501,202607,619,2020=100,1
901Y009,4.2.1. 소비자물가지수,Group1,계정항목,A01603,복숭아,A016,과일,Q,1975Q1,2026Q2,206,2020=100,1
901Y009,4.2.1. 소비자물가지수,Group1,계정항목,A01604,포도,A016,과일,A,1975,2025,51,2020=100,1.4
901Y009,4.2.1. 소비자물가지수,Group1,계정항목,A01604,포도,A016,과일,M,197501,202607,619,2020=100,1.4
901Y009,4.2.1. 소비자물가지수,Group1,계정항목,A01604,포도,A016,과일,Q,1975Q1,2026Q2,206,2020=100,1.4
901Y009,4.2.1. 소비자물가지수,Group1,계정항목,A01605,밤,A016,과일,A,1975,2025,51,2020=100,0.2
901Y009,4.2.1. 소비자물가지수,Group1,계정항목,A01605,밤,A016,과일,M,197501,202607,619,2020=100,0.2
901Y009,4.2.1. 소비자물가지수,Group1,계정항목,A01605,밤,A016,과일,Q,1975Q1,2026Q2,206,2020=100,0.2
901Y009,4.2.1. 소비자물가지수,Group1,계정항목,A01606,감,A016,과일,A,1975,2025,51,2020=100,0.5
901Y009,4.2.1. 소비자물가지수,Group1,계정항목,A01606,감,A016,과일,M,197501,202607,619,2020=100,0.5
901Y009,4.2.1. 소비자물가지수,Group1,계정항목,A01606,감,A016,과일,Q,1975Q1,2026Q2,206,2020=100,0.5
901Y009,4.2.1. 소비자물가지수,Group1,계정항목,A01607,귤,A016,과일,A,1975,2025,51,2020=100,1.8
901Y009,4.2.1. 소비자물가지수,Group1,계정항목,A01607,귤,A016,과일,M,197501,202607,619,2020=100,1.8
901Y009,4.2.1. 소비자물가지수,Group1,계정항목,A01607,귤,A016,과일,Q,1975Q1,2026Q2,206,2020=100,1.8
901Y009,4.2.1. 소비자물가지수,Group1,계정항목,A01608,오렌지,A016,과일,A,1995,2025,31,2020=100,0.4
901Y009,4.2.1. 소비자물가지수,Group1,계정항목,A01608,오렌지,A016,과일,M,199501,202607,379,2020=100,0.4
901Y009,4.2.1. 소비자물가지수,Group1,계정항목,A01608,오렌지,A016,과일,Q,1995Q1,2026Q2,126,2020=100,0.4
901Y009,4.2.1. 소비자물가지수,Group1,계정항목,A01609,참외,A016,과일,A,1975,2025,51,2020=100,1
901Y009,4.2.1. 소비자물가지수,Group1,계정항목,A01609,참외,A016,과일,M,197501,202607,619,2020=100,1
901Y009,4.2.1. 소비자물가지수,Group1,계정항목,A01609,참외,A016,과일,Q,1975Q1,2026Q2,206,2020=100,1
901Y009,4.2.1. 소비자물가지수,Group1,계정항목,A01610,수박,A016,과일,A,1975,2025,51,2020=100,1
901Y009,4.2.1. 소비자물가지수,Group1,계정항목,A01610,수박,A016,과일,M,197501,202607,619,2020=100,1
901Y009,4.2.1. 소비자물가지수,Group1,계정항목,A01610,수박,A016,과일,Q,1975Q1,2026Q2,206,2020=100,1
901Y009,4.2.1. 소비자물가지수,Group1,계정항목,A01611,딸기,A016,과일,A,1975,2025,51,2020=100,1.5
901Y009,4.2.1. 소비자물가지수,Group1,계정항목,A01611,딸기,A016,과일,M,197501,202607,619,2020=100,1.5
901Y009,4.2.1. 소비자물가지수,Group1,계정항목,A01611,딸기,A016,과일,Q,1975Q1,2026Q2,206,2020=100,1.5
901Y009,4.2.1. 소비자물가지수,Group1,계정항목,A01612,바나나,A016,과일,A,1990,2025,36,2020=100,0.8
901Y009,4.2.1. 소비자물가지수,Group1,계정항목,A01612,바나나,A016,과일,M,199001,202607,439,2020=100,0.8
901Y009,4.2.1. 소비자물가지수,Group1,계정항목,A01612,바나나,A016,과일,Q,1990Q1,2026Q2,146,2020=100,0.8
901Y009,4.2.1. 소비자물가지수,Group1,계정항목,A01613,키위,A016,과일,A,2005,2025,21,2020=100,0.4
901Y009,4.2.1. 소비자물가지수,Group1,계정항목,A01613,키위,A016,과일,M,200501,202607,259,2020=100,0.4
901Y009,4.2.1. 소비자물가지수,Group1,계정항목,A01613,키위,A016,과일,Q,2005Q1,2026Q2,86,2020=100,0.4
901Y009,4.2.1. 소비자물가지수,Group1,계정항목,A01614,블루베리,A016,과일,A,2015,2025,11,2020=100,0.4
901Y009,4.2.1. 소비자물가지수,Group1,계정항목,A01614,블루베리,A016,과일,M,201501,202607,139,2020=100,0.4
901Y009,4.2.1. 소비자물가지수,Group1,계정항목,A01614,블루베리,A016,과일,Q,2015Q1,2026Q2,46,2020=100,0.4
901Y009,4.2.1. 소비자물가지수,Group1,계정항목,A01615,망고,A016,과일,A,2020,2025,6,2020=100,0.4
901Y009,4.2.1. 소비자물가지수,Group1,계정항목,A01615,망고,A016,과일,M,202001,202607,79,2020=100,0.4
901Y009,4.2.1. 소비자물가지수,Group1,계정항목,A01615,망고,A016,과일,Q,2020Q1,2026Q2,26,2020=100,0.4
901Y009,4.2.1. 소비자물가지수,Group1,계정항목,A01616,체리,A016,과일,A,2020,2025,6,2020=100,0.3
901Y009,4.2.1. 소비자물가지수,Group1,계정항목,A01616,체리,A016,과일,M,202001,202607,79,2020=100,0.3
901Y009,4.2.1. 소비자물가지수,Group1,계정항목,A01616,체리,A016,과일,Q,2020Q1,2026Q2,26,2020=100,0.3
901Y009,4.2.1. 소비자물가지수,Group1,계정항목,A01617,아보카도,A016,과일,A,2020,2025,6,2020=100,0.1
901Y009,4.2.1. 소비자물가지수,Group1,계정항목,A01617,아보카도,A016,과일,M,202001,202607,79,2020=100,0.1
901Y009,4.2.1. 소비자물가지수,Group1,계정항목,A01617,아보카도,A016,과일,Q,2020Q1,2026Q2,26,2020=100,0.1
901Y009,4.2.1. 소비자물가지수,Group1,계정항목,A01618,파인애플,A016,과일,A,2020,2025,6,2020=100,0.2
901Y009,4.2.1. 소비자물가지수,Group1,계정항목,A01618,파인애플,A016,과일,M,202001,202607,79,2020=100,0.2
901Y009,4.2.1. 소비자물가지수,Group1,계정항목,A01618,파인애플,A016,과일,Q,2020Q1,2026Q2,26,2020=100,0.2
901Y009,4.2.1. 소비자물가지수,Group1,계정항목,A01619,아몬드,A016,과일,A,2015,2025,11,2020=100,0.2
901Y009,4.2.1. 소비자물가지수,Group1,계정항목,A01619,아몬드,A016,과일,M,201501,202607,139,2020=100,0.2
901Y009,4.2.1. 소비자물가지수,Group1,계정항목,A01619,아몬드,A016,과일,Q,2015Q1,2026Q2,46,2020=100,0.2
901Y009,4.2.1. 소비자물가지수,Group1,계정항목,A01620,과일가공품,A016,과일,A,1975,2025,51,2020=100,1
901Y009,4.2.1. 소비자물가지수,Group1,계정항목,A01620,과일가공품,A016,과일,M,197501,202607,619,2020=100,1
901Y009,4.2.1. 소비자물가지수,Group1,계정항목,A01620,과일가공품,A016,과일,Q,1975Q1,2026Q2,206,2020=100,1
901Y009,4.2.1. 소비자물가지수,Group1,계정항목,A017,채소 및 해조,A01,식료품,A,1985,2025,41,2020=100,15.7
901Y009,4.2.1. 소비자물가지수,Group1,계정항목,A017,채소 및 해조,A01,식료품,M,198501,202607,499,2020=100,15.7
901Y009,4.2.1. 소비자물가지수,Group1,계정항목,A017,채소 및 해조,A01,식료품,Q,1985Q1,2026Q2,166,2020=100,15.7
901Y009,4.2.1. 소비자물가지수,Group1,계정항목,A01701,배추,A017,채소 및 해조,A,1975,2025,51,2020=100,1.3
901Y009,4.2.1. 소비자물가지수,Group1,계정항목,A01701,배추,A017,채소 및 해조,M,197501,202607,619,2020=100,1.3
901Y009,4.2.1. 소비자물가지수,Group1,계정항목,A01701,배추,A017,채소 및 해조,Q,1975Q1,2026Q2,206,2020=100,1.3
901Y009,4.2.1. 소비자물가지수,Group1,계정항목,A01702,상추,A017,채소 및 해조,A,1985,2025,41,2020=100,0.6
901Y009,4.2.1. 소비자물가지수,Group1,계정항목,A01702,상추,A017,채소 및 해조,M,197501,202607,619,2020=100,0.6
901Y009,4.2.1. 소비자물가지수,Group1,계정항목,A01702,상추,A017,채소 및 해조,Q,1985Q1,2026Q2,166,2020=100,0.6
901Y009,4.2.1. 소비자물가지수,Group1,계정항목,A01703,시금치,A017,채소 및 해조,A,1975,2025,51,2020=100,0.3
901Y009,4.2.1. 소비자물가지수,Group1,계정항목,A01703,시금치,A017,채소 및 해조,M,197501,202607,619,2020=100,0.3
901Y009,4.2.1. 소비자물가지수,Group1,계정항목,A01703,시금치,A017,채소 및 해조,Q,1975Q1,2026Q2,206,2020=100,0.3
901Y009,4.2.1. 소비자물가지수,Group1,계정항목,A01704,양배추,A017,채소 및 해조,A,1975,2025,51,2020=100,0.2
901Y009,4.2.1. 소비자물가지수,Group1,계정항목,A01704,양배추,A017,채소 및 해조,M,197501,202607,619,2020=100,0.2
901Y009,4.2.1. 소비자물가지수,Group1,계정항목,A01704,양배추,A017,채소 및 해조,Q,1975Q1,2026Q2,206,2020=100,0.2
901Y009,4.2.1. 소비자물가지수,Group1,계정항목,A01705,미나리,A017,채소 및 해조,A,1995,2025,31,2020=100,0.2
901Y009,4.2.1. 소비자물가지수,Group1,계정항목,A01705,미나리,A017,채소 및 해조,M,199501,202607,379,2020=100,0.2
901Y009,4.2.1. 소비자물가지수,Group1,계정항목,A01705,미나리,A017,채소 및 해조,Q,1995Q1,2026Q2,126,2020=100,0.2
901Y009,4.2.1. 소비자물가지수,Group1,계정항목,A01706,깻잎,A017,채소 및 해조,A,1995,2025,31,2020=100,0.2
901Y009,4.2.1. 소비자물가지수,Group1,계정항목,A01706,깻잎,A017,채소 및 해조,M,199501,202607,379,2020=100,0.2
901Y009,4.2.1. 소비자물가지수,Group1,계정항목,A01706,깻잎,A017,채소 및 해조,Q,1995Q1,2026Q2,126,2020=100,0.2
901Y009,4.2.1. 소비자물가지수,Group1,계정항목,A01707,부추,A017,채소 및 해조,A,1995,2025,31,2020=100,0.2
901Y009,4.2.1. 소비자물가지수,Group1,계정항목,A01707,부추,A017,채소 및 해조,M,199501,202607,379,2020=100,0.2
901Y009,4.2.1. 소비자물가지수,Group1,계정항목,A01707,부추,A017,채소 및 해조,Q,1995Q1,2026Q2,126,2020=100,0.2
901Y009,4.2.1. 소비자물가지수,Group1,계정항목,A01708,무,A017,채소 및 해조,A,1975,2025,51,2020=100,0.6
901Y009,4.2.1. 소비자물가지수,Group1,계정항목,A01708,무,A017,채소 및 해조,M,197501,202607,619,2020=100,0.6
901Y009,4.2.1. 소비자물가지수,Group1,계정항목,A01708,무,A017,채소 및 해조,Q,1975Q1,2026Q2,206,2020=100,0.6
901Y009,4.2.1. 소비자물가지수,Group1,계정항목,A01709,열무,A017,채소 및 해조,A,1990,2025,36,2020=100,0.2
901Y009,4.2.1. 소비자물가지수,Group1,계정항목,A01709,열무,A017,채소 및 해조,M,199001,202607,439,2020=100,0.2
901Y009,4.2.1. 소비자물가지수,Group1,계정항목,A01709,열무,A017,채소 및 해조,Q,1990Q1,2026Q2,146,2020=100,0.2
901Y009,4.2.1. 소비자물가지수,Group1,계정항목,A01710,당근,A017,채소 및 해조,A,1975,2025,51,2020=100,0.3
901Y009,4.2.1. 소비자물가지수,Group1,계정항목,A01710,당근,A017,채소 및 해조,M,197501,202607,619,2020=100,0.3
901Y009,4.2.1. 소비자물가지수,Group1,계정항목,A01710,당근,A017,채소 및 해조,Q,1975Q1,2026Q2,206,2020=100,0.3
901Y009,4.2.1. 소비자물가지수,Group1,계정항목,A01711,감자,A017,채소 및 해조,A,1975,2025,51,2020=100,0.6
901Y009,4.2.1. 소비자물가지수,Group1,계정항목,A01711,감자,A017,채소 및 해조,M,197501,202607,619,2020=100,0.6
901Y009,4.2.1. 소비자물가지수,Group1,계정항목,A01711,감자,A017,채소 및 해조,Q,1975Q1,2026Q2,206,2020=100,0.6
901Y009,4.2.1. 소비자물가지수,Group1,계정항목,A01712,고구마,A017,채소 및 해조,A,1975,2025,51,2020=100,1
901Y009,4.2.1. 소비자물가지수,Group1,계정항목,A01712,고구마,A017,채소 및 해조,M,197501,202607,619,2020=100,1
901Y009,4.2.1. 소비자물가지수,Group1,계정항목,A01712,고구마,A017,채소 및 해조,Q,1975Q1,2026Q2,206,2020=100,1
901Y009,4.2.1. 소비자물가지수,Group1,계정항목,A01713,도라지,A017,채소 및 해조,A,1975,2025,51,2020=100,0.1
901Y009,4.2.1. 소비자물가지수,Group1,계정항목,A01713,도라지,A017,채소 및 해조,M,197501,202607,619,2020=100,0.1
901Y009,4.2.1. 소비자물가지수,Group1,계정항목,A01713,도라지,A017,채소 및 해조,Q,1975Q1,2026Q2,206,2020=100,0.1
901Y009,4.2.1. 소비자물가지수,Group1,계정항목,A01714,콩나물,A017,채소 및 해조,A,1975,2025,51,2020=100,0.5
901Y009,4.2.1. 소비자물가지수,Group1,계정항목,A01714,콩나물,A017,채소 및 해조,M,197501,202607,619,2020=100,0.5
901Y009,4.2.1. 소비자물가지수,Group1,계정항목,A01714,콩나물,A017,채소 및 해조,Q,1975Q1,2026Q2,206,2020=100,0.5
901Y009,4.2.1. 소비자물가지수,Group1,계정항목,A01715,버섯,A017,채소 및 해조,A,1985,2025,41,2020=100,0.9
901Y009,4.2.1. 소비자물가지수,Group1,계정항목,A01715,버섯,A017,채소 및 해조,M,198501,202607,499,2020=100,0.9
901Y009,4.2.1. 소비자물가지수,Group1,계정항목,A01715,버섯,A017,채소 및 해조,Q,1985Q1,2026Q2,166,2020=100,0.9
901Y009,4.2.1. 소비자물가지수,Group1,계정항목,A01716,오이,A017,채소 및 해조,A,1975,2025,51,2020=100,0.6
901Y009,4.2.1. 소비자물가지수,Group1,계정항목,A01716,오이,A017,채소 및 해조,M,197501,202607,619,2020=100,0.6
901Y009,4.2.1. 소비자물가지수,Group1,계정항목,A01716,오이,A017,채소 및 해조,Q,1975Q1,2026Q2,206,2020=100,0.6
901Y009,4.2.1. 소비자물가지수,Group1,계정항목,A01717,풋고추,A017,채소 및 해조,A,1985,2025,41,2020=100,0.6
901Y009,4.2.1. 소비자물가지수,Group1,계정항목,A01717,풋고추,A017,채소 및 해조,M,198501,202607,499,2020=100,0.6
901Y009,4.2.1. 소비자물가지수,Group1,계정항목,A01717,풋고추,A017,채소 및 해조,Q,1985Q1,2026Q2,166,2020=100,0.6
901Y009,4.2.1. 소비자물가지수,Group1,계정항목,A01718,호박,A017,채소 및 해조,A,1975,2025,51,2020=100,0.5
901Y009,4.2.1. 소비자물가지수,Group1,계정항목,A01718,호박,A017,채소 및 해조,M,197501,202607,619,2020=100,0.5
901Y009,4.2.1. 소비자물가지수,Group1,계정항목,A01718,호박,A017,채소 및 해조,Q,1975Q1,2026Q2,206,2020=100,0.5
901Y009,4.2.1. 소비자물가지수,Group1,계정항목,A01719,가지,A017,채소 및 해조,A,1975,2025,51,2020=100,0.2
901Y009,4.2.1. 소비자물가지수,Group1,계정항목,A01719,가지,A017,채소 및 해조,M,197501,202607,619,2020=100,0.2
901Y009,4.2.1. 소비자물가지수,Group1,계정항목,A01719,가지,A017,채소 및 해조,Q,1975Q1,2026Q2,206,2020=100,0.2
901Y009,4.2.1. 소비자물가지수,Group1,계정항목,A01720,토마토,A017,채소 및 해조,A,1975,2025,51,2020=100,1.3
901Y009,4.2.1. 소비자물가지수,Group1,계정항목,A01720,토마토,A017,채소 및 해조,M,197501,202607,619,2020=100,1.3
901Y009,4.2.1. 소비자물가지수,Group1,계정항목,A01720,토마토,A017,채소 및 해조,Q,1975Q1,2026Q2,206,2020=100,1.3
901Y009,4.2.1. 소비자물가지수,Group1,계정항목,A01721,파,A017,채소 및 해조,A,1975,2025,51,2020=100,0.9
901Y009,4.2.1. 소비자물가지수,Group1,계정항목,A01721,파,A017,채소 및 해조,M,197501,202607,619,2020=100,0.9
901Y009,4.2.1. 소비자물가지수,Group1,계정항목,A01721,파,A017,채소 및 해조,Q,1975Q1,2026Q2,206,2020=100,0.9
901Y009,4.2.1. 소비자물가지수,Group1,계정항목,A01722,양파,A017,채소 및 해조,A,1975,2025,51,2020=100,0.7
901Y009,4.2.1. 소비자물가지수,Group1,계정항목,A01722,양파,A017,채소 및 해조,M,197501,202607,619,2020=100,0.7
901Y009,4.2.1. 소비자물가지수,Group1,계정항목,A01722,양파,A017,채소 및 해조,Q,1975Q1,2026Q2,206,2020=100,0.7
901Y009,4.2.1. 소비자물가지수,Group1,계정항목,A01723,마늘,A017,채소 및 해조,A,1975,2025,51,2020=100,1.3
901Y009,4.2.1. 소비자물가지수,Group1,계정항목,A01723,마늘,A017,채소 및 해조,M,197501,202607,619,2020=100,1.3
901Y009,4.2.1. 소비자물가지수,Group1,계정항목,A01723,마늘,A017,채소 및 해조,Q,1975Q1,2026Q2,206,2020=100,1.3
901Y009,4.2.1. 소비자물가지수,Group1,계정항목,A01724,브로콜리,A017,채소 및 해조,A,2005,2025,21,2020=100,0.2
901Y009,4.2.1. 소비자물가지수,Group1,계정항목,A01724,브로콜리,A017,채소 및 해조,M,200501,202607,259,2020=100,0.2
901Y009,4.2.1. 소비자물가지수,Group1,계정항목,A01724,브로콜리,A017,채소 및 해조,Q,2005Q1,2026Q2,86,2020=100,0.2
901Y009,4.2.1. 소비자물가지수,Group1,계정항목,A01725,고사리,A017,채소 및 해조,A,1985,2025,41,2020=100,0.1
901Y009,4.2.1. 소비자물가지수,Group1,계정항목,A01725,고사리,A017,채소 및 해조,M,198501,202607,499,2020=100,0.1
901Y009,4.2.1. 소비자물가지수,Group1,계정항목,A01725,고사리,A017,채소 및 해조,Q,1985Q1,2026Q2,166,2020=100,0.1
901Y009,4.2.1. 소비자물가지수,Group1,계정항목,A01726,파프리카,A017,채소 및 해조,A,2015,2025,11,2020=100,0.6
901Y009,4.2.1. 소비자물가지수,Group1,계정항목,A01726,파프리카,A017,채소 및 해조,M,201501,202607,139,2020=100,0.6
901Y009,4.2.1. 소비자물가지수,Group1,계정항목,A01726,파프리카,A017,채소 및 해조,Q,2015Q1,2026Q2,46,2020=100,0.6
901Y009,4.2.1. 소비자물가지수,Group1,계정항목,A01727,단무지,A017,채소 및 해조,A,1975,2025,51,2020=100,0.2
901Y009,4.2.1. 소비자물가지수,Group1,계정항목,A01727,단무지,A017,채소 및 해조,M,197501,202607,619,2020=100,0.2
901Y009,4.2.1. 소비자물가지수,Group1,계정항목,A01727,단무지,A017,채소 및 해조,Q,1975Q1,2026Q2,206,2020=100,0.2
901Y009,4.2.1. 소비자물가지수,Group1,계정항목,A01728,김,A017,채소 및 해조,A,1975,2025,51,2020=100,0.5
901Y009,4.2.1. 소비자물가지수,Group1,계정항목,A01728,김,A017,채소 및 해조,M,197501,202607,619,2020=100,0.5
901Y009,4.2.1. 소비자물가지수,Group1,계정항목,A01728,김,A017,채소 및 해조,Q,1975Q1,2026Q2,206,2020=100,0.5
901Y009,4.2.1. 소비자물가지수,Group1,계정항목,A01729,맛김,A017,채소 및 해조,A,1990,2025,36,2020=100,0.5
901Y009,4.2.1. 소비자물가지수,Group1,계정항목,A01729,맛김,A017,채소 및 해조,M,199001,202607,439,2020=100,0.5
901Y009,4.2.1. 소비자물가지수,Group1,계정항목,A01729,맛김,A017,채소 및 해조,Q,1990Q1,2026Q2,146,2020=100,0.5
901Y009,4.2.1. 소비자물가지수,Group1,계정항목,A01730,미역,A017,채소 및 해조,A,1975,2025,51,2020=100,0.3
901Y009,4.2.1. 소비자물가지수,Group1,계정항목,A01730,미역,A017,채소 및 해조,M,197501,202607,619,2020=100,0.3
901Y009,4.2.1. 소비자물가지수,Group1,계정항목,A01730,미역,A017,채소 및 해조,Q,1975Q1,2026Q2,206,2020=100,0.3
901Y009,4.2.1. 소비자물가지수,Group1,계정항목,A018,"과자, 빙과류 및 당류",A01,식료품,A,1985,2025,41,2020=100,10.4
901Y009,4.2.1. 소비자물가지수,Group1,계정항목,A018,"과자, 빙과류 및 당류",A01,식료품,M,198501,202607,499,2020=100,10.4
901Y009,4.2.1. 소비자물가지수,Group1,계정항목,A018,"과자, 빙과류 및 당류",A01,식료품,Q,1985Q1,2026Q2,166,2020=100,10.4
901Y009,4.2.1. 소비자물가지수,Group1,계정항목,A01801,초콜릿,A018,"과자, 빙과류 및 당류",A,1975,2025,51,2020=100,0.5
901Y009,4.2.1. 소비자물가지수,Group1,계정항목,A01801,초콜릿,A018,"과자, 빙과류 및 당류",M,197501,202607,619,2020=100,0.5
901Y009,4.2.1. 소비자물가지수,Group1,계정항목,A01801,초콜릿,A018,"과자, 빙과류 및 당류",Q,1975Q1,2026Q2,206,2020=100,0.5
901Y009,4.2.1. 소비자물가지수,Group1,계정항목,A01802,사탕,A018,"과자, 빙과류 및 당류",A,1975,2025,51,2020=100,0.8
901Y009,4.2.1. 소비자물가지수,Group1,계정항목,A01802,사탕,A018,"과자, 빙과류 및 당류",M,197501,202607,619,2020=100,0.8
901Y009,4.2.1. 소비자물가지수,Group1,계정항목,A01802,사탕,A018,"과자, 빙과류 및 당류",Q,1975Q1,2026Q2,206,2020=100,0.8
901Y009,4.2.1. 소비자물가지수,Group1,계정항목,A01803,껌,A018,"과자, 빙과류 및 당류",A,1975,2025,51,2020=100,0.1
901Y009,4.2.1. 소비자물가지수,Group1,계정항목,A01803,껌,A018,"과자, 빙과류 및 당류",M,197501,202607,619,2020=100,0.1
901Y009,4.2.1. 소비자물가지수,Group1,계정항목,A01803,껌,A018,"과자, 빙과류 및 당류",Q,1975Q1,2026Q2,206,2020=100,0.1
901Y009,4.2.1. 소비자물가지수,Group1,계정항목,A01804,아이스크림,A018,"과자, 빙과류 및 당류",A,1985,2025,41,2020=100,2.6
901Y009,4.2.1. 소비자물가지수,Group1,계정항목,A01804,아이스크림,A018,"과자, 빙과류 및 당류",M,198501,202607,499,2020=100,2.6
901Y009,4.2.1. 소비자물가지수,Group1,계정항목,A01804,아이스크림,A018,"과자, 빙과류 및 당류",Q,1985Q1,2026Q2,166,2020=100,2.6
901Y009,4.2.1. 소비자물가지수,Group1,계정항목,A01805,비스킷,A018,"과자, 빙과류 및 당류",A,1975,2025,51,2020=100,1.9
901Y009,4.2.1. 소비자물가지수,Group1,계정항목,A01805,비스킷,A018,"과자, 빙과류 및 당류",M,197501,202607,619,2020=100,1.9
901Y009,4.2.1. 소비자물가지수,Group1,계정항목,A01805,비스킷,A018,"과자, 빙과류 및 당류",Q,1975Q1,2026Q2,206,2020=100,1.9
901Y009,4.2.1. 소비자물가지수,Group1,계정항목,A01806,스낵과자,A018,"과자, 빙과류 및 당류",A,1980,2025,46,2020=100,2.9
901Y009,4.2.1. 소비자물가지수,Group1,계정항목,A01806,스낵과자,A018,"과자, 빙과류 및 당류",M,198001,202607,559,2020=100,2.9
901Y009,4.2.1. 소비자물가지수,Group1,계정항목,A01806,스낵과자,A018,"과자, 빙과류 및 당류",Q,1980Q1,2026Q2,186,2020=100,2.9
901Y009,4.2.1. 소비자물가지수,Group1,계정항목,A01807,파이,A018,"과자, 빙과류 및 당류",A,1985,2025,41,2020=100,0.6
901Y009,4.2.1. 소비자물가지수,Group1,계정항목,A01807,파이,A018,"과자, 빙과류 및 당류",M,198501,202607,499,2020=100,0.6
901Y009,4.2.1. 소비자물가지수,Group1,계정항목,A01807,파이,A018,"과자, 빙과류 및 당류",Q,1985Q1,2026Q2,166,2020=100,0.6
901Y009,4.2.1. 소비자물가지수,Group1,계정항목,A01808,설탕,A018,"과자, 빙과류 및 당류",A,1975,2025,51,2020=100,0.3
901Y009,4.2.1. 소비자물가지수,Group1,계정항목,A01808,설탕,A018,"과자, 빙과류 및 당류",M,197501,202607,619,2020=100,0.3
901Y009,4.2.1. 소비자물가지수,Group1,계정항목,A01808,설탕,A018,"과자, 빙과류 및 당류",Q,1975Q1,2026Q2,206,2020=100,0.3
901Y009,4.2.1. 소비자물가지수,Group1,계정항목,A01809,잼,A018,"과자, 빙과류 및 당류",A,2010,2025,16,2020=100,0.1
901Y009,4.2.1. 소비자물가지수,Group1,계정항목,A01809,잼,A018,"과자, 빙과류 및 당류",M,201001,202607,199,2020=100,0.1
901Y009,4.2.1. 소비자물가지수,Group1,계정항목,A01809,잼,A018,"과자, 빙과류 및 당류",Q,2010Q1,2026Q2,66,2020=100,0.1
901Y009,4.2.1. 소비자물가지수,Group1,계정항목,A01810,꿀,A018,"과자, 빙과류 및 당류",A,1985,2025,41,2020=100,0.4
901Y009,4.2.1. 소비자물가지수,Group1,계정항목,A01810,꿀,A018,"과자, 빙과류 및 당류",M,198501,202607,499,2020=100,0.4
901Y009,4.2.1. 소비자물가지수,Group1,계정항목,A01810,꿀,A018,"과자, 빙과류 및 당류",Q,1985Q1,2026Q2,166,2020=100,0.4
901Y009,4.2.1. 소비자물가지수,Group1,계정항목,A01811,물엿,A018,"과자, 빙과류 및 당류",A,1995,2025,31,2020=100,0.2
901Y009,4.2.1. 소비자물가지수,Group1,계정항목,A01811,물엿,A018,"과자, 빙과류 및 당류",M,199501,202607,379,2020=100,0.2
901Y009,4.2.1. 소비자물가지수,Group1,계정항목,A01811,물엿,A018,"과자, 빙과류 및 당류",Q,1995Q1,2026Q2,126,2020=100,0.2
901Y009,4.2.1. 소비자물가지수,Group1,계정항목,A019,기타 식료품,A01,식료품,A,1985,2025,41,2020=100,15.7
901Y009,4.2.1. 소비자물가지수,Group1,계정항목,A019,기타 식료품,A01,식료품,M,198501,202607,499,2020=100,15.7
901Y009,4.2.1. 소비자물가지수,Group1,계정항목,A019,기타 식료품,A01,식료품,Q,1985Q1,2026Q2,166,2020=100,15.7
901Y009,4.2.1. 소비자물가지수,Group1,계정항목,A01901,고춧가루,A019,기타 식료품,A,1975,2025,51,2020=100,1.6
901Y009,4.2.1. 소비자물가지수,Group1,계정항목,A01901,고춧가루,A019,기타 식료품,M,197501,202607,619,2020=100,1.6
901Y009,4.2.1. 소비자물가지수,Group1,계정항목,A01901,고춧가루,A019,기타 식료품,Q,1975Q1,2026Q2,206,2020=100,1.6
901Y009,4.2.1. 소비자물가지수,Group1,계정항목,A01902,참깨,A019,기타 식료품,A,1975,2025,51,2020=100,0.6
901Y009,4.2.1. 소비자물가지수,Group1,계정항목,A01902,참깨,A019,기타 식료품,M,197501,202607,619,2020=100,0.6
901Y009,4.2.1. 소비자물가지수,Group1,계정항목,A01902,참깨,A019,기타 식료품,Q,1975Q1,2026Q2,206,2020=100,0.6
901Y009,4.2.1. 소비자물가지수,Group1,계정항목,A01903,생강,A019,기타 식료품,A,1975,2025,51,2020=100,0.1
901Y009,4.2.1. 소비자물가지수,Group1,계정항목,A01903,생강,A019,기타 식료품,M,197501,202607,619,2020=100,0.1
901Y009,4.2.1. 소비자물가지수,Group1,계정항목,A01903,생강,A019,기타 식료품,Q,1975Q1,2026Q2,206,2020=100,0.1
901Y009,4.2.1. 소비자물가지수,Group1,계정항목,A01904,소금,A019,기타 식료품,A,1975,2025,51,2020=100,0.2
901Y009,4.2.1. 소비자물가지수,Group1,계정항목,A01904,소금,A019,기타 식료품,M,197501,202607,619,2020=100,0.2
901Y009,4.2.1. 소비자물가지수,Group1,계정항목,A01904,소금,A019,기타 식료품,Q,1975Q1,2026Q2,206,2020=100,0.2
901Y009,4.2.1. 소비자물가지수,Group1,계정항목,A01905,간장,A019,기타 식료품,A,1975,2025,51,2020=100,0.4
901Y009,4.2.1. 소비자물가지수,Group1,계정항목,A01905,간장,A019,기타 식료품,M,197501,202607,619,2020=100,0.4
901Y009,4.2.1. 소비자물가지수,Group1,계정항목,A01905,간장,A019,기타 식료품,Q,1975Q1,2026Q2,206,2020=100,0.4
901Y009,4.2.1. 소비자물가지수,Group1,계정항목,A01906,된장,A019,기타 식료품,A,1975,2025,51,2020=100,0.4
901Y009,4.2.1. 소비자물가지수,Group1,계정항목,A01906,된장,A019,기타 식료품,M,197501,202607,619,2020=100,0.4
901Y009,4.2.1. 소비자물가지수,Group1,계정항목,A01906,된장,A019,기타 식료품,Q,1975Q1,2026Q2,206,2020=100,0.4
901Y009,4.2.1. 소비자물가지수,Group1,계정항목,A01907,양념소스,A019,기타 식료품,A,2000,2025,26,2020=100,0.5
901Y009,4.2.1. 소비자물가지수,Group1,계정항목,A01907,양념소스,A019,기타 식료품,M,200001,202607,319,2020=100,0.5
901Y009,4.2.1. 소비자물가지수,Group1,계정항목,A01907,양념소스,A019,기타 식료품,Q,2000Q1,2026Q2,106,2020=100,0.5
901Y009,4.2.1. 소비자물가지수,Group1,계정항목,A01908,고추장,A019,기타 식료품,A,1975,2025,51,2020=100,0.3
901Y009,4.2.1. 소비자물가지수,Group1,계정항목,A01908,고추장,A019,기타 식료품,M,197501,202607,619,2020=100,0.3
901Y009,4.2.1. 소비자물가지수,Group1,계정항목,A01908,고추장,A019,기타 식료품,Q,1975Q1,2026Q2,206,2020=100,0.3
901Y009,4.2.1. 소비자물가지수,Group1,계정항목,A01909,카레,A019,기타 식료품,A,1980,2025,46,2020=100,0.2
901Y009,4.2.1. 소비자물가지수,Group1,계정항목,A01909,카레,A019,기타 식료품,M,198001,202607,559,2020=100,0.2
901Y009,4.2.1. 소비자물가지수,Group1,계정항목,A01909,카레,A019,기타 식료품,Q,1980Q1,2026Q2,186,2020=100,0.2
901Y009,4.2.1. 소비자물가지수,Group1,계정항목,A01910,식초,A019,기타 식료품,A,2015,2025,11,2020=100,0.1
901Y009,4.2.1. 소비자물가지수,Group1,계정항목,A01910,식초,A019,기타 식료품,M,201501,202607,139,2020=100,0.1
901Y009,4.2.1. 소비자물가지수,Group1,계정항목,A01910,식초,A019,기타 식료품,Q,2015Q1,2026Q2,46,2020=100,0.1
901Y009,4.2.1. 소비자물가지수,Group1,계정항목,A01911,드레싱,A019,기타 식료품,A,1980,2025,46,2020=100,0.2
901Y009,4.2.1. 소비자물가지수,Group1,계정항목,A01911,드레싱,A019,기타 식료품,M,198001,202607,559,2020=100,0.2
901Y009,4.2.1. 소비자물가지수,Group1,계정항목,A01911,드레싱,A019,기타 식료품,Q,1980Q1,2026Q2,186,2020=100,0.2
901Y009,4.2.1. 소비자물가지수,Group1,계정항목,A01912,혼합조미료,A019,기타 식료품,A,1985,2025,41,2020=100,0.3
901Y009,4.2.1. 소비자물가지수,Group1,계정항목,A01912,혼합조미료,A019,기타 식료품,M,198501,202607,499,2020=100,0.3
901Y009,4.2.1. 소비자물가지수,Group1,계정항목,A01912,혼합조미료,A019,기타 식료품,Q,1985Q1,2026Q2,166,2020=100,0.3
901Y009,4.2.1. 소비자물가지수,Group1,계정항목,A01913,스프,A019,기타 식료품,A,2010,2025,16,2020=100,0.3
901Y009,4.2.1. 소비자물가지수,Group1,계정항목,A01913,스프,A019,기타 식료품,M,201001,202607,199,2020=100,0.3
901Y009,4.2.1. 소비자물가지수,Group1,계정항목,A01913,스프,A019,기타 식료품,Q,2010Q1,2026Q2,66,2020=100,0.3
901Y009,4.2.1. 소비자물가지수,Group1,계정항목,A01914,이유식,A019,기타 식료품,A,1980,2025,46,2020=100,0.3
901Y009,4.2.1. 소비자물가지수,Group1,계정항목,A01914,이유식,A019,기타 식료품,M,198001,202607,559,2020=100,0.3
901Y009,4.2.1. 소비자물가지수,Group1,계정항목,A01914,이유식,A019,기타 식료품,Q,1980Q1,2026Q2,186,2020=100,0.3
901Y009,4.2.1. 소비자물가지수,Group1,계정항목,A01915,김치,A019,기타 식료품,A,1990,2025,36,2020=100,1.3
901Y009,4.2.1. 소비자물가지수,Group1,계정항목,A01915,김치,A019,기타 식료품,M,199001,202607,439,2020=100,1.3
901Y009,4.2.1. 소비자물가지수,Group1,계정항목,A01915,김치,A019,기타 식료품,Q,1990Q1,2026Q2,146,2020=100,1.3
901Y009,4.2.1. 소비자물가지수,Group1,계정항목,A01916,밑반찬,A019,기타 식료품,A,2010,2025,16,2020=100,3.1
901Y009,4.2.1. 소비자물가지수,Group1,계정항목,A01916,밑반찬,A019,기타 식료품,M,201001,202607,199,2020=100,3.1
901Y009,4.2.1. 소비자물가지수,Group1,계정항목,A01916,밑반찬,A019,기타 식료품,Q,2010Q1,2026Q2,66,2020=100,3.1
901Y009,4.2.1. 소비자물가지수,Group1,계정항목,A01917,냉동식품,A019,기타 식료품,A,1990,2025,36,2020=100,1.9
901Y009,4.2.1. 소비자물가지수,Group1,계정항목,A01917,냉동식품,A019,기타 식료품,M,199001,202607,439,2020=100,1.9
901Y009,4.2.1. 소비자물가지수,Group1,계정항목,A01917,냉동식품,A019,기타 식료품,Q,1990Q1,2026Q2,146,2020=100,1.9
901Y009,4.2.1. 소비자물가지수,Group1,계정항목,A01918,즉석식품,A019,기타 식료품,A,2000,2025,26,2020=100,3.1
901Y009,4.2.1. 소비자물가지수,Group1,계정항목,A01918,즉석식품,A019,기타 식료품,M,200001,202607,319,2020=100,3.1
901Y009,4.2.1. 소비자물가지수,Group1,계정항목,A01918,즉석식품,A019,기타 식료품,Q,2000Q1,2026Q2,106,2020=100,3.1
901Y009,4.2.1. 소비자물가지수,Group1,계정항목,A01919,편의점도시락,A019,기타 식료품,A,2019,2025,7,2020=100,0.4
901Y009,4.2.1. 소비자물가지수,Group1,계정항목,A01919,편의점도시락,A019,기타 식료품,M,200001,202607,319,2020=100,0.4
901Y009,4.2.1. 소비자물가지수,Group1,계정항목,A01919,편의점도시락,A019,기타 식료품,Q,2019Q1,2026Q2,30,2020=100,0.4
901Y009,4.2.1. 소비자물가지수,Group1,계정항목,A01920,삼각김밥,A019,기타 식료품,A,2010,2025,16,2020=100,0.4
901Y009,4.2.1. 소비자물가지수,Group1,계정항목,A01920,삼각김밥,A019,기타 식료품,M,201001,202607,199,2020=100,0.4
901Y009,4.2.1. 소비자물가지수,Group1,계정항목,A01920,삼각김밥,A019,기타 식료품,Q,2010Q1,2026Q2,66,2020=100,0.4
901Y009,4.2.1. 소비자물가지수,Group1,계정항목,A02,비주류 음료,A,식료품 및 비주류음료,A,1985,2025,41,2020=100,9.7
901Y009,4.2.1. 소비자물가지수,Group1,계정항목,A02,비주류 음료,A,식료품 및 비주류음료,M,198501,202607,499,2020=100,9.7
901Y009,4.2.1. 소비자물가지수,Group1,계정항목,A02,비주류 음료,A,식료품 및 비주류음료,Q,1985Q1,2026Q2,166,2020=100,9.7
901Y009,4.2.1. 소비자물가지수,Group1,계정항목,A021,"커피, 차 및 코코아",A02,비주류 음료,A,1985,2025,41,2020=100,3.5
901Y009,4.2.1. 소비자물가지수,Group1,계정항목,A021,"커피, 차 및 코코아",A02,비주류 음료,M,198501,202607,499,2020=100,3.5
901Y009,4.2.1. 소비자물가지수,Group1,계정항목,A021,"커피, 차 및 코코아",A02,비주류 음료,Q,1985Q1,2026Q2,166,2020=100,3.5
901Y009,4.2.1. 소비자물가지수,Group1,계정항목,A02101,커피,A021,"커피, 차 및 코코아",A,1980,2025,46,2020=100,2.6
901Y009,4.2.1. 소비자물가지수,Group1,계정항목,A02101,커피,A021,"커피, 차 및 코코아",M,198001,202607,559,2020=100,2.6
901Y009,4.2.1. 소비자물가지수,Group1,계정항목,A02101,커피,A021,"커피, 차 및 코코아",Q,1980Q1,2026Q2,186,2020=100,2.6
901Y009,4.2.1. 소비자물가지수,Group1,계정항목,A02102,차,A021,"커피, 차 및 코코아",A,1985,2025,41,2020=100,0.9
901Y009,4.2.1. 소비자물가지수,Group1,계정항목,A02102,차,A021,"커피, 차 및 코코아",M,198501,202607,499,2020=100,0.9
901Y009,4.2.1. 소비자물가지수,Group1,계정항목,A02102,차,A021,"커피, 차 및 코코아",Q,1985Q1,2026Q2,166,2020=100,0.9
901Y009,4.2.1. 소비자물가지수,Group1,계정항목,A022,"생수, 청량음료, 과일주스 및 채소주스",A02,비주류 음료,A,1985,2025,41,2020=100,6.2
901Y009,4.2.1. 소비자물가지수,Group1,계정항목,A022,"생수, 청량음료, 과일주스 및 채소주스",A02,비주류 음료,M,198501,202607,499,2020=100,6.2
901Y009,4.2.1. 소비자물가지수,Group1,계정항목,A022,"생수, 청량음료, 과일주스 및 채소주스",A02,비주류 음료,Q,1985Q1,2026Q2,166,2020=100,6.2
901Y009,4.2.1. 소비자물가지수,Group1,계정항목,A02201,주스,A022,"생수, 청량음료, 과일주스 및 채소주스",A,1990,2025,36,2020=100,1.4
901Y009,4.2.1. 소비자물가지수,Group1,계정항목,A02201,주스,A022,"생수, 청량음료, 과일주스 및 채소주스",M,199001,202607,439,2020=100,1.4
901Y009,4.2.1. 소비자물가지수,Group1,계정항목,A02201,주스,A022,"생수, 청량음료, 과일주스 및 채소주스",Q,1990Q1,2026Q2,146,2020=100,1.4
901Y009,4.2.1. 소비자물가지수,Group1,계정항목,A02202,두유,A022,"생수, 청량음료, 과일주스 및 채소주스",A,1985,2025,41,2020=100,0.8
901Y009,4.2.1. 소비자물가지수,Group1,계정항목,A02202,두유,A022,"생수, 청량음료, 과일주스 및 채소주스",M,198501,202607,499,2020=100,0.8
901Y009,4.2.1. 소비자물가지수,Group1,계정항목,A02202,두유,A022,"생수, 청량음료, 과일주스 및 채소주스",Q,1985Q1,2026Q2,166,2020=100,0.8
901Y009,4.2.1. 소비자물가지수,Group1,계정항목,A02203,생수,A022,"생수, 청량음료, 과일주스 및 채소주스",A,1995,2025,31,2020=100,1.3
901Y009,4.2.1. 소비자물가지수,Group1,계정항목,A02203,생수,A022,"생수, 청량음료, 과일주스 및 채소주스",M,199501,202607,379,2020=100,1.3
901Y009,4.2.1. 소비자물가지수,Group1,계정항목,A02203,생수,A022,"생수, 청량음료, 과일주스 및 채소주스",Q,1995Q1,2026Q2,126,2020=100,1.3
901Y009,4.2.1. 소비자물가지수,Group1,계정항목,A02204,기능성음료,A022,"생수, 청량음료, 과일주스 및 채소주스",A,1980,2025,46,2020=100,0.5
901Y009,4.2.1. 소비자물가지수,Group1,계정항목,A02204,기능성음료,A022,"생수, 청량음료, 과일주스 및 채소주스",M,198001,202607,559,2020=100,0.5
901Y009,4.2.1. 소비자물가지수,Group1,계정항목,A02204,기능성음료,A022,"생수, 청량음료, 과일주스 및 채소주스",Q,1980Q1,2026Q2,186,2020=100,0.5
901Y009,4.2.1. 소비자물가지수,Group1,계정항목,A02205,탄산음료,A022,"생수, 청량음료, 과일주스 및 채소주스",A,1985,2025,41,2020=100,1.6
901Y009,4.2.1. 소비자물가지수,Group1,계정항목,A02205,탄산음료,A022,"생수, 청량음료, 과일주스 및 채소주스",M,198501,202607,499,2020=100,1.6
901Y009,4.2.1. 소비자물가지수,Group1,계정항목,A02205,탄산음료,A022,"생수, 청량음료, 과일주스 및 채소주스",Q,1985Q1,2026Q2,166,2020=100,1.6
901Y009,4.2.1. 소비자물가지수,Group1,계정항목,A02206,기타음료,A022,"생수, 청량음료, 과일주스 및 채소주스",A,2000,2025,26,2020=100,0.6
901Y009,4.2.1. 소비자물가지수,Group1,계정항목,A02206,기타음료,A022,"생수, 청량음료, 과일주스 및 채소주스",M,200001,202607,319,2020=100,0.6
901Y009,4.2.1. 소비자물가지수,Group1,계정항목,A02206,기타음료,A022,"생수, 청량음료, 과일주스 및 채소주스",Q,2000Q1,2026Q2,106,2020=100,0.6
901Y009,4.2.1. 소비자물가지수,Group1,계정항목,B,주류 및 담배,0,총지수,A,1985,2025,41,2020=100,15.8
901Y009,4.2.1. 소비자물가지수,Group1,계정항목,B,주류 및 담배,0,총지수,M,198501,202607,499,2020=100,15.8
901Y009,4.2.1. 소비자물가지수,Group1,계정항목,B,주류 및 담배,0,총지수,Q,1985Q1,2026Q2,166,2020=100,15.8
901Y009,4.2.1. 소비자물가지수,Group1,계정항목,B01,주류,B,주류 및 담배,A,1985,2025,41,2020=100,6.5
901Y009,4.2.1. 소비자물가지수,Group1,계정항목,B01,주류,B,주류 및 담배,M,198501,202607,499,2020=100,6.5
901Y009,4.2.1. 소비자물가지수,Group1,계정항목,B01,주류,B,주류 및 담배,Q,1985Q1,2026Q2,166,2020=100,6.5
901Y009,4.2.1. 소비자물가지수,Group1,계정항목,B011,주류,B01,주류,A,1985,2025,41,2020=100,6.5
901Y009,4.2.1. 소비자물가지수,Group1,계정항목,B011,주류,B01,주류,M,198501,202607,499,2020=100,6.5
901Y009,4.2.1. 소비자물가지수,Group1,계정항목,B011,주류,B01,주류,Q,1985Q1,2026Q2,166,2020=100,6.5
901Y009,4.2.1. 소비자물가지수,Group1,계정항목,B01101,소주,B011,주류,A,1975,2025,51,2020=100,1.7
901Y009,4.2.1. 소비자물가지수,Group1,계정항목,B01101,소주,B011,주류,M,197501,202607,619,2020=100,1.7
901Y009,4.2.1. 소비자물가지수,Group1,계정항목,B01101,소주,B011,주류,Q,1975Q1,2026Q2,206,2020=100,1.7
901Y009,4.2.1. 소비자물가지수,Group1,계정항목,B01102,과실주,B011,주류,A,2000,2025,26,2020=100,0.8
901Y009,4.2.1. 소비자물가지수,Group1,계정항목,B01102,과실주,B011,주류,M,200001,202607,319,2020=100,0.8
901Y009,4.2.1. 소비자물가지수,Group1,계정항목,B01102,과실주,B011,주류,Q,2000Q1,2026Q2,106,2020=100,0.8
901Y009,4.2.1. 소비자물가지수,Group1,계정항목,B01103,맥주,B011,주류,A,1975,2025,51,2020=100,3
901Y009,4.2.1. 소비자물가지수,Group1,계정항목,B01103,맥주,B011,주류,M,197501,202607,619,2020=100,3
901Y009,4.2.1. 소비자물가지수,Group1,계정항목,B01103,맥주,B011,주류,Q,1975Q1,2026Q2,206,2020=100,3
901Y009,4.2.1. 소비자물가지수,Group1,계정항목,B01104,막걸리,B011,주류,A,1975,2025,51,2020=100,0.5
901Y009,4.2.1. 소비자물가지수,Group1,계정항목,B01104,막걸리,B011,주류,M,197501,202607,619,2020=100,0.5
901Y009,4.2.1. 소비자물가지수,Group1,계정항목,B01104,막걸리,B011,주류,Q,1975Q1,2026Q2,206,2020=100,0.5
901Y009,4.2.1. 소비자물가지수,Group1,계정항목,B01105,양주,B011,주류,A,1980,2025,46,2020=100,0.4
901Y009,4.2.1. 소비자물가지수,Group1,계정항목,B01105,양주,B011,주류,M,198001,202607,559,2020=100,0.4
901Y009,4.2.1. 소비자물가지수,Group1,계정항목,B01105,양주,B011,주류,Q,1980Q1,2026Q2,186,2020=100,0.4
901Y009,4.2.1. 소비자물가지수,Group1,계정항목,B01106,약주,B011,주류,A,2000,2025,26,2020=100,0.1
901Y009,4.2.1. 소비자물가지수,Group1,계정항목,B01106,약주,B011,주류,M,200001,202607,319,2020=100,0.1
901Y009,4.2.1. 소비자물가지수,Group1,계정항목,B01106,약주,B011,주류,Q,2000Q1,2026Q2,106,2020=100,0.1
901Y009,4.2.1. 소비자물가지수,Group1,계정항목,B02,담배,B,주류 및 담배,A,1985,2025,41,2020=100,9.3
901Y009,4.2.1. 소비자물가지수,Group1,계정항목,B02,담배,B,주류 및 담배,M,198501,202607,499,2020=100,9.3
901Y009,4.2.1. 소비자물가지수,Group1,계정항목,B02,담배,B,주류 및 담배,Q,1985Q1,2026Q2,166,2020=100,9.3
901Y009,4.2.1. 소비자물가지수,Group1,계정항목,B021,담배,B02,담배,A,1985,2025,41,2020=100,9.3
901Y009,4.2.1. 소비자물가지수,Group1,계정항목,B021,담배,B02,담배,M,198501,202607,499,2020=100,9.3
901Y009,4.2.1. 소비자물가지수,Group1,계정항목,B021,담배,B02,담배,Q,1985Q1,2026Q2,166,2020=100,9.3
901Y009,4.2.1. 소비자물가지수,Group1,계정항목,B02101,담배,B021,담배,A,1975,2025,51,2020=100,9.3
901Y009,4.2.1. 소비자물가지수,Group1,계정항목,B02101,담배,B021,담배,M,197501,202607,619,2020=100,9.3
901Y009,4.2.1. 소비자물가지수,Group1,계정항목,B02101,담배,B021,담배,Q,1975Q1,2026Q2,206,2020=100,9.3
901Y009,4.2.1. 소비자물가지수,Group1,계정항목,C,의류 및 신발,0,총지수,A,1985,2025,41,2020=100,49.6
901Y009,4.2.1. 소비자물가지수,Group1,계정항목,C,의류 및 신발,0,총지수,M,198501,202607,499,2020=100,49.6
901Y009,4.2.1. 소비자물가지수,Group1,계정항목,C,의류 및 신발,0,총지수,Q,1985Q1,2026Q2,166,2020=100,49.6
901Y009,4.2.1. 소비자물가지수,Group1,계정항목,C01,의류 ,C,의류 및 신발,A,1985,2025,41,2020=100,42.1
901Y009,4.2.1. 소비자물가지수,Group1,계정항목,C01,의류 ,C,의류 및 신발,M,198501,202607,499,2020=100,42.1
901Y009,4.2.1. 소비자물가지수,Group1,계정항목,C01,의류 ,C,의류 및 신발,Q,1985Q1,2026Q2,166,2020=100,42.1
901Y009,4.2.1. 소비자물가지수,Group1,계정항목,C011,남자의류,C01,의류 ,A,1985,2025,41,2020=100,7.9
901Y009,4.2.1. 소비자물가지수,Group1,계정항목,C011,남자의류,C01,의류 ,M,198501,202607,499,2020=100,7.9
901Y009,4.2.1. 소비자물가지수,Group1,계정항목,C011,남자의류,C01,의류 ,Q,1985Q1,2026Q2,166,2020=100,7.9
901Y009,4.2.1. 소비자물가지수,Group1,계정항목,C01101,남자외의,C011,남자의류,A,1985,2025,41,2020=100,4.4
901Y009,4.2.1. 소비자물가지수,Group1,계정항목,C01101,남자외의,C011,남자의류,M,197501,202607,619,2020=100,4.4
901Y009,4.2.1. 소비자물가지수,Group1,계정항목,C01101,남자외의,C011,남자의류,Q,1985Q1,2026Q2,166,2020=100,4.4
901Y009,4.2.1. 소비자물가지수,Group1,계정항목,C01102,남자상의,C011,남자의류,A,1985,2025,41,2020=100,1.5
901Y009,4.2.1. 소비자물가지수,Group1,계정항목,C01102,남자상의,C011,남자의류,M,198501,202607,499,2020=100,1.5
901Y009,4.2.1. 소비자물가지수,Group1,계정항목,C01102,남자상의,C011,남자의류,Q,1985Q1,2026Q2,166,2020=100,1.5
901Y009,4.2.1. 소비자물가지수,Group1,계정항목,C01103,남자하의,C011,남자의류,A,1999,2025,27,2020=100,1.3
901Y009,4.2.1. 소비자물가지수,Group1,계정항목,C01103,남자하의,C011,남자의류,M,199901,202607,331,2020=100,1.3
901Y009,4.2.1. 소비자물가지수,Group1,계정항목,C01103,남자하의,C011,남자의류,Q,1999Q1,2026Q2,110,2020=100,1.3
901Y009,4.2.1. 소비자물가지수,Group1,계정항목,C01104,남자내의,C011,남자의류,A,1985,2025,41,2020=100,0.7
901Y009,4.2.1. 소비자물가지수,Group1,계정항목,C01104,남자내의,C011,남자의류,M,198501,202607,499,2020=100,0.7
901Y009,4.2.1. 소비자물가지수,Group1,계정항목,C01104,남자내의,C011,남자의류,Q,1985Q1,2026Q2,166,2020=100,0.7
901Y009,4.2.1. 소비자물가지수,Group1,계정항목,C012,여자의류,C01,의류 ,A,1985,2025,41,2020=100,13.7
901Y009,4.2.1. 소비자물가지수,Group1,계정항목,C012,여자의류,C01,의류 ,M,198501,202607,499,2020=100,13.7
901Y009,4.2.1. 소비자물가지수,Group1,계정항목,C012,여자의류,C01,의류 ,Q,1985Q1,2026Q2,166,2020=100,13.7
901Y009,4.2.1. 소비자물가지수,Group1,계정항목,C01201,여자외의,C012,여자의류,A,1990,2025,36,2020=100,6.2
901Y009,4.2.1. 소비자물가지수,Group1,계정항목,C01201,여자외의,C012,여자의류,M,199001,202607,439,2020=100,6.2
901Y009,4.2.1. 소비자물가지수,Group1,계정항목,C01201,여자외의,C012,여자의류,Q,1990Q1,2026Q2,146,2020=100,6.2
901Y009,4.2.1. 소비자물가지수,Group1,계정항목,C01202,원피스,C012,여자의류,A,1990,2025,36,2020=100,1.8
901Y009,4.2.1. 소비자물가지수,Group1,계정항목,C01202,원피스,C012,여자의류,M,199001,202607,439,2020=100,1.8
901Y009,4.2.1. 소비자물가지수,Group1,계정항목,C01202,원피스,C012,여자의류,Q,1990Q1,2026Q2,146,2020=100,1.8
901Y009,4.2.1. 소비자물가지수,Group1,계정항목,C01203,여자상의,C012,여자의류,A,1990,2025,36,2020=100,1.5
901Y009,4.2.1. 소비자물가지수,Group1,계정항목,C01203,여자상의,C012,여자의류,M,199001,202607,439,2020=100,1.5
901Y009,4.2.1. 소비자물가지수,Group1,계정항목,C01203,여자상의,C012,여자의류,Q,1990Q1,2026Q2,146,2020=100,1.5
901Y009,4.2.1. 소비자물가지수,Group1,계정항목,C01204,여자하의,C012,여자의류,A,1995,2025,31,2020=100,2.4
901Y009,4.2.1. 소비자물가지수,Group1,계정항목,C01204,여자하의,C012,여자의류,M,199501,202607,379,2020=100,2.4
901Y009,4.2.1. 소비자물가지수,Group1,계정항목,C01204,여자하의,C012,여자의류,Q,1995Q1,2026Q2,126,2020=100,2.4
901Y009,4.2.1. 소비자물가지수,Group1,계정항목,C01205,여자내의,C012,여자의류,A,1985,2025,41,2020=100,1.8
901Y009,4.2.1. 소비자물가지수,Group1,계정항목,C01205,여자내의,C012,여자의류,M,198501,202607,499,2020=100,1.8
901Y009,4.2.1. 소비자물가지수,Group1,계정항목,C01205,여자내의,C012,여자의류,Q,1985Q1,2026Q2,166,2020=100,1.8
901Y009,4.2.1. 소비자물가지수,Group1,계정항목,C013,캐쥬얼의류,C01,의류 ,A,1985,2025,41,2020=100,12.9
901Y009,4.2.1. 소비자물가지수,Group1,계정항목,C013,캐쥬얼의류,C01,의류 ,M,198501,202607,499,2020=100,12.9
901Y009,4.2.1. 소비자물가지수,Group1,계정항목,C013,캐쥬얼의류,C01,의류 ,Q,1985Q1,2026Q2,166,2020=100,12.9
901Y009,4.2.1. 소비자물가지수,Group1,계정항목,C01301,점퍼,C013,캐쥬얼의류,A,1975,2025,51,2020=100,3.3
901Y009,4.2.1. 소비자물가지수,Group1,계정항목,C01301,점퍼,C013,캐쥬얼의류,M,197501,202607,619,2020=100,3.3
901Y009,4.2.1. 소비자물가지수,Group1,계정항목,C01301,점퍼,C013,캐쥬얼의류,Q,1975Q1,2026Q2,206,2020=100,3.3
901Y009,4.2.1. 소비자물가지수,Group1,계정항목,C01302,티셔츠,C013,캐쥬얼의류,A,1980,2025,46,2020=100,4.6
901Y009,4.2.1. 소비자물가지수,Group1,계정항목,C01302,티셔츠,C013,캐쥬얼의류,M,198001,202607,559,2020=100,4.6
901Y009,4.2.1. 소비자물가지수,Group1,계정항목,C01302,티셔츠,C013,캐쥬얼의류,Q,1980Q1,2026Q2,186,2020=100,4.6
901Y009,4.2.1. 소비자물가지수,Group1,계정항목,C01303,스웨터,C013,캐쥬얼의류,A,1990,2025,36,2020=100,0.6
901Y009,4.2.1. 소비자물가지수,Group1,계정항목,C01303,스웨터,C013,캐쥬얼의류,M,199001,202607,439,2020=100,0.6
901Y009,4.2.1. 소비자물가지수,Group1,계정항목,C01303,스웨터,C013,캐쥬얼의류,Q,1990Q1,2026Q2,146,2020=100,0.6
901Y009,4.2.1. 소비자물가지수,Group1,계정항목,C01304,청바지,C013,캐쥬얼의류,A,1990,2025,36,2020=100,1.6
901Y009,4.2.1. 소비자물가지수,Group1,계정항목,C01304,청바지,C013,캐쥬얼의류,M,199001,202607,439,2020=100,1.6
901Y009,4.2.1. 소비자물가지수,Group1,계정항목,C01304,청바지,C013,캐쥬얼의류,Q,1990Q1,2026Q2,146,2020=100,1.6
901Y009,4.2.1. 소비자물가지수,Group1,계정항목,C01305,운동복,C013,캐쥬얼의류,A,1990,2025,36,2020=100,2.3
901Y009,4.2.1. 소비자물가지수,Group1,계정항목,C01305,운동복,C013,캐쥬얼의류,M,199001,202607,439,2020=100,2.3
901Y009,4.2.1. 소비자물가지수,Group1,계정항목,C01305,운동복,C013,캐쥬얼의류,Q,1990Q1,2026Q2,146,2020=100,2.3
901Y009,4.2.1. 소비자물가지수,Group1,계정항목,C01306,등산복,C013,캐쥬얼의류,A,2010,2025,16,2020=100,0.5
901Y009,4.2.1. 소비자물가지수,Group1,계정항목,C01306,등산복,C013,캐쥬얼의류,M,201001,202607,199,2020=100,0.5
901Y009,4.2.1. 소비자물가지수,Group1,계정항목,C01306,등산복,C013,캐쥬얼의류,Q,2010Q1,2026Q2,66,2020=100,0.5
901Y009,4.2.1. 소비자물가지수,Group1,계정항목,C014,아동복 · 유아복,C01,의류 ,A,1985,2025,41,2020=100,4.6
901Y009,4.2.1. 소비자물가지수,Group1,계정항목,C014,아동복 · 유아복,C01,의류 ,M,198501,202607,499,2020=100,4.6
901Y009,4.2.1. 소비자물가지수,Group1,계정항목,C014,아동복 · 유아복,C01,의류 ,Q,1985Q1,2026Q2,166,2020=100,4.6
901Y009,4.2.1. 소비자물가지수,Group1,계정항목,C01401,유아동복,C014,아동복 · 유아복,A,1985,2025,41,2020=100,4.6
901Y009,4.2.1. 소비자물가지수,Group1,계정항목,C01401,유아동복,C014,아동복 · 유아복,M,197501,202607,619,2020=100,4.6
901Y009,4.2.1. 소비자물가지수,Group1,계정항목,C01401,유아동복,C014,아동복 · 유아복,Q,1985Q1,2026Q2,166,2020=100,4.6
901Y009,4.2.1. 소비자물가지수,Group1,계정항목,C015,기타의류 및 의류 장신구,C01,의류 ,A,1985,2025,41,2020=100,1.7
901Y009,4.2.1. 소비자물가지수,Group1,계정항목,C015,기타의류 및 의류 장신구,C01,의류 ,M,198501,202607,499,2020=100,1.7
901Y009,4.2.1. 소비자물가지수,Group1,계정항목,C015,기타의류 및 의류 장신구,C01,의류 ,Q,1985Q1,2026Q2,166,2020=100,1.7
901Y009,4.2.1. 소비자물가지수,Group1,계정항목,C01501,양말,C015,기타의류 및 의류 장신구,A,1985,2025,41,2020=100,0.9
901Y009,4.2.1. 소비자물가지수,Group1,계정항목,C01501,양말,C015,기타의류 및 의류 장신구,M,198501,202607,499,2020=100,0.9
901Y009,4.2.1. 소비자물가지수,Group1,계정항목,C01501,양말,C015,기타의류 및 의류 장신구,Q,1985Q1,2026Q2,166,2020=100,0.9
901Y009,4.2.1. 소비자물가지수,Group1,계정항목,C01502,모자,C015,기타의류 및 의류 장신구,A,1975,2025,51,2020=100,0.6
901Y009,4.2.1. 소비자물가지수,Group1,계정항목,C01502,모자,C015,기타의류 및 의류 장신구,M,197501,202607,619,2020=100,0.6
901Y009,4.2.1. 소비자물가지수,Group1,계정항목,C01502,모자,C015,기타의류 및 의류 장신구,Q,1975Q1,2026Q2,206,2020=100,0.6
901Y009,4.2.1. 소비자물가지수,Group1,계정항목,C01503,장갑,C015,기타의류 및 의류 장신구,A,1975,2025,51,2020=100,0.2
901Y009,4.2.1. 소비자물가지수,Group1,계정항목,C01503,장갑,C015,기타의류 및 의류 장신구,M,197501,202607,619,2020=100,0.2
901Y009,4.2.1. 소비자물가지수,Group1,계정항목,C01503,장갑,C015,기타의류 및 의류 장신구,Q,1975Q1,2026Q2,206,2020=100,0.2
901Y009,4.2.1. 소비자물가지수,Group1,계정항목,C016,"의류 세탁, 수선 및 임차",C01,의류 ,A,1985,2025,41,2020=100,1.3
901Y009,4.2.1. 소비자물가지수,Group1,계정항목,C016,"의류 세탁, 수선 및 임차",C01,의류 ,M,198501,202607,499,2020=100,1.3
901Y009,4.2.1. 소비자물가지수,Group1,계정항목,C016,"의류 세탁, 수선 및 임차",C01,의류 ,Q,1985Q1,2026Q2,166,2020=100,1.3
901Y009,4.2.1. 소비자물가지수,Group1,계정항목,C01601,의복수선료,C016,"의류 세탁, 수선 및 임차",A,1975,2025,51,2020=100,0.2
901Y009,4.2.1. 소비자물가지수,Group1,계정항목,C01601,의복수선료,C016,"의류 세탁, 수선 및 임차",M,197501,202607,619,2020=100,0.2
901Y009,4.2.1. 소비자물가지수,Group1,계정항목,C01601,의복수선료,C016,"의류 세탁, 수선 및 임차",Q,1975Q1,2026Q2,206,2020=100,0.2
901Y009,4.2.1. 소비자물가지수,Group1,계정항목,C01602,세탁료,C016,"의류 세탁, 수선 및 임차",A,1975,2025,51,2020=100,1.1
901Y009,4.2.1. 소비자물가지수,Group1,계정항목,C01602,세탁료,C016,"의류 세탁, 수선 및 임차",M,197501,202607,619,2020=100,1.1
901Y009,4.2.1. 소비자물가지수,Group1,계정항목,C01602,세탁료,C016,"의류 세탁, 수선 및 임차",Q,1975Q1,2026Q2,206,2020=100,1.1
901Y009,4.2.1. 소비자물가지수,Group1,계정항목,C02,신발,C,의류 및 신발,A,1985,2025,41,2020=100,7.5
901Y009,4.2.1. 소비자물가지수,Group1,계정항목,C02,신발,C,의류 및 신발,M,198501,202607,499,2020=100,7.5
901Y009,4.2.1. 소비자물가지수,Group1,계정항목,C02,신발,C,의류 및 신발,Q,1985Q1,2026Q2,166,2020=100,7.5
901Y009,4.2.1. 소비자물가지수,Group1,계정항목,C021,신발,C02,신발,A,1985,2025,41,2020=100,7.5
901Y009,4.2.1. 소비자물가지수,Group1,계정항목,C021,신발,C02,신발,M,198501,202607,499,2020=100,7.5
901Y009,4.2.1. 소비자물가지수,Group1,계정항목,C021,신발,C02,신발,Q,1985Q1,2026Q2,166,2020=100,7.5
901Y009,4.2.1. 소비자물가지수,Group1,계정항목,C02101,아동화,C021,신발,A,1990,2025,36,2020=100,0.9
901Y009,4.2.1. 소비자물가지수,Group1,계정항목,C02101,아동화,C021,신발,M,199001,202607,439,2020=100,0.9
901Y009,4.2.1. 소비자물가지수,Group1,계정항목,C02101,아동화,C021,신발,Q,1990Q1,2026Q2,146,2020=100,0.9
901Y009,4.2.1. 소비자물가지수,Group1,계정항목,C02102,구두,C021,신발,A,1985,2025,41,2020=100,2
901Y009,4.2.1. 소비자물가지수,Group1,계정항목,C02102,구두,C021,신발,M,197501,202607,619,2020=100,2
901Y009,4.2.1. 소비자물가지수,Group1,계정항목,C02102,구두,C021,신발,Q,1985Q1,2026Q2,166,2020=100,2
901Y009,4.2.1. 소비자물가지수,Group1,계정항목,C02103,운동화,C021,신발,A,1975,2025,51,2020=100,4.4
901Y009,4.2.1. 소비자물가지수,Group1,계정항목,C02103,운동화,C021,신발,M,197501,202607,619,2020=100,4.4
901Y009,4.2.1. 소비자물가지수,Group1,계정항목,C02103,운동화,C021,신발,Q,1975Q1,2026Q2,206,2020=100,4.4
901Y009,4.2.1. 소비자물가지수,Group1,계정항목,C02104,실내화,C021,신발,A,1990,2025,36,2020=100,0.2
901Y009,4.2.1. 소비자물가지수,Group1,계정항목,C02104,실내화,C021,신발,M,199001,202607,439,2020=100,0.2
901Y009,4.2.1. 소비자물가지수,Group1,계정항목,C02104,실내화,C021,신발,Q,1990Q1,2026Q2,146,2020=100,0.2
901Y009,4.2.1. 소비자물가지수,Group1,계정항목,D,"주택, 수도, 전기 및 연료",0,총지수,A,1985,2025,41,2020=100,171.6
901Y009,4.2.1. 소비자물가지수,Group1,계정항목,D,"주택, 수도, 전기 및 연료",0,총지수,M,198501,202607,499,2020=100,171.6
901Y009,4.2.1. 소비자물가지수,Group1,계정항목,D,"주택, 수도, 전기 및 연료",0,총지수,Q,1985Q1,2026Q2,166,2020=100,171.6
901Y009,4.2.1. 소비자물가지수,Group1,계정항목,D01,주택임차료,D,"주택, 수도, 전기 및 연료",A,1985,2025,41,2020=100,99.1
901Y009,4.2.1. 소비자물가지수,Group1,계정항목,D01,주택임차료,D,"주택, 수도, 전기 및 연료",M,198501,202607,499,2020=100,99.1
901Y009,4.2.1. 소비자물가지수,Group1,계정항목,D01,주택임차료,D,"주택, 수도, 전기 및 연료",Q,1985Q1,2026Q2,166,2020=100,99.1
901Y009,4.2.1. 소비자물가지수,Group1,계정항목,D011,주택임차료,D01,주택임차료,A,1985,2025,41,2020=100,99.1
901Y009,4.2.1. 소비자물가지수,Group1,계정항목,D011,주택임차료,D01,주택임차료,M,198501,202607,499,2020=100,99.1
901Y009,4.2.1. 소비자물가지수,Group1,계정항목,D011,주택임차료,D01,주택임차료,Q,1985Q1,2026Q2,166,2020=100,99.1
901Y009,4.2.1. 소비자물가지수,Group1,계정항목,D01101,전세,D011,주택임차료,A,1975,2025,51,2020=100,54.2
901Y009,4.2.1. 소비자물가지수,Group1,계정항목,D01101,전세,D011,주택임차료,M,197501,202607,619,2020=100,54.2
901Y009,4.2.1. 소비자물가지수,Group1,계정항목,D01101,전세,D011,주택임차료,Q,1975Q1,2026Q2,206,2020=100,54.2
901Y009,4.2.1. 소비자물가지수,Group1,계정항목,D01102,월세,D011,주택임차료,A,1975,2025,51,2020=100,44.9
901Y009,4.2.1. 소비자물가지수,Group1,계정항목,D01102,월세,D011,주택임차료,M,197501,202607,619,2020=100,44.9
901Y009,4.2.1. 소비자물가지수,Group1,계정항목,D01102,월세,D011,주택임차료,Q,1975Q1,2026Q2,206,2020=100,44.9
901Y009,4.2.1. 소비자물가지수,Group1,계정항목,D03,주거시설 유지·보수,D,"주택, 수도, 전기 및 연료",A,1985,2025,41,2020=100,9.3
901Y009,4.2.1. 소비자물가지수,Group1,계정항목,D03,주거시설 유지·보수,D,"주택, 수도, 전기 및 연료",M,198501,202607,499,2020=100,9.3
901Y009,4.2.1. 소비자물가지수,Group1,계정항목,D03,주거시설 유지·보수,D,"주택, 수도, 전기 및 연료",Q,1985Q1,2026Q2,166,2020=100,9.3
901Y009,4.2.1. 소비자물가지수,Group1,계정항목,D031,주거시설 유지·보수,D03,주거시설 유지·보수,A,1985,2025,41,2020=100,9.3
901Y009,4.2.1. 소비자물가지수,Group1,계정항목,D031,주거시설 유지·보수,D03,주거시설 유지·보수,M,198501,202607,499,2020=100,9.3
901Y009,4.2.1. 소비자물가지수,Group1,계정항목,D031,주거시설 유지·보수,D03,주거시설 유지·보수,Q,1985Q1,2026Q2,166,2020=100,9.3
901Y009,4.2.1. 소비자물가지수,Group1,계정항목,D03101,주택수선재료,D031,주거시설 유지·보수,A,1985,2025,41,2020=100,3.4
901Y009,4.2.1. 소비자물가지수,Group1,계정항목,D03101,주택수선재료,D031,주거시설 유지·보수,M,197501,202607,619,2020=100,3.4
901Y009,4.2.1. 소비자물가지수,Group1,계정항목,D03101,주택수선재료,D031,주거시설 유지·보수,Q,1985Q1,2026Q2,166,2020=100,3.4
901Y009,4.2.1. 소비자물가지수,Group1,계정항목,D03102,설비수리비,D031,주거시설 유지·보수,A,1985,2025,41,2020=100,5.9
901Y009,4.2.1. 소비자물가지수,Group1,계정항목,D03102,설비수리비,D031,주거시설 유지·보수,M,197501,202607,619,2020=100,5.9
901Y009,4.2.1. 소비자물가지수,Group1,계정항목,D03102,설비수리비,D031,주거시설 유지·보수,Q,1985Q1,2026Q2,166,2020=100,5.9
901Y009,4.2.1. 소비자물가지수,Group1,계정항목,D04,수도 및 주거관련 서비스,D,"주택, 수도, 전기 및 연료",A,1985,2025,41,2020=100,30.6
901Y009,4.2.1. 소비자물가지수,Group1,계정항목,D04,수도 및 주거관련 서비스,D,"주택, 수도, 전기 및 연료",M,198501,202607,499,2020=100,30.6
901Y009,4.2.1. 소비자물가지수,Group1,계정항목,D04,수도 및 주거관련 서비스,D,"주택, 수도, 전기 및 연료",Q,1985Q1,2026Q2,166,2020=100,30.6
901Y009,4.2.1. 소비자물가지수,Group1,계정항목,D041,상하수도료,D04,수도 및 주거관련 서비스,A,1985,2025,41,2020=100,7.6
901Y009,4.2.1. 소비자물가지수,Group1,계정항목,D041,상하수도료,D04,수도 및 주거관련 서비스,M,198501,202607,499,2020=100,7.6
901Y009,4.2.1. 소비자물가지수,Group1,계정항목,D041,상하수도료,D04,수도 및 주거관련 서비스,Q,1985Q1,2026Q2,166,2020=100,7.6
901Y009,4.2.1. 소비자물가지수,Group1,계정항목,D04101,상수도료,D041,상하수도료,A,1975,2025,51,2020=100,4.5
901Y009,4.2.1. 소비자물가지수,Group1,계정항목,D04101,상수도료,D041,상하수도료,M,197501,202607,619,2020=100,4.5
901Y009,4.2.1. 소비자물가지수,Group1,계정항목,D04101,상수도료,D041,상하수도료,Q,1975Q1,2026Q2,206,2020=100,4.5
901Y009,4.2.1. 소비자물가지수,Group1,계정항목,D04102,하수도료,D041,상하수도료,A,1985,2025,41,2020=100,3.1
901Y009,4.2.1. 소비자물가지수,Group1,계정항목,D04102,하수도료,D041,상하수도료,M,198501,202607,499,2020=100,3.1
901Y009,4.2.1. 소비자물가지수,Group1,계정항목,D04102,하수도료,D041,상하수도료,Q,1985Q1,2026Q2,166,2020=100,3.1
901Y009,4.2.1. 소비자물가지수,Group1,계정항목,D042,기타 주거관련 서비스,D04,수도 및 주거관련 서비스,A,1985,2025,41,2020=100,23
901Y009,4.2.1. 소비자물가지수,Group1,계정항목,D042,기타 주거관련 서비스,D04,수도 및 주거관련 서비스,M,198501,202607,499,2020=100,23
901Y009,4.2.1. 소비자물가지수,Group1,계정항목,D042,기타 주거관련 서비스,D04,수도 및 주거관련 서비스,Q,1985Q1,2026Q2,166,2020=100,23
901Y009,4.2.1. 소비자물가지수,Group1,계정항목,D04201,공동주택관리비,D042,기타 주거관련 서비스,A,1990,2025,36,2020=100,21.8
901Y009,4.2.1. 소비자물가지수,Group1,계정항목,D04201,공동주택관리비,D042,기타 주거관련 서비스,M,199001,202607,439,2020=100,21.8
901Y009,4.2.1. 소비자물가지수,Group1,계정항목,D04201,공동주택관리비,D042,기타 주거관련 서비스,Q,1990Q1,2026Q2,146,2020=100,21.8
901Y009,4.2.1. 소비자물가지수,Group1,계정항목,D04202,쓰레기봉투료,D042,기타 주거관련 서비스,A,1975,2025,51,2020=100,0.7
901Y009,4.2.1. 소비자물가지수,Group1,계정항목,D04202,쓰레기봉투료,D042,기타 주거관련 서비스,M,197501,202607,619,2020=100,0.7
901Y009,4.2.1. 소비자물가지수,Group1,계정항목,D04202,쓰레기봉투료,D042,기타 주거관련 서비스,Q,1975Q1,2026Q2,206,2020=100,0.7
901Y009,4.2.1. 소비자물가지수,Group1,계정항목,D04203,정화조청소료,D042,기타 주거관련 서비스,A,1975,2025,51,2020=100,0.5
901Y009,4.2.1. 소비자물가지수,Group1,계정항목,D04203,정화조청소료,D042,기타 주거관련 서비스,M,197501,202607,619,2020=100,0.5
901Y009,4.2.1. 소비자물가지수,Group1,계정항목,D04203,정화조청소료,D042,기타 주거관련 서비스,Q,1975Q1,2026Q2,206,2020=100,0.5
901Y009,4.2.1. 소비자물가지수,Group1,계정항목,D05,"전기, 가스 및 기타연료",D,"주택, 수도, 전기 및 연료",A,1985,2025,41,2020=100,32.6
901Y009,4.2.1. 소비자물가지수,Group1,계정항목,D05,"전기, 가스 및 기타연료",D,"주택, 수도, 전기 및 연료",M,198501,202607,499,2020=100,32.6
901Y009,4.2.1. 소비자물가지수,Group1,계정항목,D05,"전기, 가스 및 기타연료",D,"주택, 수도, 전기 및 연료",Q,1985Q1,2026Q2,166,2020=100,32.6
901Y009,4.2.1. 소비자물가지수,Group1,계정항목,D051,전기,D05,"전기, 가스 및 기타연료",A,1985,2025,41,2020=100,16.1
901Y009,4.2.1. 소비자물가지수,Group1,계정항목,D051,전기,D05,"전기, 가스 및 기타연료",M,198501,202607,499,2020=100,16.1
901Y009,4.2.1. 소비자물가지수,Group1,계정항목,D051,전기,D05,"전기, 가스 및 기타연료",Q,1985Q1,2026Q2,166,2020=100,16.1
901Y009,4.2.1. 소비자물가지수,Group1,계정항목,D05101,전기료,D051,전기,A,1975,2025,51,2020=100,16.1
901Y009,4.2.1. 소비자물가지수,Group1,계정항목,D05101,전기료,D051,전기,M,197501,202607,619,2020=100,16.1
901Y009,4.2.1. 소비자물가지수,Group1,계정항목,D05101,전기료,D051,전기,Q,1975Q1,2026Q2,206,2020=100,16.1
901Y009,4.2.1. 소비자물가지수,Group1,계정항목,D052,가스,D05,"전기, 가스 및 기타연료",A,1985,2025,41,2020=100,12.4
901Y009,4.2.1. 소비자물가지수,Group1,계정항목,D052,가스,D05,"전기, 가스 및 기타연료",M,198501,202607,499,2020=100,12.4
901Y009,4.2.1. 소비자물가지수,Group1,계정항목,D052,가스,D05,"전기, 가스 및 기타연료",Q,1985Q1,2026Q2,166,2020=100,12.4
901Y009,4.2.1. 소비자물가지수,Group1,계정항목,D05201,도시가스,D052,가스,A,1980,2025,46,2020=100,11.5
901Y009,4.2.1. 소비자물가지수,Group1,계정항목,D05201,도시가스,D052,가스,M,198001,202607,559,2020=100,11.5
901Y009,4.2.1. 소비자물가지수,Group1,계정항목,D05201,도시가스,D052,가스,Q,1980Q1,2026Q2,186,2020=100,11.5
901Y009,4.2.1. 소비자물가지수,Group1,계정항목,D05202,취사용LPG,D052,가스,A,1975,2025,51,2020=100,0.9
901Y009,4.2.1. 소비자물가지수,Group1,계정항목,D05202,취사용LPG,D052,가스,M,197501,202607,619,2020=100,0.9
901Y009,4.2.1. 소비자물가지수,Group1,계정항목,D05202,취사용LPG,D052,가스,Q,1975Q1,2026Q2,206,2020=100,0.9
901Y009,4.2.1. 소비자물가지수,Group1,계정항목,D053,기타연료 및 에너지,D05,"전기, 가스 및 기타연료",A,1985,2025,41,2020=100,4.1
901Y009,4.2.1. 소비자물가지수,Group1,계정항목,D053,기타연료 및 에너지,D05,"전기, 가스 및 기타연료",M,198501,202607,499,2020=100,4.1
901Y009,4.2.1. 소비자물가지수,Group1,계정항목,D053,기타연료 및 에너지,D05,"전기, 가스 및 기타연료",Q,1985Q1,2026Q2,166,2020=100,4.1
901Y009,4.2.1. 소비자물가지수,Group1,계정항목,D05301,등유,D053,기타연료 및 에너지,A,1975,2025,51,2020=100,2.4
901Y009,4.2.1. 소비자물가지수,Group1,계정항목,D05301,등유,D053,기타연료 및 에너지,M,197501,202607,619,2020=100,2.4
901Y009,4.2.1. 소비자물가지수,Group1,계정항목,D05301,등유,D053,기타연료 및 에너지,Q,1975Q1,2026Q2,206,2020=100,2.4
901Y009,4.2.1. 소비자물가지수,Group1,계정항목,D05302,지역난방비,D053,기타연료 및 에너지,A,2005,2025,21,2020=100,1.6
901Y009,4.2.1. 소비자물가지수,Group1,계정항목,D05302,지역난방비,D053,기타연료 및 에너지,M,200501,202607,259,2020=100,1.6
901Y009,4.2.1. 소비자물가지수,Group1,계정항목,D05302,지역난방비,D053,기타연료 및 에너지,Q,2005Q1,2026Q2,86,2020=100,1.6
901Y009,4.2.1. 소비자물가지수,Group1,계정항목,D05303,부탄가스,D053,기타연료 및 에너지,A,2000,2025,26,2020=100,0.1
901Y009,4.2.1. 소비자물가지수,Group1,계정항목,D05303,부탄가스,D053,기타연료 및 에너지,M,200001,202607,319,2020=100,0.1
901Y009,4.2.1. 소비자물가지수,Group1,계정항목,D05303,부탄가스,D053,기타연료 및 에너지,Q,2000Q1,2026Q2,106,2020=100,0.1
901Y009,4.2.1. 소비자물가지수,Group1,계정항목,E,가정용품 및 가사 서비스,0,총지수,A,1985,2025,41,2020=100,45.6
901Y009,4.2.1. 소비자물가지수,Group1,계정항목,E,가정용품 및 가사 서비스,0,총지수,M,198501,202607,499,2020=100,45.6
901Y009,4.2.1. 소비자물가지수,Group1,계정항목,E,가정용품 및 가사 서비스,0,총지수,Q,1985Q1,2026Q2,166,2020=100,45.6
901Y009,4.2.1. 소비자물가지수,Group1,계정항목,E01,"가구, 가사비품 및 카페트",E,가정용품 및 가사 서비스,A,1985,2025,41,2020=100,8.7
901Y009,4.2.1. 소비자물가지수,Group1,계정항목,E01,"가구, 가사비품 및 카페트",E,가정용품 및 가사 서비스,M,198501,202607,499,2020=100,8.7
901Y009,4.2.1. 소비자물가지수,Group1,계정항목,E01,"가구, 가사비품 및 카페트",E,가정용품 및 가사 서비스,Q,1985Q1,2026Q2,166,2020=100,8.7
901Y009,4.2.1. 소비자물가지수,Group1,계정항목,E011,"가구, 가사비품 및 카페트",E01,"가구, 가사비품 및 카페트",A,1985,2025,41,2020=100,8.7
901Y009,4.2.1. 소비자물가지수,Group1,계정항목,E011,"가구, 가사비품 및 카페트",E01,"가구, 가사비품 및 카페트",M,198501,202607,499,2020=100,8.7
901Y009,4.2.1. 소비자물가지수,Group1,계정항목,E011,"가구, 가사비품 및 카페트",E01,"가구, 가사비품 및 카페트",Q,1985Q1,2026Q2,166,2020=100,8.7
901Y009,4.2.1. 소비자물가지수,Group1,계정항목,E01101,장롱,E011,"가구, 가사비품 및 카페트",A,1980,2025,46,2020=100,1.3
901Y009,4.2.1. 소비자물가지수,Group1,계정항목,E01101,장롱,E011,"가구, 가사비품 및 카페트",M,198001,202607,559,2020=100,1.3
901Y009,4.2.1. 소비자물가지수,Group1,계정항목,E01101,장롱,E011,"가구, 가사비품 및 카페트",Q,1980Q1,2026Q2,186,2020=100,1.3
901Y009,4.2.1. 소비자물가지수,Group1,계정항목,E01102,침대,E011,"가구, 가사비품 및 카페트",A,1990,2025,36,2020=100,2.7
901Y009,4.2.1. 소비자물가지수,Group1,계정항목,E01102,침대,E011,"가구, 가사비품 및 카페트",M,199001,202607,439,2020=100,2.7
901Y009,4.2.1. 소비자물가지수,Group1,계정항목,E01102,침대,E011,"가구, 가사비품 및 카페트",Q,1990Q1,2026Q2,146,2020=100,2.7
901Y009,4.2.1. 소비자물가지수,Group1,계정항목,E01103,거실장,E011,"가구, 가사비품 및 카페트",A,1985,2025,41,2020=100,0.4
901Y009,4.2.1. 소비자물가지수,Group1,계정항목,E01103,거실장,E011,"가구, 가사비품 및 카페트",M,198501,202607,499,2020=100,0.4
901Y009,4.2.1. 소비자물가지수,Group1,계정항목,E01103,거실장,E011,"가구, 가사비품 및 카페트",Q,1985Q1,2026Q2,166,2020=100,0.4
901Y009,4.2.1. 소비자물가지수,Group1,계정항목,E01104,소파,E011,"가구, 가사비품 및 카페트",A,1990,2025,36,2020=100,1.3
901Y009,4.2.1. 소비자물가지수,Group1,계정항목,E01104,소파,E011,"가구, 가사비품 및 카페트",M,199001,202607,439,2020=100,1.3
901Y009,4.2.1. 소비자물가지수,Group1,계정항목,E01104,소파,E011,"가구, 가사비품 및 카페트",Q,1990Q1,2026Q2,146,2020=100,1.3
901Y009,4.2.1. 소비자물가지수,Group1,계정항목,E01105,책상,E011,"가구, 가사비품 및 카페트",A,1975,2025,51,2020=100,0.4
901Y009,4.2.1. 소비자물가지수,Group1,계정항목,E01105,책상,E011,"가구, 가사비품 및 카페트",M,197501,202607,619,2020=100,0.4
901Y009,4.2.1. 소비자물가지수,Group1,계정항목,E01105,책상,E011,"가구, 가사비품 및 카페트",Q,1975Q1,2026Q2,206,2020=100,0.4
901Y009,4.2.1. 소비자물가지수,Group1,계정항목,E01106,의자,E011,"가구, 가사비품 및 카페트",A,1975,2025,51,2020=100,0.4
901Y009,4.2.1. 소비자물가지수,Group1,계정항목,E01106,의자,E011,"가구, 가사비품 및 카페트",M,197501,202607,619,2020=100,0.4
901Y009,4.2.1. 소비자물가지수,Group1,계정항목,E01106,의자,E011,"가구, 가사비품 및 카페트",Q,1975Q1,2026Q2,206,2020=100,0.4
901Y009,4.2.1. 소비자물가지수,Group1,계정항목,E01107,식탁,E011,"가구, 가사비품 및 카페트",A,1985,2025,41,2020=100,0.9
901Y009,4.2.1. 소비자물가지수,Group1,계정항목,E01107,식탁,E011,"가구, 가사비품 및 카페트",M,198501,202607,499,2020=100,0.9
901Y009,4.2.1. 소비자물가지수,Group1,계정항목,E01107,식탁,E011,"가구, 가사비품 및 카페트",Q,1985Q1,2026Q2,166,2020=100,0.9
901Y009,4.2.1. 소비자물가지수,Group1,계정항목,E01108,싱크대,E011,"가구, 가사비품 및 카페트",A,1980,2025,46,2020=100,1.3
901Y009,4.2.1. 소비자물가지수,Group1,계정항목,E01108,싱크대,E011,"가구, 가사비품 및 카페트",M,198001,202607,559,2020=100,1.3
901Y009,4.2.1. 소비자물가지수,Group1,계정항목,E01108,싱크대,E011,"가구, 가사비품 및 카페트",Q,1980Q1,2026Q2,186,2020=100,1.3
901Y009,4.2.1. 소비자물가지수,Group1,계정항목,E02,가정용 섬유제품,E,가정용품 및 가사 서비스,A,1985,2025,41,2020=100,3
901Y009,4.2.1. 소비자물가지수,Group1,계정항목,E02,가정용 섬유제품,E,가정용품 및 가사 서비스,M,198501,202607,499,2020=100,3
901Y009,4.2.1. 소비자물가지수,Group1,계정항목,E02,가정용 섬유제품,E,가정용품 및 가사 서비스,Q,1985Q1,2026Q2,166,2020=100,3
901Y009,4.2.1. 소비자물가지수,Group1,계정항목,E021,가정용 섬유제품,E02,가정용 섬유제품,A,1985,2025,41,2020=100,3
901Y009,4.2.1. 소비자물가지수,Group1,계정항목,E021,가정용 섬유제품,E02,가정용 섬유제품,M,198501,202607,499,2020=100,3
901Y009,4.2.1. 소비자물가지수,Group1,계정항목,E021,가정용 섬유제품,E02,가정용 섬유제품,Q,1985Q1,2026Q2,166,2020=100,3
901Y009,4.2.1. 소비자물가지수,Group1,계정항목,E02101,침구,E021,가정용 섬유제품,A,1985,2025,41,2020=100,2.6
901Y009,4.2.1. 소비자물가지수,Group1,계정항목,E02101,침구,E021,가정용 섬유제품,M,198501,202607,499,2020=100,2.6
901Y009,4.2.1. 소비자물가지수,Group1,계정항목,E02101,침구,E021,가정용 섬유제품,Q,1985Q1,2026Q2,166,2020=100,2.6
901Y009,4.2.1. 소비자물가지수,Group1,계정항목,E02102,커튼,E021,가정용 섬유제품,A,1990,2025,36,2020=100,0.4
901Y009,4.2.1. 소비자물가지수,Group1,계정항목,E02102,커튼,E021,가정용 섬유제품,M,199001,202607,439,2020=100,0.4
901Y009,4.2.1. 소비자물가지수,Group1,계정항목,E02102,커튼,E021,가정용 섬유제품,Q,1990Q1,2026Q2,146,2020=100,0.4
901Y009,4.2.1. 소비자물가지수,Group1,계정항목,E03,가정용 기기,E,가정용품 및 가사 서비스,A,1985,2025,41,2020=100,16.7
901Y009,4.2.1. 소비자물가지수,Group1,계정항목,E03,가정용 기기,E,가정용품 및 가사 서비스,M,198501,202607,499,2020=100,16.7
901Y009,4.2.1. 소비자물가지수,Group1,계정항목,E03,가정용 기기,E,가정용품 및 가사 서비스,Q,1985Q1,2026Q2,166,2020=100,16.7
901Y009,4.2.1. 소비자물가지수,Group1,계정항목,E031,가정용 기구,E03,가정용 기기,A,1985,2025,41,2020=100,11.8
901Y009,4.2.1. 소비자물가지수,Group1,계정항목,E031,가정용 기구,E03,가정용 기기,M,198501,202607,499,2020=100,11.8
901Y009,4.2.1. 소비자물가지수,Group1,계정항목,E031,가정용 기구,E03,가정용 기기,Q,1985Q1,2026Q2,166,2020=100,11.8
901Y009,4.2.1. 소비자물가지수,Group1,계정항목,E03101,전기밥솥,E031,가정용 기구,A,1980,2025,46,2020=100,0.5
901Y009,4.2.1. 소비자물가지수,Group1,계정항목,E03101,전기밥솥,E031,가정용 기구,M,198001,202607,559,2020=100,0.5
901Y009,4.2.1. 소비자물가지수,Group1,계정항목,E03101,전기밥솥,E031,가정용 기구,Q,1980Q1,2026Q2,186,2020=100,0.5
901Y009,4.2.1. 소비자물가지수,Group1,계정항목,E03102,가스레인지,E031,가정용 기구,A,1980,2025,46,2020=100,0.4
901Y009,4.2.1. 소비자물가지수,Group1,계정항목,E03102,가스레인지,E031,가정용 기구,M,198001,202607,559,2020=100,0.4
901Y009,4.2.1. 소비자물가지수,Group1,계정항목,E03102,가스레인지,E031,가정용 기구,Q,1980Q1,2026Q2,186,2020=100,0.4
901Y009,4.2.1. 소비자물가지수,Group1,계정항목,E03103,전자레인지,E031,가정용 기구,A,1990,2025,36,2020=100,0.1
901Y009,4.2.1. 소비자물가지수,Group1,계정항목,E03103,전자레인지,E031,가정용 기구,M,199001,202607,439,2020=100,0.1
901Y009,4.2.1. 소비자물가지수,Group1,계정항목,E03103,전자레인지,E031,가정용 기구,Q,1990Q1,2026Q2,146,2020=100,0.1
901Y009,4.2.1. 소비자물가지수,Group1,계정항목,E03104,전기레인지,E031,가정용 기구,A,2015,2025,11,2020=100,0.2
901Y009,4.2.1. 소비자물가지수,Group1,계정항목,E03104,전기레인지,E031,가정용 기구,M,201501,202607,139,2020=100,0.2
901Y009,4.2.1. 소비자물가지수,Group1,계정항목,E03104,전기레인지,E031,가정용 기구,Q,2015Q1,2026Q2,46,2020=100,0.2
901Y009,4.2.1. 소비자물가지수,Group1,계정항목,E03105,냉장고,E031,가정용 기구,A,1975,2025,51,2020=100,2.4
901Y009,4.2.1. 소비자물가지수,Group1,계정항목,E03105,냉장고,E031,가정용 기구,M,197501,202607,619,2020=100,2.4
901Y009,4.2.1. 소비자물가지수,Group1,계정항목,E03105,냉장고,E031,가정용 기구,Q,1975Q1,2026Q2,206,2020=100,2.4
901Y009,4.2.1. 소비자물가지수,Group1,계정항목,E03106,김치냉장고,E031,가정용 기구,A,2000,2025,26,2020=100,1.1
901Y009,4.2.1. 소비자물가지수,Group1,계정항목,E03106,김치냉장고,E031,가정용 기구,M,200001,202607,319,2020=100,1.1
901Y009,4.2.1. 소비자물가지수,Group1,계정항목,E03106,김치냉장고,E031,가정용 기구,Q,2000Q1,2026Q2,106,2020=100,1.1
901Y009,4.2.1. 소비자물가지수,Group1,계정항목,E03107,에어컨,E031,가정용 기구,A,1990,2025,36,2020=100,1.5
901Y009,4.2.1. 소비자물가지수,Group1,계정항목,E03107,에어컨,E031,가정용 기구,M,199001,202607,439,2020=100,1.5
901Y009,4.2.1. 소비자물가지수,Group1,계정항목,E03107,에어컨,E031,가정용 기구,Q,1990Q1,2026Q2,146,2020=100,1.5
901Y009,4.2.1. 소비자물가지수,Group1,계정항목,E03108,선풍기,E031,가정용 기구,A,1975,2025,51,2020=100,0.4
901Y009,4.2.1. 소비자물가지수,Group1,계정항목,E03108,선풍기,E031,가정용 기구,M,197501,202607,619,2020=100,0.4
901Y009,4.2.1. 소비자물가지수,Group1,계정항목,E03108,선풍기,E031,가정용 기구,Q,1975Q1,2026Q2,206,2020=100,0.4
901Y009,4.2.1. 소비자물가지수,Group1,계정항목,E03109,공기청정기,E031,가정용 기구,A,2005,2025,21,2020=100,0.6
901Y009,4.2.1. 소비자물가지수,Group1,계정항목,E03109,공기청정기,E031,가정용 기구,M,200501,202607,259,2020=100,0.6
901Y009,4.2.1. 소비자물가지수,Group1,계정항목,E03109,공기청정기,E031,가정용 기구,Q,2005Q1,2026Q2,86,2020=100,0.6
901Y009,4.2.1. 소비자물가지수,Group1,계정항목,E03110,세탁기,E031,가정용 기구,A,1980,2025,46,2020=100,1
901Y009,4.2.1. 소비자물가지수,Group1,계정항목,E03110,세탁기,E031,가정용 기구,M,198001,202607,559,2020=100,1
901Y009,4.2.1. 소비자물가지수,Group1,계정항목,E03110,세탁기,E031,가정용 기구,Q,1980Q1,2026Q2,186,2020=100,1
901Y009,4.2.1. 소비자물가지수,Group1,계정항목,E03111,의류건조기,E031,가정용 기구,A,2020,2025,6,2020=100,1.1
901Y009,4.2.1. 소비자물가지수,Group1,계정항목,E03111,의류건조기,E031,가정용 기구,M,202001,202607,79,2020=100,1.1
901Y009,4.2.1. 소비자물가지수,Group1,계정항목,E03111,의류건조기,E031,가정용 기구,Q,2020Q1,2026Q2,26,2020=100,1.1
901Y009,4.2.1. 소비자물가지수,Group1,계정항목,E03112,식기세척기,E031,가정용 기구,A,2020,2025,6,2020=100,0.2
901Y009,4.2.1. 소비자물가지수,Group1,계정항목,E03112,식기세척기,E031,가정용 기구,M,202001,202607,79,2020=100,0.2
901Y009,4.2.1. 소비자물가지수,Group1,계정항목,E03112,식기세척기,E031,가정용 기구,Q,2020Q1,2026Q2,26,2020=100,0.2
901Y009,4.2.1. 소비자물가지수,Group1,계정항목,E03113,청소기,E031,가정용 기구,A,1990,2025,36,2020=100,1.1
901Y009,4.2.1. 소비자물가지수,Group1,계정항목,E03113,청소기,E031,가정용 기구,M,199001,202607,439,2020=100,1.1
901Y009,4.2.1. 소비자물가지수,Group1,계정항목,E03113,청소기,E031,가정용 기구,Q,1990Q1,2026Q2,146,2020=100,1.1
901Y009,4.2.1. 소비자물가지수,Group1,계정항목,E03114,소형주방가전,E031,가정용 기구,A,1975,2025,51,2020=100,0.8
901Y009,4.2.1. 소비자물가지수,Group1,계정항목,E03114,소형주방가전,E031,가정용 기구,M,197501,202607,619,2020=100,0.8
901Y009,4.2.1. 소비자물가지수,Group1,계정항목,E03114,소형주방가전,E031,가정용 기구,Q,1975Q1,2026Q2,206,2020=100,0.8
901Y009,4.2.1. 소비자물가지수,Group1,계정항목,E03115,보온매트,E031,가정용 기구,A,2010,2025,16,2020=100,0.4
901Y009,4.2.1. 소비자물가지수,Group1,계정항목,E03115,보온매트,E031,가정용 기구,M,201001,202607,199,2020=100,0.4
901Y009,4.2.1. 소비자물가지수,Group1,계정항목,E03115,보온매트,E031,가정용 기구,Q,2010Q1,2026Q2,66,2020=100,0.4
901Y009,4.2.1. 소비자물가지수,Group1,계정항목,E032,가정용 기구 수리서비스,E03,가정용 기기,A,2000,2025,26,2020=100,4.9
901Y009,4.2.1. 소비자물가지수,Group1,계정항목,E032,가정용 기구 수리서비스,E03,가정용 기기,M,200001,202607,319,2020=100,4.9
901Y009,4.2.1. 소비자물가지수,Group1,계정항목,E032,가정용 기구 수리서비스,E03,가정용 기기,Q,2000Q1,2026Q2,106,2020=100,4.9
901Y009,4.2.1. 소비자물가지수,Group1,계정항목,E03201,가전제품수리비,E032,가정용 기구 수리서비스,A,2000,2025,26,2020=100,2.4
901Y009,4.2.1. 소비자물가지수,Group1,계정항목,E03201,가전제품수리비,E032,가정용 기구 수리서비스,M,200001,202607,319,2020=100,2.4
901Y009,4.2.1. 소비자물가지수,Group1,계정항목,E03201,가전제품수리비,E032,가정용 기구 수리서비스,Q,2000Q1,2026Q2,106,2020=100,2.4
901Y009,4.2.1. 소비자물가지수,Group1,계정항목,E03202,가전제품렌탈비,E032,가정용 기구 수리서비스,A,2010,2025,16,2020=100,2.5
901Y009,4.2.1. 소비자물가지수,Group1,계정항목,E03202,가전제품렌탈비,E032,가정용 기구 수리서비스,M,201001,202607,199,2020=100,2.5
901Y009,4.2.1. 소비자물가지수,Group1,계정항목,E03202,가전제품렌탈비,E032,가정용 기구 수리서비스,Q,2010Q1,2026Q2,66,2020=100,2.5
901Y009,4.2.1. 소비자물가지수,Group1,계정항목,E04,주방용품 및 가정용품,E,가정용품 및 가사 서비스,A,1985,2025,41,2020=100,4
901Y009,4.2.1. 소비자물가지수,Group1,계정항목,E04,주방용품 및 가정용품,E,가정용품 및 가사 서비스,M,198501,202607,499,2020=100,4
901Y009,4.2.1. 소비자물가지수,Group1,계정항목,E04,주방용품 및 가정용품,E,가정용품 및 가사 서비스,Q,1985Q1,2026Q2,166,2020=100,4
901Y009,4.2.1. 소비자물가지수,Group1,계정항목,E041,주방용품 및 가정용품,E04,주방용품 및 가정용품,A,1985,2025,41,2020=100,4
901Y009,4.2.1. 소비자물가지수,Group1,계정항목,E041,주방용품 및 가정용품,E04,주방용품 및 가정용품,M,198501,202607,499,2020=100,4
901Y009,4.2.1. 소비자물가지수,Group1,계정항목,E041,주방용품 및 가정용품,E04,주방용품 및 가정용품,Q,1985Q1,2026Q2,166,2020=100,4
901Y009,4.2.1. 소비자물가지수,Group1,계정항목,E04101,식기,E041,주방용품 및 가정용품,A,1985,2025,41,2020=100,0.8
901Y009,4.2.1. 소비자물가지수,Group1,계정항목,E04101,식기,E041,주방용품 및 가정용품,M,198501,202607,499,2020=100,0.8
901Y009,4.2.1. 소비자물가지수,Group1,계정항목,E04101,식기,E041,주방용품 및 가정용품,Q,1985Q1,2026Q2,166,2020=100,0.8
901Y009,4.2.1. 소비자물가지수,Group1,계정항목,E04102,컵,E041,주방용품 및 가정용품,A,1985,2025,41,2020=100,0.5
901Y009,4.2.1. 소비자물가지수,Group1,계정항목,E04102,컵,E041,주방용품 및 가정용품,M,198501,202607,499,2020=100,0.5
901Y009,4.2.1. 소비자물가지수,Group1,계정항목,E04102,컵,E041,주방용품 및 가정용품,Q,1985Q1,2026Q2,166,2020=100,0.5
901Y009,4.2.1. 소비자물가지수,Group1,계정항목,E04103,솥,E041,주방용품 및 가정용품,A,1990,2025,36,2020=100,0.2
901Y009,4.2.1. 소비자물가지수,Group1,계정항목,E04103,솥,E041,주방용품 및 가정용품,M,199001,202607,439,2020=100,0.2
901Y009,4.2.1. 소비자물가지수,Group1,계정항목,E04103,솥,E041,주방용품 및 가정용품,Q,1990Q1,2026Q2,146,2020=100,0.2
901Y009,4.2.1. 소비자물가지수,Group1,계정항목,E04104,프라이팬,E041,주방용품 및 가정용품,A,1975,2025,51,2020=100,0.6
901Y009,4.2.1. 소비자물가지수,Group1,계정항목,E04104,프라이팬,E041,주방용품 및 가정용품,M,197501,202607,619,2020=100,0.6
901Y009,4.2.1. 소비자물가지수,Group1,계정항목,E04104,프라이팬,E041,주방용품 및 가정용품,Q,1975Q1,2026Q2,206,2020=100,0.6
901Y009,4.2.1. 소비자물가지수,Group1,계정항목,E04105,냄비,E041,주방용품 및 가정용품,A,1975,2025,51,2020=100,0.5
901Y009,4.2.1. 소비자물가지수,Group1,계정항목,E04105,냄비,E041,주방용품 및 가정용품,M,197501,202607,619,2020=100,0.5
901Y009,4.2.1. 소비자물가지수,Group1,계정항목,E04105,냄비,E041,주방용품 및 가정용품,Q,1975Q1,2026Q2,206,2020=100,0.5
901Y009,4.2.1. 소비자물가지수,Group1,계정항목,E04106,수저,E041,주방용품 및 가정용품,A,1975,2025,51,2020=100,0.3
901Y009,4.2.1. 소비자물가지수,Group1,계정항목,E04106,수저,E041,주방용품 및 가정용품,M,197501,202607,619,2020=100,0.3
901Y009,4.2.1. 소비자물가지수,Group1,계정항목,E04106,수저,E041,주방용품 및 가정용품,Q,1975Q1,2026Q2,206,2020=100,0.3
901Y009,4.2.1. 소비자물가지수,Group1,계정항목,E04107,밀폐용기,E041,주방용품 및 가정용품,A,1990,2025,36,2020=100,0.7
901Y009,4.2.1. 소비자물가지수,Group1,계정항목,E04107,밀폐용기,E041,주방용품 및 가정용품,M,199001,202607,439,2020=100,0.7
901Y009,4.2.1. 소비자물가지수,Group1,계정항목,E04107,밀폐용기,E041,주방용품 및 가정용품,Q,1990Q1,2026Q2,146,2020=100,0.7
901Y009,4.2.1. 소비자물가지수,Group1,계정항목,E04108,부엌용용구,E041,주방용품 및 가정용품,A,2005,2025,21,2020=100,0.4
901Y009,4.2.1. 소비자물가지수,Group1,계정항목,E04108,부엌용용구,E041,주방용품 및 가정용품,M,200501,202607,259,2020=100,0.4
901Y009,4.2.1. 소비자물가지수,Group1,계정항목,E04108,부엌용용구,E041,주방용품 및 가정용품,Q,2005Q1,2026Q2,86,2020=100,0.4
901Y009,4.2.1. 소비자물가지수,Group1,계정항목,E05,가정·정원용 공구 및 장비,E,가정용품 및 가사 서비스,A,1985,2025,41,2020=100,3.1
901Y009,4.2.1. 소비자물가지수,Group1,계정항목,E05,가정·정원용 공구 및 장비,E,가정용품 및 가사 서비스,M,198501,202607,499,2020=100,3.1
901Y009,4.2.1. 소비자물가지수,Group1,계정항목,E05,가정·정원용 공구 및 장비,E,가정용품 및 가사 서비스,Q,1985Q1,2026Q2,166,2020=100,3.1
901Y009,4.2.1. 소비자물가지수,Group1,계정항목,E051,가정·정원용 공구 및 장비,E05,가정·정원용 공구 및 장비,A,1985,2025,41,2020=100,3.1
901Y009,4.2.1. 소비자물가지수,Group1,계정항목,E051,가정·정원용 공구 및 장비,E05,가정·정원용 공구 및 장비,M,198501,202607,499,2020=100,3.1
901Y009,4.2.1. 소비자물가지수,Group1,계정항목,E051,가정·정원용 공구 및 장비,E05,가정·정원용 공구 및 장비,Q,1985Q1,2026Q2,166,2020=100,3.1
901Y009,4.2.1. 소비자물가지수,Group1,계정항목,E05101,보일러,E051,가정·정원용 공구 및 장비,A,1990,2025,36,2020=100,1.5
901Y009,4.2.1. 소비자물가지수,Group1,계정항목,E05101,보일러,E051,가정·정원용 공구 및 장비,M,199001,202607,439,2020=100,1.5
901Y009,4.2.1. 소비자물가지수,Group1,계정항목,E05101,보일러,E051,가정·정원용 공구 및 장비,Q,1990Q1,2026Q2,146,2020=100,1.5
901Y009,4.2.1. 소비자물가지수,Group1,계정항목,E05102,건전지,E051,가정·정원용 공구 및 장비,A,1980,2025,46,2020=100,0.3
901Y009,4.2.1. 소비자물가지수,Group1,계정항목,E05102,건전지,E051,가정·정원용 공구 및 장비,M,198001,202607,559,2020=100,0.3
901Y009,4.2.1. 소비자물가지수,Group1,계정항목,E05102,건전지,E051,가정·정원용 공구 및 장비,Q,1980Q1,2026Q2,186,2020=100,0.3
901Y009,4.2.1. 소비자물가지수,Group1,계정항목,E05103,소형가사용품,E051,가정·정원용 공구 및 장비,A,2010,2025,16,2020=100,1.3
901Y009,4.2.1. 소비자물가지수,Group1,계정항목,E05103,소형가사용품,E051,가정·정원용 공구 및 장비,M,201001,202607,199,2020=100,1.3
901Y009,4.2.1. 소비자물가지수,Group1,계정항목,E05103,소형가사용품,E051,가정·정원용 공구 및 장비,Q,2010Q1,2026Q2,66,2020=100,1.3
901Y009,4.2.1. 소비자물가지수,Group1,계정항목,E06,일상 생활용품 및 가사 서비스,E,가정용품 및 가사 서비스,A,1985,2025,41,2020=100,10.1
901Y009,4.2.1. 소비자물가지수,Group1,계정항목,E06,일상 생활용품 및 가사 서비스,E,가정용품 및 가사 서비스,M,198501,202607,499,2020=100,10.1
901Y009,4.2.1. 소비자물가지수,Group1,계정항목,E06,일상 생활용품 및 가사 서비스,E,가정용품 및 가사 서비스,Q,1985Q1,2026Q2,166,2020=100,10.1
901Y009,4.2.1. 소비자물가지수,Group1,계정항목,E061,비내구성 가정용품,E06,일상 생활용품 및 가사 서비스,A,1985,2025,41,2020=100,5.1
901Y009,4.2.1. 소비자물가지수,Group1,계정항목,E061,비내구성 가정용품,E06,일상 생활용품 및 가사 서비스,M,198501,202607,499,2020=100,5.1
901Y009,4.2.1. 소비자물가지수,Group1,계정항목,E061,비내구성 가정용품,E06,일상 생활용품 및 가사 서비스,Q,1985Q1,2026Q2,166,2020=100,5.1
901Y009,4.2.1. 소비자물가지수,Group1,계정항목,E06101,세탁세제,E061,비내구성 가정용품,A,1975,2025,51,2020=100,1.7
901Y009,4.2.1. 소비자물가지수,Group1,계정항목,E06101,세탁세제,E061,비내구성 가정용품,M,197501,202607,619,2020=100,1.7
901Y009,4.2.1. 소비자물가지수,Group1,계정항목,E06101,세탁세제,E061,비내구성 가정용품,Q,1975Q1,2026Q2,206,2020=100,1.7
901Y009,4.2.1. 소비자물가지수,Group1,계정항목,E06102,섬유유연제,E061,비내구성 가정용품,A,1995,2025,31,2020=100,0.1
901Y009,4.2.1. 소비자물가지수,Group1,계정항목,E06102,섬유유연제,E061,비내구성 가정용품,M,199501,202607,379,2020=100,0.1
901Y009,4.2.1. 소비자물가지수,Group1,계정항목,E06102,섬유유연제,E061,비내구성 가정용품,Q,1995Q1,2026Q2,126,2020=100,0.1
901Y009,4.2.1. 소비자물가지수,Group1,계정항목,E06103,전구,E061,비내구성 가정용품,A,1975,2025,51,2020=100,0.2
901Y009,4.2.1. 소비자물가지수,Group1,계정항목,E06103,전구,E061,비내구성 가정용품,M,197501,202607,619,2020=100,0.2
901Y009,4.2.1. 소비자물가지수,Group1,계정항목,E06103,전구,E061,비내구성 가정용품,Q,1975Q1,2026Q2,206,2020=100,0.2
901Y009,4.2.1. 소비자물가지수,Group1,계정항목,E06104,부엌용세제,E061,비내구성 가정용품,A,1980,2025,46,2020=100,0.6
901Y009,4.2.1. 소비자물가지수,Group1,계정항목,E06104,부엌용세제,E061,비내구성 가정용품,M,198001,202607,559,2020=100,0.6
901Y009,4.2.1. 소비자물가지수,Group1,계정항목,E06104,부엌용세제,E061,비내구성 가정용품,Q,1980Q1,2026Q2,186,2020=100,0.6
901Y009,4.2.1. 소비자물가지수,Group1,계정항목,E06105,청소용세제,E061,비내구성 가정용품,A,2005,2025,21,2020=100,0.2
901Y009,4.2.1. 소비자물가지수,Group1,계정항목,E06105,청소용세제,E061,비내구성 가정용품,M,200501,202607,259,2020=100,0.2
901Y009,4.2.1. 소비자물가지수,Group1,계정항목,E06105,청소용세제,E061,비내구성 가정용품,Q,2005Q1,2026Q2,86,2020=100,0.2
901Y009,4.2.1. 소비자물가지수,Group1,계정항목,E06106,살충제,E061,비내구성 가정용품,A,1975,2025,51,2020=100,0.3
901Y009,4.2.1. 소비자물가지수,Group1,계정항목,E06106,살충제,E061,비내구성 가정용품,M,197501,202607,619,2020=100,0.3
901Y009,4.2.1. 소비자물가지수,Group1,계정항목,E06106,살충제,E061,비내구성 가정용품,Q,1975Q1,2026Q2,206,2020=100,0.3
901Y009,4.2.1. 소비자물가지수,Group1,계정항목,E06107,가정용비닐용품,E061,비내구성 가정용품,A,1990,2025,36,2020=100,0.6
901Y009,4.2.1. 소비자물가지수,Group1,계정항목,E06107,가정용비닐용품,E061,비내구성 가정용품,M,199001,202607,439,2020=100,0.6
901Y009,4.2.1. 소비자물가지수,Group1,계정항목,E06107,가정용비닐용품,E061,비내구성 가정용품,Q,1990Q1,2026Q2,146,2020=100,0.6
901Y009,4.2.1. 소비자물가지수,Group1,계정항목,E06108,키친타월,E061,비내구성 가정용품,A,2005,2025,21,2020=100,1
901Y009,4.2.1. 소비자물가지수,Group1,계정항목,E06108,키친타월,E061,비내구성 가정용품,M,200501,202607,259,2020=100,1
901Y009,4.2.1. 소비자물가지수,Group1,계정항목,E06108,키친타월,E061,비내구성 가정용품,Q,2005Q1,2026Q2,86,2020=100,1
901Y009,4.2.1. 소비자물가지수,Group1,계정항목,E06109,방향제,E061,비내구성 가정용품,A,2005,2025,21,2020=100,0.3
901Y009,4.2.1. 소비자물가지수,Group1,계정항목,E06109,방향제,E061,비내구성 가정용품,M,200501,202607,259,2020=100,0.3
901Y009,4.2.1. 소비자물가지수,Group1,계정항목,E06109,방향제,E061,비내구성 가정용품,Q,2005Q1,2026Q2,86,2020=100,0.3
901Y009,4.2.1. 소비자물가지수,Group1,계정항목,E06110,습기제거제,E061,비내구성 가정용품,A,1995,2025,31,2020=100,0.1
901Y009,4.2.1. 소비자물가지수,Group1,계정항목,E06110,습기제거제,E061,비내구성 가정용품,M,199501,202607,379,2020=100,0.1
901Y009,4.2.1. 소비자물가지수,Group1,계정항목,E06110,습기제거제,E061,비내구성 가정용품,Q,1995Q1,2026Q2,126,2020=100,0.1
901Y009,4.2.1. 소비자물가지수,Group1,계정항목,E062,가구내 고용 및 가사 서비스,E06,일상 생활용품 및 가사 서비스,A,1985,2025,41,2020=100,5
901Y009,4.2.1. 소비자물가지수,Group1,계정항목,E062,가구내 고용 및 가사 서비스,E06,일상 생활용품 및 가사 서비스,M,198501,202607,499,2020=100,5
901Y009,4.2.1. 소비자물가지수,Group1,계정항목,E062,가구내 고용 및 가사 서비스,E06,일상 생활용품 및 가사 서비스,Q,1985Q1,2026Q2,166,2020=100,5
901Y009,4.2.1. 소비자물가지수,Group1,계정항목,E06201,가사도우미료,E062,가구내 고용 및 가사 서비스,A,1980,2025,46,2020=100,2.4
901Y009,4.2.1. 소비자물가지수,Group1,계정항목,E06201,가사도우미료,E062,가구내 고용 및 가사 서비스,M,198001,202607,559,2020=100,2.4
901Y009,4.2.1. 소비자물가지수,Group1,계정항목,E06201,가사도우미료,E062,가구내 고용 및 가사 서비스,Q,1980Q1,2026Q2,186,2020=100,2.4
901Y009,4.2.1. 소비자물가지수,Group1,계정항목,E06202,간병도우미료,E062,가구내 고용 및 가사 서비스,A,2005,2025,21,2020=100,2.6
901Y009,4.2.1. 소비자물가지수,Group1,계정항목,E06202,간병도우미료,E062,가구내 고용 및 가사 서비스,M,200501,202607,259,2020=100,2.6
901Y009,4.2.1. 소비자물가지수,Group1,계정항목,E06202,간병도우미료,E062,가구내 고용 및 가사 서비스,Q,2005Q1,2026Q2,86,2020=100,2.6
901Y009,4.2.1. 소비자물가지수,Group1,계정항목,F,보건,0,총지수,A,1985,2025,41,2020=100,84
901Y009,4.2.1. 소비자물가지수,Group1,계정항목,F,보건,0,총지수,M,198501,202607,499,2020=100,84
901Y009,4.2.1. 소비자물가지수,Group1,계정항목,F,보건,0,총지수,Q,1985Q1,2026Q2,166,2020=100,84
901Y009,4.2.1. 소비자물가지수,Group1,계정항목,F01,의료용품 및 장비,F,보건,A,1985,2025,41,2020=100,35.3
901Y009,4.2.1. 소비자물가지수,Group1,계정항목,F01,의료용품 및 장비,F,보건,M,198501,202607,499,2020=100,35.3
901Y009,4.2.1. 소비자물가지수,Group1,계정항목,F01,의료용품 및 장비,F,보건,Q,1985Q1,2026Q2,166,2020=100,35.3
901Y009,4.2.1. 소비자물가지수,Group1,계정항목,F011,의약품,F01,의료용품 및 장비,A,1985,2025,41,2020=100,25
901Y009,4.2.1. 소비자물가지수,Group1,계정항목,F011,의약품,F01,의료용품 및 장비,M,198501,202607,499,2020=100,25
901Y009,4.2.1. 소비자물가지수,Group1,계정항목,F011,의약품,F01,의료용품 및 장비,Q,1985Q1,2026Q2,166,2020=100,25
901Y009,4.2.1. 소비자물가지수,Group1,계정항목,F01101,감기약,F011,의약품,A,1975,2025,51,2020=100,0.4
901Y009,4.2.1. 소비자물가지수,Group1,계정항목,F01101,감기약,F011,의약품,M,197501,202607,619,2020=100,0.4
901Y009,4.2.1. 소비자물가지수,Group1,계정항목,F01101,감기약,F011,의약품,Q,1975Q1,2026Q2,206,2020=100,0.4
901Y009,4.2.1. 소비자물가지수,Group1,계정항목,F01102,진통제,F011,의약품,A,1980,2025,46,2020=100,0.4
901Y009,4.2.1. 소비자물가지수,Group1,계정항목,F01102,진통제,F011,의약품,M,198001,202607,559,2020=100,0.4
901Y009,4.2.1. 소비자물가지수,Group1,계정항목,F01102,진통제,F011,의약품,Q,1980Q1,2026Q2,186,2020=100,0.4
901Y009,4.2.1. 소비자물가지수,Group1,계정항목,F01103,소화제,F011,의약품,A,1975,2025,51,2020=100,0.3
901Y009,4.2.1. 소비자물가지수,Group1,계정항목,F01103,소화제,F011,의약품,M,197501,202607,619,2020=100,0.3
901Y009,4.2.1. 소비자물가지수,Group1,계정항목,F01103,소화제,F011,의약품,Q,1975Q1,2026Q2,206,2020=100,0.3
901Y009,4.2.1. 소비자물가지수,Group1,계정항목,F01104,위장약,F011,의약품,A,1985,2025,41,2020=100,0.2
901Y009,4.2.1. 소비자물가지수,Group1,계정항목,F01104,위장약,F011,의약품,M,198501,202607,499,2020=100,0.2
901Y009,4.2.1. 소비자물가지수,Group1,계정항목,F01104,위장약,F011,의약품,Q,1985Q1,2026Q2,166,2020=100,0.2
901Y009,4.2.1. 소비자물가지수,Group1,계정항목,F01105,진해거담제,F011,의약품,A,2005,2025,21,2020=100,0.2
901Y009,4.2.1. 소비자물가지수,Group1,계정항목,F01105,진해거담제,F011,의약품,M,200501,202607,259,2020=100,0.2
901Y009,4.2.1. 소비자물가지수,Group1,계정항목,F01105,진해거담제,F011,의약품,Q,2005Q1,2026Q2,86,2020=100,0.2
901Y009,4.2.1. 소비자물가지수,Group1,계정항목,F01106,소염진통제,F011,의약품,A,1980,2025,46,2020=100,0.6
901Y009,4.2.1. 소비자물가지수,Group1,계정항목,F01106,소염진통제,F011,의약품,M,198001,202607,559,2020=100,0.6
901Y009,4.2.1. 소비자물가지수,Group1,계정항목,F01106,소염진통제,F011,의약품,Q,1980Q1,2026Q2,186,2020=100,0.6
901Y009,4.2.1. 소비자물가지수,Group1,계정항목,F01107,피부질환제,F011,의약품,A,1980,2025,46,2020=100,0.3
901Y009,4.2.1. 소비자물가지수,Group1,계정항목,F01107,피부질환제,F011,의약품,M,198001,202607,559,2020=100,0.3
901Y009,4.2.1. 소비자물가지수,Group1,계정항목,F01107,피부질환제,F011,의약품,Q,1980Q1,2026Q2,186,2020=100,0.3
901Y009,4.2.1. 소비자물가지수,Group1,계정항목,F01108,치과구강용약,F011,의약품,A,2015,2025,11,2020=100,0.3
901Y009,4.2.1. 소비자물가지수,Group1,계정항목,F01108,치과구강용약,F011,의약품,M,201501,202607,139,2020=100,0.3
901Y009,4.2.1. 소비자물가지수,Group1,계정항목,F01108,치과구강용약,F011,의약품,Q,2015Q1,2026Q2,46,2020=100,0.3
901Y009,4.2.1. 소비자물가지수,Group1,계정항목,F01109,조제약,F011,의약품,A,2000,2025,26,2020=100,5.8
901Y009,4.2.1. 소비자물가지수,Group1,계정항목,F01109,조제약,F011,의약품,M,200001,202607,319,2020=100,5.8
901Y009,4.2.1. 소비자물가지수,Group1,계정항목,F01109,조제약,F011,의약품,Q,2000Q1,2026Q2,106,2020=100,5.8
901Y009,4.2.1. 소비자물가지수,Group1,계정항목,F01110,한방약,F011,의약품,A,2005,2025,21,2020=100,2.7
901Y009,4.2.1. 소비자물가지수,Group1,계정항목,F01110,한방약,F011,의약품,M,200501,202607,259,2020=100,2.7
901Y009,4.2.1. 소비자물가지수,Group1,계정항목,F01110,한방약,F011,의약품,Q,2005Q1,2026Q2,86,2020=100,2.7
901Y009,4.2.1. 소비자물가지수,Group1,계정항목,F01111,인삼,F011,의약품,A,1975,2025,51,2020=100,0.3
901Y009,4.2.1. 소비자물가지수,Group1,계정항목,F01111,인삼,F011,의약품,M,197501,202607,619,2020=100,0.3
901Y009,4.2.1. 소비자물가지수,Group1,계정항목,F01111,인삼,F011,의약품,Q,1975Q1,2026Q2,206,2020=100,0.3
901Y009,4.2.1. 소비자물가지수,Group1,계정항목,F01112,홍삼,F011,의약품,A,2010,2025,16,2020=100,1.1
901Y009,4.2.1. 소비자물가지수,Group1,계정항목,F01112,홍삼,F011,의약품,M,200404,202607,268,2020=100,1.1
901Y009,4.2.1. 소비자물가지수,Group1,계정항목,F01112,홍삼,F011,의약품,Q,2010Q1,2026Q2,66,2020=100,1.1
901Y009,4.2.1. 소비자물가지수,Group1,계정항목,F01113,비타민제,F011,의약품,A,1975,2025,51,2020=100,1.2
901Y009,4.2.1. 소비자물가지수,Group1,계정항목,F01113,비타민제,F011,의약품,M,197501,202607,619,2020=100,1.2
901Y009,4.2.1. 소비자물가지수,Group1,계정항목,F01113,비타민제,F011,의약품,Q,1975Q1,2026Q2,206,2020=100,1.2
901Y009,4.2.1. 소비자물가지수,Group1,계정항목,F01114,건강기능식품,F011,의약품,A,2000,2025,26,2020=100,6.5
901Y009,4.2.1. 소비자물가지수,Group1,계정항목,F01114,건강기능식품,F011,의약품,M,200001,202607,319,2020=100,6.5
901Y009,4.2.1. 소비자물가지수,Group1,계정항목,F01114,건강기능식품,F011,의약품,Q,2000Q1,2026Q2,106,2020=100,6.5
901Y009,4.2.1. 소비자물가지수,Group1,계정항목,F01115,유산균,F011,의약품,A,2020,2025,6,2020=100,1.2
901Y009,4.2.1. 소비자물가지수,Group1,계정항목,F01115,유산균,F011,의약품,M,202001,202607,79,2020=100,1.2
901Y009,4.2.1. 소비자물가지수,Group1,계정항목,F01115,유산균,F011,의약품,Q,2020Q1,2026Q2,26,2020=100,1.2
901Y009,4.2.1. 소비자물가지수,Group1,계정항목,F01116,병원약품,F011,의약품,A,2015,2025,11,2020=100,3.5
901Y009,4.2.1. 소비자물가지수,Group1,계정항목,F01116,병원약품,F011,의약품,M,201501,202607,139,2020=100,3.5
901Y009,4.2.1. 소비자물가지수,Group1,계정항목,F01116,병원약품,F011,의약품,Q,2015Q1,2026Q2,46,2020=100,3.5
901Y009,4.2.1. 소비자물가지수,Group1,계정항목,F012,의료용품 및 치료기기,F01,의료용품 및 장비,A,1985,2025,41,2020=100,10.3
901Y009,4.2.1. 소비자물가지수,Group1,계정항목,F012,의료용품 및 치료기기,F01,의료용품 및 장비,M,198501,202607,499,2020=100,10.3
901Y009,4.2.1. 소비자물가지수,Group1,계정항목,F012,의료용품 및 치료기기,F01,의료용품 및 장비,Q,1985Q1,2026Q2,166,2020=100,10.3
901Y009,4.2.1. 소비자물가지수,Group1,계정항목,F01201,종이기저귀,F012,의료용품 및 치료기기,A,1995,2025,31,2020=100,1.4
901Y009,4.2.1. 소비자물가지수,Group1,계정항목,F01201,종이기저귀,F012,의료용품 및 치료기기,M,199501,202607,379,2020=100,1.4
901Y009,4.2.1. 소비자물가지수,Group1,계정항목,F01201,종이기저귀,F012,의료용품 및 치료기기,Q,1995Q1,2026Q2,126,2020=100,1.4
901Y009,4.2.1. 소비자물가지수,Group1,계정항목,F01202,생리대,F012,의료용품 및 치료기기,A,1980,2025,46,2020=100,1
901Y009,4.2.1. 소비자물가지수,Group1,계정항목,F01202,생리대,F012,의료용품 및 치료기기,M,198001,202607,559,2020=100,1
901Y009,4.2.1. 소비자물가지수,Group1,계정항목,F01202,생리대,F012,의료용품 및 치료기기,Q,1980Q1,2026Q2,186,2020=100,1
901Y009,4.2.1. 소비자물가지수,Group1,계정항목,F01203,마스크,F012,의료용품 및 치료기기,A,2020,2025,6,2020=100,1.6
901Y009,4.2.1. 소비자물가지수,Group1,계정항목,F01203,마스크,F012,의료용품 및 치료기기,M,202001,202607,79,2020=100,1.6
901Y009,4.2.1. 소비자물가지수,Group1,계정항목,F01203,마스크,F012,의료용품 및 치료기기,Q,2020Q1,2026Q2,26,2020=100,1.6
901Y009,4.2.1. 소비자물가지수,Group1,계정항목,F01204,반창고,F012,의료용품 및 치료기기,A,2020,2025,6,2020=100,0.1
901Y009,4.2.1. 소비자물가지수,Group1,계정항목,F01204,반창고,F012,의료용품 및 치료기기,M,202001,202607,79,2020=100,0.1
901Y009,4.2.1. 소비자물가지수,Group1,계정항목,F01204,반창고,F012,의료용품 및 치료기기,Q,2020Q1,2026Q2,26,2020=100,0.1
901Y009,4.2.1. 소비자물가지수,Group1,계정항목,F01205,안경,F012,의료용품 및 치료기기,A,1985,2025,41,2020=100,1
901Y009,4.2.1. 소비자물가지수,Group1,계정항목,F01205,안경,F012,의료용품 및 치료기기,M,198501,202607,499,2020=100,1
901Y009,4.2.1. 소비자물가지수,Group1,계정항목,F01205,안경,F012,의료용품 및 치료기기,Q,1985Q1,2026Q2,166,2020=100,1
901Y009,4.2.1. 소비자물가지수,Group1,계정항목,F01206,콘택트렌즈,F012,의료용품 및 치료기기,A,2000,2025,26,2020=100,1.4
901Y009,4.2.1. 소비자물가지수,Group1,계정항목,F01206,콘택트렌즈,F012,의료용품 및 치료기기,M,200001,202607,319,2020=100,1.4
901Y009,4.2.1. 소비자물가지수,Group1,계정항목,F01206,콘택트렌즈,F012,의료용품 및 치료기기,Q,2000Q1,2026Q2,106,2020=100,1.4
901Y009,4.2.1. 소비자물가지수,Group1,계정항목,F01207,의료측정기,F012,의료용품 및 치료기기,A,2010,2025,16,2020=100,0.2
901Y009,4.2.1. 소비자물가지수,Group1,계정항목,F01207,의료측정기,F012,의료용품 및 치료기기,M,201001,202607,199,2020=100,0.2
901Y009,4.2.1. 소비자물가지수,Group1,계정항목,F01207,의료측정기,F012,의료용품 및 치료기기,Q,2010Q1,2026Q2,66,2020=100,0.2
901Y009,4.2.1. 소비자물가지수,Group1,계정항목,F01208,보청기,F012,의료용품 및 치료기기,A,2015,2025,11,2020=100,0.6
901Y009,4.2.1. 소비자물가지수,Group1,계정항목,F01208,보청기,F012,의료용품 및 치료기기,M,201501,202607,139,2020=100,0.6
901Y009,4.2.1. 소비자물가지수,Group1,계정항목,F01208,보청기,F012,의료용품 및 치료기기,Q,2015Q1,2026Q2,46,2020=100,0.6
901Y009,4.2.1. 소비자물가지수,Group1,계정항목,F01209,건강기기렌탈비,F012,의료용품 및 치료기기,A,2015,2025,11,2020=100,1.5
901Y009,4.2.1. 소비자물가지수,Group1,계정항목,F01209,건강기기렌탈비,F012,의료용품 및 치료기기,M,201501,202607,139,2020=100,1.5
901Y009,4.2.1. 소비자물가지수,Group1,계정항목,F01209,건강기기렌탈비,F012,의료용품 및 치료기기,Q,2015Q1,2026Q2,46,2020=100,1.5
901Y009,4.2.1. 소비자물가지수,Group1,계정항목,F01210,치료재료,F012,의료용품 및 치료기기,A,2015,2025,11,2020=100,1.5
901Y009,4.2.1. 소비자물가지수,Group1,계정항목,F01210,치료재료,F012,의료용품 및 치료기기,M,201501,202607,139,2020=100,1.5
901Y009,4.2.1. 소비자물가지수,Group1,계정항목,F01210,치료재료,F012,의료용품 및 치료기기,Q,2015Q1,2026Q2,46,2020=100,1.5
901Y009,4.2.1. 소비자물가지수,Group1,계정항목,F02,외래환자 서비스,F,보건,A,1985,2025,41,2020=100,37.4
901Y009,4.2.1. 소비자물가지수,Group1,계정항목,F02,외래환자 서비스,F,보건,M,198501,202607,499,2020=100,37.4
901Y009,4.2.1. 소비자물가지수,Group1,계정항목,F02,외래환자 서비스,F,보건,Q,1985Q1,2026Q2,166,2020=100,37.4
901Y009,4.2.1. 소비자물가지수,Group1,계정항목,F021,의료서비스,F02,외래환자 서비스,A,1985,2025,41,2020=100,24.5
901Y009,4.2.1. 소비자물가지수,Group1,계정항목,F021,의료서비스,F02,외래환자 서비스,M,198501,202607,499,2020=100,24.5
901Y009,4.2.1. 소비자물가지수,Group1,계정항목,F021,의료서비스,F02,외래환자 서비스,Q,1985Q1,2026Q2,166,2020=100,24.5
901Y009,4.2.1. 소비자물가지수,Group1,계정항목,F02101,외래진료비,F021,의료서비스,A,2005,2025,21,2020=100,20.5
901Y009,4.2.1. 소비자물가지수,Group1,계정항목,F02101,외래진료비,F021,의료서비스,M,200501,202607,259,2020=100,20.5
901Y009,4.2.1. 소비자물가지수,Group1,계정항목,F02101,외래진료비,F021,의료서비스,Q,2005Q1,2026Q2,86,2020=100,20.5
901Y009,4.2.1. 소비자물가지수,Group1,계정항목,F02102,건강검진비,F021,의료서비스,A,2005,2025,21,2020=100,1.2
901Y009,4.2.1. 소비자물가지수,Group1,계정항목,F02102,건강검진비,F021,의료서비스,M,200501,202607,259,2020=100,1.2
901Y009,4.2.1. 소비자물가지수,Group1,계정항목,F02102,건강검진비,F021,의료서비스,Q,2005Q1,2026Q2,86,2020=100,1.2
901Y009,4.2.1. 소비자물가지수,Group1,계정항목,F02103,한방진료비,F021,의료서비스,A,1980,2025,46,2020=100,1
901Y009,4.2.1. 소비자물가지수,Group1,계정항목,F02103,한방진료비,F021,의료서비스,M,198001,202607,559,2020=100,1
901Y009,4.2.1. 소비자물가지수,Group1,계정항목,F02103,한방진료비,F021,의료서비스,Q,1980Q1,2026Q2,186,2020=100,1
901Y009,4.2.1. 소비자물가지수,Group1,계정항목,F02104,약국조제료,F021,의료서비스,A,2015,2025,11,2020=100,1.8
901Y009,4.2.1. 소비자물가지수,Group1,계정항목,F02104,약국조제료,F021,의료서비스,M,201501,202607,139,2020=100,1.8
901Y009,4.2.1. 소비자물가지수,Group1,계정항목,F02104,약국조제료,F021,의료서비스,Q,2015Q1,2026Q2,46,2020=100,1.8
901Y009,4.2.1. 소비자물가지수,Group1,계정항목,F022,기타의료서비스,F02,외래환자 서비스,A,2000,2025,26,2020=100,12.9
901Y009,4.2.1. 소비자물가지수,Group1,계정항목,F022,기타의료서비스,F02,외래환자 서비스,M,200001,202607,319,2020=100,12.9
901Y009,4.2.1. 소비자물가지수,Group1,계정항목,F022,기타의료서비스,F02,외래환자 서비스,Q,2000Q1,2026Q2,106,2020=100,12.9
901Y009,4.2.1. 소비자물가지수,Group1,계정항목,F02201,치과진료비,F022,기타의료서비스,A,2000,2025,26,2020=100,6.1
901Y009,4.2.1. 소비자물가지수,Group1,계정항목,F02201,치과진료비,F022,기타의료서비스,M,200001,202607,319,2020=100,6.1
901Y009,4.2.1. 소비자물가지수,Group1,계정항목,F02201,치과진료비,F022,기타의료서비스,Q,2000Q1,2026Q2,106,2020=100,6.1
901Y009,4.2.1. 소비자물가지수,Group1,계정항목,F02202,치과보철료,F022,기타의료서비스,A,2000,2025,26,2020=100,6.8
901Y009,4.2.1. 소비자물가지수,Group1,계정항목,F02202,치과보철료,F022,기타의료서비스,M,200001,202607,319,2020=100,6.8
901Y009,4.2.1. 소비자물가지수,Group1,계정항목,F02202,치과보철료,F022,기타의료서비스,Q,2000Q1,2026Q2,106,2020=100,6.8
901Y009,4.2.1. 소비자물가지수,Group1,계정항목,F03,병원 서비스,F,보건,A,1985,2025,41,2020=100,11.3
901Y009,4.2.1. 소비자물가지수,Group1,계정항목,F03,병원 서비스,F,보건,M,198501,202607,499,2020=100,11.3
901Y009,4.2.1. 소비자물가지수,Group1,계정항목,F03,병원 서비스,F,보건,Q,1985Q1,2026Q2,166,2020=100,11.3
901Y009,4.2.1. 소비자물가지수,Group1,계정항목,F031,병원 서비스,F03,병원 서비스,A,1985,2025,41,2020=100,11.3
901Y009,4.2.1. 소비자물가지수,Group1,계정항목,F031,병원 서비스,F03,병원 서비스,M,198501,202607,499,2020=100,11.3
901Y009,4.2.1. 소비자물가지수,Group1,계정항목,F031,병원 서비스,F03,병원 서비스,Q,1985Q1,2026Q2,166,2020=100,11.3
901Y009,4.2.1. 소비자물가지수,Group1,계정항목,F03101,입원진료비,F031,병원 서비스,A,2005,2025,21,2020=100,10.2
901Y009,4.2.1. 소비자물가지수,Group1,계정항목,F03101,입원진료비,F031,병원 서비스,M,200501,202607,259,2020=100,10.2
901Y009,4.2.1. 소비자물가지수,Group1,계정항목,F03101,입원진료비,F031,병원 서비스,Q,2005Q1,2026Q2,86,2020=100,10.2
901Y009,4.2.1. 소비자물가지수,Group1,계정항목,F03102,병원검사료,F031,병원 서비스,A,2005,2025,21,2020=100,1.1
901Y009,4.2.1. 소비자물가지수,Group1,계정항목,F03102,병원검사료,F031,병원 서비스,M,200501,202607,259,2020=100,1.1
901Y009,4.2.1. 소비자물가지수,Group1,계정항목,F03102,병원검사료,F031,병원 서비스,Q,2005Q1,2026Q2,86,2020=100,1.1
901Y009,4.2.1. 소비자물가지수,Group1,계정항목,G,교통,0,총지수,A,1985,2025,41,2020=100,110.6
901Y009,4.2.1. 소비자물가지수,Group1,계정항목,G,교통,0,총지수,M,198501,202607,499,2020=100,110.6
901Y009,4.2.1. 소비자물가지수,Group1,계정항목,G,교통,0,총지수,Q,1985Q1,2026Q2,166,2020=100,110.6
901Y009,4.2.1. 소비자물가지수,Group1,계정항목,G01,운송장비,G,교통,A,1985,2025,41,2020=100,28.4
901Y009,4.2.1. 소비자물가지수,Group1,계정항목,G01,운송장비,G,교통,M,198501,202607,499,2020=100,28.4
901Y009,4.2.1. 소비자물가지수,Group1,계정항목,G01,운송장비,G,교통,Q,1985Q1,2026Q2,166,2020=100,28.4
901Y009,4.2.1. 소비자물가지수,Group1,계정항목,G011,운송장비,G01,운송장비,A,1985,2025,41,2020=100,28.4
901Y009,4.2.1. 소비자물가지수,Group1,계정항목,G011,운송장비,G01,운송장비,M,198501,202607,499,2020=100,28.4
901Y009,4.2.1. 소비자물가지수,Group1,계정항목,G011,운송장비,G01,운송장비,Q,1985Q1,2026Q2,166,2020=100,28.4
901Y009,4.2.1. 소비자물가지수,Group1,계정항목,G01101,소형승용차,G011,운송장비,A,1990,2025,36,2020=100,1
901Y009,4.2.1. 소비자물가지수,Group1,계정항목,G01101,소형승용차,G011,운송장비,M,199001,202607,439,2020=100,1
901Y009,4.2.1. 소비자물가지수,Group1,계정항목,G01101,소형승용차,G011,운송장비,Q,1990Q1,2026Q2,146,2020=100,1
901Y009,4.2.1. 소비자물가지수,Group1,계정항목,G01102,중형승용차,G011,운송장비,A,1990,2025,36,2020=100,1
901Y009,4.2.1. 소비자물가지수,Group1,계정항목,G01102,중형승용차,G011,운송장비,M,199001,202607,439,2020=100,1
901Y009,4.2.1. 소비자물가지수,Group1,계정항목,G01102,중형승용차,G011,운송장비,Q,1990Q1,2026Q2,146,2020=100,1
901Y009,4.2.1. 소비자물가지수,Group1,계정항목,G01103,대형승용차,G011,운송장비,A,1995,2025,31,2020=100,3.2
901Y009,4.2.1. 소비자물가지수,Group1,계정항목,G01103,대형승용차,G011,운송장비,M,199501,202607,379,2020=100,3.2
901Y009,4.2.1. 소비자물가지수,Group1,계정항목,G01103,대형승용차,G011,운송장비,Q,1995Q1,2026Q2,126,2020=100,3.2
901Y009,4.2.1. 소비자물가지수,Group1,계정항목,G01104,경승용차,G011,운송장비,A,1995,2025,31,2020=100,0.6
901Y009,4.2.1. 소비자물가지수,Group1,계정항목,G01104,경승용차,G011,운송장비,M,199501,202607,379,2020=100,0.6
901Y009,4.2.1. 소비자물가지수,Group1,계정항목,G01104,경승용차,G011,운송장비,Q,1995Q1,2026Q2,126,2020=100,0.6
901Y009,4.2.1. 소비자물가지수,Group1,계정항목,G01105,다목적승용차,G011,운송장비,A,2000,2025,26,2020=100,7.7
901Y009,4.2.1. 소비자물가지수,Group1,계정항목,G01105,다목적승용차,G011,운송장비,M,200001,202607,319,2020=100,7.7
901Y009,4.2.1. 소비자물가지수,Group1,계정항목,G01105,다목적승용차,G011,운송장비,Q,2000Q1,2026Q2,106,2020=100,7.7
901Y009,4.2.1. 소비자물가지수,Group1,계정항목,G01106,수입승용차,G011,운송장비,A,2010,2025,16,2020=100,9.3
901Y009,4.2.1. 소비자물가지수,Group1,계정항목,G01106,수입승용차,G011,운송장비,M,201001,202607,199,2020=100,9.3
901Y009,4.2.1. 소비자물가지수,Group1,계정항목,G01106,수입승용차,G011,운송장비,Q,2010Q1,2026Q2,66,2020=100,9.3
901Y009,4.2.1. 소비자물가지수,Group1,계정항목,G01107,전기동력차,G011,운송장비,A,2020,2025,6,2020=100,5.1
901Y009,4.2.1. 소비자물가지수,Group1,계정항목,G01107,전기동력차,G011,운송장비,M,202001,202607,79,2020=100,5.1
901Y009,4.2.1. 소비자물가지수,Group1,계정항목,G01107,전기동력차,G011,운송장비,Q,2020Q1,2026Q2,26,2020=100,5.1
901Y009,4.2.1. 소비자물가지수,Group1,계정항목,G01108,자전거,G011,운송장비,A,1975,2025,51,2020=100,0.5
901Y009,4.2.1. 소비자물가지수,Group1,계정항목,G01108,자전거,G011,운송장비,M,197501,202607,619,2020=100,0.5
901Y009,4.2.1. 소비자물가지수,Group1,계정항목,G01108,자전거,G011,운송장비,Q,1975Q1,2026Q2,206,2020=100,0.5
901Y009,4.2.1. 소비자물가지수,Group1,계정항목,G02,개인운송장비 운영,G,교통,A,1985,2025,41,2020=100,60.3
901Y009,4.2.1. 소비자물가지수,Group1,계정항목,G02,개인운송장비 운영,G,교통,M,198501,202607,499,2020=100,60.3
901Y009,4.2.1. 소비자물가지수,Group1,계정항목,G02,개인운송장비 운영,G,교통,Q,1985Q1,2026Q2,166,2020=100,60.3
901Y009,4.2.1. 소비자물가지수,Group1,계정항목,G021,개인운송장비 연료 및 윤활유,G02,개인운송장비 운영,A,1985,2025,41,2020=100,43.2
901Y009,4.2.1. 소비자물가지수,Group1,계정항목,G021,개인운송장비 연료 및 윤활유,G02,개인운송장비 운영,M,198501,202607,499,2020=100,43.2
901Y009,4.2.1. 소비자물가지수,Group1,계정항목,G021,개인운송장비 연료 및 윤활유,G02,개인운송장비 운영,Q,1985Q1,2026Q2,166,2020=100,43.2
901Y009,4.2.1. 소비자물가지수,Group1,계정항목,G02101,휘발유,G021,개인운송장비 연료 및 윤활유,A,1990,2025,36,2020=100,24.1
901Y009,4.2.1. 소비자물가지수,Group1,계정항목,G02101,휘발유,G021,개인운송장비 연료 및 윤활유,M,199001,202607,439,2020=100,24.1
901Y009,4.2.1. 소비자물가지수,Group1,계정항목,G02101,휘발유,G021,개인운송장비 연료 및 윤활유,Q,1990Q1,2026Q2,146,2020=100,24.1
901Y009,4.2.1. 소비자물가지수,Group1,계정항목,G02102,경유,G021,개인운송장비 연료 및 윤활유,A,1980,2025,46,2020=100,16.3
901Y009,4.2.1. 소비자물가지수,Group1,계정항목,G02102,경유,G021,개인운송장비 연료 및 윤활유,M,198001,202607,559,2020=100,16.3
901Y009,4.2.1. 소비자물가지수,Group1,계정항목,G02102,경유,G021,개인운송장비 연료 및 윤활유,Q,1980Q1,2026Q2,186,2020=100,16.3
901Y009,4.2.1. 소비자물가지수,Group1,계정항목,G02103,자동차용LPG,G021,개인운송장비 연료 및 윤활유,A,2000,2025,26,2020=100,2.8
901Y009,4.2.1. 소비자물가지수,Group1,계정항목,G02103,자동차용LPG,G021,개인운송장비 연료 및 윤활유,M,200001,202607,319,2020=100,2.8
901Y009,4.2.1. 소비자물가지수,Group1,계정항목,G02103,자동차용LPG,G021,개인운송장비 연료 및 윤활유,Q,2000Q1,2026Q2,106,2020=100,2.8
901Y009,4.2.1. 소비자물가지수,Group1,계정항목,G022,개인운송장비 소모품 및 유지·수리,G02,개인운송장비 운영,A,1990,2025,36,2020=100,9.8
901Y009,4.2.1. 소비자물가지수,Group1,계정항목,G022,개인운송장비 소모품 및 유지·수리,G02,개인운송장비 운영,M,199001,202607,439,2020=100,9.8
901Y009,4.2.1. 소비자물가지수,Group1,계정항목,G022,개인운송장비 소모품 및 유지·수리,G02,개인운송장비 운영,Q,1990Q1,2026Q2,146,2020=100,9.8
901Y009,4.2.1. 소비자물가지수,Group1,계정항목,G02201,자동차용품,G022,개인운송장비 소모품 및 유지·수리,A,2010,2025,16,2020=100,0.9
901Y009,4.2.1. 소비자물가지수,Group1,계정항목,G02201,자동차용품,G022,개인운송장비 소모품 및 유지·수리,M,200001,202607,319,2020=100,0.9
901Y009,4.2.1. 소비자물가지수,Group1,계정항목,G02201,자동차용품,G022,개인운송장비 소모품 및 유지·수리,Q,2010Q1,2026Q2,66,2020=100,0.9
901Y009,4.2.1. 소비자물가지수,Group1,계정항목,G02202,블랙박스,G022,개인운송장비 소모품 및 유지·수리,A,2015,2025,11,2020=100,0.2
901Y009,4.2.1. 소비자물가지수,Group1,계정항목,G02202,블랙박스,G022,개인운송장비 소모품 및 유지·수리,M,200001,202607,319,2020=100,0.2
901Y009,4.2.1. 소비자물가지수,Group1,계정항목,G02202,블랙박스,G022,개인운송장비 소모품 및 유지·수리,Q,2015Q1,2026Q2,46,2020=100,0.2
901Y009,4.2.1. 소비자물가지수,Group1,계정항목,G02203,자동차타이어,G022,개인운송장비 소모품 및 유지·수리,A,2000,2025,26,2020=100,0.9
901Y009,4.2.1. 소비자물가지수,Group1,계정항목,G02203,자동차타이어,G022,개인운송장비 소모품 및 유지·수리,M,200001,202607,319,2020=100,0.9
901Y009,4.2.1. 소비자물가지수,Group1,계정항목,G02203,자동차타이어,G022,개인운송장비 소모품 및 유지·수리,Q,2000Q1,2026Q2,106,2020=100,0.9
901Y009,4.2.1. 소비자물가지수,Group1,계정항목,G02204,자동차수리비,G022,개인운송장비 소모품 및 유지·수리,A,2005,2025,21,2020=100,6.3
901Y009,4.2.1. 소비자물가지수,Group1,계정항목,G02204,자동차수리비,G022,개인운송장비 소모품 및 유지·수리,M,200501,202607,259,2020=100,6.3
901Y009,4.2.1. 소비자물가지수,Group1,계정항목,G02204,자동차수리비,G022,개인운송장비 소모품 및 유지·수리,Q,2005Q1,2026Q2,86,2020=100,6.3
901Y009,4.2.1. 소비자물가지수,Group1,계정항목,G02205,엔진오일교체료,G022,개인운송장비 소모품 및 유지·수리,A,1990,2025,36,2020=100,1
901Y009,4.2.1. 소비자물가지수,Group1,계정항목,G02205,엔진오일교체료,G022,개인운송장비 소모품 및 유지·수리,M,199001,202607,439,2020=100,1
901Y009,4.2.1. 소비자물가지수,Group1,계정항목,G02205,엔진오일교체료,G022,개인운송장비 소모품 및 유지·수리,Q,1990Q1,2026Q2,146,2020=100,1
901Y009,4.2.1. 소비자물가지수,Group1,계정항목,G02206,세차료,G022,개인운송장비 소모품 및 유지·수리,A,1995,2025,31,2020=100,0.5
901Y009,4.2.1. 소비자물가지수,Group1,계정항목,G02206,세차료,G022,개인운송장비 소모품 및 유지·수리,M,199501,202607,379,2020=100,0.5
901Y009,4.2.1. 소비자물가지수,Group1,계정항목,G02206,세차료,G022,개인운송장비 소모품 및 유지·수리,Q,1995Q1,2026Q2,126,2020=100,0.5
901Y009,4.2.1. 소비자물가지수,Group1,계정항목,G023,개인운송장비 관련 기타 서비스,G02,개인운송장비 운영,A,1985,2025,41,2020=100,7.3
901Y009,4.2.1. 소비자물가지수,Group1,계정항목,G023,개인운송장비 관련 기타 서비스,G02,개인운송장비 운영,M,198501,202607,499,2020=100,7.3
901Y009,4.2.1. 소비자물가지수,Group1,계정항목,G023,개인운송장비 관련 기타 서비스,G02,개인운송장비 운영,Q,1985Q1,2026Q2,166,2020=100,7.3
901Y009,4.2.1. 소비자물가지수,Group1,계정항목,G02301,자동차학원비,G023,개인운송장비 관련 기타 서비스,A,1975,2025,51,2020=100,0.5
901Y009,4.2.1. 소비자물가지수,Group1,계정항목,G02301,자동차학원비,G023,개인운송장비 관련 기타 서비스,M,197501,202607,619,2020=100,0.5
901Y009,4.2.1. 소비자물가지수,Group1,계정항목,G02301,자동차학원비,G023,개인운송장비 관련 기타 서비스,Q,1975Q1,2026Q2,206,2020=100,0.5
901Y009,4.2.1. 소비자물가지수,Group1,계정항목,G02302,주차료,G023,개인운송장비 관련 기타 서비스,A,1990,2025,36,2020=100,1.2
901Y009,4.2.1. 소비자물가지수,Group1,계정항목,G02302,주차료,G023,개인운송장비 관련 기타 서비스,M,199001,202607,439,2020=100,1.2
901Y009,4.2.1. 소비자물가지수,Group1,계정항목,G02302,주차료,G023,개인운송장비 관련 기타 서비스,Q,1990Q1,2026Q2,146,2020=100,1.2
901Y009,4.2.1. 소비자물가지수,Group1,계정항목,G02303,도로통행료,G023,개인운송장비 관련 기타 서비스,A,1995,2025,31,2020=100,1.7
901Y009,4.2.1. 소비자물가지수,Group1,계정항목,G02303,도로통행료,G023,개인운송장비 관련 기타 서비스,M,199501,202607,379,2020=100,1.7
901Y009,4.2.1. 소비자물가지수,Group1,계정항목,G02303,도로통행료,G023,개인운송장비 관련 기타 서비스,Q,1995Q1,2026Q2,126,2020=100,1.7
901Y009,4.2.1. 소비자물가지수,Group1,계정항목,G02304,승용차임차료,G023,개인운송장비 관련 기타 서비스,A,1995,2025,31,2020=100,3.2
901Y009,4.2.1. 소비자물가지수,Group1,계정항목,G02304,승용차임차료,G023,개인운송장비 관련 기타 서비스,M,199501,202607,379,2020=100,3.2
901Y009,4.2.1. 소비자물가지수,Group1,계정항목,G02304,승용차임차료,G023,개인운송장비 관련 기타 서비스,Q,1995Q1,2026Q2,126,2020=100,3.2
901Y009,4.2.1. 소비자물가지수,Group1,계정항목,G02305,대리운전이용료,G023,개인운송장비 관련 기타 서비스,A,2005,2025,21,2020=100,0.4
901Y009,4.2.1. 소비자물가지수,Group1,계정항목,G02305,대리운전이용료,G023,개인운송장비 관련 기타 서비스,M,200501,202607,259,2020=100,0.4
901Y009,4.2.1. 소비자물가지수,Group1,계정항목,G02305,대리운전이용료,G023,개인운송장비 관련 기타 서비스,Q,2005Q1,2026Q2,86,2020=100,0.4
901Y009,4.2.1. 소비자물가지수,Group1,계정항목,G02306,자동차검사료,G023,개인운송장비 관련 기타 서비스,A,2000,2025,26,2020=100,0.3
901Y009,4.2.1. 소비자물가지수,Group1,계정항목,G02306,자동차검사료,G023,개인운송장비 관련 기타 서비스,M,200001,202607,319,2020=100,0.3
901Y009,4.2.1. 소비자물가지수,Group1,계정항목,G02306,자동차검사료,G023,개인운송장비 관련 기타 서비스,Q,2000Q1,2026Q2,106,2020=100,0.3
901Y009,4.2.1. 소비자물가지수,Group1,계정항목,G03,운송 서비스,G,교통,A,1985,2025,41,2020=100,21.9
901Y009,4.2.1. 소비자물가지수,Group1,계정항목,G03,운송 서비스,G,교통,M,198501,202607,499,2020=100,21.9
901Y009,4.2.1. 소비자물가지수,Group1,계정항목,G03,운송 서비스,G,교통,Q,1985Q1,2026Q2,166,2020=100,21.9
901Y009,4.2.1. 소비자물가지수,Group1,계정항목,G031,철도 여객수송,G03,운송 서비스,A,1985,2025,41,2020=100,3.9
901Y009,4.2.1. 소비자물가지수,Group1,계정항목,G031,철도 여객수송,G03,운송 서비스,M,198501,202607,499,2020=100,3.9
901Y009,4.2.1. 소비자물가지수,Group1,계정항목,G031,철도 여객수송,G03,운송 서비스,Q,1985Q1,2026Q2,166,2020=100,3.9
901Y009,4.2.1. 소비자물가지수,Group1,계정항목,G03101,열차료,G031,철도 여객수송,A,1975,2025,51,2020=100,1.7
901Y009,4.2.1. 소비자물가지수,Group1,계정항목,G03101,열차료,G031,철도 여객수송,M,197501,202607,619,2020=100,1.7
901Y009,4.2.1. 소비자물가지수,Group1,계정항목,G03101,열차료,G031,철도 여객수송,Q,1975Q1,2026Q2,206,2020=100,1.7
901Y009,4.2.1. 소비자물가지수,Group1,계정항목,G03102,도시철도료,G031,철도 여객수송,A,1980,2025,46,2020=100,2.2
901Y009,4.2.1. 소비자물가지수,Group1,계정항목,G03102,도시철도료,G031,철도 여객수송,M,198001,202607,559,2020=100,2.2
901Y009,4.2.1. 소비자물가지수,Group1,계정항목,G03102,도시철도료,G031,철도 여객수송,Q,1980Q1,2026Q2,186,2020=100,2.2
901Y009,4.2.1. 소비자물가지수,Group1,계정항목,G032,도로 여객수송,G03,운송 서비스,A,1985,2025,41,2020=100,11
901Y009,4.2.1. 소비자물가지수,Group1,계정항목,G032,도로 여객수송,G03,운송 서비스,M,198501,202607,499,2020=100,11
901Y009,4.2.1. 소비자물가지수,Group1,계정항목,G032,도로 여객수송,G03,운송 서비스,Q,1985Q1,2026Q2,166,2020=100,11
901Y009,4.2.1. 소비자물가지수,Group1,계정항목,G03201,시내버스료,G032,도로 여객수송,A,1975,2025,51,2020=100,6.8
901Y009,4.2.1. 소비자물가지수,Group1,계정항목,G03201,시내버스료,G032,도로 여객수송,M,197501,202607,619,2020=100,6.8
901Y009,4.2.1. 소비자물가지수,Group1,계정항목,G03201,시내버스료,G032,도로 여객수송,Q,1975Q1,2026Q2,206,2020=100,6.8
901Y009,4.2.1. 소비자물가지수,Group1,계정항목,G03202,시외버스료,G032,도로 여객수송,A,1985,2025,41,2020=100,1
901Y009,4.2.1. 소비자물가지수,Group1,계정항목,G03202,시외버스료,G032,도로 여객수송,M,197501,202607,619,2020=100,1
901Y009,4.2.1. 소비자물가지수,Group1,계정항목,G03202,시외버스료,G032,도로 여객수송,Q,1985Q1,2026Q2,166,2020=100,1
901Y009,4.2.1. 소비자물가지수,Group1,계정항목,G03203,택시료,G032,도로 여객수송,A,1975,2025,51,2020=100,3.2
901Y009,4.2.1. 소비자물가지수,Group1,계정항목,G03203,택시료,G032,도로 여객수송,M,197501,202607,619,2020=100,3.2
901Y009,4.2.1. 소비자물가지수,Group1,계정항목,G03203,택시료,G032,도로 여객수송,Q,1975Q1,2026Q2,206,2020=100,3.2
901Y009,4.2.1. 소비자물가지수,Group1,계정항목,G033,항공 및 수상여객운송,G03,운송 서비스,A,1985,2025,41,2020=100,4.1
901Y009,4.2.1. 소비자물가지수,Group1,계정항목,G033,항공 및 수상여객운송,G03,운송 서비스,M,198501,202607,499,2020=100,4.1
901Y009,4.2.1. 소비자물가지수,Group1,계정항목,G033,항공 및 수상여객운송,G03,운송 서비스,Q,1985Q1,2026Q2,166,2020=100,4.1
901Y009,4.2.1. 소비자물가지수,Group1,계정항목,G03301,국내항공료,G033,항공 및 수상여객운송,A,1975,2025,51,2020=100,1
901Y009,4.2.1. 소비자물가지수,Group1,계정항목,G03301,국내항공료,G033,항공 및 수상여객운송,M,197501,202607,619,2020=100,1
901Y009,4.2.1. 소비자물가지수,Group1,계정항목,G03301,국내항공료,G033,항공 및 수상여객운송,Q,1975Q1,2026Q2,206,2020=100,1
901Y009,4.2.1. 소비자물가지수,Group1,계정항목,G03302,국제항공료,G033,항공 및 수상여객운송,A,1995,2025,31,2020=100,2.9
901Y009,4.2.1. 소비자물가지수,Group1,계정항목,G03302,국제항공료,G033,항공 및 수상여객운송,M,199501,202607,379,2020=100,2.9
901Y009,4.2.1. 소비자물가지수,Group1,계정항목,G03302,국제항공료,G033,항공 및 수상여객운송,Q,1995Q1,2026Q2,126,2020=100,2.9
901Y009,4.2.1. 소비자물가지수,Group1,계정항목,G03303,여객선료,G033,항공 및 수상여객운송,A,2005,2025,21,2020=100,0.2
901Y009,4.2.1. 소비자물가지수,Group1,계정항목,G03303,여객선료,G033,항공 및 수상여객운송,M,200501,202607,259,2020=100,0.2
901Y009,4.2.1. 소비자물가지수,Group1,계정항목,G03303,여객선료,G033,항공 및 수상여객운송,Q,2005Q1,2026Q2,86,2020=100,0.2
901Y009,4.2.1. 소비자물가지수,Group1,계정항목,G034,기타 여객운송,G03,운송 서비스,A,1990,2025,36,2020=100,2.9
901Y009,4.2.1. 소비자물가지수,Group1,계정항목,G034,기타 여객운송,G03,운송 서비스,M,199001,202607,439,2020=100,2.9
901Y009,4.2.1. 소비자물가지수,Group1,계정항목,G034,기타 여객운송,G03,운송 서비스,Q,1990Q1,2026Q2,146,2020=100,2.9
901Y009,4.2.1. 소비자물가지수,Group1,계정항목,G03401,이삿짐운송료,G034,기타 여객운송,A,1990,2025,36,2020=100,1
901Y009,4.2.1. 소비자물가지수,Group1,계정항목,G03401,이삿짐운송료,G034,기타 여객운송,M,199001,202607,439,2020=100,1
901Y009,4.2.1. 소비자물가지수,Group1,계정항목,G03401,이삿짐운송료,G034,기타 여객운송,Q,1990Q1,2026Q2,146,2020=100,1
901Y009,4.2.1. 소비자물가지수,Group1,계정항목,G03402,택배이용료,G034,기타 여객운송,A,2000,2025,26,2020=100,1.9
901Y009,4.2.1. 소비자물가지수,Group1,계정항목,G03402,택배이용료,G034,기타 여객운송,M,200001,202607,319,2020=100,1.9
901Y009,4.2.1. 소비자물가지수,Group1,계정항목,G03402,택배이용료,G034,기타 여객운송,Q,2000Q1,2026Q2,106,2020=100,1.9
901Y009,4.2.1. 소비자물가지수,Group1,계정항목,H,통신,0,총지수,A,1985,2025,41,2020=100,46.6
901Y009,4.2.1. 소비자물가지수,Group1,계정항목,H,통신,0,총지수,M,198501,202607,499,2020=100,46.6
901Y009,4.2.1. 소비자물가지수,Group1,계정항목,H,통신,0,총지수,Q,1985Q1,2026Q2,166,2020=100,46.6
901Y009,4.2.1. 소비자물가지수,Group1,계정항목,H01,우편서비스,H,통신,A,1985,2025,41,2020=100,0.1
901Y009,4.2.1. 소비자물가지수,Group1,계정항목,H01,우편서비스,H,통신,M,198501,202607,499,2020=100,0.1
901Y009,4.2.1. 소비자물가지수,Group1,계정항목,H01,우편서비스,H,통신,Q,1985Q1,2026Q2,166,2020=100,0.1
901Y009,4.2.1. 소비자물가지수,Group1,계정항목,H011,우편서비스,H01,우편서비스,A,1985,2025,41,2020=100,0.1
901Y009,4.2.1. 소비자물가지수,Group1,계정항목,H011,우편서비스,H01,우편서비스,M,198501,202607,499,2020=100,0.1
901Y009,4.2.1. 소비자물가지수,Group1,계정항목,H011,우편서비스,H01,우편서비스,Q,1985Q1,2026Q2,166,2020=100,0.1
901Y009,4.2.1. 소비자물가지수,Group1,계정항목,H01101,우편료,H011,우편서비스,A,1975,2025,51,2020=100,0.1
901Y009,4.2.1. 소비자물가지수,Group1,계정항목,H01101,우편료,H011,우편서비스,M,197501,202607,619,2020=100,0.1
901Y009,4.2.1. 소비자물가지수,Group1,계정항목,H01101,우편료,H011,우편서비스,Q,1975Q1,2026Q2,206,2020=100,0.1
901Y009,4.2.1. 소비자물가지수,Group1,계정항목,H02,전화 및 팩스장비,H,통신,A,1985,2025,41,2020=100,10.4
901Y009,4.2.1. 소비자물가지수,Group1,계정항목,H02,전화 및 팩스장비,H,통신,M,198501,202607,499,2020=100,10.4
901Y009,4.2.1. 소비자물가지수,Group1,계정항목,H02,전화 및 팩스장비,H,통신,Q,1985Q1,2026Q2,166,2020=100,10.4
901Y009,4.2.1. 소비자물가지수,Group1,계정항목,H021,전화 및 팩스장비,H02,전화 및 팩스장비,A,1985,2025,41,2020=100,10.4
901Y009,4.2.1. 소비자물가지수,Group1,계정항목,H021,전화 및 팩스장비,H02,전화 및 팩스장비,M,198501,202607,499,2020=100,10.4
901Y009,4.2.1. 소비자물가지수,Group1,계정항목,H021,전화 및 팩스장비,H02,전화 및 팩스장비,Q,1985Q1,2026Q2,166,2020=100,10.4
901Y009,4.2.1. 소비자물가지수,Group1,계정항목,H02101,휴대전화기,H021,전화 및 팩스장비,A,1995,2025,31,2020=100,10.4
901Y009,4.2.1. 소비자물가지수,Group1,계정항목,H02101,휴대전화기,H021,전화 및 팩스장비,M,199501,202607,379,2020=100,10.4
901Y009,4.2.1. 소비자물가지수,Group1,계정항목,H02101,휴대전화기,H021,전화 및 팩스장비,Q,1995Q1,2026Q2,126,2020=100,10.4
901Y009,4.2.1. 소비자물가지수,Group1,계정항목,H03,전화 및 팩스 서비스,H,통신,A,1985,2025,41,2020=100,36.1
901Y009,4.2.1. 소비자물가지수,Group1,계정항목,H03,전화 및 팩스 서비스,H,통신,M,198501,202607,499,2020=100,36.1
901Y009,4.2.1. 소비자물가지수,Group1,계정항목,H03,전화 및 팩스 서비스,H,통신,Q,1985Q1,2026Q2,166,2020=100,36.1
901Y009,4.2.1. 소비자물가지수,Group1,계정항목,H031,전화 및 팩스 서비스,H03,전화 및 팩스 서비스,A,1985,2025,41,2020=100,36.1
901Y009,4.2.1. 소비자물가지수,Group1,계정항목,H031,전화 및 팩스 서비스,H03,전화 및 팩스 서비스,M,198501,202607,499,2020=100,36.1
901Y009,4.2.1. 소비자물가지수,Group1,계정항목,H031,전화 및 팩스 서비스,H03,전화 및 팩스 서비스,Q,1985Q1,2026Q2,166,2020=100,36.1
901Y009,4.2.1. 소비자물가지수,Group1,계정항목,H03101,유선전화료,H031,전화 및 팩스 서비스,A,1985,2025,41,2020=100,0.4
901Y009,4.2.1. 소비자물가지수,Group1,계정항목,H03101,유선전화료,H031,전화 및 팩스 서비스,M,198501,202607,499,2020=100,0.4
901Y009,4.2.1. 소비자물가지수,Group1,계정항목,H03101,유선전화료,H031,전화 및 팩스 서비스,Q,1985Q1,2026Q2,166,2020=100,0.4
901Y009,4.2.1. 소비자물가지수,Group1,계정항목,H03102,휴대전화료,H031,전화 및 팩스 서비스,A,1995,2025,31,2020=100,29.8
901Y009,4.2.1. 소비자물가지수,Group1,계정항목,H03102,휴대전화료,H031,전화 및 팩스 서비스,M,199501,202607,379,2020=100,29.8
901Y009,4.2.1. 소비자물가지수,Group1,계정항목,H03102,휴대전화료,H031,전화 및 팩스 서비스,Q,1995Q1,2026Q2,126,2020=100,29.8
901Y009,4.2.1. 소비자물가지수,Group1,계정항목,H03103,인터넷이용료,H031,전화 및 팩스 서비스,A,2000,2025,26,2020=100,5.5
901Y009,4.2.1. 소비자물가지수,Group1,계정항목,H03103,인터넷이용료,H031,전화 및 팩스 서비스,M,200001,202607,319,2020=100,5.5
901Y009,4.2.1. 소비자물가지수,Group1,계정항목,H03103,인터넷이용료,H031,전화 및 팩스 서비스,Q,2000Q1,2026Q2,106,2020=100,5.5
901Y009,4.2.1. 소비자물가지수,Group1,계정항목,H03104,휴대전화기수리비,H031,전화 및 팩스 서비스,A,2015,2025,11,2020=100,0.4
901Y009,4.2.1. 소비자물가지수,Group1,계정항목,H03104,휴대전화기수리비,H031,전화 및 팩스 서비스,M,201501,202607,139,2020=100,0.4
901Y009,4.2.1. 소비자물가지수,Group1,계정항목,H03104,휴대전화기수리비,H031,전화 및 팩스 서비스,Q,2015Q1,2026Q2,46,2020=100,0.4
901Y009,4.2.1. 소비자물가지수,Group1,계정항목,I,오락 및 문화,0,총지수,A,1985,2025,41,2020=100,62.9
901Y009,4.2.1. 소비자물가지수,Group1,계정항목,I,오락 및 문화,0,총지수,M,198501,202607,499,2020=100,62.9
901Y009,4.2.1. 소비자물가지수,Group1,계정항목,I,오락 및 문화,0,총지수,Q,1985Q1,2026Q2,166,2020=100,62.9
901Y009,4.2.1. 소비자물가지수,Group1,계정항목,I01,"음향, 영상, 사진 및 정보처리 장비",I,오락 및 문화,A,1985,2025,41,2020=100,7.9
901Y009,4.2.1. 소비자물가지수,Group1,계정항목,I01,"음향, 영상, 사진 및 정보처리 장비",I,오락 및 문화,M,198501,202607,499,2020=100,7.9
901Y009,4.2.1. 소비자물가지수,Group1,계정항목,I01,"음향, 영상, 사진 및 정보처리 장비",I,오락 및 문화,Q,1985Q1,2026Q2,166,2020=100,7.9
901Y009,4.2.1. 소비자물가지수,Group1,계정항목,I011,영상·음향기기,I01,"음향, 영상, 사진 및 정보처리 장비",A,1985,2025,41,2020=100,2.8
901Y009,4.2.1. 소비자물가지수,Group1,계정항목,I011,영상·음향기기,I01,"음향, 영상, 사진 및 정보처리 장비",M,198501,202607,499,2020=100,2.8
901Y009,4.2.1. 소비자물가지수,Group1,계정항목,I011,영상·음향기기,I01,"음향, 영상, 사진 및 정보처리 장비",Q,1985Q1,2026Q2,166,2020=100,2.8
901Y009,4.2.1. 소비자물가지수,Group1,계정항목,I01101,TV,I011,영상·음향기기,A,1980,2025,46,2020=100,1.9
901Y009,4.2.1. 소비자물가지수,Group1,계정항목,I01101,TV,I011,영상·음향기기,M,198001,202607,559,2020=100,1.9
901Y009,4.2.1. 소비자물가지수,Group1,계정항목,I01101,TV,I011,영상·음향기기,Q,1980Q1,2026Q2,186,2020=100,1.9
901Y009,4.2.1. 소비자물가지수,Group1,계정항목,I01102,영상음향기기,I011,영상·음향기기,A,1985,2025,41,2020=100,0.9
901Y009,4.2.1. 소비자물가지수,Group1,계정항목,I01102,영상음향기기,I011,영상·음향기기,M,198501,202607,499,2020=100,0.9
901Y009,4.2.1. 소비자물가지수,Group1,계정항목,I01102,영상음향기기,I011,영상·음향기기,Q,1985Q1,2026Q2,166,2020=100,0.9
901Y009,4.2.1. 소비자물가지수,Group1,계정항목,I012,정보처리기기·소모품,I01,"음향, 영상, 사진 및 정보처리 장비",A,1985,2025,41,2020=100,5.1
901Y009,4.2.1. 소비자물가지수,Group1,계정항목,I012,정보처리기기·소모품,I01,"음향, 영상, 사진 및 정보처리 장비",M,198501,202607,499,2020=100,5.1
901Y009,4.2.1. 소비자물가지수,Group1,계정항목,I012,정보처리기기·소모품,I01,"음향, 영상, 사진 및 정보처리 장비",Q,1985Q1,2026Q2,166,2020=100,5.1
901Y009,4.2.1. 소비자물가지수,Group1,계정항목,I01201,컴퓨터,I012,정보처리기기·소모품,A,1990,2025,36,2020=100,3
901Y009,4.2.1. 소비자물가지수,Group1,계정항목,I01201,컴퓨터,I012,정보처리기기·소모품,M,199001,202607,439,2020=100,3
901Y009,4.2.1. 소비자물가지수,Group1,계정항목,I01201,컴퓨터,I012,정보처리기기·소모품,Q,1990Q1,2026Q2,146,2020=100,3
901Y009,4.2.1. 소비자물가지수,Group1,계정항목,I01202,컴퓨터수리비,I012,정보처리기기·소모품,A,2015,2025,11,2020=100,0.1
901Y009,4.2.1. 소비자물가지수,Group1,계정항목,I01202,컴퓨터수리비,I012,정보처리기기·소모품,M,201501,202607,139,2020=100,0.1
901Y009,4.2.1. 소비자물가지수,Group1,계정항목,I01202,컴퓨터수리비,I012,정보처리기기·소모품,Q,2015Q1,2026Q2,46,2020=100,0.1
901Y009,4.2.1. 소비자물가지수,Group1,계정항목,I01203,휴대용멀티미디어기기,I012,정보처리기기·소모품,A,2010,2025,16,2020=100,1.2
901Y009,4.2.1. 소비자물가지수,Group1,계정항목,I01203,휴대용멀티미디어기기,I012,정보처리기기·소모품,M,201001,202607,199,2020=100,1.2
901Y009,4.2.1. 소비자물가지수,Group1,계정항목,I01203,휴대용멀티미디어기기,I012,정보처리기기·소모품,Q,2010Q1,2026Q2,66,2020=100,1.2
901Y009,4.2.1. 소비자물가지수,Group1,계정항목,I01204,컴퓨터소모품,I012,정보처리기기·소모품,A,2005,2025,21,2020=100,0.7
901Y009,4.2.1. 소비자물가지수,Group1,계정항목,I01204,컴퓨터소모품,I012,정보처리기기·소모품,M,200501,202607,259,2020=100,0.7
901Y009,4.2.1. 소비자물가지수,Group1,계정항목,I01204,컴퓨터소모품,I012,정보처리기기·소모품,Q,2005Q1,2026Q2,86,2020=100,0.7
901Y009,4.2.1. 소비자물가지수,Group1,계정항목,I01205,저장장치,I012,정보처리기기·소모품,A,1995,2025,31,2020=100,0.1
901Y009,4.2.1. 소비자물가지수,Group1,계정항목,I01205,저장장치,I012,정보처리기기·소모품,M,199501,202607,379,2020=100,0.1
901Y009,4.2.1. 소비자물가지수,Group1,계정항목,I01205,저장장치,I012,정보처리기기·소모품,Q,1995Q1,2026Q2,126,2020=100,0.1
901Y009,4.2.1. 소비자물가지수,Group1,계정항목,I02,기타 오락 및 문화용 주요 내구재,I,오락 및 문화,A,1985,2025,41,2020=100,1.4
901Y009,4.2.1. 소비자물가지수,Group1,계정항목,I02,기타 오락 및 문화용 주요 내구재,I,오락 및 문화,M,198501,202607,499,2020=100,1.4
901Y009,4.2.1. 소비자물가지수,Group1,계정항목,I02,기타 오락 및 문화용 주요 내구재,I,오락 및 문화,Q,1985Q1,2026Q2,166,2020=100,1.4
901Y009,4.2.1. 소비자물가지수,Group1,계정항목,I021,기타 오락 및 문화용 주요 내구재,I02,기타 오락 및 문화용 주요 내구재,A,1985,2025,41,2020=100,1.4
901Y009,4.2.1. 소비자물가지수,Group1,계정항목,I021,기타 오락 및 문화용 주요 내구재,I02,기타 오락 및 문화용 주요 내구재,M,198501,202607,499,2020=100,1.4
901Y009,4.2.1. 소비자물가지수,Group1,계정항목,I021,기타 오락 및 문화용 주요 내구재,I02,기타 오락 및 문화용 주요 내구재,Q,1985Q1,2026Q2,166,2020=100,1.4
901Y009,4.2.1. 소비자물가지수,Group1,계정항목,I02101,악기,I021,기타 오락 및 문화용 주요 내구재,A,1985,2025,41,2020=100,0.3
901Y009,4.2.1. 소비자물가지수,Group1,계정항목,I02101,악기,I021,기타 오락 및 문화용 주요 내구재,M,197501,202607,619,2020=100,0.3
901Y009,4.2.1. 소비자물가지수,Group1,계정항목,I02101,악기,I021,기타 오락 및 문화용 주요 내구재,Q,1985Q1,2026Q2,166,2020=100,0.3
901Y009,4.2.1. 소비자물가지수,Group1,계정항목,I02102,헬스기구,I021,기타 오락 및 문화용 주요 내구재,A,2015,2025,11,2020=100,1.1
901Y009,4.2.1. 소비자물가지수,Group1,계정항목,I02102,헬스기구,I021,기타 오락 및 문화용 주요 내구재,M,201501,202607,139,2020=100,1.1
901Y009,4.2.1. 소비자물가지수,Group1,계정항목,I02102,헬스기구,I021,기타 오락 및 문화용 주요 내구재,Q,2015Q1,2026Q2,46,2020=100,1.1
901Y009,4.2.1. 소비자물가지수,Group1,계정항목,I03,"기타 오락용품, 조경용품 및 애완동물",I,오락 및 문화,A,1985,2025,41,2020=100,13.6
901Y009,4.2.1. 소비자물가지수,Group1,계정항목,I03,"기타 오락용품, 조경용품 및 애완동물",I,오락 및 문화,M,198501,202607,499,2020=100,13.6
901Y009,4.2.1. 소비자물가지수,Group1,계정항목,I03,"기타 오락용품, 조경용품 및 애완동물",I,오락 및 문화,Q,1985Q1,2026Q2,166,2020=100,13.6
901Y009,4.2.1. 소비자물가지수,Group1,계정항목,I031,"기타 오락용품, 조경용품 및 애완동물",I03,"기타 오락용품, 조경용품 및 애완동물",A,1985,2025,41,2020=100,13.6
901Y009,4.2.1. 소비자물가지수,Group1,계정항목,I031,"기타 오락용품, 조경용품 및 애완동물",I03,"기타 오락용품, 조경용품 및 애완동물",M,198501,202607,499,2020=100,13.6
901Y009,4.2.1. 소비자물가지수,Group1,계정항목,I031,"기타 오락용품, 조경용품 및 애완동물",I03,"기타 오락용품, 조경용품 및 애완동물",Q,1985Q1,2026Q2,166,2020=100,13.6
901Y009,4.2.1. 소비자물가지수,Group1,계정항목,I03101,장난감,I031,"기타 오락용품, 조경용품 및 애완동물",A,1985,2025,41,2020=100,2.9
901Y009,4.2.1. 소비자물가지수,Group1,계정항목,I03101,장난감,I031,"기타 오락용품, 조경용품 및 애완동물",M,197501,202607,619,2020=100,2.9
901Y009,4.2.1. 소비자물가지수,Group1,계정항목,I03101,장난감,I031,"기타 오락용품, 조경용품 및 애완동물",Q,1985Q1,2026Q2,166,2020=100,2.9
901Y009,4.2.1. 소비자물가지수,Group1,계정항목,I03102,레저용품,I031,"기타 오락용품, 조경용품 및 애완동물",A,1990,2025,36,2020=100,1.6
901Y009,4.2.1. 소비자물가지수,Group1,계정항목,I03102,레저용품,I031,"기타 오락용품, 조경용품 및 애완동물",M,199001,202607,439,2020=100,1.6
901Y009,4.2.1. 소비자물가지수,Group1,계정항목,I03102,레저용품,I031,"기타 오락용품, 조경용품 및 애완동물",Q,1990Q1,2026Q2,146,2020=100,1.6
901Y009,4.2.1. 소비자물가지수,Group1,계정항목,I03103,운동용품,I031,"기타 오락용품, 조경용품 및 애완동물",A,1975,2025,51,2020=100,2.1
901Y009,4.2.1. 소비자물가지수,Group1,계정항목,I03103,운동용품,I031,"기타 오락용품, 조경용품 및 애완동물",M,197501,202607,619,2020=100,2.1
901Y009,4.2.1. 소비자물가지수,Group1,계정항목,I03103,운동용품,I031,"기타 오락용품, 조경용품 및 애완동물",Q,1975Q1,2026Q2,206,2020=100,2.1
901Y009,4.2.1. 소비자물가지수,Group1,계정항목,I03104,화초,I031,"기타 오락용품, 조경용품 및 애완동물",A,1975,2025,51,2020=100,0.7
901Y009,4.2.1. 소비자물가지수,Group1,계정항목,I03104,화초,I031,"기타 오락용품, 조경용품 및 애완동물",M,197501,202607,619,2020=100,0.7
901Y009,4.2.1. 소비자물가지수,Group1,계정항목,I03104,화초,I031,"기타 오락용품, 조경용품 및 애완동물",Q,1975Q1,2026Q2,206,2020=100,0.7
901Y009,4.2.1. 소비자물가지수,Group1,계정항목,I03105,원예용품,I031,"기타 오락용품, 조경용품 및 애완동물",A,2010,2025,16,2020=100,0.4
901Y009,4.2.1. 소비자물가지수,Group1,계정항목,I03105,원예용품,I031,"기타 오락용품, 조경용품 및 애완동물",M,201001,202607,199,2020=100,0.4
901Y009,4.2.1. 소비자물가지수,Group1,계정항목,I03105,원예용품,I031,"기타 오락용품, 조경용품 및 애완동물",Q,2010Q1,2026Q2,66,2020=100,0.4
901Y009,4.2.1. 소비자물가지수,Group1,계정항목,I03106,반려동물용품,I031,"기타 오락용품, 조경용품 및 애완동물",A,2000,2025,26,2020=100,3.3
901Y009,4.2.1. 소비자물가지수,Group1,계정항목,I03106,반려동물용품,I031,"기타 오락용품, 조경용품 및 애완동물",M,200001,202607,319,2020=100,3.3
901Y009,4.2.1. 소비자물가지수,Group1,계정항목,I03106,반려동물용품,I031,"기타 오락용품, 조경용품 및 애완동물",Q,2000Q1,2026Q2,106,2020=100,3.3
901Y009,4.2.1. 소비자물가지수,Group1,계정항목,I03107,반려동물관리비,I031,"기타 오락용품, 조경용품 및 애완동물",A,2005,2025,21,2020=100,2.6
901Y009,4.2.1. 소비자물가지수,Group1,계정항목,I03107,반려동물관리비,I031,"기타 오락용품, 조경용품 및 애완동물",M,200501,202607,259,2020=100,2.6
901Y009,4.2.1. 소비자물가지수,Group1,계정항목,I03107,반려동물관리비,I031,"기타 오락용품, 조경용품 및 애완동물",Q,2005Q1,2026Q2,86,2020=100,2.6
901Y009,4.2.1. 소비자물가지수,Group1,계정항목,I04,오락 및 문화 서비스,I,오락 및 문화,A,1985,2025,41,2020=100,27.1
901Y009,4.2.1. 소비자물가지수,Group1,계정항목,I04,오락 및 문화 서비스,I,오락 및 문화,M,198501,202607,499,2020=100,27.1
901Y009,4.2.1. 소비자물가지수,Group1,계정항목,I04,오락 및 문화 서비스,I,오락 및 문화,Q,1985Q1,2026Q2,166,2020=100,27.1
901Y009,4.2.1. 소비자물가지수,Group1,계정항목,I041,오락 및 스포츠 서비스,I04,오락 및 문화 서비스,A,1985,2025,41,2020=100,11
901Y009,4.2.1. 소비자물가지수,Group1,계정항목,I041,오락 및 스포츠 서비스,I04,오락 및 문화 서비스,M,198501,202607,499,2020=100,11
901Y009,4.2.1. 소비자물가지수,Group1,계정항목,I041,오락 및 스포츠 서비스,I04,오락 및 문화 서비스,Q,1985Q1,2026Q2,166,2020=100,11
901Y009,4.2.1. 소비자물가지수,Group1,계정항목,I04101,수영장이용료,I041,오락 및 스포츠 서비스,A,1995,2025,31,2020=100,0.2
901Y009,4.2.1. 소비자물가지수,Group1,계정항목,I04101,수영장이용료,I041,오락 및 스포츠 서비스,M,199501,202607,379,2020=100,0.2
901Y009,4.2.1. 소비자물가지수,Group1,계정항목,I04101,수영장이용료,I041,오락 및 스포츠 서비스,Q,1995Q1,2026Q2,126,2020=100,0.2
901Y009,4.2.1. 소비자물가지수,Group1,계정항목,I04102,볼링장이용료,I041,오락 및 스포츠 서비스,A,1995,2025,31,2020=100,0.2
901Y009,4.2.1. 소비자물가지수,Group1,계정항목,I04102,볼링장이용료,I041,오락 및 스포츠 서비스,M,199501,202607,379,2020=100,0.2
901Y009,4.2.1. 소비자물가지수,Group1,계정항목,I04102,볼링장이용료,I041,오락 및 스포츠 서비스,Q,1995Q1,2026Q2,126,2020=100,0.2
901Y009,4.2.1. 소비자물가지수,Group1,계정항목,I04103,헬스클럽이용료,I041,오락 및 스포츠 서비스,A,2000,2025,26,2020=100,1.5
901Y009,4.2.1. 소비자물가지수,Group1,계정항목,I04103,헬스클럽이용료,I041,오락 및 스포츠 서비스,M,200001,202607,319,2020=100,1.5
901Y009,4.2.1. 소비자물가지수,Group1,계정항목,I04103,헬스클럽이용료,I041,오락 및 스포츠 서비스,Q,2000Q1,2026Q2,106,2020=100,1.5
901Y009,4.2.1. 소비자물가지수,Group1,계정항목,I04104,골프연습장이용료,I041,오락 및 스포츠 서비스,A,1995,2025,31,2020=100,2.3
901Y009,4.2.1. 소비자물가지수,Group1,계정항목,I04104,골프연습장이용료,I041,오락 및 스포츠 서비스,M,199501,202607,379,2020=100,2.3
901Y009,4.2.1. 소비자물가지수,Group1,계정항목,I04104,골프연습장이용료,I041,오락 및 스포츠 서비스,Q,1995Q1,2026Q2,126,2020=100,2.3
901Y009,4.2.1. 소비자물가지수,Group1,계정항목,I04105,골프장이용료,I041,오락 및 스포츠 서비스,A,2000,2025,26,2020=100,3
901Y009,4.2.1. 소비자물가지수,Group1,계정항목,I04105,골프장이용료,I041,오락 및 스포츠 서비스,M,200001,202607,319,2020=100,3
901Y009,4.2.1. 소비자물가지수,Group1,계정항목,I04105,골프장이용료,I041,오락 및 스포츠 서비스,Q,2000Q1,2026Q2,106,2020=100,3
901Y009,4.2.1. 소비자물가지수,Group1,계정항목,I04106,당구장이용료,I041,오락 및 스포츠 서비스,A,1995,2025,31,2020=100,0.5
901Y009,4.2.1. 소비자물가지수,Group1,계정항목,I04106,당구장이용료,I041,오락 및 스포츠 서비스,M,199501,202607,379,2020=100,0.5
901Y009,4.2.1. 소비자물가지수,Group1,계정항목,I04106,당구장이용료,I041,오락 및 스포츠 서비스,Q,1995Q1,2026Q2,126,2020=100,0.5
901Y009,4.2.1. 소비자물가지수,Group1,계정항목,I04107,노래방이용료,I041,오락 및 스포츠 서비스,A,1995,2025,31,2020=100,0.5
901Y009,4.2.1. 소비자물가지수,Group1,계정항목,I04107,노래방이용료,I041,오락 및 스포츠 서비스,M,199501,202607,379,2020=100,0.5
901Y009,4.2.1. 소비자물가지수,Group1,계정항목,I04107,노래방이용료,I041,오락 및 스포츠 서비스,Q,1995Q1,2026Q2,126,2020=100,0.5
901Y009,4.2.1. 소비자물가지수,Group1,계정항목,I04108,PC방이용료,I041,오락 및 스포츠 서비스,A,2000,2025,26,2020=100,0.3
901Y009,4.2.1. 소비자물가지수,Group1,계정항목,I04108,PC방이용료,I041,오락 및 스포츠 서비스,M,200001,202607,319,2020=100,0.3
901Y009,4.2.1. 소비자물가지수,Group1,계정항목,I04108,PC방이용료,I041,오락 및 스포츠 서비스,Q,2000Q1,2026Q2,106,2020=100,0.3
901Y009,4.2.1. 소비자물가지수,Group1,계정항목,I04109,놀이시설이용료,I041,오락 및 스포츠 서비스,A,1995,2025,31,2020=100,2.3
901Y009,4.2.1. 소비자물가지수,Group1,계정항목,I04109,놀이시설이용료,I041,오락 및 스포츠 서비스,M,198501,202607,499,2020=100,2.3
901Y009,4.2.1. 소비자물가지수,Group1,계정항목,I04109,놀이시설이용료,I041,오락 및 스포츠 서비스,Q,1995Q1,2026Q2,126,2020=100,2.3
901Y009,4.2.1. 소비자물가지수,Group1,계정항목,I04110,운동경기관람료,I041,오락 및 스포츠 서비스,A,1980,2025,46,2020=100,0.2
901Y009,4.2.1. 소비자물가지수,Group1,계정항목,I04110,운동경기관람료,I041,오락 및 스포츠 서비스,M,198001,202607,559,2020=100,0.2
901Y009,4.2.1. 소비자물가지수,Group1,계정항목,I04110,운동경기관람료,I041,오락 및 스포츠 서비스,Q,1980Q1,2026Q2,186,2020=100,0.2
901Y009,4.2.1. 소비자물가지수,Group1,계정항목,I042,문화 서비스,I04,오락 및 문화 서비스,A,1985,2025,41,2020=100,16.1
901Y009,4.2.1. 소비자물가지수,Group1,계정항목,I042,문화 서비스,I04,오락 및 문화 서비스,M,198501,202607,499,2020=100,16.1
901Y009,4.2.1. 소비자물가지수,Group1,계정항목,I042,문화 서비스,I04,오락 및 문화 서비스,Q,1985Q1,2026Q2,166,2020=100,16.1
901Y009,4.2.1. 소비자물가지수,Group1,계정항목,I04201,영화관람료,I042,문화 서비스,A,1975,2025,51,2020=100,1
901Y009,4.2.1. 소비자물가지수,Group1,계정항목,I04201,영화관람료,I042,문화 서비스,M,197501,202607,619,2020=100,1
901Y009,4.2.1. 소비자물가지수,Group1,계정항목,I04201,영화관람료,I042,문화 서비스,Q,1975Q1,2026Q2,206,2020=100,1
901Y009,4.2.1. 소비자물가지수,Group1,계정항목,I04202,공연예술관람료,I042,문화 서비스,A,2005,2025,21,2020=100,0.7
901Y009,4.2.1. 소비자물가지수,Group1,계정항목,I04202,공연예술관람료,I042,문화 서비스,M,200501,202607,259,2020=100,0.7
901Y009,4.2.1. 소비자물가지수,Group1,계정항목,I04202,공연예술관람료,I042,문화 서비스,Q,2005Q1,2026Q2,86,2020=100,0.7
901Y009,4.2.1. 소비자물가지수,Group1,계정항목,I04203,관람시설이용료,I042,문화 서비스,A,2005,2025,21,2020=100,0.6
901Y009,4.2.1. 소비자물가지수,Group1,계정항목,I04203,관람시설이용료,I042,문화 서비스,M,200501,202607,259,2020=100,0.6
901Y009,4.2.1. 소비자물가지수,Group1,계정항목,I04203,관람시설이용료,I042,문화 서비스,Q,2005Q1,2026Q2,86,2020=100,0.6
901Y009,4.2.1. 소비자물가지수,Group1,계정항목,I04204,독서실비,I042,문화 서비스,A,1975,2025,51,2020=100,0.8
901Y009,4.2.1. 소비자물가지수,Group1,계정항목,I04204,독서실비,I042,문화 서비스,M,197501,202607,619,2020=100,0.8
901Y009,4.2.1. 소비자물가지수,Group1,계정항목,I04204,독서실비,I042,문화 서비스,Q,1975Q1,2026Q2,206,2020=100,0.8
901Y009,4.2.1. 소비자물가지수,Group1,계정항목,I04205,문화강습료,I042,문화 서비스,A,2010,2025,16,2020=100,0.9
901Y009,4.2.1. 소비자물가지수,Group1,계정항목,I04205,문화강습료,I042,문화 서비스,M,200001,202607,319,2020=100,0.9
901Y009,4.2.1. 소비자물가지수,Group1,계정항목,I04205,문화강습료,I042,문화 서비스,Q,2010Q1,2026Q2,66,2020=100,0.9
901Y009,4.2.1. 소비자물가지수,Group1,계정항목,I04206,온라인콘텐츠이용료,I042,문화 서비스,A,2005,2025,21,2020=100,8
901Y009,4.2.1. 소비자물가지수,Group1,계정항목,I04206,온라인콘텐츠이용료,I042,문화 서비스,M,200501,202607,259,2020=100,8
901Y009,4.2.1. 소비자물가지수,Group1,계정항목,I04206,온라인콘텐츠이용료,I042,문화 서비스,Q,2005Q1,2026Q2,86,2020=100,8
901Y009,4.2.1. 소비자물가지수,Group1,계정항목,I04207,방송수신료,I042,문화 서비스,A,1985,2025,41,2020=100,2.4
901Y009,4.2.1. 소비자물가지수,Group1,계정항목,I04207,방송수신료,I042,문화 서비스,M,197501,202607,619,2020=100,2.4
901Y009,4.2.1. 소비자물가지수,Group1,계정항목,I04207,방송수신료,I042,문화 서비스,Q,1985Q1,2026Q2,166,2020=100,2.4
901Y009,4.2.1. 소비자물가지수,Group1,계정항목,I04208,사진서비스료,I042,문화 서비스,A,1985,2025,41,2020=100,1.7
901Y009,4.2.1. 소비자물가지수,Group1,계정항목,I04208,사진서비스료,I042,문화 서비스,M,197501,202607,619,2020=100,1.7
901Y009,4.2.1. 소비자물가지수,Group1,계정항목,I04208,사진서비스료,I042,문화 서비스,Q,1985Q1,2026Q2,166,2020=100,1.7
901Y009,4.2.1. 소비자물가지수,Group1,계정항목,I05,"신문, 서적 및 문방구",I,오락 및 문화,A,1985,2025,41,2020=100,5.4
901Y009,4.2.1. 소비자물가지수,Group1,계정항목,I05,"신문, 서적 및 문방구",I,오락 및 문화,M,198501,202607,499,2020=100,5.4
901Y009,4.2.1. 소비자물가지수,Group1,계정항목,I05,"신문, 서적 및 문방구",I,오락 및 문화,Q,1985Q1,2026Q2,166,2020=100,5.4
901Y009,4.2.1. 소비자물가지수,Group1,계정항목,I051,서적,I05,"신문, 서적 및 문방구",A,1985,2025,41,2020=100,3.8
901Y009,4.2.1. 소비자물가지수,Group1,계정항목,I051,서적,I05,"신문, 서적 및 문방구",M,198501,202607,499,2020=100,3.8
901Y009,4.2.1. 소비자물가지수,Group1,계정항목,I051,서적,I05,"신문, 서적 및 문방구",Q,1985Q1,2026Q2,166,2020=100,3.8
901Y009,4.2.1. 소비자물가지수,Group1,계정항목,I05101,유아용학습교재,I051,서적,A,2010,2025,16,2020=100,0.3
901Y009,4.2.1. 소비자물가지수,Group1,계정항목,I05101,유아용학습교재,I051,서적,M,201001,202607,199,2020=100,0.3
901Y009,4.2.1. 소비자물가지수,Group1,계정항목,I05101,유아용학습교재,I051,서적,Q,2010Q1,2026Q2,66,2020=100,0.3
901Y009,4.2.1. 소비자물가지수,Group1,계정항목,I05102,초등학교학습서,I051,서적,A,1990,2025,36,2020=100,0.6
901Y009,4.2.1. 소비자물가지수,Group1,계정항목,I05102,초등학교학습서,I051,서적,M,199001,202607,439,2020=100,0.6
901Y009,4.2.1. 소비자물가지수,Group1,계정항목,I05102,초등학교학습서,I051,서적,Q,1990Q1,2026Q2,146,2020=100,0.6
901Y009,4.2.1. 소비자물가지수,Group1,계정항목,I05103,중학교학습서,I051,서적,A,1990,2025,36,2020=100,0.6
901Y009,4.2.1. 소비자물가지수,Group1,계정항목,I05103,중학교학습서,I051,서적,M,199001,202607,439,2020=100,0.6
901Y009,4.2.1. 소비자물가지수,Group1,계정항목,I05103,중학교학습서,I051,서적,Q,1990Q1,2026Q2,146,2020=100,0.6
901Y009,4.2.1. 소비자물가지수,Group1,계정항목,I05104,고등학교학습서,I051,서적,A,1980,2025,46,2020=100,0.6
901Y009,4.2.1. 소비자물가지수,Group1,계정항목,I05104,고등학교학습서,I051,서적,M,198001,202607,559,2020=100,0.6
901Y009,4.2.1. 소비자물가지수,Group1,계정항목,I05104,고등학교학습서,I051,서적,Q,1980Q1,2026Q2,186,2020=100,0.6
901Y009,4.2.1. 소비자물가지수,Group1,계정항목,I05105,대학교재,I051,서적,A,2000,2025,26,2020=100,0.2
901Y009,4.2.1. 소비자물가지수,Group1,계정항목,I05105,대학교재,I051,서적,M,200001,202607,319,2020=100,0.2
901Y009,4.2.1. 소비자물가지수,Group1,계정항목,I05105,대학교재,I051,서적,Q,2000Q1,2026Q2,106,2020=100,0.2
901Y009,4.2.1. 소비자물가지수,Group1,계정항목,I05106,서적,I051,서적,A,1980,2025,46,2020=100,1.5
901Y009,4.2.1. 소비자물가지수,Group1,계정항목,I05106,서적,I051,서적,M,198001,202607,559,2020=100,1.5
901Y009,4.2.1. 소비자물가지수,Group1,계정항목,I05106,서적,I051,서적,Q,1980Q1,2026Q2,186,2020=100,1.5
901Y009,4.2.1. 소비자물가지수,Group1,계정항목,I052,신문 및 정기 간행물,I05,"신문, 서적 및 문방구",A,1985,2025,41,2020=100,0.4
901Y009,4.2.1. 소비자물가지수,Group1,계정항목,I052,신문 및 정기 간행물,I05,"신문, 서적 및 문방구",M,198501,202607,499,2020=100,0.4
901Y009,4.2.1. 소비자물가지수,Group1,계정항목,I052,신문 및 정기 간행물,I05,"신문, 서적 및 문방구",Q,1985Q1,2026Q2,166,2020=100,0.4
901Y009,4.2.1. 소비자물가지수,Group1,계정항목,I05201,신문,I052,신문 및 정기 간행물,A,1975,2025,51,2020=100,0.4
901Y009,4.2.1. 소비자물가지수,Group1,계정항목,I05201,신문,I052,신문 및 정기 간행물,M,197501,202607,619,2020=100,0.4
901Y009,4.2.1. 소비자물가지수,Group1,계정항목,I05201,신문,I052,신문 및 정기 간행물,Q,1975Q1,2026Q2,206,2020=100,0.4
901Y009,4.2.1. 소비자물가지수,Group1,계정항목,I053,문방구,I05,"신문, 서적 및 문방구",A,1985,2025,41,2020=100,1.2
901Y009,4.2.1. 소비자물가지수,Group1,계정항목,I053,문방구,I05,"신문, 서적 및 문방구",M,198501,202607,499,2020=100,1.2
901Y009,4.2.1. 소비자물가지수,Group1,계정항목,I053,문방구,I05,"신문, 서적 및 문방구",Q,1985Q1,2026Q2,166,2020=100,1.2
901Y009,4.2.1. 소비자물가지수,Group1,계정항목,I05301,종이문구,I053,문방구,A,1985,2025,41,2020=100,0.5
901Y009,4.2.1. 소비자물가지수,Group1,계정항목,I05301,종이문구,I053,문방구,M,197501,202607,619,2020=100,0.5
901Y009,4.2.1. 소비자물가지수,Group1,계정항목,I05301,종이문구,I053,문방구,Q,1985Q1,2026Q2,166,2020=100,0.5
901Y009,4.2.1. 소비자물가지수,Group1,계정항목,I05302,기타문구,I053,문방구,A,2010,2025,16,2020=100,0.1
901Y009,4.2.1. 소비자물가지수,Group1,계정항목,I05302,기타문구,I053,문방구,M,201001,202607,199,2020=100,0.1
901Y009,4.2.1. 소비자물가지수,Group1,계정항목,I05302,기타문구,I053,문방구,Q,2010Q1,2026Q2,66,2020=100,0.1
901Y009,4.2.1. 소비자물가지수,Group1,계정항목,I05303,필기구,I053,문방구,A,1985,2025,41,2020=100,0.4
901Y009,4.2.1. 소비자물가지수,Group1,계정항목,I05303,필기구,I053,문방구,M,198501,202607,499,2020=100,0.4
901Y009,4.2.1. 소비자물가지수,Group1,계정항목,I05303,필기구,I053,문방구,Q,1985Q1,2026Q2,166,2020=100,0.4
901Y009,4.2.1. 소비자물가지수,Group1,계정항목,I05304,회화용구,I053,문방구,A,1975,2025,51,2020=100,0.2
901Y009,4.2.1. 소비자물가지수,Group1,계정항목,I05304,회화용구,I053,문방구,M,197501,202607,619,2020=100,0.2
901Y009,4.2.1. 소비자물가지수,Group1,계정항목,I05304,회화용구,I053,문방구,Q,1975Q1,2026Q2,206,2020=100,0.2
901Y009,4.2.1. 소비자물가지수,Group1,계정항목,I06,단체여행,I,오락 및 문화,A,2000,2025,26,2020=100,7.5
901Y009,4.2.1. 소비자물가지수,Group1,계정항목,I06,단체여행,I,오락 및 문화,M,200001,202607,319,2020=100,7.5
901Y009,4.2.1. 소비자물가지수,Group1,계정항목,I06,단체여행,I,오락 및 문화,Q,2000Q1,2026Q2,106,2020=100,7.5
901Y009,4.2.1. 소비자물가지수,Group1,계정항목,I061,단체여행,I06,단체여행,A,2000,2025,26,2020=100,7.5
901Y009,4.2.1. 소비자물가지수,Group1,계정항목,I061,단체여행,I06,단체여행,M,200001,202607,319,2020=100,7.5
901Y009,4.2.1. 소비자물가지수,Group1,계정항목,I061,단체여행,I06,단체여행,Q,2000Q1,2026Q2,106,2020=100,7.5
901Y009,4.2.1. 소비자물가지수,Group1,계정항목,I06101,국내단체여행비,I061,단체여행,A,2000,2025,26,2020=100,2
901Y009,4.2.1. 소비자물가지수,Group1,계정항목,I06101,국내단체여행비,I061,단체여행,M,200001,202607,319,2020=100,2
901Y009,4.2.1. 소비자물가지수,Group1,계정항목,I06101,국내단체여행비,I061,단체여행,Q,2000Q1,2026Q2,106,2020=100,2
901Y009,4.2.1. 소비자물가지수,Group1,계정항목,I06102,해외단체여행비,I061,단체여행,A,2000,2025,26,2020=100,5.5
901Y009,4.2.1. 소비자물가지수,Group1,계정항목,I06102,해외단체여행비,I061,단체여행,M,200001,202607,319,2020=100,5.5
901Y009,4.2.1. 소비자물가지수,Group1,계정항목,I06102,해외단체여행비,I061,단체여행,Q,2000Q1,2026Q2,106,2020=100,5.5
901Y009,4.2.1. 소비자물가지수,Group1,계정항목,J,교육,0,총지수,A,1985,2025,41,2020=100,73.9
901Y009,4.2.1. 소비자물가지수,Group1,계정항목,J,교육,0,총지수,M,198501,202607,499,2020=100,73.9
901Y009,4.2.1. 소비자물가지수,Group1,계정항목,J,교육,0,총지수,Q,1985Q1,2026Q2,166,2020=100,73.9
901Y009,4.2.1. 소비자물가지수,Group1,계정항목,J01,유치원 및 초등교육,J,교육,A,1985,2025,41,2020=100,1.8
901Y009,4.2.1. 소비자물가지수,Group1,계정항목,J01,유치원 및 초등교육,J,교육,M,198501,202607,499,2020=100,1.8
901Y009,4.2.1. 소비자물가지수,Group1,계정항목,J01,유치원 및 초등교육,J,교육,Q,1985Q1,2026Q2,166,2020=100,1.8
901Y009,4.2.1. 소비자물가지수,Group1,계정항목,J011,유치원 및 초등교육,J01,유치원 및 초등교육,A,1985,2025,41,2020=100,1.8
901Y009,4.2.1. 소비자물가지수,Group1,계정항목,J011,유치원 및 초등교육,J01,유치원 및 초등교육,M,198501,202607,499,2020=100,1.8
901Y009,4.2.1. 소비자물가지수,Group1,계정항목,J011,유치원 및 초등교육,J01,유치원 및 초등교육,Q,1985Q1,2026Q2,166,2020=100,1.8
901Y009,4.2.1. 소비자물가지수,Group1,계정항목,J01101,유치원납입금,J011,유치원 및 초등교육,A,1975,2025,51,2020=100,1.8
901Y009,4.2.1. 소비자물가지수,Group1,계정항목,J01101,유치원납입금,J011,유치원 및 초등교육,M,197501,202607,619,2020=100,1.8
901Y009,4.2.1. 소비자물가지수,Group1,계정항목,J01101,유치원납입금,J011,유치원 및 초등교육,Q,1975Q1,2026Q2,206,2020=100,1.8
901Y009,4.2.1. 소비자물가지수,Group1,계정항목,J03,고등교육,J,교육,A,1985,2025,41,2020=100,13.1
901Y009,4.2.1. 소비자물가지수,Group1,계정항목,J03,고등교육,J,교육,M,198501,202607,499,2020=100,13.1
901Y009,4.2.1. 소비자물가지수,Group1,계정항목,J03,고등교육,J,교육,Q,1985Q1,2026Q2,166,2020=100,13.1
901Y009,4.2.1. 소비자물가지수,Group1,계정항목,J031,고등교육,J03,고등교육,A,1985,2025,41,2020=100,13.1
901Y009,4.2.1. 소비자물가지수,Group1,계정항목,J031,고등교육,J03,고등교육,M,198501,202607,499,2020=100,13.1
901Y009,4.2.1. 소비자물가지수,Group1,계정항목,J031,고등교육,J03,고등교육,Q,1985Q1,2026Q2,166,2020=100,13.1
901Y009,4.2.1. 소비자물가지수,Group1,계정항목,J03101,전문대학납입금,J031,고등교육,A,1985,2025,41,2020=100,1.1
901Y009,4.2.1. 소비자물가지수,Group1,계정항목,J03101,전문대학납입금,J031,고등교육,M,198501,202607,499,2020=100,1.1
901Y009,4.2.1. 소비자물가지수,Group1,계정항목,J03101,전문대학납입금,J031,고등교육,Q,1985Q1,2026Q2,166,2020=100,1.1
901Y009,4.2.1. 소비자물가지수,Group1,계정항목,J03102,국공립대학교납입금,J031,고등교육,A,1975,2025,51,2020=100,1.4
901Y009,4.2.1. 소비자물가지수,Group1,계정항목,J03102,국공립대학교납입금,J031,고등교육,M,197501,202607,619,2020=100,1.4
901Y009,4.2.1. 소비자물가지수,Group1,계정항목,J03102,국공립대학교납입금,J031,고등교육,Q,1975Q1,2026Q2,206,2020=100,1.4
901Y009,4.2.1. 소비자물가지수,Group1,계정항목,J03103,사립대학교납입금,J031,고등교육,A,1975,2025,51,2020=100,8.6
901Y009,4.2.1. 소비자물가지수,Group1,계정항목,J03103,사립대학교납입금,J031,고등교육,M,197501,202607,619,2020=100,8.6
901Y009,4.2.1. 소비자물가지수,Group1,계정항목,J03103,사립대학교납입금,J031,고등교육,Q,1975Q1,2026Q2,206,2020=100,8.6
901Y009,4.2.1. 소비자물가지수,Group1,계정항목,J03104,국공립대학원납입금,J031,고등교육,A,1995,2025,31,2020=100,0.4
901Y009,4.2.1. 소비자물가지수,Group1,계정항목,J03104,국공립대학원납입금,J031,고등교육,M,199501,202607,379,2020=100,0.4
901Y009,4.2.1. 소비자물가지수,Group1,계정항목,J03104,국공립대학원납입금,J031,고등교육,Q,1995Q1,2026Q2,126,2020=100,0.4
901Y009,4.2.1. 소비자물가지수,Group1,계정항목,J03105,사립대학원납입금,J031,고등교육,A,1995,2025,31,2020=100,1.6
901Y009,4.2.1. 소비자물가지수,Group1,계정항목,J03105,사립대학원납입금,J031,고등교육,M,199501,202607,379,2020=100,1.6
901Y009,4.2.1. 소비자물가지수,Group1,계정항목,J03105,사립대학원납입금,J031,고등교육,Q,1995Q1,2026Q2,126,2020=100,1.6
901Y009,4.2.1. 소비자물가지수,Group1,계정항목,J04,기타교육,J,교육,A,1985,2025,41,2020=100,59
901Y009,4.2.1. 소비자물가지수,Group1,계정항목,J04,기타교육,J,교육,M,198501,202607,499,2020=100,59
901Y009,4.2.1. 소비자물가지수,Group1,계정항목,J04,기타교육,J,교육,Q,1985Q1,2026Q2,166,2020=100,59
901Y009,4.2.1. 소비자물가지수,Group1,계정항목,J041,학원 및 보습교육,J04,기타교육,A,1985,2025,41,2020=100,52.8
901Y009,4.2.1. 소비자물가지수,Group1,계정항목,J041,학원 및 보습교육,J04,기타교육,M,198501,202607,499,2020=100,52.8
901Y009,4.2.1. 소비자물가지수,Group1,계정항목,J041,학원 및 보습교육,J04,기타교육,Q,1985Q1,2026Q2,166,2020=100,52.8
901Y009,4.2.1. 소비자물가지수,Group1,계정항목,J04101,초등학생학원비,J041,학원 및 보습교육,A,1985,2025,41,2020=100,7.6
901Y009,4.2.1. 소비자물가지수,Group1,계정항목,J04101,초등학생학원비,J041,학원 및 보습교육,M,198501,202607,499,2020=100,7.6
901Y009,4.2.1. 소비자물가지수,Group1,계정항목,J04101,초등학생학원비,J041,학원 및 보습교육,Q,1985Q1,2026Q2,166,2020=100,7.6
901Y009,4.2.1. 소비자물가지수,Group1,계정항목,J04102,중학생학원비,J041,학원 및 보습교육,A,2005,2025,21,2020=100,13.8
901Y009,4.2.1. 소비자물가지수,Group1,계정항목,J04102,중학생학원비,J041,학원 및 보습교육,M,200501,202607,259,2020=100,13.8
901Y009,4.2.1. 소비자물가지수,Group1,계정항목,J04102,중학생학원비,J041,학원 및 보습교육,Q,2005Q1,2026Q2,86,2020=100,13.8
901Y009,4.2.1. 소비자물가지수,Group1,계정항목,J04103,고등학생학원비,J041,학원 및 보습교육,A,1985,2025,41,2020=100,13.8
901Y009,4.2.1. 소비자물가지수,Group1,계정항목,J04103,고등학생학원비,J041,학원 및 보습교육,M,198501,202607,499,2020=100,13.8
901Y009,4.2.1. 소비자물가지수,Group1,계정항목,J04103,고등학생학원비,J041,학원 및 보습교육,Q,1985Q1,2026Q2,166,2020=100,13.8
901Y009,4.2.1. 소비자물가지수,Group1,계정항목,J04104,음악학원비,J041,학원 및 보습교육,A,1985,2025,41,2020=100,3
901Y009,4.2.1. 소비자물가지수,Group1,계정항목,J04104,음악학원비,J041,학원 및 보습교육,M,198501,202607,499,2020=100,3
901Y009,4.2.1. 소비자물가지수,Group1,계정항목,J04104,음악학원비,J041,학원 및 보습교육,Q,1985Q1,2026Q2,166,2020=100,3
901Y009,4.2.1. 소비자물가지수,Group1,계정항목,J04105,미술학원비,J041,학원 및 보습교육,A,1990,2025,36,2020=100,2.6
901Y009,4.2.1. 소비자물가지수,Group1,계정항목,J04105,미술학원비,J041,학원 및 보습교육,M,199001,202607,439,2020=100,2.6
901Y009,4.2.1. 소비자물가지수,Group1,계정항목,J04105,미술학원비,J041,학원 및 보습교육,Q,1990Q1,2026Q2,146,2020=100,2.6
901Y009,4.2.1. 소비자물가지수,Group1,계정항목,J04106,운동학원비,J041,학원 및 보습교육,A,1995,2025,31,2020=100,5.7
901Y009,4.2.1. 소비자물가지수,Group1,계정항목,J04106,운동학원비,J041,학원 및 보습교육,M,199501,202607,379,2020=100,5.7
901Y009,4.2.1. 소비자물가지수,Group1,계정항목,J04106,운동학원비,J041,학원 및 보습교육,Q,1995Q1,2026Q2,126,2020=100,5.7
901Y009,4.2.1. 소비자물가지수,Group1,계정항목,J04107,전산학원비,J041,학원 및 보습교육,A,1985,2025,41,2020=100,0.5
901Y009,4.2.1. 소비자물가지수,Group1,계정항목,J04107,전산학원비,J041,학원 및 보습교육,M,198501,202607,499,2020=100,0.5
901Y009,4.2.1. 소비자물가지수,Group1,계정항목,J04107,전산학원비,J041,학원 및 보습교육,Q,1985Q1,2026Q2,166,2020=100,0.5
901Y009,4.2.1. 소비자물가지수,Group1,계정항목,J04108,가정학습지,J041,학원 및 보습교육,A,1990,2025,36,2020=100,3.5
901Y009,4.2.1. 소비자물가지수,Group1,계정항목,J04108,가정학습지,J041,학원 및 보습교육,M,199001,202607,439,2020=100,3.5
901Y009,4.2.1. 소비자물가지수,Group1,계정항목,J04108,가정학습지,J041,학원 및 보습교육,Q,1990Q1,2026Q2,146,2020=100,3.5
901Y009,4.2.1. 소비자물가지수,Group1,계정항목,J04109,이러닝이용료,J041,학원 및 보습교육,A,2005,2025,21,2020=100,0.7
901Y009,4.2.1. 소비자물가지수,Group1,계정항목,J04109,이러닝이용료,J041,학원 및 보습교육,M,200501,202607,259,2020=100,0.7
901Y009,4.2.1. 소비자물가지수,Group1,계정항목,J04109,이러닝이용료,J041,학원 및 보습교육,Q,2005Q1,2026Q2,86,2020=100,0.7
901Y009,4.2.1. 소비자물가지수,Group1,계정항목,J04110,학교보충교육비,J041,학원 및 보습교육,A,2000,2025,26,2020=100,1.4
901Y009,4.2.1. 소비자물가지수,Group1,계정항목,J04110,학교보충교육비,J041,학원 및 보습교육,M,200001,202607,319,2020=100,1.4
901Y009,4.2.1. 소비자물가지수,Group1,계정항목,J04110,학교보충교육비,J041,학원 및 보습교육,Q,2000Q1,2026Q2,106,2020=100,1.4
901Y009,4.2.1. 소비자물가지수,Group1,계정항목,J04111,기타학원비,J041,학원 및 보습교육,A,2015,2025,11,2020=100,0.2
901Y009,4.2.1. 소비자물가지수,Group1,계정항목,J04111,기타학원비,J041,학원 및 보습교육,M,200001,202607,319,2020=100,0.2
901Y009,4.2.1. 소비자물가지수,Group1,계정항목,J04111,기타학원비,J041,학원 및 보습교육,Q,2015Q1,2026Q2,46,2020=100,0.2
901Y009,4.2.1. 소비자물가지수,Group1,계정항목,J042,성인학원 및 기타교육,J04,기타교육,A,1985,2025,41,2020=100,6.2
901Y009,4.2.1. 소비자물가지수,Group1,계정항목,J042,성인학원 및 기타교육,J04,기타교육,M,198501,202607,499,2020=100,6.2
901Y009,4.2.1. 소비자물가지수,Group1,계정항목,J042,성인학원 및 기타교육,J04,기타교육,Q,1985Q1,2026Q2,166,2020=100,6.2
901Y009,4.2.1. 소비자물가지수,Group1,계정항목,J04201,취업학원비,J042,성인학원 및 기타교육,A,1995,2025,31,2020=100,2
901Y009,4.2.1. 소비자물가지수,Group1,계정항목,J04201,취업학원비,J042,성인학원 및 기타교육,M,199501,202607,379,2020=100,2
901Y009,4.2.1. 소비자물가지수,Group1,계정항목,J04201,취업학원비,J042,성인학원 및 기타교육,Q,1995Q1,2026Q2,126,2020=100,2
901Y009,4.2.1. 소비자물가지수,Group1,계정항목,J04202,외국어학원비,J042,성인학원 및 기타교육,A,1980,2025,46,2020=100,0.5
901Y009,4.2.1. 소비자물가지수,Group1,계정항목,J04202,외국어학원비,J042,성인학원 및 기타교육,M,198001,202607,559,2020=100,0.5
901Y009,4.2.1. 소비자물가지수,Group1,계정항목,J04202,외국어학원비,J042,성인학원 및 기타교육,Q,1980Q1,2026Q2,186,2020=100,0.5
901Y009,4.2.1. 소비자물가지수,Group1,계정항목,J04203,운동강습료,J042,성인학원 및 기타교육,A,1990,2025,36,2020=100,3.7
901Y009,4.2.1. 소비자물가지수,Group1,계정항목,J04203,운동강습료,J042,성인학원 및 기타교육,M,199001,202607,439,2020=100,3.7
901Y009,4.2.1. 소비자물가지수,Group1,계정항목,J04203,운동강습료,J042,성인학원 및 기타교육,Q,1990Q1,2026Q2,146,2020=100,3.7
901Y009,4.2.1. 소비자물가지수,Group1,계정항목,K,음식 및 숙박,0,총지수,A,1985,2025,41,2020=100,144.7
901Y009,4.2.1. 소비자물가지수,Group1,계정항목,K,음식 및 숙박,0,총지수,M,198501,202607,499,2020=100,144.7
901Y009,4.2.1. 소비자물가지수,Group1,계정항목,K,음식 및 숙박,0,총지수,Q,1985Q1,2026Q2,166,2020=100,144.7
901Y009,4.2.1. 소비자물가지수,Group1,계정항목,K01,음식 서비스,K,음식 및 숙박,A,1985,2025,41,2020=100,138
901Y009,4.2.1. 소비자물가지수,Group1,계정항목,K01,음식 서비스,K,음식 및 숙박,M,198501,202607,499,2020=100,138
901Y009,4.2.1. 소비자물가지수,Group1,계정항목,K01,음식 서비스,K,음식 및 숙박,Q,1985Q1,2026Q2,166,2020=100,138
901Y009,4.2.1. 소비자물가지수,Group1,계정항목,K011,음식 서비스,K01,음식 서비스,A,1985,2025,41,2020=100,138
901Y009,4.2.1. 소비자물가지수,Group1,계정항목,K011,음식 서비스,K01,음식 서비스,M,198501,202607,499,2020=100,138
901Y009,4.2.1. 소비자물가지수,Group1,계정항목,K011,음식 서비스,K01,음식 서비스,Q,1985Q1,2026Q2,166,2020=100,138
901Y009,4.2.1. 소비자물가지수,Group1,계정항목,K01101,김치찌개백반,K011,음식 서비스,A,1985,2025,41,2020=100,4.8
901Y009,4.2.1. 소비자물가지수,Group1,계정항목,K01101,김치찌개백반,K011,음식 서비스,M,198501,202607,499,2020=100,4.8
901Y009,4.2.1. 소비자물가지수,Group1,계정항목,K01101,김치찌개백반,K011,음식 서비스,Q,1985Q1,2026Q2,166,2020=100,4.8
901Y009,4.2.1. 소비자물가지수,Group1,계정항목,K01102,된장찌개백반,K011,음식 서비스,A,1990,2025,36,2020=100,4.3
901Y009,4.2.1. 소비자물가지수,Group1,계정항목,K01102,된장찌개백반,K011,음식 서비스,M,199001,202607,439,2020=100,4.3
901Y009,4.2.1. 소비자물가지수,Group1,계정항목,K01102,된장찌개백반,K011,음식 서비스,Q,1990Q1,2026Q2,146,2020=100,4.3
901Y009,4.2.1. 소비자물가지수,Group1,계정항목,K01103,비빔밥,K011,음식 서비스,A,1975,2025,51,2020=100,2.4
901Y009,4.2.1. 소비자물가지수,Group1,계정항목,K01103,비빔밥,K011,음식 서비스,M,197501,202607,619,2020=100,2.4
901Y009,4.2.1. 소비자물가지수,Group1,계정항목,K01103,비빔밥,K011,음식 서비스,Q,1975Q1,2026Q2,206,2020=100,2.4
901Y009,4.2.1. 소비자물가지수,Group1,계정항목,K01104,설렁탕,K011,음식 서비스,A,1975,2025,51,2020=100,2
901Y009,4.2.1. 소비자물가지수,Group1,계정항목,K01104,설렁탕,K011,음식 서비스,M,197501,202607,619,2020=100,2
901Y009,4.2.1. 소비자물가지수,Group1,계정항목,K01104,설렁탕,K011,음식 서비스,Q,1975Q1,2026Q2,206,2020=100,2
901Y009,4.2.1. 소비자물가지수,Group1,계정항목,K01105,갈비탕,K011,음식 서비스,A,1985,2025,41,2020=100,2.2
901Y009,4.2.1. 소비자물가지수,Group1,계정항목,K01105,갈비탕,K011,음식 서비스,M,198501,202607,499,2020=100,2.2
901Y009,4.2.1. 소비자물가지수,Group1,계정항목,K01105,갈비탕,K011,음식 서비스,Q,1985Q1,2026Q2,166,2020=100,2.2
901Y009,4.2.1. 소비자물가지수,Group1,계정항목,K01106,삼계탕,K011,음식 서비스,A,1995,2025,31,2020=100,2.2
901Y009,4.2.1. 소비자물가지수,Group1,계정항목,K01106,삼계탕,K011,음식 서비스,M,199501,202607,379,2020=100,2.2
901Y009,4.2.1. 소비자물가지수,Group1,계정항목,K01106,삼계탕,K011,음식 서비스,Q,1995Q1,2026Q2,126,2020=100,2.2
901Y009,4.2.1. 소비자물가지수,Group1,계정항목,K01107,해물찜,K011,음식 서비스,A,2010,2025,16,2020=100,4.1
901Y009,4.2.1. 소비자물가지수,Group1,계정항목,K01107,해물찜,K011,음식 서비스,M,201001,202607,199,2020=100,4.1
901Y009,4.2.1. 소비자물가지수,Group1,계정항목,K01107,해물찜,K011,음식 서비스,Q,2010Q1,2026Q2,66,2020=100,4.1
901Y009,4.2.1. 소비자물가지수,Group1,계정항목,K01108,해장국,K011,음식 서비스,A,2010,2025,16,2020=100,5
901Y009,4.2.1. 소비자물가지수,Group1,계정항목,K01108,해장국,K011,음식 서비스,M,201001,202607,199,2020=100,5
901Y009,4.2.1. 소비자물가지수,Group1,계정항목,K01108,해장국,K011,음식 서비스,Q,2010Q1,2026Q2,66,2020=100,5
901Y009,4.2.1. 소비자물가지수,Group1,계정항목,K01109,불고기,K011,음식 서비스,A,1990,2025,36,2020=100,1.1
901Y009,4.2.1. 소비자물가지수,Group1,계정항목,K01109,불고기,K011,음식 서비스,M,199001,202607,439,2020=100,1.1
901Y009,4.2.1. 소비자물가지수,Group1,계정항목,K01109,불고기,K011,음식 서비스,Q,1990Q1,2026Q2,146,2020=100,1.1
901Y009,4.2.1. 소비자물가지수,Group1,계정항목,K01110,쇠고기(외식),K011,음식 서비스,A,1990,2025,36,2020=100,8.3
901Y009,4.2.1. 소비자물가지수,Group1,계정항목,K01110,쇠고기(외식),K011,음식 서비스,M,199001,202607,439,2020=100,8.3
901Y009,4.2.1. 소비자물가지수,Group1,계정항목,K01110,쇠고기(외식),K011,음식 서비스,Q,1990Q1,2026Q2,146,2020=100,8.3
901Y009,4.2.1. 소비자물가지수,Group1,계정항목,K01111,돼지갈비(외식),K011,음식 서비스,A,2000,2025,26,2020=100,6.1
901Y009,4.2.1. 소비자물가지수,Group1,계정항목,K01111,돼지갈비(외식),K011,음식 서비스,M,200001,202607,319,2020=100,6.1
901Y009,4.2.1. 소비자물가지수,Group1,계정항목,K01111,돼지갈비(외식),K011,음식 서비스,Q,2000Q1,2026Q2,106,2020=100,6.1
901Y009,4.2.1. 소비자물가지수,Group1,계정항목,K01112,삼겹살(외식),K011,음식 서비스,A,2000,2025,26,2020=100,7.2
901Y009,4.2.1. 소비자물가지수,Group1,계정항목,K01112,삼겹살(외식),K011,음식 서비스,M,200001,202607,319,2020=100,7.2
901Y009,4.2.1. 소비자물가지수,Group1,계정항목,K01112,삼겹살(외식),K011,음식 서비스,Q,2000Q1,2026Q2,106,2020=100,7.2
901Y009,4.2.1. 소비자물가지수,Group1,계정항목,K01113,오리고기(외식),K011,음식 서비스,A,2010,2025,16,2020=100,1.5
901Y009,4.2.1. 소비자물가지수,Group1,계정항목,K01113,오리고기(외식),K011,음식 서비스,M,201001,202607,199,2020=100,1.5
901Y009,4.2.1. 소비자물가지수,Group1,계정항목,K01113,오리고기(외식),K011,음식 서비스,Q,2010Q1,2026Q2,66,2020=100,1.5
901Y009,4.2.1. 소비자물가지수,Group1,계정항목,K01114,냉면,K011,음식 서비스,A,1975,2025,51,2020=100,2.4
901Y009,4.2.1. 소비자물가지수,Group1,계정항목,K01114,냉면,K011,음식 서비스,M,197501,202607,619,2020=100,2.4
901Y009,4.2.1. 소비자물가지수,Group1,계정항목,K01114,냉면,K011,음식 서비스,Q,1975Q1,2026Q2,206,2020=100,2.4
901Y009,4.2.1. 소비자물가지수,Group1,계정항목,K01115,칼국수,K011,음식 서비스,A,1980,2025,46,2020=100,2.7
901Y009,4.2.1. 소비자물가지수,Group1,계정항목,K01115,칼국수,K011,음식 서비스,M,198001,202607,559,2020=100,2.7
901Y009,4.2.1. 소비자물가지수,Group1,계정항목,K01115,칼국수,K011,음식 서비스,Q,1980Q1,2026Q2,186,2020=100,2.7
901Y009,4.2.1. 소비자물가지수,Group1,계정항목,K01116,죽(외식),K011,음식 서비스,A,2005,2025,21,2020=100,1.7
901Y009,4.2.1. 소비자물가지수,Group1,계정항목,K01116,죽(외식),K011,음식 서비스,M,200501,202607,259,2020=100,1.7
901Y009,4.2.1. 소비자물가지수,Group1,계정항목,K01116,죽(외식),K011,음식 서비스,Q,2005Q1,2026Q2,86,2020=100,1.7
901Y009,4.2.1. 소비자물가지수,Group1,계정항목,K01117,생선초밥,K011,음식 서비스,A,1990,2025,36,2020=100,2.7
901Y009,4.2.1. 소비자물가지수,Group1,계정항목,K01117,생선초밥,K011,음식 서비스,M,199001,202607,439,2020=100,2.7
901Y009,4.2.1. 소비자물가지수,Group1,계정항목,K01117,생선초밥,K011,음식 서비스,Q,1990Q1,2026Q2,146,2020=100,2.7
901Y009,4.2.1. 소비자물가지수,Group1,계정항목,K01118,생선회(외식),K011,음식 서비스,A,1995,2025,31,2020=100,10.3
901Y009,4.2.1. 소비자물가지수,Group1,계정항목,K01118,생선회(외식),K011,음식 서비스,M,199501,202607,379,2020=100,10.3
901Y009,4.2.1. 소비자물가지수,Group1,계정항목,K01118,생선회(외식),K011,음식 서비스,Q,1995Q1,2026Q2,126,2020=100,10.3
901Y009,4.2.1. 소비자물가지수,Group1,계정항목,K01119,자장면,K011,음식 서비스,A,1975,2025,51,2020=100,2.2
901Y009,4.2.1. 소비자물가지수,Group1,계정항목,K01119,자장면,K011,음식 서비스,M,197501,202607,619,2020=100,2.2
901Y009,4.2.1. 소비자물가지수,Group1,계정항목,K01119,자장면,K011,음식 서비스,Q,1975Q1,2026Q2,206,2020=100,2.2
901Y009,4.2.1. 소비자물가지수,Group1,계정항목,K01120,짬뽕,K011,음식 서비스,A,1975,2025,51,2020=100,2.4
901Y009,4.2.1. 소비자물가지수,Group1,계정항목,K01120,짬뽕,K011,음식 서비스,M,197501,202607,619,2020=100,2.4
901Y009,4.2.1. 소비자물가지수,Group1,계정항목,K01120,짬뽕,K011,음식 서비스,Q,1975Q1,2026Q2,206,2020=100,2.4
901Y009,4.2.1. 소비자물가지수,Group1,계정항목,K01121,탕수육,K011,음식 서비스,A,1995,2025,31,2020=100,2.1
901Y009,4.2.1. 소비자물가지수,Group1,계정항목,K01121,탕수육,K011,음식 서비스,M,199501,202607,379,2020=100,2.1
901Y009,4.2.1. 소비자물가지수,Group1,계정항목,K01121,탕수육,K011,음식 서비스,Q,1995Q1,2026Q2,126,2020=100,2.1
901Y009,4.2.1. 소비자물가지수,Group1,계정항목,K01122,볶음밥,K011,음식 서비스,A,2000,2025,26,2020=100,0.9
901Y009,4.2.1. 소비자물가지수,Group1,계정항목,K01122,볶음밥,K011,음식 서비스,M,200001,202607,319,2020=100,0.9
901Y009,4.2.1. 소비자물가지수,Group1,계정항목,K01122,볶음밥,K011,음식 서비스,Q,2000Q1,2026Q2,106,2020=100,0.9
901Y009,4.2.1. 소비자물가지수,Group1,계정항목,K01123,돈가스,K011,음식 서비스,A,1990,2025,36,2020=100,2.2
901Y009,4.2.1. 소비자물가지수,Group1,계정항목,K01123,돈가스,K011,음식 서비스,M,199001,202607,439,2020=100,2.2
901Y009,4.2.1. 소비자물가지수,Group1,계정항목,K01123,돈가스,K011,음식 서비스,Q,1990Q1,2026Q2,146,2020=100,2.2
901Y009,4.2.1. 소비자물가지수,Group1,계정항목,K01124,스테이크,K011,음식 서비스,A,2000,2025,26,2020=100,1.5
901Y009,4.2.1. 소비자물가지수,Group1,계정항목,K01124,스테이크,K011,음식 서비스,M,200001,202607,319,2020=100,1.5
901Y009,4.2.1. 소비자물가지수,Group1,계정항목,K01124,스테이크,K011,음식 서비스,Q,2000Q1,2026Q2,106,2020=100,1.5
901Y009,4.2.1. 소비자물가지수,Group1,계정항목,K01125,스파게티,K011,음식 서비스,A,2005,2025,21,2020=100,1.5
901Y009,4.2.1. 소비자물가지수,Group1,계정항목,K01125,스파게티,K011,음식 서비스,M,200501,202607,259,2020=100,1.5
901Y009,4.2.1. 소비자물가지수,Group1,계정항목,K01125,스파게티,K011,음식 서비스,Q,2005Q1,2026Q2,86,2020=100,1.5
901Y009,4.2.1. 소비자물가지수,Group1,계정항목,K01126,라면(외식),K011,음식 서비스,A,1995,2025,31,2020=100,0.7
901Y009,4.2.1. 소비자물가지수,Group1,계정항목,K01126,라면(외식),K011,음식 서비스,M,199501,202607,379,2020=100,0.7
901Y009,4.2.1. 소비자물가지수,Group1,계정항목,K01126,라면(외식),K011,음식 서비스,Q,1995Q1,2026Q2,126,2020=100,0.7
901Y009,4.2.1. 소비자물가지수,Group1,계정항목,K01127,김밥,K011,음식 서비스,A,1995,2025,31,2020=100,3.4
901Y009,4.2.1. 소비자물가지수,Group1,계정항목,K01127,김밥,K011,음식 서비스,M,199501,202607,379,2020=100,3.4
901Y009,4.2.1. 소비자물가지수,Group1,계정항목,K01127,김밥,K011,음식 서비스,Q,1995Q1,2026Q2,126,2020=100,3.4
901Y009,4.2.1. 소비자물가지수,Group1,계정항목,K01128,떡볶이,K011,음식 서비스,A,2010,2025,16,2020=100,3.1
901Y009,4.2.1. 소비자물가지수,Group1,계정항목,K01128,떡볶이,K011,음식 서비스,M,201001,202607,199,2020=100,3.1
901Y009,4.2.1. 소비자물가지수,Group1,계정항목,K01128,떡볶이,K011,음식 서비스,Q,2010Q1,2026Q2,66,2020=100,3.1
901Y009,4.2.1. 소비자물가지수,Group1,계정항목,K01129,치킨,K011,음식 서비스,A,1990,2025,36,2020=100,8.6
901Y009,4.2.1. 소비자물가지수,Group1,계정항목,K01129,치킨,K011,음식 서비스,M,199001,202607,439,2020=100,8.6
901Y009,4.2.1. 소비자물가지수,Group1,계정항목,K01129,치킨,K011,음식 서비스,Q,1990Q1,2026Q2,146,2020=100,8.6
901Y009,4.2.1. 소비자물가지수,Group1,계정항목,K01130,햄버거,K011,음식 서비스,A,1990,2025,36,2020=100,4.3
901Y009,4.2.1. 소비자물가지수,Group1,계정항목,K01130,햄버거,K011,음식 서비스,M,199001,202607,439,2020=100,4.3
901Y009,4.2.1. 소비자물가지수,Group1,계정항목,K01130,햄버거,K011,음식 서비스,Q,1990Q1,2026Q2,146,2020=100,4.3
901Y009,4.2.1. 소비자물가지수,Group1,계정항목,K01131,피자,K011,음식 서비스,A,1995,2025,31,2020=100,4.1
901Y009,4.2.1. 소비자물가지수,Group1,계정항목,K01131,피자,K011,음식 서비스,M,199501,202607,379,2020=100,4.1
901Y009,4.2.1. 소비자물가지수,Group1,계정항목,K01131,피자,K011,음식 서비스,Q,1995Q1,2026Q2,126,2020=100,4.1
901Y009,4.2.1. 소비자물가지수,Group1,계정항목,K01132,쌀국수,K011,음식 서비스,A,2020,2025,6,2020=100,0.6
901Y009,4.2.1. 소비자물가지수,Group1,계정항목,K01132,쌀국수,K011,음식 서비스,M,202001,202607,79,2020=100,0.6
901Y009,4.2.1. 소비자물가지수,Group1,계정항목,K01132,쌀국수,K011,음식 서비스,Q,2020Q1,2026Q2,26,2020=100,0.6
901Y009,4.2.1. 소비자물가지수,Group1,계정항목,K01133,커피(외식),K011,음식 서비스,A,1975,2025,51,2020=100,8.8
901Y009,4.2.1. 소비자물가지수,Group1,계정항목,K01133,커피(외식),K011,음식 서비스,M,197501,202607,619,2020=100,8.8
901Y009,4.2.1. 소비자물가지수,Group1,계정항목,K01133,커피(외식),K011,음식 서비스,Q,1975Q1,2026Q2,206,2020=100,8.8
901Y009,4.2.1. 소비자물가지수,Group1,계정항목,K01134,기타음료(외식),K011,음식 서비스,A,1985,2025,41,2020=100,0.5
901Y009,4.2.1. 소비자물가지수,Group1,계정항목,K01134,기타음료(외식),K011,음식 서비스,M,198501,202607,499,2020=100,0.5
901Y009,4.2.1. 소비자물가지수,Group1,계정항목,K01134,기타음료(외식),K011,음식 서비스,Q,1985Q1,2026Q2,166,2020=100,0.5
901Y009,4.2.1. 소비자물가지수,Group1,계정항목,K01135,소주(외식),K011,음식 서비스,A,2000,2025,26,2020=100,2.5
901Y009,4.2.1. 소비자물가지수,Group1,계정항목,K01135,소주(외식),K011,음식 서비스,M,200001,202607,319,2020=100,2.5
901Y009,4.2.1. 소비자물가지수,Group1,계정항목,K01135,소주(외식),K011,음식 서비스,Q,2000Q1,2026Q2,106,2020=100,2.5
901Y009,4.2.1. 소비자물가지수,Group1,계정항목,K01136,맥주(외식),K011,음식 서비스,A,1985,2025,41,2020=100,4.8
901Y009,4.2.1. 소비자물가지수,Group1,계정항목,K01136,맥주(외식),K011,음식 서비스,M,198501,202607,499,2020=100,4.8
901Y009,4.2.1. 소비자물가지수,Group1,계정항목,K01136,맥주(외식),K011,음식 서비스,Q,1985Q1,2026Q2,166,2020=100,4.8
901Y009,4.2.1. 소비자물가지수,Group1,계정항목,K01137,막걸리(외식),K011,음식 서비스,A,2010,2025,16,2020=100,0.3
901Y009,4.2.1. 소비자물가지수,Group1,계정항목,K01137,막걸리(외식),K011,음식 서비스,M,201001,202607,199,2020=100,0.3
901Y009,4.2.1. 소비자물가지수,Group1,계정항목,K01137,막걸리(외식),K011,음식 서비스,Q,2010Q1,2026Q2,66,2020=100,0.3
901Y009,4.2.1. 소비자물가지수,Group1,계정항목,K01138,구내식당식사비,K011,음식 서비스,A,2000,2025,26,2020=100,11.9
901Y009,4.2.1. 소비자물가지수,Group1,계정항목,K01138,구내식당식사비,K011,음식 서비스,M,200001,202607,319,2020=100,11.9
901Y009,4.2.1. 소비자물가지수,Group1,계정항목,K01138,구내식당식사비,K011,음식 서비스,Q,2000Q1,2026Q2,106,2020=100,11.9
901Y009,4.2.1. 소비자물가지수,Group1,계정항목,K01139,도시락,K011,음식 서비스,A,2015,2025,11,2020=100,0.6
901Y009,4.2.1. 소비자물가지수,Group1,계정항목,K01139,도시락,K011,음식 서비스,M,201501,202607,139,2020=100,0.6
901Y009,4.2.1. 소비자물가지수,Group1,계정항목,K01139,도시락,K011,음식 서비스,Q,2015Q1,2026Q2,46,2020=100,0.6
901Y009,4.2.1. 소비자물가지수,Group1,계정항목,K02,숙박 서비스,K,음식 및 숙박,A,1985,2025,41,2020=100,6.7
901Y009,4.2.1. 소비자물가지수,Group1,계정항목,K02,숙박 서비스,K,음식 및 숙박,M,198501,202607,499,2020=100,6.7
901Y009,4.2.1. 소비자물가지수,Group1,계정항목,K02,숙박 서비스,K,음식 및 숙박,Q,1985Q1,2026Q2,166,2020=100,6.7
901Y009,4.2.1. 소비자물가지수,Group1,계정항목,K021,숙박 서비스,K02,숙박 서비스,A,1985,2025,41,2020=100,6.7
901Y009,4.2.1. 소비자물가지수,Group1,계정항목,K021,숙박 서비스,K02,숙박 서비스,M,198501,202607,499,2020=100,6.7
901Y009,4.2.1. 소비자물가지수,Group1,계정항목,K021,숙박 서비스,K02,숙박 서비스,Q,1985Q1,2026Q2,166,2020=100,6.7
901Y009,4.2.1. 소비자물가지수,Group1,계정항목,K02101,호텔숙박료,K021,숙박 서비스,A,1975,2025,51,2020=100,2.1
901Y009,4.2.1. 소비자물가지수,Group1,계정항목,K02101,호텔숙박료,K021,숙박 서비스,M,197501,202607,619,2020=100,2.1
901Y009,4.2.1. 소비자물가지수,Group1,계정항목,K02101,호텔숙박료,K021,숙박 서비스,Q,1975Q1,2026Q2,206,2020=100,2.1
901Y009,4.2.1. 소비자물가지수,Group1,계정항목,K02102,여관숙박료,K021,숙박 서비스,A,1975,2025,51,2020=100,1.5
901Y009,4.2.1. 소비자물가지수,Group1,계정항목,K02102,여관숙박료,K021,숙박 서비스,M,197501,202607,619,2020=100,1.5
901Y009,4.2.1. 소비자물가지수,Group1,계정항목,K02102,여관숙박료,K021,숙박 서비스,Q,1975Q1,2026Q2,206,2020=100,1.5
901Y009,4.2.1. 소비자물가지수,Group1,계정항목,K02103,콘도이용료,K021,숙박 서비스,A,1995,2025,31,2020=100,0.8
901Y009,4.2.1. 소비자물가지수,Group1,계정항목,K02103,콘도이용료,K021,숙박 서비스,M,199501,202607,379,2020=100,0.8
901Y009,4.2.1. 소비자물가지수,Group1,계정항목,K02103,콘도이용료,K021,숙박 서비스,Q,1995Q1,2026Q2,126,2020=100,0.8
901Y009,4.2.1. 소비자물가지수,Group1,계정항목,K02104,학교기숙사비,K021,숙박 서비스,A,2000,2025,26,2020=100,0.9
901Y009,4.2.1. 소비자물가지수,Group1,계정항목,K02104,학교기숙사비,K021,숙박 서비스,M,200001,202607,319,2020=100,0.9
901Y009,4.2.1. 소비자물가지수,Group1,계정항목,K02104,학교기숙사비,K021,숙박 서비스,Q,2000Q1,2026Q2,106,2020=100,0.9
901Y009,4.2.1. 소비자물가지수,Group1,계정항목,K02105,휴양시설이용료,K021,숙박 서비스,A,2015,2025,11,2020=100,1.4
901Y009,4.2.1. 소비자물가지수,Group1,계정항목,K02105,휴양시설이용료,K021,숙박 서비스,M,201501,202607,139,2020=100,1.4
901Y009,4.2.1. 소비자물가지수,Group1,계정항목,K02105,휴양시설이용료,K021,숙박 서비스,Q,2015Q1,2026Q2,46,2020=100,1.4
901Y009,4.2.1. 소비자물가지수,Group1,계정항목,L,기타 상품 및 서비스,0,총지수,A,1985,2025,41,2020=100,52.7
901Y009,4.2.1. 소비자물가지수,Group1,계정항목,L,기타 상품 및 서비스,0,총지수,M,198501,202607,499,2020=100,52.7
901Y009,4.2.1. 소비자물가지수,Group1,계정항목,L,기타 상품 및 서비스,0,총지수,Q,1985Q1,2026Q2,166,2020=100,52.7
901Y009,4.2.1. 소비자물가지수,Group1,계정항목,L01,미용용품 및 미용 서비스,L,기타 상품 및 서비스,A,1985,2025,41,2020=100,25.9
901Y009,4.2.1. 소비자물가지수,Group1,계정항목,L01,미용용품 및 미용 서비스,L,기타 상품 및 서비스,M,198501,202607,499,2020=100,25.9
901Y009,4.2.1. 소비자물가지수,Group1,계정항목,L01,미용용품 및 미용 서비스,L,기타 상품 및 서비스,Q,1985Q1,2026Q2,166,2020=100,25.9
901Y009,4.2.1. 소비자물가지수,Group1,계정항목,L011,이미용 및 미용시설,L01,미용용품 및 미용 서비스,A,1985,2025,41,2020=100,11
901Y009,4.2.1. 소비자물가지수,Group1,계정항목,L011,이미용 및 미용시설,L01,미용용품 및 미용 서비스,M,198501,202607,499,2020=100,11
901Y009,4.2.1. 소비자물가지수,Group1,계정항목,L011,이미용 및 미용시설,L01,미용용품 및 미용 서비스,Q,1985Q1,2026Q2,166,2020=100,11
901Y009,4.2.1. 소비자물가지수,Group1,계정항목,L01101,목욕료,L011,이미용 및 미용시설,A,1975,2025,51,2020=100,0.6
901Y009,4.2.1. 소비자물가지수,Group1,계정항목,L01101,목욕료,L011,이미용 및 미용시설,M,197501,202607,619,2020=100,0.6
901Y009,4.2.1. 소비자물가지수,Group1,계정항목,L01101,목욕료,L011,이미용 및 미용시설,Q,1975Q1,2026Q2,206,2020=100,0.6
901Y009,4.2.1. 소비자물가지수,Group1,계정항목,L01102,찜질방이용료,L011,이미용 및 미용시설,A,2005,2025,21,2020=100,0.6
901Y009,4.2.1. 소비자물가지수,Group1,계정항목,L01102,찜질방이용료,L011,이미용 및 미용시설,M,200501,202607,259,2020=100,0.6
901Y009,4.2.1. 소비자물가지수,Group1,계정항목,L01102,찜질방이용료,L011,이미용 및 미용시설,Q,2005Q1,2026Q2,86,2020=100,0.6
901Y009,4.2.1. 소비자물가지수,Group1,계정항목,L01103,이발료,L011,이미용 및 미용시설,A,1975,2025,51,2020=100,0.3
901Y009,4.2.1. 소비자물가지수,Group1,계정항목,L01103,이발료,L011,이미용 및 미용시설,M,197501,202607,619,2020=100,0.3
901Y009,4.2.1. 소비자물가지수,Group1,계정항목,L01103,이발료,L011,이미용 및 미용시설,Q,1975Q1,2026Q2,206,2020=100,0.3
901Y009,4.2.1. 소비자물가지수,Group1,계정항목,L01104,미용료,L011,이미용 및 미용시설,A,1975,2025,51,2020=100,7.3
901Y009,4.2.1. 소비자물가지수,Group1,계정항목,L01104,미용료,L011,이미용 및 미용시설,M,197501,202607,619,2020=100,7.3
901Y009,4.2.1. 소비자물가지수,Group1,계정항목,L01104,미용료,L011,이미용 및 미용시설,Q,1975Q1,2026Q2,206,2020=100,7.3
901Y009,4.2.1. 소비자물가지수,Group1,계정항목,L01105,뷰티미용료,L011,이미용 및 미용시설,A,2010,2025,16,2020=100,2.2
901Y009,4.2.1. 소비자물가지수,Group1,계정항목,L01105,뷰티미용료,L011,이미용 및 미용시설,M,201001,202607,199,2020=100,2.2
901Y009,4.2.1. 소비자물가지수,Group1,계정항목,L01105,뷰티미용료,L011,이미용 및 미용시설,Q,2010Q1,2026Q2,66,2020=100,2.2
901Y009,4.2.1. 소비자물가지수,Group1,계정항목,L012,개인용 전기용품 및 미용용품,L01,미용용품 및 미용 서비스,A,1985,2025,41,2020=100,14.9
901Y009,4.2.1. 소비자물가지수,Group1,계정항목,L012,개인용 전기용품 및 미용용품,L01,미용용품 및 미용 서비스,M,198501,202607,499,2020=100,14.9
901Y009,4.2.1. 소비자물가지수,Group1,계정항목,L012,개인용 전기용품 및 미용용품,L01,미용용품 및 미용 서비스,Q,1985Q1,2026Q2,166,2020=100,14.9
901Y009,4.2.1. 소비자물가지수,Group1,계정항목,L01201,면도기,L012,개인용 전기용품 및 미용용품,A,1985,2025,41,2020=100,0.4
901Y009,4.2.1. 소비자물가지수,Group1,계정항목,L01201,면도기,L012,개인용 전기용품 및 미용용품,M,198501,202607,499,2020=100,0.4
901Y009,4.2.1. 소비자물가지수,Group1,계정항목,L01201,면도기,L012,개인용 전기용품 및 미용용품,Q,1985Q1,2026Q2,166,2020=100,0.4
901Y009,4.2.1. 소비자물가지수,Group1,계정항목,L01202,헤어드라이어,L012,개인용 전기용품 및 미용용품,A,1990,2025,36,2020=100,0.7
901Y009,4.2.1. 소비자물가지수,Group1,계정항목,L01202,헤어드라이어,L012,개인용 전기용품 및 미용용품,M,199001,202607,439,2020=100,0.7
901Y009,4.2.1. 소비자물가지수,Group1,계정항목,L01202,헤어드라이어,L012,개인용 전기용품 및 미용용품,Q,1990Q1,2026Q2,146,2020=100,0.7
901Y009,4.2.1. 소비자물가지수,Group1,계정항목,L01203,칫솔,L012,개인용 전기용품 및 미용용품,A,1975,2025,51,2020=100,0.4
901Y009,4.2.1. 소비자물가지수,Group1,계정항목,L01203,칫솔,L012,개인용 전기용품 및 미용용품,M,197501,202607,619,2020=100,0.4
901Y009,4.2.1. 소비자물가지수,Group1,계정항목,L01203,칫솔,L012,개인용 전기용품 및 미용용품,Q,1975Q1,2026Q2,206,2020=100,0.4
901Y009,4.2.1. 소비자물가지수,Group1,계정항목,L01204,치약,L012,개인용 전기용품 및 미용용품,A,1975,2025,51,2020=100,0.5
901Y009,4.2.1. 소비자물가지수,Group1,계정항목,L01204,치약,L012,개인용 전기용품 및 미용용품,M,197501,202607,619,2020=100,0.5
901Y009,4.2.1. 소비자물가지수,Group1,계정항목,L01204,치약,L012,개인용 전기용품 및 미용용품,Q,1975Q1,2026Q2,206,2020=100,0.5
901Y009,4.2.1. 소비자물가지수,Group1,계정항목,L01205,비누,L012,개인용 전기용품 및 미용용품,A,1975,2025,51,2020=100,0.3
901Y009,4.2.1. 소비자물가지수,Group1,계정항목,L01205,비누,L012,개인용 전기용품 및 미용용품,M,197501,202607,619,2020=100,0.3
901Y009,4.2.1. 소비자물가지수,Group1,계정항목,L01205,비누,L012,개인용 전기용품 및 미용용품,Q,1975Q1,2026Q2,206,2020=100,0.3
901Y009,4.2.1. 소비자물가지수,Group1,계정항목,L01206,샴푸,L012,개인용 전기용품 및 미용용품,A,1980,2025,46,2020=100,1
901Y009,4.2.1. 소비자물가지수,Group1,계정항목,L01206,샴푸,L012,개인용 전기용품 및 미용용품,M,198001,202607,559,2020=100,1
901Y009,4.2.1. 소비자물가지수,Group1,계정항목,L01206,샴푸,L012,개인용 전기용품 및 미용용품,Q,1980Q1,2026Q2,186,2020=100,1
901Y009,4.2.1. 소비자물가지수,Group1,계정항목,L01207,바디워시,L012,개인용 전기용품 및 미용용품,A,2010,2025,16,2020=100,0.5
901Y009,4.2.1. 소비자물가지수,Group1,계정항목,L01207,바디워시,L012,개인용 전기용품 및 미용용품,M,201001,202607,199,2020=100,0.5
901Y009,4.2.1. 소비자물가지수,Group1,계정항목,L01207,바디워시,L012,개인용 전기용품 및 미용용품,Q,2010Q1,2026Q2,66,2020=100,0.5
901Y009,4.2.1. 소비자물가지수,Group1,계정항목,L01208,화장지,L012,개인용 전기용품 및 미용용품,A,1975,2025,51,2020=100,1.3
901Y009,4.2.1. 소비자물가지수,Group1,계정항목,L01208,화장지,L012,개인용 전기용품 및 미용용품,M,197501,202607,619,2020=100,1.3
901Y009,4.2.1. 소비자물가지수,Group1,계정항목,L01208,화장지,L012,개인용 전기용품 및 미용용품,Q,1975Q1,2026Q2,206,2020=100,1.3
901Y009,4.2.1. 소비자물가지수,Group1,계정항목,L01209,기초화장품,L012,개인용 전기용품 및 미용용품,A,1985,2025,41,2020=100,4.5
901Y009,4.2.1. 소비자물가지수,Group1,계정항목,L01209,기초화장품,L012,개인용 전기용품 및 미용용품,M,197501,202607,619,2020=100,4.5
901Y009,4.2.1. 소비자물가지수,Group1,계정항목,L01209,기초화장품,L012,개인용 전기용품 및 미용용품,Q,1985Q1,2026Q2,166,2020=100,4.5
901Y009,4.2.1. 소비자물가지수,Group1,계정항목,L01210,기능성화장품,L012,개인용 전기용품 및 미용용품,A,2005,2025,21,2020=100,3.7
901Y009,4.2.1. 소비자물가지수,Group1,계정항목,L01210,기능성화장품,L012,개인용 전기용품 및 미용용품,M,200501,202607,259,2020=100,3.7
901Y009,4.2.1. 소비자물가지수,Group1,계정항목,L01210,기능성화장품,L012,개인용 전기용품 및 미용용품,Q,2005Q1,2026Q2,86,2020=100,3.7
901Y009,4.2.1. 소비자물가지수,Group1,계정항목,L01211,색조화장품,L012,개인용 전기용품 및 미용용품,A,1990,2025,36,2020=100,0.7
901Y009,4.2.1. 소비자물가지수,Group1,계정항목,L01211,색조화장품,L012,개인용 전기용품 및 미용용품,M,199001,202607,439,2020=100,0.7
901Y009,4.2.1. 소비자물가지수,Group1,계정항목,L01211,색조화장품,L012,개인용 전기용품 및 미용용품,Q,1990Q1,2026Q2,146,2020=100,0.7
901Y009,4.2.1. 소비자물가지수,Group1,계정항목,L01212,모발염색약,L012,개인용 전기용품 및 미용용품,A,2000,2025,26,2020=100,0.7
901Y009,4.2.1. 소비자물가지수,Group1,계정항목,L01212,모발염색약,L012,개인용 전기용품 및 미용용품,M,200001,202607,319,2020=100,0.7
901Y009,4.2.1. 소비자물가지수,Group1,계정항목,L01212,모발염색약,L012,개인용 전기용품 및 미용용품,Q,2000Q1,2026Q2,106,2020=100,0.7
901Y009,4.2.1. 소비자물가지수,Group1,계정항목,L01213,구강세정제,L012,개인용 전기용품 및 미용용품,A,2010,2025,16,2020=100,0.2
901Y009,4.2.1. 소비자물가지수,Group1,계정항목,L01213,구강세정제,L012,개인용 전기용품 및 미용용품,M,201001,202607,199,2020=100,0.2
901Y009,4.2.1. 소비자물가지수,Group1,계정항목,L01213,구강세정제,L012,개인용 전기용품 및 미용용품,Q,2010Q1,2026Q2,66,2020=100,0.2
901Y009,4.2.1. 소비자물가지수,Group1,계정항목,L02,기타 개인용품,L,기타 상품 및 서비스,A,1985,2025,41,2020=100,7
901Y009,4.2.1. 소비자물가지수,Group1,계정항목,L02,기타 개인용품,L,기타 상품 및 서비스,M,198501,202607,499,2020=100,7
901Y009,4.2.1. 소비자물가지수,Group1,계정항목,L02,기타 개인용품,L,기타 상품 및 서비스,Q,1985Q1,2026Q2,166,2020=100,7
901Y009,4.2.1. 소비자물가지수,Group1,계정항목,L021,기타 개인용품,L02,기타 개인용품,A,1985,2025,41,2020=100,7
901Y009,4.2.1. 소비자물가지수,Group1,계정항목,L021,기타 개인용품,L02,기타 개인용품,M,198501,202607,499,2020=100,7
901Y009,4.2.1. 소비자물가지수,Group1,계정항목,L021,기타 개인용품,L02,기타 개인용품,Q,1985Q1,2026Q2,166,2020=100,7
901Y009,4.2.1. 소비자물가지수,Group1,계정항목,L02101,손목시계,L021,기타 개인용품,A,1975,2025,51,2020=100,0.6
901Y009,4.2.1. 소비자물가지수,Group1,계정항목,L02101,손목시계,L021,기타 개인용품,M,197501,202607,619,2020=100,0.6
901Y009,4.2.1. 소비자물가지수,Group1,계정항목,L02101,손목시계,L021,기타 개인용품,Q,1975Q1,2026Q2,206,2020=100,0.6
901Y009,4.2.1. 소비자물가지수,Group1,계정항목,L02102,장신구,L021,기타 개인용품,A,2010,2025,16,2020=100,1
901Y009,4.2.1. 소비자물가지수,Group1,계정항목,L02102,장신구,L021,기타 개인용품,M,201001,202607,199,2020=100,1
901Y009,4.2.1. 소비자물가지수,Group1,계정항목,L02102,장신구,L021,기타 개인용품,Q,2010Q1,2026Q2,66,2020=100,1
901Y009,4.2.1. 소비자물가지수,Group1,계정항목,L02103,가방,L021,기타 개인용품,A,1975,2025,51,2020=100,2.7
901Y009,4.2.1. 소비자물가지수,Group1,계정항목,L02103,가방,L021,기타 개인용품,M,197501,202607,619,2020=100,2.7
901Y009,4.2.1. 소비자물가지수,Group1,계정항목,L02103,가방,L021,기타 개인용품,Q,1975Q1,2026Q2,206,2020=100,2.7
901Y009,4.2.1. 소비자물가지수,Group1,계정항목,L02104,핸드백,L021,기타 개인용품,A,1975,2025,51,2020=100,1.4
901Y009,4.2.1. 소비자물가지수,Group1,계정항목,L02104,핸드백,L021,기타 개인용품,M,197501,202607,619,2020=100,1.4
901Y009,4.2.1. 소비자물가지수,Group1,계정항목,L02104,핸드백,L021,기타 개인용품,Q,1975Q1,2026Q2,206,2020=100,1.4
901Y009,4.2.1. 소비자물가지수,Group1,계정항목,L02105,우산,L021,기타 개인용품,A,1975,2025,51,2020=100,0.2
901Y009,4.2.1. 소비자물가지수,Group1,계정항목,L02105,우산,L021,기타 개인용품,M,197501,202607,619,2020=100,0.2
901Y009,4.2.1. 소비자물가지수,Group1,계정항목,L02105,우산,L021,기타 개인용품,Q,1975Q1,2026Q2,206,2020=100,0.2
901Y009,4.2.1. 소비자물가지수,Group1,계정항목,L02106,유모차,L021,기타 개인용품,A,2010,2025,16,2020=100,0.2
901Y009,4.2.1. 소비자물가지수,Group1,계정항목,L02106,유모차,L021,기타 개인용품,M,201001,202607,199,2020=100,0.2
901Y009,4.2.1. 소비자물가지수,Group1,계정항목,L02106,유모차,L021,기타 개인용품,Q,2010Q1,2026Q2,66,2020=100,0.2
901Y009,4.2.1. 소비자물가지수,Group1,계정항목,L02107,선글라스,L021,기타 개인용품,A,2020,2025,6,2020=100,0.4
901Y009,4.2.1. 소비자물가지수,Group1,계정항목,L02107,선글라스,L021,기타 개인용품,M,202001,202607,79,2020=100,0.4
901Y009,4.2.1. 소비자물가지수,Group1,계정항목,L02107,선글라스,L021,기타 개인용품,Q,2020Q1,2026Q2,26,2020=100,0.4
901Y009,4.2.1. 소비자물가지수,Group1,계정항목,L02108,지갑,L021,기타 개인용품,A,2015,2025,11,2020=100,0.5
901Y009,4.2.1. 소비자물가지수,Group1,계정항목,L02108,지갑,L021,기타 개인용품,M,201501,202607,139,2020=100,0.5
901Y009,4.2.1. 소비자물가지수,Group1,계정항목,L02108,지갑,L021,기타 개인용품,Q,2015Q1,2026Q2,46,2020=100,0.5
901Y009,4.2.1. 소비자물가지수,Group1,계정항목,L03,기타서비스,L,기타 상품 및 서비스,A,1985,2025,41,2020=100,19.8
901Y009,4.2.1. 소비자물가지수,Group1,계정항목,L03,기타서비스,L,기타 상품 및 서비스,M,198501,202607,499,2020=100,19.8
901Y009,4.2.1. 소비자물가지수,Group1,계정항목,L03,기타서비스,L,기타 상품 및 서비스,Q,1985Q1,2026Q2,166,2020=100,19.8
901Y009,4.2.1. 소비자물가지수,Group1,계정항목,L031,기타서비스,L03,기타서비스,A,1985,2025,41,2020=100,19.8
901Y009,4.2.1. 소비자물가지수,Group1,계정항목,L031,기타서비스,L03,기타서비스,M,198501,202607,499,2020=100,19.8
901Y009,4.2.1. 소비자물가지수,Group1,계정항목,L031,기타서비스,L03,기타서비스,Q,1985Q1,2026Q2,166,2020=100,19.8
901Y009,4.2.1. 소비자물가지수,Group1,계정항목,L03101,산후조리원이용료,L031,기타서비스,A,2000,2025,26,2020=100,0.7
901Y009,4.2.1. 소비자물가지수,Group1,계정항목,L03101,산후조리원이용료,L031,기타서비스,M,200001,202607,319,2020=100,0.7
901Y009,4.2.1. 소비자물가지수,Group1,계정항목,L03101,산후조리원이용료,L031,기타서비스,Q,2000Q1,2026Q2,106,2020=100,0.7
901Y009,4.2.1. 소비자물가지수,Group1,계정항목,L03102,보육시설이용료,L031,기타서비스,A,1995,2025,31,2020=100,0.7
901Y009,4.2.1. 소비자물가지수,Group1,계정항목,L03102,보육시설이용료,L031,기타서비스,M,199501,202607,379,2020=100,0.7
901Y009,4.2.1. 소비자물가지수,Group1,계정항목,L03102,보육시설이용료,L031,기타서비스,Q,1995Q1,2026Q2,126,2020=100,0.7
901Y009,4.2.1. 소비자물가지수,Group1,계정항목,L03103,요양시설이용료,L031,기타서비스,A,2010,2025,16,2020=100,0.9
901Y009,4.2.1. 소비자물가지수,Group1,계정항목,L03103,요양시설이용료,L031,기타서비스,M,201001,202607,199,2020=100,0.9
901Y009,4.2.1. 소비자물가지수,Group1,계정항목,L03103,요양시설이용료,L031,기타서비스,Q,2010Q1,2026Q2,66,2020=100,0.9
901Y009,4.2.1. 소비자물가지수,Group1,계정항목,L03104,보험서비스료,L031,기타서비스,A,2015,2025,11,2020=100,8.6
901Y009,4.2.1. 소비자물가지수,Group1,계정항목,L03104,보험서비스료,L031,기타서비스,M,201501,202607,139,2020=100,8.6
901Y009,4.2.1. 소비자물가지수,Group1,계정항목,L03104,보험서비스료,L031,기타서비스,Q,2015Q1,2026Q2,46,2020=100,8.6
901Y009,4.2.1. 소비자물가지수,Group1,계정항목,L03105,자동차보험료,L031,기타서비스,A,1995,2025,31,2020=100,3.7
901Y009,4.2.1. 소비자물가지수,Group1,계정항목,L03105,자동차보험료,L031,기타서비스,M,199501,202607,379,2020=100,3.7
901Y009,4.2.1. 소비자물가지수,Group1,계정항목,L03105,자동차보험료,L031,기타서비스,Q,1995Q1,2026Q2,126,2020=100,3.7
901Y009,4.2.1. 소비자물가지수,Group1,계정항목,L03106,금융수수료,L031,기타서비스,A,1975,2025,51,2020=100,0.2
901Y009,4.2.1. 소비자물가지수,Group1,계정항목,L03106,금융수수료,L031,기타서비스,M,197501,202607,619,2020=100,0.2
901Y009,4.2.1. 소비자물가지수,Group1,계정항목,L03106,금융수수료,L031,기타서비스,Q,1975Q1,2026Q2,206,2020=100,0.2
901Y009,4.2.1. 소비자물가지수,Group1,계정항목,L03107,부동산중개수수료,L031,기타서비스,A,2010,2025,16,2020=100,0.8
901Y009,4.2.1. 소비자물가지수,Group1,계정항목,L03107,부동산중개수수료,L031,기타서비스,M,201001,202607,199,2020=100,0.8
901Y009,4.2.1. 소비자물가지수,Group1,계정항목,L03107,부동산중개수수료,L031,기타서비스,Q,2010Q1,2026Q2,66,2020=100,0.8
901Y009,4.2.1. 소비자물가지수,Group1,계정항목,L03108,행정수수료,L031,기타서비스,A,1975,2025,51,2020=100,1.1
901Y009,4.2.1. 소비자물가지수,Group1,계정항목,L03108,행정수수료,L031,기타서비스,M,197501,202607,619,2020=100,1.1
901Y009,4.2.1. 소비자물가지수,Group1,계정항목,L03108,행정수수료,L031,기타서비스,Q,1975Q1,2026Q2,206,2020=100,1.1
901Y009,4.2.1. 소비자물가지수,Group1,계정항목,L03109,대입전형료,L031,기타서비스,A,1995,2025,31,2020=100,0.1
901Y009,4.2.1. 소비자물가지수,Group1,계정항목,L03109,대입전형료,L031,기타서비스,M,199501,202607,379,2020=100,0.1
901Y009,4.2.1. 소비자물가지수,Group1,계정항목,L03109,대입전형료,L031,기타서비스,Q,1995Q1,2026Q2,126,2020=100,0.1
901Y009,4.2.1. 소비자물가지수,Group1,계정항목,L03110,시험응시료,L031,기타서비스,A,2000,2025,26,2020=100,0.4
901Y009,4.2.1. 소비자물가지수,Group1,계정항목,L03110,시험응시료,L031,기타서비스,M,200001,202607,319,2020=100,0.4
901Y009,4.2.1. 소비자물가지수,Group1,계정항목,L03110,시험응시료,L031,기타서비스,Q,2000Q1,2026Q2,106,2020=100,0.4
901Y009,4.2.1. 소비자물가지수,Group1,계정항목,L03111,장례비,L031,기타서비스,A,2005,2025,21,2020=100,2.6
901Y009,4.2.1. 소비자물가지수,Group1,계정항목,L03111,장례비,L031,기타서비스,M,200501,202607,259,2020=100,2.6
901Y009,4.2.1. 소비자물가지수,Group1,계정항목,L03111,장례비,L031,기타서비스,Q,2005Q1,2026Q2,86,2020=100,2.6
