STAT_CODE,STAT_NAME,ITEM_CODE1,ITEM_NAME1,ITEM_CODE2,ITEM_NAME2,ITEM_CODE3,ITEM_NAME3,ITEM_CODE4,ITEM_NAME4,UNIT_NAME,WGT,TIME,DATA_VALUE
817Y002,1.3.2.1. 시장금리(일별),010210000,국고채(10년),,,,,,,연%,,20150102,2.66
817Y002,1.3.2.1. 시장금리(일별),010210000,국고채(10년),,,,,,,연%,,20150105,2.622
817Y002,1.3.2.1. 시장금리(일별),010210000,국고채(10년),,,,,,,연%,,20150106,2.555
817Y002,1.3.2.1. 시장금리(일별),010210000,국고채(10년),,,,,,,연%,,20150107,2.56
817Y002,1.3.2.1. 시장금리(일별),010210000,국고채(10년),,,,,,,연%,,20150108,2.552
817Y002,1.3.2.1. 시장금리(일별),010210000,국고채(10년),,,,,,,연%,,20150109,2.536
817Y002,1.3.2.1. 시장금리(일별),010210000,국고채(10년),,,,,,,연%,,20150112,2.449
817Y002,1.3.2.1. 시장금리(일별),010210000,국고채(10년),,,,,,,연%,,20150113,2.433
817Y002,1.3.2.1. 시장금리(일별),010210000,국고채(10년),,,,,,,연%,,20150114,2.369
817Y002,1.3.2.1. 시장금리(일별),010210000,국고채(10년),,,,,,,연%,,20150115,2.45
817Y002,1.3.2.1. 시장금리(일별),010210000,국고채(10년),,,,,,,연%,,20150116,2.344
817Y002,1.3.2.1. 시장금리(일별),010210000,국고채(10년),,,,,,,연%,,20150119,2.385
817Y002,1.3.2.1. 시장금리(일별),010210000,국고채(10년),,,,,,,연%,,20150120,2.36
817Y002,1.3.2.1. 시장금리(일별),010210000,국고채(10년),,,,,,,연%,,20150121,2.372
817Y002,1.3.2.1. 시장금리(일별),010210000,국고채(10년),,,,,,,연%,,20150122,2.405
817Y002,1.3.2.1. 시장금리(일별),010210000,국고채(10년),,,,,,,연%,,20150123,2.329
817Y002,1.3.2.1. 시장금리(일별),010210000,국고채(10년),,,,,,,연%,,20150126,2.3
817Y002,1.3.2.1. 시장금리(일별),010210000,국고채(10년),,,,,,,연%,,20150127,2.3
817Y002,1.3.2.1. 시장금리(일별),010210000,국고채(10년),,,,,,,연%,,20150128,2.259
817Y002,1.3.2.1. 시장금리(일별),010210000,국고채(10년),,,,,,,연%,,20150129,2.227
817Y002,1.3.2.1. 시장금리(일별),010210000,국고채(10년),,,,,,,연%,,20150130,2.24
817Y002,1.3.2.1. 시장금리(일별),010210000,국고채(10년),,,,,,,연%,,20150202,2.245
817Y002,1.3.2.1. 시장금리(일별),010210000,국고채(10년),,,,,,,연%,,20150203,2.211
817Y002,1.3.2.1. 시장금리(일별),010210000,국고채(10년),,,,,,,연%,,20150204,2.249
817Y002,1.3.2.1. 시장금리(일별),010210000,국고채(10년),,,,,,,연%,,20150205,2.278
817Y002,1.3.2.1. 시장금리(일별),010210000,국고채(10년),,,,,,,연%,,20150206,2.273
817Y002,1.3.2.1. 시장금리(일별),010210000,국고채(10년),,,,,,,연%,,20150209,2.295
817Y002,1.3.2.1. 시장금리(일별),010210000,국고채(10년),,,,,,,연%,,20150210,2.356
817Y002,1.3.2.1. 시장금리(일별),010210000,국고채(10년),,,,,,,연%,,20150211,2.352
817Y002,1.3.2.1. 시장금리(일별),010210000,국고채(10년),,,,,,,연%,,20150212,2.406
817Y002,1.3.2.1. 시장금리(일별),010210000,국고채(10년),,,,,,,연%,,20150213,2.4
817Y002,1.3.2.1. 시장금리(일별),010210000,국고채(10년),,,,,,,연%,,20150216,2.477
817Y002,1.3.2.1. 시장금리(일별),010210000,국고채(10년),,,,,,,연%,,20150217,2.383
817Y002,1.3.2.1. 시장금리(일별),010210000,국고채(10년),,,,,,,연%,,20150223,2.426
817Y002,1.3.2.1. 시장금리(일별),010210000,국고채(10년),,,,,,,연%,,20150224,2.434
817Y002,1.3.2.1. 시장금리(일별),010210000,국고채(10년),,,,,,,연%,,20150225,2.375
817Y002,1.3.2.1. 시장금리(일별),010210000,국고채(10년),,,,,,,연%,,20150226,2.366
817Y002,1.3.2.1. 시장금리(일별),010210000,국고채(10년),,,,,,,연%,,20150227,2.353
817Y002,1.3.2.1. 시장금리(일별),010210000,국고채(10년),,,,,,,연%,,20150302,2.33
817Y002,1.3.2.1. 시장금리(일별),010210000,국고채(10년),,,,,,,연%,,20150303,2.352
817Y002,1.3.2.1. 시장금리(일별),010210000,국고채(10년),,,,,,,연%,,20150304,2.367
817Y002,1.3.2.1. 시장금리(일별),010210000,국고채(10년),,,,,,,연%,,20150305,2.355
817Y002,1.3.2.1. 시장금리(일별),010210000,국고채(10년),,,,,,,연%,,20150306,2.329
817Y002,1.3.2.1. 시장금리(일별),010210000,국고채(10년),,,,,,,연%,,20150309,2.371
817Y002,1.3.2.1. 시장금리(일별),010210000,국고채(10년),,,,,,,연%,,20150310,2.387
817Y002,1.3.2.1. 시장금리(일별),010210000,국고채(10년),,,,,,,연%,,20150311,2.316
817Y002,1.3.2.1. 시장금리(일별),010210000,국고채(10년),,,,,,,연%,,20150312,2.347
817Y002,1.3.2.1. 시장금리(일별),010210000,국고채(10년),,,,,,,연%,,20150313,2.356
817Y002,1.3.2.1. 시장금리(일별),010210000,국고채(10년),,,,,,,연%,,20150316,2.315
817Y002,1.3.2.1. 시장금리(일별),010210000,국고채(10년),,,,,,,연%,,20150317,2.319
817Y002,1.3.2.1. 시장금리(일별),010210000,국고채(10년),,,,,,,연%,,20150318,2.282
817Y002,1.3.2.1. 시장금리(일별),010210000,국고채(10년),,,,,,,연%,,20150319,2.212
817Y002,1.3.2.1. 시장금리(일별),010210000,국고채(10년),,,,,,,연%,,20150320,2.207
817Y002,1.3.2.1. 시장금리(일별),010210000,국고채(10년),,,,,,,연%,,20150323,2.194
817Y002,1.3.2.1. 시장금리(일별),010210000,국고채(10년),,,,,,,연%,,20150324,2.193
817Y002,1.3.2.1. 시장금리(일별),010210000,국고채(10년),,,,,,,연%,,20150325,2.171
817Y002,1.3.2.1. 시장금리(일별),010210000,국고채(10년),,,,,,,연%,,20150326,2.178
817Y002,1.3.2.1. 시장금리(일별),010210000,국고채(10년),,,,,,,연%,,20150327,2.18
817Y002,1.3.2.1. 시장금리(일별),010210000,국고채(10년),,,,,,,연%,,20150330,2.152
817Y002,1.3.2.1. 시장금리(일별),010210000,국고채(10년),,,,,,,연%,,20150331,2.16
817Y002,1.3.2.1. 시장금리(일별),010210000,국고채(10년),,,,,,,연%,,20150401,2.15
817Y002,1.3.2.1. 시장금리(일별),010210000,국고채(10년),,,,,,,연%,,20150402,2.119
817Y002,1.3.2.1. 시장금리(일별),010210000,국고채(10년),,,,,,,연%,,20150403,2.086
817Y002,1.3.2.1. 시장금리(일별),010210000,국고채(10년),,,,,,,연%,,20150406,2.068
817Y002,1.3.2.1. 시장금리(일별),010210000,국고채(10년),,,,,,,연%,,20150407,2.104
817Y002,1.3.2.1. 시장금리(일별),010210000,국고채(10년),,,,,,,연%,,20150408,2.112
817Y002,1.3.2.1. 시장금리(일별),010210000,국고채(10년),,,,,,,연%,,20150409,2.077
817Y002,1.3.2.1. 시장금리(일별),010210000,국고채(10년),,,,,,,연%,,20150410,2.07
817Y002,1.3.2.1. 시장금리(일별),010210000,국고채(10년),,,,,,,연%,,20150413,2.103
817Y002,1.3.2.1. 시장금리(일별),010210000,국고채(10년),,,,,,,연%,,20150414,2.121
817Y002,1.3.2.1. 시장금리(일별),010210000,국고채(10년),,,,,,,연%,,20150415,2.122
817Y002,1.3.2.1. 시장금리(일별),010210000,국고채(10년),,,,,,,연%,,20150416,2.157
817Y002,1.3.2.1. 시장금리(일별),010210000,국고채(10년),,,,,,,연%,,20150417,2.112
817Y002,1.3.2.1. 시장금리(일별),010210000,국고채(10년),,,,,,,연%,,20150420,2.143
817Y002,1.3.2.1. 시장금리(일별),010210000,국고채(10년),,,,,,,연%,,20150421,2.174
817Y002,1.3.2.1. 시장금리(일별),010210000,국고채(10년),,,,,,,연%,,20150422,2.175
817Y002,1.3.2.1. 시장금리(일별),010210000,국고채(10년),,,,,,,연%,,20150423,2.266
817Y002,1.3.2.1. 시장금리(일별),010210000,국고채(10년),,,,,,,연%,,20150424,2.285
817Y002,1.3.2.1. 시장금리(일별),010210000,국고채(10년),,,,,,,연%,,20150427,2.29
817Y002,1.3.2.1. 시장금리(일별),010210000,국고채(10년),,,,,,,연%,,20150428,2.367
817Y002,1.3.2.1. 시장금리(일별),010210000,국고채(10년),,,,,,,연%,,20150429,2.38
817Y002,1.3.2.1. 시장금리(일별),010210000,국고채(10년),,,,,,,연%,,20150430,2.414
817Y002,1.3.2.1. 시장금리(일별),010210000,국고채(10년),,,,,,,연%,,20150504,2.486
817Y002,1.3.2.1. 시장금리(일별),010210000,국고채(10년),,,,,,,연%,,20150506,2.569
817Y002,1.3.2.1. 시장금리(일별),010210000,국고채(10년),,,,,,,연%,,20150507,2.551
817Y002,1.3.2.1. 시장금리(일별),010210000,국고채(10년),,,,,,,연%,,20150508,2.415
817Y002,1.3.2.1. 시장금리(일별),010210000,국고채(10년),,,,,,,연%,,20150511,2.46
817Y002,1.3.2.1. 시장금리(일별),010210000,국고채(10년),,,,,,,연%,,20150512,2.597
817Y002,1.3.2.1. 시장금리(일별),010210000,국고채(10년),,,,,,,연%,,20150513,2.538
817Y002,1.3.2.1. 시장금리(일별),010210000,국고채(10년),,,,,,,연%,,20150514,2.498
817Y002,1.3.2.1. 시장금리(일별),010210000,국고채(10년),,,,,,,연%,,20150515,2.508
817Y002,1.3.2.1. 시장금리(일별),010210000,국고채(10년),,,,,,,연%,,20150518,2.517
817Y002,1.3.2.1. 시장금리(일별),010210000,국고채(10년),,,,,,,연%,,20150519,2.547
817Y002,1.3.2.1. 시장금리(일별),010210000,국고채(10년),,,,,,,연%,,20150520,2.495
817Y002,1.3.2.1. 시장금리(일별),010210000,국고채(10년),,,,,,,연%,,20150521,2.511
817Y002,1.3.2.1. 시장금리(일별),010210000,국고채(10년),,,,,,,연%,,20150522,2.48
817Y002,1.3.2.1. 시장금리(일별),010210000,국고채(10년),,,,,,,연%,,20150526,2.489
817Y002,1.3.2.1. 시장금리(일별),010210000,국고채(10년),,,,,,,연%,,20150527,2.447
817Y002,1.3.2.1. 시장금리(일별),010210000,국고채(10년),,,,,,,연%,,20150528,2.41
817Y002,1.3.2.1. 시장금리(일별),010210000,국고채(10년),,,,,,,연%,,20150529,2.308
817Y002,1.3.2.1. 시장금리(일별),010210000,국고채(10년),,,,,,,연%,,20150601,2.343
817Y002,1.3.2.1. 시장금리(일별),010210000,국고채(10년),,,,,,,연%,,20150602,2.333
817Y002,1.3.2.1. 시장금리(일별),010210000,국고채(10년),,,,,,,연%,,20150603,2.429
817Y002,1.3.2.1. 시장금리(일별),010210000,국고채(10년),,,,,,,연%,,20150604,2.482
817Y002,1.3.2.1. 시장금리(일별),010210000,국고채(10년),,,,,,,연%,,20150605,2.468
817Y002,1.3.2.1. 시장금리(일별),010210000,국고채(10년),,,,,,,연%,,20150608,2.483
817Y002,1.3.2.1. 시장금리(일별),010210000,국고채(10년),,,,,,,연%,,20150609,2.434
817Y002,1.3.2.1. 시장금리(일별),010210000,국고채(10년),,,,,,,연%,,20150610,2.465
817Y002,1.3.2.1. 시장금리(일별),010210000,국고채(10년),,,,,,,연%,,20150611,2.526
817Y002,1.3.2.1. 시장금리(일별),010210000,국고채(10년),,,,,,,연%,,20150612,2.463
817Y002,1.3.2.1. 시장금리(일별),010210000,국고채(10년),,,,,,,연%,,20150615,2.5
817Y002,1.3.2.1. 시장금리(일별),010210000,국고채(10년),,,,,,,연%,,20150616,2.508
817Y002,1.3.2.1. 시장금리(일별),010210000,국고채(10년),,,,,,,연%,,20150617,2.557
817Y002,1.3.2.1. 시장금리(일별),010210000,국고채(10년),,,,,,,연%,,20150618,2.516
817Y002,1.3.2.1. 시장금리(일별),010210000,국고채(10년),,,,,,,연%,,20150619,2.445
817Y002,1.3.2.1. 시장금리(일별),010210000,국고채(10년),,,,,,,연%,,20150622,2.506
817Y002,1.3.2.1. 시장금리(일별),010210000,국고채(10년),,,,,,,연%,,20150623,2.48
817Y002,1.3.2.1. 시장금리(일별),010210000,국고채(10년),,,,,,,연%,,20150624,2.469
817Y002,1.3.2.1. 시장금리(일별),010210000,국고채(10년),,,,,,,연%,,20150625,2.494
817Y002,1.3.2.1. 시장금리(일별),010210000,국고채(10년),,,,,,,연%,,20150626,2.495
817Y002,1.3.2.1. 시장금리(일별),010210000,국고채(10년),,,,,,,연%,,20150629,2.45
817Y002,1.3.2.1. 시장금리(일별),010210000,국고채(10년),,,,,,,연%,,20150630,2.451
817Y002,1.3.2.1. 시장금리(일별),010210000,국고채(10년),,,,,,,연%,,20150701,2.471
817Y002,1.3.2.1. 시장금리(일별),010210000,국고채(10년),,,,,,,연%,,20150702,2.53
817Y002,1.3.2.1. 시장금리(일별),010210000,국고채(10년),,,,,,,연%,,20150703,2.522
817Y002,1.3.2.1. 시장금리(일별),010210000,국고채(10년),,,,,,,연%,,20150706,2.465
817Y002,1.3.2.1. 시장금리(일별),010210000,국고채(10년),,,,,,,연%,,20150707,2.497
817Y002,1.3.2.1. 시장금리(일별),010210000,국고채(10년),,,,,,,연%,,20150708,2.469
817Y002,1.3.2.1. 시장금리(일별),010210000,국고채(10년),,,,,,,연%,,20150709,2.484
817Y002,1.3.2.1. 시장금리(일별),010210000,국고채(10년),,,,,,,연%,,20150710,2.502
817Y002,1.3.2.1. 시장금리(일별),010210000,국고채(10년),,,,,,,연%,,20150713,2.508
817Y002,1.3.2.1. 시장금리(일별),010210000,국고채(10년),,,,,,,연%,,20150714,2.504
817Y002,1.3.2.1. 시장금리(일별),010210000,국고채(10년),,,,,,,연%,,20150715,2.495
817Y002,1.3.2.1. 시장금리(일별),010210000,국고채(10년),,,,,,,연%,,20150716,2.481
817Y002,1.3.2.1. 시장금리(일별),010210000,국고채(10년),,,,,,,연%,,20150717,2.47
817Y002,1.3.2.1. 시장금리(일별),010210000,국고채(10년),,,,,,,연%,,20150720,2.467
817Y002,1.3.2.1. 시장금리(일별),010210000,국고채(10년),,,,,,,연%,,20150721,2.454
817Y002,1.3.2.1. 시장금리(일별),010210000,국고채(10년),,,,,,,연%,,20150722,2.421
817Y002,1.3.2.1. 시장금리(일별),010210000,국고채(10년),,,,,,,연%,,20150723,2.37
817Y002,1.3.2.1. 시장금리(일별),010210000,국고채(10년),,,,,,,연%,,20150724,2.336
817Y002,1.3.2.1. 시장금리(일별),010210000,국고채(10년),,,,,,,연%,,20150727,2.351
817Y002,1.3.2.1. 시장금리(일별),010210000,국고채(10년),,,,,,,연%,,20150728,2.383
817Y002,1.3.2.1. 시장금리(일별),010210000,국고채(10년),,,,,,,연%,,20150729,2.362
817Y002,1.3.2.1. 시장금리(일별),010210000,국고채(10년),,,,,,,연%,,20150730,2.39
817Y002,1.3.2.1. 시장금리(일별),010210000,국고채(10년),,,,,,,연%,,20150731,2.428
817Y002,1.3.2.1. 시장금리(일별),010210000,국고채(10년),,,,,,,연%,,20150803,2.402
817Y002,1.3.2.1. 시장금리(일별),010210000,국고채(10년),,,,,,,연%,,20150804,2.409
817Y002,1.3.2.1. 시장금리(일별),010210000,국고채(10년),,,,,,,연%,,20150805,2.423
817Y002,1.3.2.1. 시장금리(일별),010210000,국고채(10년),,,,,,,연%,,20150806,2.408
817Y002,1.3.2.1. 시장금리(일별),010210000,국고채(10년),,,,,,,연%,,20150807,2.41
817Y002,1.3.2.1. 시장금리(일별),010210000,국고채(10년),,,,,,,연%,,20150810,2.356
817Y002,1.3.2.1. 시장금리(일별),010210000,국고채(10년),,,,,,,연%,,20150811,2.323
817Y002,1.3.2.1. 시장금리(일별),010210000,국고채(10년),,,,,,,연%,,20150812,2.257
817Y002,1.3.2.1. 시장금리(일별),010210000,국고채(10년),,,,,,,연%,,20150813,2.294
817Y002,1.3.2.1. 시장금리(일별),010210000,국고채(10년),,,,,,,연%,,20150817,2.279
817Y002,1.3.2.1. 시장금리(일별),010210000,국고채(10년),,,,,,,연%,,20150818,2.273
817Y002,1.3.2.1. 시장금리(일별),010210000,국고채(10년),,,,,,,연%,,20150819,2.307
817Y002,1.3.2.1. 시장금리(일별),010210000,국고채(10년),,,,,,,연%,,20150820,2.276
817Y002,1.3.2.1. 시장금리(일별),010210000,국고채(10년),,,,,,,연%,,20150821,2.256
817Y002,1.3.2.1. 시장금리(일별),010210000,국고채(10년),,,,,,,연%,,20150824,2.189
817Y002,1.3.2.1. 시장금리(일별),010210000,국고채(10년),,,,,,,연%,,20150825,2.222
817Y002,1.3.2.1. 시장금리(일별),010210000,국고채(10년),,,,,,,연%,,20150826,2.249
817Y002,1.3.2.1. 시장금리(일별),010210000,국고채(10년),,,,,,,연%,,20150827,2.252
817Y002,1.3.2.1. 시장금리(일별),010210000,국고채(10년),,,,,,,연%,,20150828,2.285
817Y002,1.3.2.1. 시장금리(일별),010210000,국고채(10년),,,,,,,연%,,20150831,2.295
817Y002,1.3.2.1. 시장금리(일별),010210000,국고채(10년),,,,,,,연%,,20150901,2.303
817Y002,1.3.2.1. 시장금리(일별),010210000,국고채(10년),,,,,,,연%,,20150902,2.266
817Y002,1.3.2.1. 시장금리(일별),010210000,국고채(10년),,,,,,,연%,,20150903,2.28
817Y002,1.3.2.1. 시장금리(일별),010210000,국고채(10년),,,,,,,연%,,20150904,2.241
817Y002,1.3.2.1. 시장금리(일별),010210000,국고채(10년),,,,,,,연%,,20150907,2.224
817Y002,1.3.2.1. 시장금리(일별),010210000,국고채(10년),,,,,,,연%,,20150908,2.227
817Y002,1.3.2.1. 시장금리(일별),010210000,국고채(10년),,,,,,,연%,,20150909,2.253
817Y002,1.3.2.1. 시장금리(일별),010210000,국고채(10년),,,,,,,연%,,20150910,2.225
817Y002,1.3.2.1. 시장금리(일별),010210000,국고채(10년),,,,,,,연%,,20150911,2.237
817Y002,1.3.2.1. 시장금리(일별),010210000,국고채(10년),,,,,,,연%,,20150914,2.27
817Y002,1.3.2.1. 시장금리(일별),010210000,국고채(10년),,,,,,,연%,,20150915,2.252
817Y002,1.3.2.1. 시장금리(일별),010210000,국고채(10년),,,,,,,연%,,20150916,2.274
817Y002,1.3.2.1. 시장금리(일별),010210000,국고채(10년),,,,,,,연%,,20150917,2.271
817Y002,1.3.2.1. 시장금리(일별),010210000,국고채(10년),,,,,,,연%,,20150918,2.195
817Y002,1.3.2.1. 시장금리(일별),010210000,국고채(10년),,,,,,,연%,,20150921,2.158
817Y002,1.3.2.1. 시장금리(일별),010210000,국고채(10년),,,,,,,연%,,20150922,2.148
817Y002,1.3.2.1. 시장금리(일별),010210000,국고채(10년),,,,,,,연%,,20150923,2.136
817Y002,1.3.2.1. 시장금리(일별),010210000,국고채(10년),,,,,,,연%,,20150924,2.16
817Y002,1.3.2.1. 시장금리(일별),010210000,국고채(10년),,,,,,,연%,,20150925,2.134
817Y002,1.3.2.1. 시장금리(일별),010210000,국고채(10년),,,,,,,연%,,20150930,2.061
817Y002,1.3.2.1. 시장금리(일별),010210000,국고채(10년),,,,,,,연%,,20151001,2.107
817Y002,1.3.2.1. 시장금리(일별),010210000,국고채(10년),,,,,,,연%,,20151002,2.082
817Y002,1.3.2.1. 시장금리(일별),010210000,국고채(10년),,,,,,,연%,,20151005,2.042
817Y002,1.3.2.1. 시장금리(일별),010210000,국고채(10년),,,,,,,연%,,20151006,2.05
817Y002,1.3.2.1. 시장금리(일별),010210000,국고채(10년),,,,,,,연%,,20151007,2.087
817Y002,1.3.2.1. 시장금리(일별),010210000,국고채(10년),,,,,,,연%,,20151008,2.091
817Y002,1.3.2.1. 시장금리(일별),010210000,국고채(10년),,,,,,,연%,,20151012,2.149
817Y002,1.3.2.1. 시장금리(일별),010210000,국고채(10년),,,,,,,연%,,20151013,2.124
817Y002,1.3.2.1. 시장금리(일별),010210000,국고채(10년),,,,,,,연%,,20151014,2.124
817Y002,1.3.2.1. 시장금리(일별),010210000,국고채(10년),,,,,,,연%,,20151015,2.06
817Y002,1.3.2.1. 시장금리(일별),010210000,국고채(10년),,,,,,,연%,,20151016,2.064
817Y002,1.3.2.1. 시장금리(일별),010210000,국고채(10년),,,,,,,연%,,20151019,2.076
817Y002,1.3.2.1. 시장금리(일별),010210000,국고채(10년),,,,,,,연%,,20151020,2.099
817Y002,1.3.2.1. 시장금리(일별),010210000,국고채(10년),,,,,,,연%,,20151021,2.109
817Y002,1.3.2.1. 시장금리(일별),010210000,국고채(10년),,,,,,,연%,,20151022,2.122
817Y002,1.3.2.1. 시장금리(일별),010210000,국고채(10년),,,,,,,연%,,20151023,2.105
817Y002,1.3.2.1. 시장금리(일별),010210000,국고채(10년),,,,,,,연%,,20151026,2.097
817Y002,1.3.2.1. 시장금리(일별),010210000,국고채(10년),,,,,,,연%,,20151027,2.064
817Y002,1.3.2.1. 시장금리(일별),010210000,국고채(10년),,,,,,,연%,,20151028,2.036
817Y002,1.3.2.1. 시장금리(일별),010210000,국고채(10년),,,,,,,연%,,20151029,2.053
817Y002,1.3.2.1. 시장금리(일별),010210000,국고채(10년),,,,,,,연%,,20151030,2.111
817Y002,1.3.2.1. 시장금리(일별),010210000,국고채(10년),,,,,,,연%,,20151102,2.118
817Y002,1.3.2.1. 시장금리(일별),010210000,국고채(10년),,,,,,,연%,,20151103,2.153
817Y002,1.3.2.1. 시장금리(일별),010210000,국고채(10년),,,,,,,연%,,20151104,2.165
817Y002,1.3.2.1. 시장금리(일별),010210000,국고채(10년),,,,,,,연%,,20151105,2.157
817Y002,1.3.2.1. 시장금리(일별),010210000,국고채(10년),,,,,,,연%,,20151106,2.208
817Y002,1.3.2.1. 시장금리(일별),010210000,국고채(10년),,,,,,,연%,,20151109,2.306
817Y002,1.3.2.1. 시장금리(일별),010210000,국고채(10년),,,,,,,연%,,20151110,2.274
817Y002,1.3.2.1. 시장금리(일별),010210000,국고채(10년),,,,,,,연%,,20151111,2.308
817Y002,1.3.2.1. 시장금리(일별),010210000,국고채(10년),,,,,,,연%,,20151112,2.326
817Y002,1.3.2.1. 시장금리(일별),010210000,국고채(10년),,,,,,,연%,,20151113,2.332
817Y002,1.3.2.1. 시장금리(일별),010210000,국고채(10년),,,,,,,연%,,20151116,2.283
817Y002,1.3.2.1. 시장금리(일별),010210000,국고채(10년),,,,,,,연%,,20151117,2.304
817Y002,1.3.2.1. 시장금리(일별),010210000,국고채(10년),,,,,,,연%,,20151118,2.292
817Y002,1.3.2.1. 시장금리(일별),010210000,국고채(10년),,,,,,,연%,,20151119,2.26
817Y002,1.3.2.1. 시장금리(일별),010210000,국고채(10년),,,,,,,연%,,20151120,2.269
817Y002,1.3.2.1. 시장금리(일별),010210000,국고채(10년),,,,,,,연%,,20151123,2.288
817Y002,1.3.2.1. 시장금리(일별),010210000,국고채(10년),,,,,,,연%,,20151124,2.279
817Y002,1.3.2.1. 시장금리(일별),010210000,국고채(10년),,,,,,,연%,,20151125,2.25
817Y002,1.3.2.1. 시장금리(일별),010210000,국고채(10년),,,,,,,연%,,20151126,2.239
817Y002,1.3.2.1. 시장금리(일별),010210000,국고채(10년),,,,,,,연%,,20151127,2.271
817Y002,1.3.2.1. 시장금리(일별),010210000,국고채(10년),,,,,,,연%,,20151130,2.247
817Y002,1.3.2.1. 시장금리(일별),010210000,국고채(10년),,,,,,,연%,,20151201,2.275
817Y002,1.3.2.1. 시장금리(일별),010210000,국고채(10년),,,,,,,연%,,20151202,2.256
817Y002,1.3.2.1. 시장금리(일별),010210000,국고채(10년),,,,,,,연%,,20151203,2.264
817Y002,1.3.2.1. 시장금리(일별),010210000,국고채(10년),,,,,,,연%,,20151204,2.301
817Y002,1.3.2.1. 시장금리(일별),010210000,국고채(10년),,,,,,,연%,,20151207,2.299
817Y002,1.3.2.1. 시장금리(일별),010210000,국고채(10년),,,,,,,연%,,20151208,2.23
817Y002,1.3.2.1. 시장금리(일별),010210000,국고채(10년),,,,,,,연%,,20151209,2.21
817Y002,1.3.2.1. 시장금리(일별),010210000,국고채(10년),,,,,,,연%,,20151210,2.216
817Y002,1.3.2.1. 시장금리(일별),010210000,국고채(10년),,,,,,,연%,,20151211,2.243
817Y002,1.3.2.1. 시장금리(일별),010210000,국고채(10년),,,,,,,연%,,20151214,2.221
817Y002,1.3.2.1. 시장금리(일별),010210000,국고채(10년),,,,,,,연%,,20151215,2.21
817Y002,1.3.2.1. 시장금리(일별),010210000,국고채(10년),,,,,,,연%,,20151216,2.218
817Y002,1.3.2.1. 시장금리(일별),010210000,국고채(10년),,,,,,,연%,,20151217,2.162
817Y002,1.3.2.1. 시장금리(일별),010210000,국고채(10년),,,,,,,연%,,20151218,2.118
817Y002,1.3.2.1. 시장금리(일별),010210000,국고채(10년),,,,,,,연%,,20151221,2.1
817Y002,1.3.2.1. 시장금리(일별),010210000,국고채(10년),,,,,,,연%,,20151222,2.114
817Y002,1.3.2.1. 시장금리(일별),010210000,국고채(10년),,,,,,,연%,,20151223,2.114
817Y002,1.3.2.1. 시장금리(일별),010210000,국고채(10년),,,,,,,연%,,20151224,2.102
817Y002,1.3.2.1. 시장금리(일별),010210000,국고채(10년),,,,,,,연%,,20151228,2.097
817Y002,1.3.2.1. 시장금리(일별),010210000,국고채(10년),,,,,,,연%,,20151229,2.07
817Y002,1.3.2.1. 시장금리(일별),010210000,국고채(10년),,,,,,,연%,,20151230,2.076
817Y002,1.3.2.1. 시장금리(일별),010210000,국고채(10년),,,,,,,연%,,20151231,2.076
817Y002,1.3.2.1. 시장금리(일별),010210000,국고채(10년),,,,,,,연%,,20160104,2.039
817Y002,1.3.2.1. 시장금리(일별),010210000,국고채(10년),,,,,,,연%,,20160105,2.057
817Y002,1.3.2.1. 시장금리(일별),010210000,국고채(10년),,,,,,,연%,,20160106,2.035
817Y002,1.3.2.1. 시장금리(일별),010210000,국고채(10년),,,,,,,연%,,20160107,2.015
817Y002,1.3.2.1. 시장금리(일별),010210000,국고채(10년),,,,,,,연%,,20160108,2.057
817Y002,1.3.2.1. 시장금리(일별),010210000,국고채(10년),,,,,,,연%,,20160111,2.025
817Y002,1.3.2.1. 시장금리(일별),010210000,국고채(10년),,,,,,,연%,,20160112,2.036
817Y002,1.3.2.1. 시장금리(일별),010210000,국고채(10년),,,,,,,연%,,20160113,2.025
817Y002,1.3.2.1. 시장금리(일별),010210000,국고채(10년),,,,,,,연%,,20160114,2.033
817Y002,1.3.2.1. 시장금리(일별),010210000,국고채(10년),,,,,,,연%,,20160115,2.024
817Y002,1.3.2.1. 시장금리(일별),010210000,국고채(10년),,,,,,,연%,,20160118,2.039
817Y002,1.3.2.1. 시장금리(일별),010210000,국고채(10년),,,,,,,연%,,20160119,2.065
817Y002,1.3.2.1. 시장금리(일별),010210000,국고채(10년),,,,,,,연%,,20160120,2.002
817Y002,1.3.2.1. 시장금리(일별),010210000,국고채(10년),,,,,,,연%,,20160121,1.995
817Y002,1.3.2.1. 시장금리(일별),010210000,국고채(10년),,,,,,,연%,,20160122,2.037
817Y002,1.3.2.1. 시장금리(일별),010210000,국고채(10년),,,,,,,연%,,20160125,2.02
817Y002,1.3.2.1. 시장금리(일별),010210000,국고채(10년),,,,,,,연%,,20160126,1.99
817Y002,1.3.2.1. 시장금리(일별),010210000,국고채(10년),,,,,,,연%,,20160127,2.013
817Y002,1.3.2.1. 시장금리(일별),010210000,국고채(10년),,,,,,,연%,,20160128,2.018
817Y002,1.3.2.1. 시장금리(일별),010210000,국고채(10년),,,,,,,연%,,20160129,1.979
817Y002,1.3.2.1. 시장금리(일별),010210000,국고채(10년),,,,,,,연%,,20160201,1.922
817Y002,1.3.2.1. 시장금리(일별),010210000,국고채(10년),,,,,,,연%,,20160202,1.916
817Y002,1.3.2.1. 시장금리(일별),010210000,국고채(10년),,,,,,,연%,,20160203,1.865
817Y002,1.3.2.1. 시장금리(일별),010210000,국고채(10년),,,,,,,연%,,20160204,1.862
817Y002,1.3.2.1. 시장금리(일별),010210000,국고채(10년),,,,,,,연%,,20160205,1.882
817Y002,1.3.2.1. 시장금리(일별),010210000,국고채(10년),,,,,,,연%,,20160211,1.766
817Y002,1.3.2.1. 시장금리(일별),010210000,국고채(10년),,,,,,,연%,,20160212,1.8
817Y002,1.3.2.1. 시장금리(일별),010210000,국고채(10년),,,,,,,연%,,20160215,1.825
817Y002,1.3.2.1. 시장금리(일별),010210000,국고채(10년),,,,,,,연%,,20160216,1.781
817Y002,1.3.2.1. 시장금리(일별),010210000,국고채(10년),,,,,,,연%,,20160217,1.784
817Y002,1.3.2.1. 시장금리(일별),010210000,국고채(10년),,,,,,,연%,,20160218,1.805
817Y002,1.3.2.1. 시장금리(일별),010210000,국고채(10년),,,,,,,연%,,20160219,1.814
817Y002,1.3.2.1. 시장금리(일별),010210000,국고채(10년),,,,,,,연%,,20160222,1.83
817Y002,1.3.2.1. 시장금리(일별),010210000,국고채(10년),,,,,,,연%,,20160223,1.831
817Y002,1.3.2.1. 시장금리(일별),010210000,국고채(10년),,,,,,,연%,,20160224,1.814
817Y002,1.3.2.1. 시장금리(일별),010210000,국고채(10년),,,,,,,연%,,20160225,1.802
817Y002,1.3.2.1. 시장금리(일별),010210000,국고채(10년),,,,,,,연%,,20160226,1.778
817Y002,1.3.2.1. 시장금리(일별),010210000,국고채(10년),,,,,,,연%,,20160229,1.786
817Y002,1.3.2.1. 시장금리(일별),010210000,국고채(10년),,,,,,,연%,,20160302,1.827
817Y002,1.3.2.1. 시장금리(일별),010210000,국고채(10년),,,,,,,연%,,20160303,1.87
817Y002,1.3.2.1. 시장금리(일별),010210000,국고채(10년),,,,,,,연%,,20160304,1.882
817Y002,1.3.2.1. 시장금리(일별),010210000,국고채(10년),,,,,,,연%,,20160307,1.867
817Y002,1.3.2.1. 시장금리(일별),010210000,국고채(10년),,,,,,,연%,,20160308,1.845
817Y002,1.3.2.1. 시장금리(일별),010210000,국고채(10년),,,,,,,연%,,20160309,1.85
817Y002,1.3.2.1. 시장금리(일별),010210000,국고채(10년),,,,,,,연%,,20160310,1.863
817Y002,1.3.2.1. 시장금리(일별),010210000,국고채(10년),,,,,,,연%,,20160311,1.922
817Y002,1.3.2.1. 시장금리(일별),010210000,국고채(10년),,,,,,,연%,,20160314,1.915
817Y002,1.3.2.1. 시장금리(일별),010210000,국고채(10년),,,,,,,연%,,20160315,1.907
817Y002,1.3.2.1. 시장금리(일별),010210000,국고채(10년),,,,,,,연%,,20160316,1.912
817Y002,1.3.2.1. 시장금리(일별),010210000,국고채(10년),,,,,,,연%,,20160317,1.862
817Y002,1.3.2.1. 시장금리(일별),010210000,국고채(10년),,,,,,,연%,,20160318,1.835
817Y002,1.3.2.1. 시장금리(일별),010210000,국고채(10년),,,,,,,연%,,20160321,1.828
817Y002,1.3.2.1. 시장금리(일별),010210000,국고채(10년),,,,,,,연%,,20160322,1.847
817Y002,1.3.2.1. 시장금리(일별),010210000,국고채(10년),,,,,,,연%,,20160323,1.867
817Y002,1.3.2.1. 시장금리(일별),010210000,국고채(10년),,,,,,,연%,,20160324,1.848
817Y002,1.3.2.1. 시장금리(일별),010210000,국고채(10년),,,,,,,연%,,20160325,1.835
817Y002,1.3.2.1. 시장금리(일별),010210000,국고채(10년),,,,,,,연%,,20160328,1.834
817Y002,1.3.2.1. 시장금리(일별),010210000,국고채(10년),,,,,,,연%,,20160329,1.798
817Y002,1.3.2.1. 시장금리(일별),010210000,국고채(10년),,,,,,,연%,,20160330,1.781
817Y002,1.3.2.1. 시장금리(일별),010210000,국고채(10년),,,,,,,연%,,20160331,1.793
817Y002,1.3.2.1. 시장금리(일별),010210000,국고채(10년),,,,,,,연%,,20160401,1.796
817Y002,1.3.2.1. 시장금리(일별),010210000,국고채(10년),,,,,,,연%,,20160404,1.766
817Y002,1.3.2.1. 시장금리(일별),010210000,국고채(10년),,,,,,,연%,,20160405,1.787
817Y002,1.3.2.1. 시장금리(일별),010210000,국고채(10년),,,,,,,연%,,20160406,1.787
817Y002,1.3.2.1. 시장금리(일별),010210000,국고채(10년),,,,,,,연%,,20160407,1.801
817Y002,1.3.2.1. 시장금리(일별),010210000,국고채(10년),,,,,,,연%,,20160408,1.794
817Y002,1.3.2.1. 시장금리(일별),010210000,국고채(10년),,,,,,,연%,,20160411,1.794
817Y002,1.3.2.1. 시장금리(일별),010210000,국고채(10년),,,,,,,연%,,20160412,1.791
817Y002,1.3.2.1. 시장금리(일별),010210000,국고채(10년),,,,,,,연%,,20160414,1.844
817Y002,1.3.2.1. 시장금리(일별),010210000,국고채(10년),,,,,,,연%,,20160415,1.84
817Y002,1.3.2.1. 시장금리(일별),010210000,국고채(10년),,,,,,,연%,,20160418,1.845
817Y002,1.3.2.1. 시장금리(일별),010210000,국고채(10년),,,,,,,연%,,20160419,1.838
817Y002,1.3.2.1. 시장금리(일별),010210000,국고채(10년),,,,,,,연%,,20160420,1.804
817Y002,1.3.2.1. 시장금리(일별),010210000,국고채(10년),,,,,,,연%,,20160421,1.825
817Y002,1.3.2.1. 시장금리(일별),010210000,국고채(10년),,,,,,,연%,,20160422,1.828
817Y002,1.3.2.1. 시장금리(일별),010210000,국고채(10년),,,,,,,연%,,20160425,1.831
817Y002,1.3.2.1. 시장금리(일별),010210000,국고채(10년),,,,,,,연%,,20160426,1.816
817Y002,1.3.2.1. 시장금리(일별),010210000,국고채(10년),,,,,,,연%,,20160427,1.811
817Y002,1.3.2.1. 시장금리(일별),010210000,국고채(10년),,,,,,,연%,,20160428,1.801
817Y002,1.3.2.1. 시장금리(일별),010210000,국고채(10년),,,,,,,연%,,20160429,1.794
817Y002,1.3.2.1. 시장금리(일별),010210000,국고채(10년),,,,,,,연%,,20160502,1.807
817Y002,1.3.2.1. 시장금리(일별),010210000,국고채(10년),,,,,,,연%,,20160503,1.795
817Y002,1.3.2.1. 시장금리(일별),010210000,국고채(10년),,,,,,,연%,,20160504,1.773
817Y002,1.3.2.1. 시장금리(일별),010210000,국고채(10년),,,,,,,연%,,20160509,1.767
817Y002,1.3.2.1. 시장금리(일별),010210000,국고채(10년),,,,,,,연%,,20160510,1.768
817Y002,1.3.2.1. 시장금리(일별),010210000,국고채(10년),,,,,,,연%,,20160511,1.765
817Y002,1.3.2.1. 시장금리(일별),010210000,국고채(10년),,,,,,,연%,,20160512,1.764
817Y002,1.3.2.1. 시장금리(일별),010210000,국고채(10년),,,,,,,연%,,20160513,1.768
817Y002,1.3.2.1. 시장금리(일별),010210000,국고채(10년),,,,,,,연%,,20160516,1.774
817Y002,1.3.2.1. 시장금리(일별),010210000,국고채(10년),,,,,,,연%,,20160517,1.791
817Y002,1.3.2.1. 시장금리(일별),010210000,국고채(10년),,,,,,,연%,,20160518,1.801
817Y002,1.3.2.1. 시장금리(일별),010210000,국고채(10년),,,,,,,연%,,20160519,1.829
817Y002,1.3.2.1. 시장금리(일별),010210000,국고채(10년),,,,,,,연%,,20160520,1.803
817Y002,1.3.2.1. 시장금리(일별),010210000,국고채(10년),,,,,,,연%,,20160523,1.8
817Y002,1.3.2.1. 시장금리(일별),010210000,국고채(10년),,,,,,,연%,,20160524,1.767
817Y002,1.3.2.1. 시장금리(일별),010210000,국고채(10년),,,,,,,연%,,20160525,1.785
817Y002,1.3.2.1. 시장금리(일별),010210000,국고채(10년),,,,,,,연%,,20160526,1.79
817Y002,1.3.2.1. 시장금리(일별),010210000,국고채(10년),,,,,,,연%,,20160527,1.778
817Y002,1.3.2.1. 시장금리(일별),010210000,국고채(10년),,,,,,,연%,,20160530,1.813
817Y002,1.3.2.1. 시장금리(일별),010210000,국고채(10년),,,,,,,연%,,20160531,1.811
817Y002,1.3.2.1. 시장금리(일별),010210000,국고채(10년),,,,,,,연%,,20160601,1.757
817Y002,1.3.2.1. 시장금리(일별),010210000,국고채(10년),,,,,,,연%,,20160602,1.763
817Y002,1.3.2.1. 시장금리(일별),010210000,국고채(10년),,,,,,,연%,,20160603,1.738
817Y002,1.3.2.1. 시장금리(일별),010210000,국고채(10년),,,,,,,연%,,20160607,1.715
817Y002,1.3.2.1. 시장금리(일별),010210000,국고채(10년),,,,,,,연%,,20160608,1.697
817Y002,1.3.2.1. 시장금리(일별),010210000,국고채(10년),,,,,,,연%,,20160609,1.66
817Y002,1.3.2.1. 시장금리(일별),010210000,국고채(10년),,,,,,,연%,,20160610,1.652
817Y002,1.3.2.1. 시장금리(일별),010210000,국고채(10년),,,,,,,연%,,20160613,1.615
817Y002,1.3.2.1. 시장금리(일별),010210000,국고채(10년),,,,,,,연%,,20160614,1.635
817Y002,1.3.2.1. 시장금리(일별),010210000,국고채(10년),,,,,,,연%,,20160615,1.622
817Y002,1.3.2.1. 시장금리(일별),010210000,국고채(10년),,,,,,,연%,,20160616,1.579
817Y002,1.3.2.1. 시장금리(일별),010210000,국고채(10년),,,,,,,연%,,20160617,1.596
817Y002,1.3.2.1. 시장금리(일별),010210000,국고채(10년),,,,,,,연%,,20160620,1.641
817Y002,1.3.2.1. 시장금리(일별),010210000,국고채(10년),,,,,,,연%,,20160621,1.616
817Y002,1.3.2.1. 시장금리(일별),010210000,국고채(10년),,,,,,,연%,,20160622,1.638
817Y002,1.3.2.1. 시장금리(일별),010210000,국고채(10년),,,,,,,연%,,20160623,1.627
817Y002,1.3.2.1. 시장금리(일별),010210000,국고채(10년),,,,,,,연%,,20160624,1.5
817Y002,1.3.2.1. 시장금리(일별),010210000,국고채(10년),,,,,,,연%,,20160627,1.484
817Y002,1.3.2.1. 시장금리(일별),010210000,국고채(10년),,,,,,,연%,,20160628,1.486
817Y002,1.3.2.1. 시장금리(일별),010210000,국고채(10년),,,,,,,연%,,20160629,1.459
817Y002,1.3.2.1. 시장금리(일별),010210000,국고채(10년),,,,,,,연%,,20160630,1.469
817Y002,1.3.2.1. 시장금리(일별),010210000,국고채(10년),,,,,,,연%,,20160701,1.409
817Y002,1.3.2.1. 시장금리(일별),010210000,국고채(10년),,,,,,,연%,,20160704,1.415
817Y002,1.3.2.1. 시장금리(일별),010210000,국고채(10년),,,,,,,연%,,20160705,1.421
817Y002,1.3.2.1. 시장금리(일별),010210000,국고채(10년),,,,,,,연%,,20160706,1.383
817Y002,1.3.2.1. 시장금리(일별),010210000,국고채(10년),,,,,,,연%,,20160707,1.38
817Y002,1.3.2.1. 시장금리(일별),010210000,국고채(10년),,,,,,,연%,,20160708,1.388
817Y002,1.3.2.1. 시장금리(일별),010210000,국고채(10년),,,,,,,연%,,20160711,1.38
817Y002,1.3.2.1. 시장금리(일별),010210000,국고채(10년),,,,,,,연%,,20160712,1.388
817Y002,1.3.2.1. 시장금리(일별),010210000,국고채(10년),,,,,,,연%,,20160713,1.393
817Y002,1.3.2.1. 시장금리(일별),010210000,국고채(10년),,,,,,,연%,,20160714,1.374
817Y002,1.3.2.1. 시장금리(일별),010210000,국고채(10년),,,,,,,연%,,20160715,1.392
817Y002,1.3.2.1. 시장금리(일별),010210000,국고채(10년),,,,,,,연%,,20160718,1.415
817Y002,1.3.2.1. 시장금리(일별),010210000,국고채(10년),,,,,,,연%,,20160719,1.426
817Y002,1.3.2.1. 시장금리(일별),010210000,국고채(10년),,,,,,,연%,,20160720,1.418
817Y002,1.3.2.1. 시장금리(일별),010210000,국고채(10년),,,,,,,연%,,20160721,1.439
817Y002,1.3.2.1. 시장금리(일별),010210000,국고채(10년),,,,,,,연%,,20160722,1.418
817Y002,1.3.2.1. 시장금리(일별),010210000,국고채(10년),,,,,,,연%,,20160725,1.425
817Y002,1.3.2.1. 시장금리(일별),010210000,국고채(10년),,,,,,,연%,,20160726,1.411
817Y002,1.3.2.1. 시장금리(일별),010210000,국고채(10년),,,,,,,연%,,20160727,1.403
817Y002,1.3.2.1. 시장금리(일별),010210000,국고채(10년),,,,,,,연%,,20160728,1.357
817Y002,1.3.2.1. 시장금리(일별),010210000,국고채(10년),,,,,,,연%,,20160729,1.386
817Y002,1.3.2.1. 시장금리(일별),010210000,국고채(10년),,,,,,,연%,,20160801,1.363
817Y002,1.3.2.1. 시장금리(일별),010210000,국고채(10년),,,,,,,연%,,20160802,1.378
817Y002,1.3.2.1. 시장금리(일별),010210000,국고채(10년),,,,,,,연%,,20160803,1.425
817Y002,1.3.2.1. 시장금리(일별),010210000,국고채(10년),,,,,,,연%,,20160804,1.413
817Y002,1.3.2.1. 시장금리(일별),010210000,국고채(10년),,,,,,,연%,,20160805,1.388
817Y002,1.3.2.1. 시장금리(일별),010210000,국고채(10년),,,,,,,연%,,20160808,1.429
817Y002,1.3.2.1. 시장금리(일별),010210000,국고채(10년),,,,,,,연%,,20160809,1.427
817Y002,1.3.2.1. 시장금리(일별),010210000,국고채(10년),,,,,,,연%,,20160810,1.391
817Y002,1.3.2.1. 시장금리(일별),010210000,국고채(10년),,,,,,,연%,,20160811,1.396
817Y002,1.3.2.1. 시장금리(일별),010210000,국고채(10년),,,,,,,연%,,20160812,1.41
817Y002,1.3.2.1. 시장금리(일별),010210000,국고채(10년),,,,,,,연%,,20160816,1.395
817Y002,1.3.2.1. 시장금리(일별),010210000,국고채(10년),,,,,,,연%,,20160817,1.434
817Y002,1.3.2.1. 시장금리(일별),010210000,국고채(10년),,,,,,,연%,,20160818,1.415
817Y002,1.3.2.1. 시장금리(일별),010210000,국고채(10년),,,,,,,연%,,20160819,1.422
817Y002,1.3.2.1. 시장금리(일별),010210000,국고채(10년),,,,,,,연%,,20160822,1.435
817Y002,1.3.2.1. 시장금리(일별),010210000,국고채(10년),,,,,,,연%,,20160823,1.422
817Y002,1.3.2.1. 시장금리(일별),010210000,국고채(10년),,,,,,,연%,,20160824,1.418
817Y002,1.3.2.1. 시장금리(일별),010210000,국고채(10년),,,,,,,연%,,20160825,1.422
817Y002,1.3.2.1. 시장금리(일별),010210000,국고채(10년),,,,,,,연%,,20160826,1.423
817Y002,1.3.2.1. 시장금리(일별),010210000,국고채(10년),,,,,,,연%,,20160829,1.445
817Y002,1.3.2.1. 시장금리(일별),010210000,국고채(10년),,,,,,,연%,,20160830,1.449
817Y002,1.3.2.1. 시장금리(일별),010210000,국고채(10년),,,,,,,연%,,20160831,1.478
817Y002,1.3.2.1. 시장금리(일별),010210000,국고채(10년),,,,,,,연%,,20160901,1.524
817Y002,1.3.2.1. 시장금리(일별),010210000,국고채(10년),,,,,,,연%,,20160902,1.53
817Y002,1.3.2.1. 시장금리(일별),010210000,국고채(10년),,,,,,,연%,,20160905,1.511
817Y002,1.3.2.1. 시장금리(일별),010210000,국고채(10년),,,,,,,연%,,20160906,1.506
817Y002,1.3.2.1. 시장금리(일별),010210000,국고채(10년),,,,,,,연%,,20160907,1.459
817Y002,1.3.2.1. 시장금리(일별),010210000,국고채(10년),,,,,,,연%,,20160908,1.469
817Y002,1.3.2.1. 시장금리(일별),010210000,국고채(10년),,,,,,,연%,,20160909,1.512
817Y002,1.3.2.1. 시장금리(일별),010210000,국고채(10년),,,,,,,연%,,20160912,1.567
817Y002,1.3.2.1. 시장금리(일별),010210000,국고채(10년),,,,,,,연%,,20160913,1.572
817Y002,1.3.2.1. 시장금리(일별),010210000,국고채(10년),,,,,,,연%,,20160919,1.582
817Y002,1.3.2.1. 시장금리(일별),010210000,국고채(10년),,,,,,,연%,,20160920,1.575
817Y002,1.3.2.1. 시장금리(일별),010210000,국고채(10년),,,,,,,연%,,20160921,1.592
817Y002,1.3.2.1. 시장금리(일별),010210000,국고채(10년),,,,,,,연%,,20160922,1.519
817Y002,1.3.2.1. 시장금리(일별),010210000,국고채(10년),,,,,,,연%,,20160923,1.5
817Y002,1.3.2.1. 시장금리(일별),010210000,국고채(10년),,,,,,,연%,,20160926,1.495
817Y002,1.3.2.1. 시장금리(일별),010210000,국고채(10년),,,,,,,연%,,20160927,1.494
817Y002,1.3.2.1. 시장금리(일별),010210000,국고채(10년),,,,,,,연%,,20160928,1.468
817Y002,1.3.2.1. 시장금리(일별),010210000,국고채(10년),,,,,,,연%,,20160929,1.456
817Y002,1.3.2.1. 시장금리(일별),010210000,국고채(10년),,,,,,,연%,,20160930,1.398
817Y002,1.3.2.1. 시장금리(일별),010210000,국고채(10년),,,,,,,연%,,20161004,1.455
817Y002,1.3.2.1. 시장금리(일별),010210000,국고채(10년),,,,,,,연%,,20161005,1.51
817Y002,1.3.2.1. 시장금리(일별),010210000,국고채(10년),,,,,,,연%,,20161006,1.536
817Y002,1.3.2.1. 시장금리(일별),010210000,국고채(10년),,,,,,,연%,,20161007,1.531
817Y002,1.3.2.1. 시장금리(일별),010210000,국고채(10년),,,,,,,연%,,20161010,1.546
817Y002,1.3.2.1. 시장금리(일별),010210000,국고채(10년),,,,,,,연%,,20161011,1.616
817Y002,1.3.2.1. 시장금리(일별),010210000,국고채(10년),,,,,,,연%,,20161012,1.595
817Y002,1.3.2.1. 시장금리(일별),010210000,국고채(10년),,,,,,,연%,,20161013,1.543
817Y002,1.3.2.1. 시장금리(일별),010210000,국고채(10년),,,,,,,연%,,20161014,1.55
817Y002,1.3.2.1. 시장금리(일별),010210000,국고채(10년),,,,,,,연%,,20161017,1.615
817Y002,1.3.2.1. 시장금리(일별),010210000,국고채(10년),,,,,,,연%,,20161018,1.616
817Y002,1.3.2.1. 시장금리(일별),010210000,국고채(10년),,,,,,,연%,,20161019,1.612
817Y002,1.3.2.1. 시장금리(일별),010210000,국고채(10년),,,,,,,연%,,20161020,1.613
817Y002,1.3.2.1. 시장금리(일별),010210000,국고채(10년),,,,,,,연%,,20161021,1.626
817Y002,1.3.2.1. 시장금리(일별),010210000,국고채(10년),,,,,,,연%,,20161024,1.612
817Y002,1.3.2.1. 시장금리(일별),010210000,국고채(10년),,,,,,,연%,,20161025,1.64
817Y002,1.3.2.1. 시장금리(일별),010210000,국고채(10년),,,,,,,연%,,20161026,1.633
817Y002,1.3.2.1. 시장금리(일별),010210000,국고채(10년),,,,,,,연%,,20161027,1.669
817Y002,1.3.2.1. 시장금리(일별),010210000,국고채(10년),,,,,,,연%,,20161028,1.718
817Y002,1.3.2.1. 시장금리(일별),010210000,국고채(10년),,,,,,,연%,,20161031,1.688
817Y002,1.3.2.1. 시장금리(일별),010210000,국고채(10년),,,,,,,연%,,20161101,1.73
817Y002,1.3.2.1. 시장금리(일별),010210000,국고채(10년),,,,,,,연%,,20161102,1.694
817Y002,1.3.2.1. 시장금리(일별),010210000,국고채(10년),,,,,,,연%,,20161103,1.679
817Y002,1.3.2.1. 시장금리(일별),010210000,국고채(10년),,,,,,,연%,,20161104,1.694
817Y002,1.3.2.1. 시장금리(일별),010210000,국고채(10년),,,,,,,연%,,20161107,1.707
817Y002,1.3.2.1. 시장금리(일별),010210000,국고채(10년),,,,,,,연%,,20161108,1.702
817Y002,1.3.2.1. 시장금리(일별),010210000,국고채(10년),,,,,,,연%,,20161109,1.671
817Y002,1.3.2.1. 시장금리(일별),010210000,국고채(10년),,,,,,,연%,,20161110,1.819
817Y002,1.3.2.1. 시장금리(일별),010210000,국고채(10년),,,,,,,연%,,20161111,1.938
817Y002,1.3.2.1. 시장금리(일별),010210000,국고채(10년),,,,,,,연%,,20161114,2.061
817Y002,1.3.2.1. 시장금리(일별),010210000,국고채(10년),,,,,,,연%,,20161115,2.043
817Y002,1.3.2.1. 시장금리(일별),010210000,국고채(10년),,,,,,,연%,,20161116,2.084
817Y002,1.3.2.1. 시장금리(일별),010210000,국고채(10년),,,,,,,연%,,20161117,2.086
817Y002,1.3.2.1. 시장금리(일별),010210000,국고채(10년),,,,,,,연%,,20161118,2.132
817Y002,1.3.2.1. 시장금리(일별),010210000,국고채(10년),,,,,,,연%,,20161121,2.12
817Y002,1.3.2.1. 시장금리(일별),010210000,국고채(10년),,,,,,,연%,,20161122,2.124
817Y002,1.3.2.1. 시장금리(일별),010210000,국고채(10년),,,,,,,연%,,20161123,2.139
817Y002,1.3.2.1. 시장금리(일별),010210000,국고채(10년),,,,,,,연%,,20161124,2.182
817Y002,1.3.2.1. 시장금리(일별),010210000,국고채(10년),,,,,,,연%,,20161125,2.184
817Y002,1.3.2.1. 시장금리(일별),010210000,국고채(10년),,,,,,,연%,,20161128,2.153
817Y002,1.3.2.1. 시장금리(일별),010210000,국고채(10년),,,,,,,연%,,20161129,2.141
817Y002,1.3.2.1. 시장금리(일별),010210000,국고채(10년),,,,,,,연%,,20161130,2.144
817Y002,1.3.2.1. 시장금리(일별),010210000,국고채(10년),,,,,,,연%,,20161201,2.202
817Y002,1.3.2.1. 시장금리(일별),010210000,국고채(10년),,,,,,,연%,,20161202,2.258
817Y002,1.3.2.1. 시장금리(일별),010210000,국고채(10년),,,,,,,연%,,20161205,2.19
817Y002,1.3.2.1. 시장금리(일별),010210000,국고채(10년),,,,,,,연%,,20161206,2.203
817Y002,1.3.2.1. 시장금리(일별),010210000,국고채(10년),,,,,,,연%,,20161207,2.199
817Y002,1.3.2.1. 시장금리(일별),010210000,국고채(10년),,,,,,,연%,,20161208,2.163
817Y002,1.3.2.1. 시장금리(일별),010210000,국고채(10년),,,,,,,연%,,20161209,2.207
817Y002,1.3.2.1. 시장금리(일별),010210000,국고채(10년),,,,,,,연%,,20161212,2.27
817Y002,1.3.2.1. 시장금리(일별),010210000,국고채(10년),,,,,,,연%,,20161213,2.202
817Y002,1.3.2.1. 시장금리(일별),010210000,국고채(10년),,,,,,,연%,,20161214,2.131
817Y002,1.3.2.1. 시장금리(일별),010210000,국고채(10년),,,,,,,연%,,20161215,2.196
817Y002,1.3.2.1. 시장금리(일별),010210000,국고채(10년),,,,,,,연%,,20161216,2.167
817Y002,1.3.2.1. 시장금리(일별),010210000,국고채(10년),,,,,,,연%,,20161219,2.168
817Y002,1.3.2.1. 시장금리(일별),010210000,국고채(10년),,,,,,,연%,,20161220,2.163
817Y002,1.3.2.1. 시장금리(일별),010210000,국고채(10년),,,,,,,연%,,20161221,2.11
817Y002,1.3.2.1. 시장금리(일별),010210000,국고채(10년),,,,,,,연%,,20161222,2.102
817Y002,1.3.2.1. 시장금리(일별),010210000,국고채(10년),,,,,,,연%,,20161223,2.114
817Y002,1.3.2.1. 시장금리(일별),010210000,국고채(10년),,,,,,,연%,,20161226,2.114
817Y002,1.3.2.1. 시장금리(일별),010210000,국고채(10년),,,,,,,연%,,20161227,2.117
817Y002,1.3.2.1. 시장금리(일별),010210000,국고채(10년),,,,,,,연%,,20161228,2.084
817Y002,1.3.2.1. 시장금리(일별),010210000,국고채(10년),,,,,,,연%,,20161229,2.074
817Y002,1.3.2.1. 시장금리(일별),010210000,국고채(10년),,,,,,,연%,,20161230,2.074
817Y002,1.3.2.1. 시장금리(일별),010210000,국고채(10년),,,,,,,연%,,20170102,2.055
817Y002,1.3.2.1. 시장금리(일별),010210000,국고채(10년),,,,,,,연%,,20170103,2.061
817Y002,1.3.2.1. 시장금리(일별),010210000,국고채(10년),,,,,,,연%,,20170104,2.096
817Y002,1.3.2.1. 시장금리(일별),010210000,국고채(10년),,,,,,,연%,,20170105,2.064
817Y002,1.3.2.1. 시장금리(일별),010210000,국고채(10년),,,,,,,연%,,20170106,2.077
817Y002,1.3.2.1. 시장금리(일별),010210000,국고채(10년),,,,,,,연%,,20170109,2.132
817Y002,1.3.2.1. 시장금리(일별),010210000,국고채(10년),,,,,,,연%,,20170110,2.104
817Y002,1.3.2.1. 시장금리(일별),010210000,국고채(10년),,,,,,,연%,,20170111,2.126
817Y002,1.3.2.1. 시장금리(일별),010210000,국고채(10년),,,,,,,연%,,20170112,2.066
817Y002,1.3.2.1. 시장금리(일별),010210000,국고채(10년),,,,,,,연%,,20170113,2.096
817Y002,1.3.2.1. 시장금리(일별),010210000,국고채(10년),,,,,,,연%,,20170116,2.119
817Y002,1.3.2.1. 시장금리(일별),010210000,국고채(10년),,,,,,,연%,,20170117,2.102
817Y002,1.3.2.1. 시장금리(일별),010210000,국고채(10년),,,,,,,연%,,20170118,2.123
817Y002,1.3.2.1. 시장금리(일별),010210000,국고채(10년),,,,,,,연%,,20170119,2.169
817Y002,1.3.2.1. 시장금리(일별),010210000,국고채(10년),,,,,,,연%,,20170120,2.129
817Y002,1.3.2.1. 시장금리(일별),010210000,국고채(10년),,,,,,,연%,,20170123,2.125
817Y002,1.3.2.1. 시장금리(일별),010210000,국고채(10년),,,,,,,연%,,20170124,2.102
817Y002,1.3.2.1. 시장금리(일별),010210000,국고채(10년),,,,,,,연%,,20170125,2.133
817Y002,1.3.2.1. 시장금리(일별),010210000,국고채(10년),,,,,,,연%,,20170126,2.193
817Y002,1.3.2.1. 시장금리(일별),010210000,국고채(10년),,,,,,,연%,,20170131,2.155
817Y002,1.3.2.1. 시장금리(일별),010210000,국고채(10년),,,,,,,연%,,20170201,2.173
817Y002,1.3.2.1. 시장금리(일별),010210000,국고채(10년),,,,,,,연%,,20170202,2.155
817Y002,1.3.2.1. 시장금리(일별),010210000,국고채(10년),,,,,,,연%,,20170203,2.184
817Y002,1.3.2.1. 시장금리(일별),010210000,국고채(10년),,,,,,,연%,,20170206,2.156
817Y002,1.3.2.1. 시장금리(일별),010210000,국고채(10년),,,,,,,연%,,20170207,2.134
817Y002,1.3.2.1. 시장금리(일별),010210000,국고채(10년),,,,,,,연%,,20170208,2.13
817Y002,1.3.2.1. 시장금리(일별),010210000,국고채(10년),,,,,,,연%,,20170209,2.122
817Y002,1.3.2.1. 시장금리(일별),010210000,국고채(10년),,,,,,,연%,,20170210,2.151
817Y002,1.3.2.1. 시장금리(일별),010210000,국고채(10년),,,,,,,연%,,20170213,2.15
817Y002,1.3.2.1. 시장금리(일별),010210000,국고채(10년),,,,,,,연%,,20170214,2.135
817Y002,1.3.2.1. 시장금리(일별),010210000,국고채(10년),,,,,,,연%,,20170215,2.153
817Y002,1.3.2.1. 시장금리(일별),010210000,국고채(10년),,,,,,,연%,,20170216,2.144
817Y002,1.3.2.1. 시장금리(일별),010210000,국고채(10년),,,,,,,연%,,20170217,2.135
817Y002,1.3.2.1. 시장금리(일별),010210000,국고채(10년),,,,,,,연%,,20170220,2.184
817Y002,1.3.2.1. 시장금리(일별),010210000,국고채(10년),,,,,,,연%,,20170221,2.202
817Y002,1.3.2.1. 시장금리(일별),010210000,국고채(10년),,,,,,,연%,,20170222,2.246
817Y002,1.3.2.1. 시장금리(일별),010210000,국고채(10년),,,,,,,연%,,20170223,2.206
817Y002,1.3.2.1. 시장금리(일별),010210000,국고채(10년),,,,,,,연%,,20170224,2.175
817Y002,1.3.2.1. 시장금리(일별),010210000,국고채(10년),,,,,,,연%,,20170227,2.172
817Y002,1.3.2.1. 시장금리(일별),010210000,국고채(10년),,,,,,,연%,,20170228,2.162
817Y002,1.3.2.1. 시장금리(일별),010210000,국고채(10년),,,,,,,연%,,20170302,2.224
817Y002,1.3.2.1. 시장금리(일별),010210000,국고채(10년),,,,,,,연%,,20170303,2.231
817Y002,1.3.2.1. 시장금리(일별),010210000,국고채(10년),,,,,,,연%,,20170306,2.264
817Y002,1.3.2.1. 시장금리(일별),010210000,국고채(10년),,,,,,,연%,,20170307,2.31
817Y002,1.3.2.1. 시장금리(일별),010210000,국고채(10년),,,,,,,연%,,20170308,2.302
817Y002,1.3.2.1. 시장금리(일별),010210000,국고채(10년),,,,,,,연%,,20170309,2.318
817Y002,1.3.2.1. 시장금리(일별),010210000,국고채(10년),,,,,,,연%,,20170310,2.318
817Y002,1.3.2.1. 시장금리(일별),010210000,국고채(10년),,,,,,,연%,,20170313,2.301
817Y002,1.3.2.1. 시장금리(일별),010210000,국고채(10년),,,,,,,연%,,20170314,2.29
817Y002,1.3.2.1. 시장금리(일별),010210000,국고채(10년),,,,,,,연%,,20170315,2.272
817Y002,1.3.2.1. 시장금리(일별),010210000,국고채(10년),,,,,,,연%,,20170316,2.176
817Y002,1.3.2.1. 시장금리(일별),010210000,국고채(10년),,,,,,,연%,,20170317,2.179
817Y002,1.3.2.1. 시장금리(일별),010210000,국고채(10년),,,,,,,연%,,20170320,2.185
817Y002,1.3.2.1. 시장금리(일별),010210000,국고채(10년),,,,,,,연%,,20170321,2.186
817Y002,1.3.2.1. 시장금리(일별),010210000,국고채(10년),,,,,,,연%,,20170322,2.153
817Y002,1.3.2.1. 시장금리(일별),010210000,국고채(10년),,,,,,,연%,,20170323,2.151
817Y002,1.3.2.1. 시장금리(일별),010210000,국고채(10년),,,,,,,연%,,20170324,2.175
817Y002,1.3.2.1. 시장금리(일별),010210000,국고채(10년),,,,,,,연%,,20170327,2.15
817Y002,1.3.2.1. 시장금리(일별),010210000,국고채(10년),,,,,,,연%,,20170328,2.161
817Y002,1.3.2.1. 시장금리(일별),010210000,국고채(10년),,,,,,,연%,,20170329,2.159
817Y002,1.3.2.1. 시장금리(일별),010210000,국고채(10년),,,,,,,연%,,20170330,2.184
817Y002,1.3.2.1. 시장금리(일별),010210000,국고채(10년),,,,,,,연%,,20170331,2.177
817Y002,1.3.2.1. 시장금리(일별),010210000,국고채(10년),,,,,,,연%,,20170403,2.177
817Y002,1.3.2.1. 시장금리(일별),010210000,국고채(10년),,,,,,,연%,,20170404,2.139
817Y002,1.3.2.1. 시장금리(일별),010210000,국고채(10년),,,,,,,연%,,20170405,2.141
817Y002,1.3.2.1. 시장금리(일별),010210000,국고채(10년),,,,,,,연%,,20170406,2.182
817Y002,1.3.2.1. 시장금리(일별),010210000,국고채(10년),,,,,,,연%,,20170407,2.193
817Y002,1.3.2.1. 시장금리(일별),010210000,국고채(10년),,,,,,,연%,,20170410,2.253
817Y002,1.3.2.1. 시장금리(일별),010210000,국고채(10년),,,,,,,연%,,20170411,2.204
817Y002,1.3.2.1. 시장금리(일별),010210000,국고채(10년),,,,,,,연%,,20170412,2.205
817Y002,1.3.2.1. 시장금리(일별),010210000,국고채(10년),,,,,,,연%,,20170413,2.172
817Y002,1.3.2.1. 시장금리(일별),010210000,국고채(10년),,,,,,,연%,,20170414,2.185
817Y002,1.3.2.1. 시장금리(일별),010210000,국고채(10년),,,,,,,연%,,20170417,2.173
817Y002,1.3.2.1. 시장금리(일별),010210000,국고채(10년),,,,,,,연%,,20170418,2.174
817Y002,1.3.2.1. 시장금리(일별),010210000,국고채(10년),,,,,,,연%,,20170419,2.144
817Y002,1.3.2.1. 시장금리(일별),010210000,국고채(10년),,,,,,,연%,,20170420,2.144
817Y002,1.3.2.1. 시장금리(일별),010210000,국고채(10년),,,,,,,연%,,20170421,2.165
817Y002,1.3.2.1. 시장금리(일별),010210000,국고채(10년),,,,,,,연%,,20170424,2.205
817Y002,1.3.2.1. 시장금리(일별),010210000,국고채(10년),,,,,,,연%,,20170425,2.194
817Y002,1.3.2.1. 시장금리(일별),010210000,국고채(10년),,,,,,,연%,,20170426,2.207
817Y002,1.3.2.1. 시장금리(일별),010210000,국고채(10년),,,,,,,연%,,20170427,2.196
817Y002,1.3.2.1. 시장금리(일별),010210000,국고채(10년),,,,,,,연%,,20170428,2.196
817Y002,1.3.2.1. 시장금리(일별),010210000,국고채(10년),,,,,,,연%,,20170502,2.236
817Y002,1.3.2.1. 시장금리(일별),010210000,국고채(10년),,,,,,,연%,,20170504,2.211
817Y002,1.3.2.1. 시장금리(일별),010210000,국고채(10년),,,,,,,연%,,20170508,2.242
817Y002,1.3.2.1. 시장금리(일별),010210000,국고채(10년),,,,,,,연%,,20170510,2.299
817Y002,1.3.2.1. 시장금리(일별),010210000,국고채(10년),,,,,,,연%,,20170511,2.306
817Y002,1.3.2.1. 시장금리(일별),010210000,국고채(10년),,,,,,,연%,,20170512,2.289
817Y002,1.3.2.1. 시장금리(일별),010210000,국고채(10년),,,,,,,연%,,20170515,2.301
817Y002,1.3.2.1. 시장금리(일별),010210000,국고채(10년),,,,,,,연%,,20170516,2.301
817Y002,1.3.2.1. 시장금리(일별),010210000,국고채(10년),,,,,,,연%,,20170517,2.249
817Y002,1.3.2.1. 시장금리(일별),010210000,국고채(10년),,,,,,,연%,,20170518,2.248
817Y002,1.3.2.1. 시장금리(일별),010210000,국고채(10년),,,,,,,연%,,20170519,2.238
817Y002,1.3.2.1. 시장금리(일별),010210000,국고채(10년),,,,,,,연%,,20170522,2.272
817Y002,1.3.2.1. 시장금리(일별),010210000,국고채(10년),,,,,,,연%,,20170523,2.249
817Y002,1.3.2.1. 시장금리(일별),010210000,국고채(10년),,,,,,,연%,,20170524,2.269
817Y002,1.3.2.1. 시장금리(일별),010210000,국고채(10년),,,,,,,연%,,20170525,2.246
817Y002,1.3.2.1. 시장금리(일별),010210000,국고채(10년),,,,,,,연%,,20170526,2.237
817Y002,1.3.2.1. 시장금리(일별),010210000,국고채(10년),,,,,,,연%,,20170529,2.245
817Y002,1.3.2.1. 시장금리(일별),010210000,국고채(10년),,,,,,,연%,,20170530,2.223
817Y002,1.3.2.1. 시장금리(일별),010210000,국고채(10년),,,,,,,연%,,20170531,2.23
817Y002,1.3.2.1. 시장금리(일별),010210000,국고채(10년),,,,,,,연%,,20170601,2.212
817Y002,1.3.2.1. 시장금리(일별),010210000,국고채(10년),,,,,,,연%,,20170602,2.209
817Y002,1.3.2.1. 시장금리(일별),010210000,국고채(10년),,,,,,,연%,,20170605,2.177
817Y002,1.3.2.1. 시장금리(일별),010210000,국고채(10년),,,,,,,연%,,20170607,2.16
817Y002,1.3.2.1. 시장금리(일별),010210000,국고채(10년),,,,,,,연%,,20170608,2.173
817Y002,1.3.2.1. 시장금리(일별),010210000,국고채(10년),,,,,,,연%,,20170609,2.173
817Y002,1.3.2.1. 시장금리(일별),010210000,국고채(10년),,,,,,,연%,,20170612,2.222
817Y002,1.3.2.1. 시장금리(일별),010210000,국고채(10년),,,,,,,연%,,20170613,2.177
817Y002,1.3.2.1. 시장금리(일별),010210000,국고채(10년),,,,,,,연%,,20170614,2.17
817Y002,1.3.2.1. 시장금리(일별),010210000,국고채(10년),,,,,,,연%,,20170615,2.123
817Y002,1.3.2.1. 시장금리(일별),010210000,국고채(10년),,,,,,,연%,,20170616,2.153
817Y002,1.3.2.1. 시장금리(일별),010210000,국고채(10년),,,,,,,연%,,20170619,2.158
817Y002,1.3.2.1. 시장금리(일별),010210000,국고채(10년),,,,,,,연%,,20170620,2.142
817Y002,1.3.2.1. 시장금리(일별),010210000,국고채(10년),,,,,,,연%,,20170621,2.138
817Y002,1.3.2.1. 시장금리(일별),010210000,국고채(10년),,,,,,,연%,,20170622,2.135
817Y002,1.3.2.1. 시장금리(일별),010210000,국고채(10년),,,,,,,연%,,20170623,2.129
817Y002,1.3.2.1. 시장금리(일별),010210000,국고채(10년),,,,,,,연%,,20170626,2.124
817Y002,1.3.2.1. 시장금리(일별),010210000,국고채(10년),,,,,,,연%,,20170627,2.118
817Y002,1.3.2.1. 시장금리(일별),010210000,국고채(10년),,,,,,,연%,,20170628,2.178
817Y002,1.3.2.1. 시장금리(일별),010210000,국고채(10년),,,,,,,연%,,20170629,2.184
817Y002,1.3.2.1. 시장금리(일별),010210000,국고채(10년),,,,,,,연%,,20170630,2.214
817Y002,1.3.2.1. 시장금리(일별),010210000,국고채(10년),,,,,,,연%,,20170703,2.235
817Y002,1.3.2.1. 시장금리(일별),010210000,국고채(10년),,,,,,,연%,,20170704,2.272
817Y002,1.3.2.1. 시장금리(일별),010210000,국고채(10년),,,,,,,연%,,20170705,2.277
817Y002,1.3.2.1. 시장금리(일별),010210000,국고채(10년),,,,,,,연%,,20170706,2.281
817Y002,1.3.2.1. 시장금리(일별),010210000,국고채(10년),,,,,,,연%,,20170707,2.323
817Y002,1.3.2.1. 시장금리(일별),010210000,국고채(10년),,,,,,,연%,,20170710,2.289
817Y002,1.3.2.1. 시장금리(일별),010210000,국고채(10년),,,,,,,연%,,20170711,2.28
817Y002,1.3.2.1. 시장금리(일별),010210000,국고채(10년),,,,,,,연%,,20170712,2.272
817Y002,1.3.2.1. 시장금리(일별),010210000,국고채(10년),,,,,,,연%,,20170713,2.238
817Y002,1.3.2.1. 시장금리(일별),010210000,국고채(10년),,,,,,,연%,,20170714,2.249
817Y002,1.3.2.1. 시장금리(일별),010210000,국고채(10년),,,,,,,연%,,20170717,2.272
817Y002,1.3.2.1. 시장금리(일별),010210000,국고채(10년),,,,,,,연%,,20170718,2.256
817Y002,1.3.2.1. 시장금리(일별),010210000,국고채(10년),,,,,,,연%,,20170719,2.258
817Y002,1.3.2.1. 시장금리(일별),010210000,국고채(10년),,,,,,,연%,,20170720,2.237
817Y002,1.3.2.1. 시장금리(일별),010210000,국고채(10년),,,,,,,연%,,20170721,2.219
817Y002,1.3.2.1. 시장금리(일별),010210000,국고채(10년),,,,,,,연%,,20170724,2.22
817Y002,1.3.2.1. 시장금리(일별),010210000,국고채(10년),,,,,,,연%,,20170725,2.207
817Y002,1.3.2.1. 시장금리(일별),010210000,국고채(10년),,,,,,,연%,,20170726,2.245
817Y002,1.3.2.1. 시장금리(일별),010210000,국고채(10년),,,,,,,연%,,20170727,2.215
817Y002,1.3.2.1. 시장금리(일별),010210000,국고채(10년),,,,,,,연%,,20170728,2.229
817Y002,1.3.2.1. 시장금리(일별),010210000,국고채(10년),,,,,,,연%,,20170731,2.226
817Y002,1.3.2.1. 시장금리(일별),010210000,국고채(10년),,,,,,,연%,,20170801,2.258
817Y002,1.3.2.1. 시장금리(일별),010210000,국고채(10년),,,,,,,연%,,20170802,2.247
817Y002,1.3.2.1. 시장금리(일별),010210000,국고채(10년),,,,,,,연%,,20170803,2.25
817Y002,1.3.2.1. 시장금리(일별),010210000,국고채(10년),,,,,,,연%,,20170804,2.251
817Y002,1.3.2.1. 시장금리(일별),010210000,국고채(10년),,,,,,,연%,,20170807,2.285
817Y002,1.3.2.1. 시장금리(일별),010210000,국고채(10년),,,,,,,연%,,20170808,2.311
817Y002,1.3.2.1. 시장금리(일별),010210000,국고채(10년),,,,,,,연%,,20170809,2.338
817Y002,1.3.2.1. 시장금리(일별),010210000,국고채(10년),,,,,,,연%,,20170810,2.322
817Y002,1.3.2.1. 시장금리(일별),010210000,국고채(10년),,,,,,,연%,,20170811,2.302
817Y002,1.3.2.1. 시장금리(일별),010210000,국고채(10년),,,,,,,연%,,20170814,2.301
817Y002,1.3.2.1. 시장금리(일별),010210000,국고채(10년),,,,,,,연%,,20170816,2.332
817Y002,1.3.2.1. 시장금리(일별),010210000,국고채(10년),,,,,,,연%,,20170817,2.32
817Y002,1.3.2.1. 시장금리(일별),010210000,국고채(10년),,,,,,,연%,,20170818,2.314
817Y002,1.3.2.1. 시장금리(일별),010210000,국고채(10년),,,,,,,연%,,20170821,2.304
817Y002,1.3.2.1. 시장금리(일별),010210000,국고채(10년),,,,,,,연%,,20170822,2.308
817Y002,1.3.2.1. 시장금리(일별),010210000,국고채(10년),,,,,,,연%,,20170823,2.297
817Y002,1.3.2.1. 시장금리(일별),010210000,국고채(10년),,,,,,,연%,,20170824,2.289
817Y002,1.3.2.1. 시장금리(일별),010210000,국고채(10년),,,,,,,연%,,20170825,2.253
817Y002,1.3.2.1. 시장금리(일별),010210000,국고채(10년),,,,,,,연%,,20170828,2.251
817Y002,1.3.2.1. 시장금리(일별),010210000,국고채(10년),,,,,,,연%,,20170829,2.261
817Y002,1.3.2.1. 시장금리(일별),010210000,국고채(10년),,,,,,,연%,,20170830,2.249
817Y002,1.3.2.1. 시장금리(일별),010210000,국고채(10년),,,,,,,연%,,20170831,2.262
817Y002,1.3.2.1. 시장금리(일별),010210000,국고채(10년),,,,,,,연%,,20170901,2.271
817Y002,1.3.2.1. 시장금리(일별),010210000,국고채(10년),,,,,,,연%,,20170904,2.305
817Y002,1.3.2.1. 시장금리(일별),010210000,국고채(10년),,,,,,,연%,,20170905,2.306
817Y002,1.3.2.1. 시장금리(일별),010210000,국고채(10년),,,,,,,연%,,20170906,2.28
817Y002,1.3.2.1. 시장금리(일별),010210000,국고채(10년),,,,,,,연%,,20170907,2.275
817Y002,1.3.2.1. 시장금리(일별),010210000,국고채(10년),,,,,,,연%,,20170908,2.24
817Y002,1.3.2.1. 시장금리(일별),010210000,국고채(10년),,,,,,,연%,,20170911,2.251
817Y002,1.3.2.1. 시장금리(일별),010210000,국고채(10년),,,,,,,연%,,20170912,2.251
817Y002,1.3.2.1. 시장금리(일별),010210000,국고채(10년),,,,,,,연%,,20170913,2.242
817Y002,1.3.2.1. 시장금리(일별),010210000,국고채(10년),,,,,,,연%,,20170914,2.244
817Y002,1.3.2.1. 시장금리(일별),010210000,국고채(10년),,,,,,,연%,,20170915,2.248
817Y002,1.3.2.1. 시장금리(일별),010210000,국고채(10년),,,,,,,연%,,20170918,2.265
817Y002,1.3.2.1. 시장금리(일별),010210000,국고채(10년),,,,,,,연%,,20170919,2.294
817Y002,1.3.2.1. 시장금리(일별),010210000,국고채(10년),,,,,,,연%,,20170920,2.28
817Y002,1.3.2.1. 시장금리(일별),010210000,국고채(10년),,,,,,,연%,,20170921,2.28
817Y002,1.3.2.1. 시장금리(일별),010210000,국고채(10년),,,,,,,연%,,20170922,2.268
817Y002,1.3.2.1. 시장금리(일별),010210000,국고채(10년),,,,,,,연%,,20170925,2.27
817Y002,1.3.2.1. 시장금리(일별),010210000,국고채(10년),,,,,,,연%,,20170926,2.31
817Y002,1.3.2.1. 시장금리(일별),010210000,국고채(10년),,,,,,,연%,,20170927,2.36
817Y002,1.3.2.1. 시장금리(일별),010210000,국고채(10년),,,,,,,연%,,20170928,2.394
817Y002,1.3.2.1. 시장금리(일별),010210000,국고채(10년),,,,,,,연%,,20170929,2.379
817Y002,1.3.2.1. 시장금리(일별),010210000,국고채(10년),,,,,,,연%,,20171010,2.418
817Y002,1.3.2.1. 시장금리(일별),010210000,국고채(10년),,,,,,,연%,,20171011,2.418
817Y002,1.3.2.1. 시장금리(일별),010210000,국고채(10년),,,,,,,연%,,20171012,2.388
817Y002,1.3.2.1. 시장금리(일별),010210000,국고채(10년),,,,,,,연%,,20171013,2.391
817Y002,1.3.2.1. 시장금리(일별),010210000,국고채(10년),,,,,,,연%,,20171016,2.398
817Y002,1.3.2.1. 시장금리(일별),010210000,국고채(10년),,,,,,,연%,,20171017,2.401
817Y002,1.3.2.1. 시장금리(일별),010210000,국고채(10년),,,,,,,연%,,20171018,2.392
817Y002,1.3.2.1. 시장금리(일별),010210000,국고채(10년),,,,,,,연%,,20171019,2.429
817Y002,1.3.2.1. 시장금리(일별),010210000,국고채(10년),,,,,,,연%,,20171020,2.471
817Y002,1.3.2.1. 시장금리(일별),010210000,국고채(10년),,,,,,,연%,,20171023,2.454
817Y002,1.3.2.1. 시장금리(일별),010210000,국고채(10년),,,,,,,연%,,20171024,2.456
817Y002,1.3.2.1. 시장금리(일별),010210000,국고채(10년),,,,,,,연%,,20171025,2.5
817Y002,1.3.2.1. 시장금리(일별),010210000,국고채(10년),,,,,,,연%,,20171026,2.543
817Y002,1.3.2.1. 시장금리(일별),010210000,국고채(10년),,,,,,,연%,,20171027,2.536
817Y002,1.3.2.1. 시장금리(일별),010210000,국고채(10년),,,,,,,연%,,20171030,2.521
817Y002,1.3.2.1. 시장금리(일별),010210000,국고채(10년),,,,,,,연%,,20171031,2.571
817Y002,1.3.2.1. 시장금리(일별),010210000,국고채(10년),,,,,,,연%,,20171101,2.547
817Y002,1.3.2.1. 시장금리(일별),010210000,국고채(10년),,,,,,,연%,,20171102,2.526
817Y002,1.3.2.1. 시장금리(일별),010210000,국고채(10년),,,,,,,연%,,20171103,2.526
817Y002,1.3.2.1. 시장금리(일별),010210000,국고채(10년),,,,,,,연%,,20171106,2.549
817Y002,1.3.2.1. 시장금리(일별),010210000,국고채(10년),,,,,,,연%,,20171107,2.539
817Y002,1.3.2.1. 시장금리(일별),010210000,국고채(10년),,,,,,,연%,,20171108,2.538
817Y002,1.3.2.1. 시장금리(일별),010210000,국고채(10년),,,,,,,연%,,20171109,2.537
817Y002,1.3.2.1. 시장금리(일별),010210000,국고채(10년),,,,,,,연%,,20171110,2.564
817Y002,1.3.2.1. 시장금리(일별),010210000,국고채(10년),,,,,,,연%,,20171113,2.583
817Y002,1.3.2.1. 시장금리(일별),010210000,국고채(10년),,,,,,,연%,,20171114,2.61
817Y002,1.3.2.1. 시장금리(일별),010210000,국고채(10년),,,,,,,연%,,20171115,2.571
817Y002,1.3.2.1. 시장금리(일별),010210000,국고채(10년),,,,,,,연%,,20171116,2.564
817Y002,1.3.2.1. 시장금리(일별),010210000,국고채(10년),,,,,,,연%,,20171117,2.569
817Y002,1.3.2.1. 시장금리(일별),010210000,국고채(10년),,,,,,,연%,,20171120,2.546
817Y002,1.3.2.1. 시장금리(일별),010210000,국고채(10년),,,,,,,연%,,20171121,2.543
817Y002,1.3.2.1. 시장금리(일별),010210000,국고채(10년),,,,,,,연%,,20171122,2.541
817Y002,1.3.2.1. 시장금리(일별),010210000,국고채(10년),,,,,,,연%,,20171123,2.521
817Y002,1.3.2.1. 시장금리(일별),010210000,국고채(10년),,,,,,,연%,,20171124,2.537
817Y002,1.3.2.1. 시장금리(일별),010210000,국고채(10년),,,,,,,연%,,20171127,2.531
817Y002,1.3.2.1. 시장금리(일별),010210000,국고채(10년),,,,,,,연%,,20171128,2.484
817Y002,1.3.2.1. 시장금리(일별),010210000,국고채(10년),,,,,,,연%,,20171129,2.48
817Y002,1.3.2.1. 시장금리(일별),010210000,국고채(10년),,,,,,,연%,,20171130,2.477
817Y002,1.3.2.1. 시장금리(일별),010210000,국고채(10년),,,,,,,연%,,20171201,2.489
817Y002,1.3.2.1. 시장금리(일별),010210000,국고채(10년),,,,,,,연%,,20171204,2.485
817Y002,1.3.2.1. 시장금리(일별),010210000,국고채(10년),,,,,,,연%,,20171205,2.502
817Y002,1.3.2.1. 시장금리(일별),010210000,국고채(10년),,,,,,,연%,,20171206,2.467
817Y002,1.3.2.1. 시장금리(일별),010210000,국고채(10년),,,,,,,연%,,20171207,2.482
817Y002,1.3.2.1. 시장금리(일별),010210000,국고채(10년),,,,,,,연%,,20171208,2.486
817Y002,1.3.2.1. 시장금리(일별),010210000,국고채(10년),,,,,,,연%,,20171211,2.482
817Y002,1.3.2.1. 시장금리(일별),010210000,국고채(10년),,,,,,,연%,,20171212,2.456
817Y002,1.3.2.1. 시장금리(일별),010210000,국고채(10년),,,,,,,연%,,20171213,2.453
817Y002,1.3.2.1. 시장금리(일별),010210000,국고채(10년),,,,,,,연%,,20171214,2.45
817Y002,1.3.2.1. 시장금리(일별),010210000,국고채(10년),,,,,,,연%,,20171215,2.433
817Y002,1.3.2.1. 시장금리(일별),010210000,국고채(10년),,,,,,,연%,,20171218,2.433
817Y002,1.3.2.1. 시장금리(일별),010210000,국고채(10년),,,,,,,연%,,20171219,2.451
817Y002,1.3.2.1. 시장금리(일별),010210000,국고채(10년),,,,,,,연%,,20171220,2.467
817Y002,1.3.2.1. 시장금리(일별),010210000,국고채(10년),,,,,,,연%,,20171221,2.483
817Y002,1.3.2.1. 시장금리(일별),010210000,국고채(10년),,,,,,,연%,,20171222,2.496
817Y002,1.3.2.1. 시장금리(일별),010210000,국고채(10년),,,,,,,연%,,20171226,2.491
817Y002,1.3.2.1. 시장금리(일별),010210000,국고채(10년),,,,,,,연%,,20171227,2.497
817Y002,1.3.2.1. 시장금리(일별),010210000,국고채(10년),,,,,,,연%,,20171228,2.469
817Y002,1.3.2.1. 시장금리(일별),010210000,국고채(10년),,,,,,,연%,,20171229,2.469
817Y002,1.3.2.1. 시장금리(일별),010210000,국고채(10년),,,,,,,연%,,20180102,2.489
817Y002,1.3.2.1. 시장금리(일별),010210000,국고채(10년),,,,,,,연%,,20180103,2.508
817Y002,1.3.2.1. 시장금리(일별),010210000,국고채(10년),,,,,,,연%,,20180104,2.523
817Y002,1.3.2.1. 시장금리(일별),010210000,국고채(10년),,,,,,,연%,,20180105,2.518
817Y002,1.3.2.1. 시장금리(일별),010210000,국고채(10년),,,,,,,연%,,20180108,2.54
817Y002,1.3.2.1. 시장금리(일별),010210000,국고채(10년),,,,,,,연%,,20180109,2.565
817Y002,1.3.2.1. 시장금리(일별),010210000,국고채(10년),,,,,,,연%,,20180110,2.637
817Y002,1.3.2.1. 시장금리(일별),010210000,국고채(10년),,,,,,,연%,,20180111,2.589
817Y002,1.3.2.1. 시장금리(일별),010210000,국고채(10년),,,,,,,연%,,20180112,2.623
817Y002,1.3.2.1. 시장금리(일별),010210000,국고채(10년),,,,,,,연%,,20180115,2.658
817Y002,1.3.2.1. 시장금리(일별),010210000,국고채(10년),,,,,,,연%,,20180116,2.641
817Y002,1.3.2.1. 시장금리(일별),010210000,국고채(10년),,,,,,,연%,,20180117,2.636
817Y002,1.3.2.1. 시장금리(일별),010210000,국고채(10년),,,,,,,연%,,20180118,2.62
817Y002,1.3.2.1. 시장금리(일별),010210000,국고채(10년),,,,,,,연%,,20180119,2.638
817Y002,1.3.2.1. 시장금리(일별),010210000,국고채(10년),,,,,,,연%,,20180122,2.652
817Y002,1.3.2.1. 시장금리(일별),010210000,국고채(10년),,,,,,,연%,,20180123,2.654
817Y002,1.3.2.1. 시장금리(일별),010210000,국고채(10년),,,,,,,연%,,20180124,2.644
817Y002,1.3.2.1. 시장금리(일별),010210000,국고채(10년),,,,,,,연%,,20180125,2.661
817Y002,1.3.2.1. 시장금리(일별),010210000,국고채(10년),,,,,,,연%,,20180126,2.679
817Y002,1.3.2.1. 시장금리(일별),010210000,국고채(10년),,,,,,,연%,,20180129,2.744
817Y002,1.3.2.1. 시장금리(일별),010210000,국고채(10년),,,,,,,연%,,20180130,2.784
817Y002,1.3.2.1. 시장금리(일별),010210000,국고채(10년),,,,,,,연%,,20180131,2.769
817Y002,1.3.2.1. 시장금리(일별),010210000,국고채(10년),,,,,,,연%,,20180201,2.756
817Y002,1.3.2.1. 시장금리(일별),010210000,국고채(10년),,,,,,,연%,,20180202,2.756
817Y002,1.3.2.1. 시장금리(일별),010210000,국고채(10년),,,,,,,연%,,20180205,2.803
817Y002,1.3.2.1. 시장금리(일별),010210000,국고채(10년),,,,,,,연%,,20180206,2.749
817Y002,1.3.2.1. 시장금리(일별),010210000,국고채(10년),,,,,,,연%,,20180207,2.718
817Y002,1.3.2.1. 시장금리(일별),010210000,국고채(10년),,,,,,,연%,,20180208,2.744
817Y002,1.3.2.1. 시장금리(일별),010210000,국고채(10년),,,,,,,연%,,20180209,2.757
817Y002,1.3.2.1. 시장금리(일별),010210000,국고채(10년),,,,,,,연%,,20180212,2.806
817Y002,1.3.2.1. 시장금리(일별),010210000,국고채(10년),,,,,,,연%,,20180213,2.78
817Y002,1.3.2.1. 시장금리(일별),010210000,국고채(10년),,,,,,,연%,,20180214,2.763
817Y002,1.3.2.1. 시장금리(일별),010210000,국고채(10년),,,,,,,연%,,20180219,2.798
817Y002,1.3.2.1. 시장금리(일별),010210000,국고채(10년),,,,,,,연%,,20180220,2.807
817Y002,1.3.2.1. 시장금리(일별),010210000,국고채(10년),,,,,,,연%,,20180221,2.801
817Y002,1.3.2.1. 시장금리(일별),010210000,국고채(10년),,,,,,,연%,,20180222,2.803
817Y002,1.3.2.1. 시장금리(일별),010210000,국고채(10년),,,,,,,연%,,20180223,2.792
817Y002,1.3.2.1. 시장금리(일별),010210000,국고채(10년),,,,,,,연%,,20180226,2.763
817Y002,1.3.2.1. 시장금리(일별),010210000,국고채(10년),,,,,,,연%,,20180227,2.73
817Y002,1.3.2.1. 시장금리(일별),010210000,국고채(10년),,,,,,,연%,,20180228,2.736
817Y002,1.3.2.1. 시장금리(일별),010210000,국고채(10년),,,,,,,연%,,20180302,2.741
817Y002,1.3.2.1. 시장금리(일별),010210000,국고채(10년),,,,,,,연%,,20180305,2.737
817Y002,1.3.2.1. 시장금리(일별),010210000,국고채(10년),,,,,,,연%,,20180306,2.759
817Y002,1.3.2.1. 시장금리(일별),010210000,국고채(10년),,,,,,,연%,,20180307,2.727
817Y002,1.3.2.1. 시장금리(일별),010210000,국고채(10년),,,,,,,연%,,20180308,2.73
817Y002,1.3.2.1. 시장금리(일별),010210000,국고채(10년),,,,,,,연%,,20180309,2.744
817Y002,1.3.2.1. 시장금리(일별),010210000,국고채(10년),,,,,,,연%,,20180312,2.759
817Y002,1.3.2.1. 시장금리(일별),010210000,국고채(10년),,,,,,,연%,,20180313,2.746
817Y002,1.3.2.1. 시장금리(일별),010210000,국고채(10년),,,,,,,연%,,20180314,2.711
817Y002,1.3.2.1. 시장금리(일별),010210000,국고채(10년),,,,,,,연%,,20180315,2.704
817Y002,1.3.2.1. 시장금리(일별),010210000,국고채(10년),,,,,,,연%,,20180316,2.713
817Y002,1.3.2.1. 시장금리(일별),010210000,국고채(10년),,,,,,,연%,,20180319,2.724
817Y002,1.3.2.1. 시장금리(일별),010210000,국고채(10년),,,,,,,연%,,20180320,2.732
817Y002,1.3.2.1. 시장금리(일별),010210000,국고채(10년),,,,,,,연%,,20180321,2.723
817Y002,1.3.2.1. 시장금리(일별),010210000,국고채(10년),,,,,,,연%,,20180322,2.694
817Y002,1.3.2.1. 시장금리(일별),010210000,국고채(10년),,,,,,,연%,,20180323,2.648
817Y002,1.3.2.1. 시장금리(일별),010210000,국고채(10년),,,,,,,연%,,20180326,2.687
817Y002,1.3.2.1. 시장금리(일별),010210000,국고채(10년),,,,,,,연%,,20180327,2.676
817Y002,1.3.2.1. 시장금리(일별),010210000,국고채(10년),,,,,,,연%,,20180328,2.64
817Y002,1.3.2.1. 시장금리(일별),010210000,국고채(10년),,,,,,,연%,,20180329,2.642
817Y002,1.3.2.1. 시장금리(일별),010210000,국고채(10년),,,,,,,연%,,20180330,2.624
817Y002,1.3.2.1. 시장금리(일별),010210000,국고채(10년),,,,,,,연%,,20180402,2.643
817Y002,1.3.2.1. 시장금리(일별),010210000,국고채(10년),,,,,,,연%,,20180403,2.634
817Y002,1.3.2.1. 시장금리(일별),010210000,국고채(10년),,,,,,,연%,,20180404,2.617
817Y002,1.3.2.1. 시장금리(일별),010210000,국고채(10년),,,,,,,연%,,20180405,2.633
817Y002,1.3.2.1. 시장금리(일별),010210000,국고채(10년),,,,,,,연%,,20180406,2.607
817Y002,1.3.2.1. 시장금리(일별),010210000,국고채(10년),,,,,,,연%,,20180409,2.613
817Y002,1.3.2.1. 시장금리(일별),010210000,국고채(10년),,,,,,,연%,,20180410,2.622
817Y002,1.3.2.1. 시장금리(일별),010210000,국고채(10년),,,,,,,연%,,20180411,2.596
817Y002,1.3.2.1. 시장금리(일별),010210000,국고채(10년),,,,,,,연%,,20180412,2.58
817Y002,1.3.2.1. 시장금리(일별),010210000,국고채(10년),,,,,,,연%,,20180413,2.603
817Y002,1.3.2.1. 시장금리(일별),010210000,국고채(10년),,,,,,,연%,,20180416,2.625
817Y002,1.3.2.1. 시장금리(일별),010210000,국고채(10년),,,,,,,연%,,20180417,2.636
817Y002,1.3.2.1. 시장금리(일별),010210000,국고채(10년),,,,,,,연%,,20180418,2.652
817Y002,1.3.2.1. 시장금리(일별),010210000,국고채(10년),,,,,,,연%,,20180419,2.647
817Y002,1.3.2.1. 시장금리(일별),010210000,국고채(10년),,,,,,,연%,,20180420,2.671
817Y002,1.3.2.1. 시장금리(일별),010210000,국고채(10년),,,,,,,연%,,20180423,2.725
817Y002,1.3.2.1. 시장금리(일별),010210000,국고채(10년),,,,,,,연%,,20180424,2.726
817Y002,1.3.2.1. 시장금리(일별),010210000,국고채(10년),,,,,,,연%,,20180425,2.762
817Y002,1.3.2.1. 시장금리(일별),010210000,국고채(10년),,,,,,,연%,,20180426,2.749
817Y002,1.3.2.1. 시장금리(일별),010210000,국고채(10년),,,,,,,연%,,20180427,2.7
817Y002,1.3.2.1. 시장금리(일별),010210000,국고채(10년),,,,,,,연%,,20180430,2.713
817Y002,1.3.2.1. 시장금리(일별),010210000,국고채(10년),,,,,,,연%,,20180502,2.751
817Y002,1.3.2.1. 시장금리(일별),010210000,국고채(10년),,,,,,,연%,,20180503,2.751
817Y002,1.3.2.1. 시장금리(일별),010210000,국고채(10년),,,,,,,연%,,20180504,2.761
817Y002,1.3.2.1. 시장금리(일별),010210000,국고채(10년),,,,,,,연%,,20180508,2.787
817Y002,1.3.2.1. 시장금리(일별),010210000,국고채(10년),,,,,,,연%,,20180509,2.805
817Y002,1.3.2.1. 시장금리(일별),010210000,국고채(10년),,,,,,,연%,,20180510,2.772
817Y002,1.3.2.1. 시장금리(일별),010210000,국고채(10년),,,,,,,연%,,20180511,2.785
817Y002,1.3.2.1. 시장금리(일별),010210000,국고채(10년),,,,,,,연%,,20180514,2.795
817Y002,1.3.2.1. 시장금리(일별),010210000,국고채(10년),,,,,,,연%,,20180515,2.814
817Y002,1.3.2.1. 시장금리(일별),010210000,국고채(10년),,,,,,,연%,,20180516,2.794
817Y002,1.3.2.1. 시장금리(일별),010210000,국고채(10년),,,,,,,연%,,20180517,2.796
817Y002,1.3.2.1. 시장금리(일별),010210000,국고채(10년),,,,,,,연%,,20180518,2.765
817Y002,1.3.2.1. 시장금리(일별),010210000,국고채(10년),,,,,,,연%,,20180521,2.769
817Y002,1.3.2.1. 시장금리(일별),010210000,국고채(10년),,,,,,,연%,,20180523,2.747
817Y002,1.3.2.1. 시장금리(일별),010210000,국고채(10년),,,,,,,연%,,20180524,2.72
817Y002,1.3.2.1. 시장금리(일별),010210000,국고채(10년),,,,,,,연%,,20180525,2.716
817Y002,1.3.2.1. 시장금리(일별),010210000,국고채(10년),,,,,,,연%,,20180528,2.726
817Y002,1.3.2.1. 시장금리(일별),010210000,국고채(10년),,,,,,,연%,,20180529,2.693
817Y002,1.3.2.1. 시장금리(일별),010210000,국고채(10년),,,,,,,연%,,20180530,2.697
817Y002,1.3.2.1. 시장금리(일별),010210000,국고채(10년),,,,,,,연%,,20180531,2.695
817Y002,1.3.2.1. 시장금리(일별),010210000,국고채(10년),,,,,,,연%,,20180601,2.703
817Y002,1.3.2.1. 시장금리(일별),010210000,국고채(10년),,,,,,,연%,,20180604,2.733
817Y002,1.3.2.1. 시장금리(일별),010210000,국고채(10년),,,,,,,연%,,20180605,2.716
817Y002,1.3.2.1. 시장금리(일별),010210000,국고채(10년),,,,,,,연%,,20180607,2.75
817Y002,1.3.2.1. 시장금리(일별),010210000,국고채(10년),,,,,,,연%,,20180608,2.714
817Y002,1.3.2.1. 시장금리(일별),010210000,국고채(10년),,,,,,,연%,,20180611,2.732
817Y002,1.3.2.1. 시장금리(일별),010210000,국고채(10년),,,,,,,연%,,20180612,2.721
817Y002,1.3.2.1. 시장금리(일별),010210000,국고채(10년),,,,,,,연%,,20180614,2.711
817Y002,1.3.2.1. 시장금리(일별),010210000,국고채(10년),,,,,,,연%,,20180615,2.672
817Y002,1.3.2.1. 시장금리(일별),010210000,국고채(10년),,,,,,,연%,,20180618,2.65
817Y002,1.3.2.1. 시장금리(일별),010210000,국고채(10년),,,,,,,연%,,20180619,2.62
817Y002,1.3.2.1. 시장금리(일별),010210000,국고채(10년),,,,,,,연%,,20180620,2.618
817Y002,1.3.2.1. 시장금리(일별),010210000,국고채(10년),,,,,,,연%,,20180621,2.594
817Y002,1.3.2.1. 시장금리(일별),010210000,국고채(10년),,,,,,,연%,,20180622,2.608
817Y002,1.3.2.1. 시장금리(일별),010210000,국고채(10년),,,,,,,연%,,20180625,2.605
817Y002,1.3.2.1. 시장금리(일별),010210000,국고채(10년),,,,,,,연%,,20180626,2.618
817Y002,1.3.2.1. 시장금리(일별),010210000,국고채(10년),,,,,,,연%,,20180627,2.576
817Y002,1.3.2.1. 시장금리(일별),010210000,국고채(10년),,,,,,,연%,,20180628,2.558
817Y002,1.3.2.1. 시장금리(일별),010210000,국고채(10년),,,,,,,연%,,20180629,2.556
817Y002,1.3.2.1. 시장금리(일별),010210000,국고채(10년),,,,,,,연%,,20180702,2.53
817Y002,1.3.2.1. 시장금리(일별),010210000,국고채(10년),,,,,,,연%,,20180703,2.577
817Y002,1.3.2.1. 시장금리(일별),010210000,국고채(10년),,,,,,,연%,,20180704,2.547
817Y002,1.3.2.1. 시장금리(일별),010210000,국고채(10년),,,,,,,연%,,20180705,2.545
817Y002,1.3.2.1. 시장금리(일별),010210000,국고채(10년),,,,,,,연%,,20180706,2.555
817Y002,1.3.2.1. 시장금리(일별),010210000,국고채(10년),,,,,,,연%,,20180709,2.558
817Y002,1.3.2.1. 시장금리(일별),010210000,국고채(10년),,,,,,,연%,,20180710,2.553
817Y002,1.3.2.1. 시장금리(일별),010210000,국고채(10년),,,,,,,연%,,20180711,2.512
817Y002,1.3.2.1. 시장금리(일별),010210000,국고채(10년),,,,,,,연%,,20180712,2.542
817Y002,1.3.2.1. 시장금리(일별),010210000,국고채(10년),,,,,,,연%,,20180713,2.556
817Y002,1.3.2.1. 시장금리(일별),010210000,국고채(10년),,,,,,,연%,,20180716,2.546
817Y002,1.3.2.1. 시장금리(일별),010210000,국고채(10년),,,,,,,연%,,20180717,2.552
817Y002,1.3.2.1. 시장금리(일별),010210000,국고채(10년),,,,,,,연%,,20180718,2.53
817Y002,1.3.2.1. 시장금리(일별),010210000,국고채(10년),,,,,,,연%,,20180719,2.54
817Y002,1.3.2.1. 시장금리(일별),010210000,국고채(10년),,,,,,,연%,,20180720,2.522
817Y002,1.3.2.1. 시장금리(일별),010210000,국고채(10년),,,,,,,연%,,20180723,2.535
817Y002,1.3.2.1. 시장금리(일별),010210000,국고채(10년),,,,,,,연%,,20180724,2.575
817Y002,1.3.2.1. 시장금리(일별),010210000,국고채(10년),,,,,,,연%,,20180725,2.546
817Y002,1.3.2.1. 시장금리(일별),010210000,국고채(10년),,,,,,,연%,,20180726,2.55
817Y002,1.3.2.1. 시장금리(일별),010210000,국고채(10년),,,,,,,연%,,20180727,2.571
817Y002,1.3.2.1. 시장금리(일별),010210000,국고채(10년),,,,,,,연%,,20180730,2.573
817Y002,1.3.2.1. 시장금리(일별),010210000,국고채(10년),,,,,,,연%,,20180731,2.567
817Y002,1.3.2.1. 시장금리(일별),010210000,국고채(10년),,,,,,,연%,,20180801,2.589
817Y002,1.3.2.1. 시장금리(일별),010210000,국고채(10년),,,,,,,연%,,20180802,2.574
817Y002,1.3.2.1. 시장금리(일별),010210000,국고채(10년),,,,,,,연%,,20180803,2.58
817Y002,1.3.2.1. 시장금리(일별),010210000,국고채(10년),,,,,,,연%,,20180806,2.561
817Y002,1.3.2.1. 시장금리(일별),010210000,국고채(10년),,,,,,,연%,,20180807,2.557
817Y002,1.3.2.1. 시장금리(일별),010210000,국고채(10년),,,,,,,연%,,20180808,2.557
817Y002,1.3.2.1. 시장금리(일별),010210000,국고채(10년),,,,,,,연%,,20180809,2.521
817Y002,1.3.2.1. 시장금리(일별),010210000,국고채(10년),,,,,,,연%,,20180810,2.49
817Y002,1.3.2.1. 시장금리(일별),010210000,국고채(10년),,,,,,,연%,,20180813,2.505
817Y002,1.3.2.1. 시장금리(일별),010210000,국고채(10년),,,,,,,연%,,20180814,2.503
817Y002,1.3.2.1. 시장금리(일별),010210000,국고채(10년),,,,,,,연%,,20180816,2.475
817Y002,1.3.2.1. 시장금리(일별),010210000,국고채(10년),,,,,,,연%,,20180817,2.431
817Y002,1.3.2.1. 시장금리(일별),010210000,국고채(10년),,,,,,,연%,,20180820,2.407
817Y002,1.3.2.1. 시장금리(일별),010210000,국고채(10년),,,,,,,연%,,20180821,2.381
817Y002,1.3.2.1. 시장금리(일별),010210000,국고채(10년),,,,,,,연%,,20180822,2.402
817Y002,1.3.2.1. 시장금리(일별),010210000,국고채(10년),,,,,,,연%,,20180823,2.395
817Y002,1.3.2.1. 시장금리(일별),010210000,국고채(10년),,,,,,,연%,,20180824,2.381
817Y002,1.3.2.1. 시장금리(일별),010210000,국고채(10년),,,,,,,연%,,20180827,2.371
817Y002,1.3.2.1. 시장금리(일별),010210000,국고채(10년),,,,,,,연%,,20180828,2.354
817Y002,1.3.2.1. 시장금리(일별),010210000,국고채(10년),,,,,,,연%,,20180829,2.362
817Y002,1.3.2.1. 시장금리(일별),010210000,국고채(10년),,,,,,,연%,,20180830,2.367
817Y002,1.3.2.1. 시장금리(일별),010210000,국고채(10년),,,,,,,연%,,20180831,2.311
817Y002,1.3.2.1. 시장금리(일별),010210000,국고채(10년),,,,,,,연%,,20180903,2.292
817Y002,1.3.2.1. 시장금리(일별),010210000,국고채(10년),,,,,,,연%,,20180904,2.298
817Y002,1.3.2.1. 시장금리(일별),010210000,국고채(10년),,,,,,,연%,,20180905,2.269
817Y002,1.3.2.1. 시장금리(일별),010210000,국고채(10년),,,,,,,연%,,20180906,2.274
817Y002,1.3.2.1. 시장금리(일별),010210000,국고채(10년),,,,,,,연%,,20180907,2.268
817Y002,1.3.2.1. 시장금리(일별),010210000,국고채(10년),,,,,,,연%,,20180910,2.258
817Y002,1.3.2.1. 시장금리(일별),010210000,국고채(10년),,,,,,,연%,,20180911,2.273
817Y002,1.3.2.1. 시장금리(일별),010210000,국고채(10년),,,,,,,연%,,20180912,2.254
817Y002,1.3.2.1. 시장금리(일별),010210000,국고채(10년),,,,,,,연%,,20180913,2.262
817Y002,1.3.2.1. 시장금리(일별),010210000,국고채(10년),,,,,,,연%,,20180914,2.309
817Y002,1.3.2.1. 시장금리(일별),010210000,국고채(10년),,,,,,,연%,,20180917,2.316
817Y002,1.3.2.1. 시장금리(일별),010210000,국고채(10년),,,,,,,연%,,20180918,2.337
817Y002,1.3.2.1. 시장금리(일별),010210000,국고채(10년),,,,,,,연%,,20180919,2.374
817Y002,1.3.2.1. 시장금리(일별),010210000,국고채(10년),,,,,,,연%,,20180920,2.428
817Y002,1.3.2.1. 시장금리(일별),010210000,국고채(10년),,,,,,,연%,,20180921,2.412
817Y002,1.3.2.1. 시장금리(일별),010210000,국고채(10년),,,,,,,연%,,20180927,2.375
817Y002,1.3.2.1. 시장금리(일별),010210000,국고채(10년),,,,,,,연%,,20180928,2.357
817Y002,1.3.2.1. 시장금리(일별),010210000,국고채(10년),,,,,,,연%,,20181001,2.384
817Y002,1.3.2.1. 시장금리(일별),010210000,국고채(10년),,,,,,,연%,,20181002,2.371
817Y002,1.3.2.1. 시장금리(일별),010210000,국고채(10년),,,,,,,연%,,20181004,2.445
817Y002,1.3.2.1. 시장금리(일별),010210000,국고채(10년),,,,,,,연%,,20181005,2.453
817Y002,1.3.2.1. 시장금리(일별),010210000,국고채(10년),,,,,,,연%,,20181008,2.453
817Y002,1.3.2.1. 시장금리(일별),010210000,국고채(10년),,,,,,,연%,,20181010,2.413
817Y002,1.3.2.1. 시장금리(일별),010210000,국고채(10년),,,,,,,연%,,20181011,2.361
817Y002,1.3.2.1. 시장금리(일별),010210000,국고채(10년),,,,,,,연%,,20181012,2.399
817Y002,1.3.2.1. 시장금리(일별),010210000,국고채(10년),,,,,,,연%,,20181015,2.38
817Y002,1.3.2.1. 시장금리(일별),010210000,국고채(10년),,,,,,,연%,,20181016,2.38
817Y002,1.3.2.1. 시장금리(일별),010210000,국고채(10년),,,,,,,연%,,20181017,2.341
817Y002,1.3.2.1. 시장금리(일별),010210000,국고채(10년),,,,,,,연%,,20181018,2.293
817Y002,1.3.2.1. 시장금리(일별),010210000,국고채(10년),,,,,,,연%,,20181019,2.318
817Y002,1.3.2.1. 시장금리(일별),010210000,국고채(10년),,,,,,,연%,,20181022,2.344
817Y002,1.3.2.1. 시장금리(일별),010210000,국고채(10년),,,,,,,연%,,20181023,2.307
817Y002,1.3.2.1. 시장금리(일별),010210000,국고채(10년),,,,,,,연%,,20181024,2.309
817Y002,1.3.2.1. 시장금리(일별),010210000,국고채(10년),,,,,,,연%,,20181025,2.269
817Y002,1.3.2.1. 시장금리(일별),010210000,국고채(10년),,,,,,,연%,,20181026,2.248
817Y002,1.3.2.1. 시장금리(일별),010210000,국고채(10년),,,,,,,연%,,20181029,2.171
817Y002,1.3.2.1. 시장금리(일별),010210000,국고채(10년),,,,,,,연%,,20181030,2.221
817Y002,1.3.2.1. 시장금리(일별),010210000,국고채(10년),,,,,,,연%,,20181031,2.243
817Y002,1.3.2.1. 시장금리(일별),010210000,국고채(10년),,,,,,,연%,,20181101,2.251
817Y002,1.3.2.1. 시장금리(일별),010210000,국고채(10년),,,,,,,연%,,20181102,2.283
817Y002,1.3.2.1. 시장금리(일별),010210000,국고채(10년),,,,,,,연%,,20181105,2.279
817Y002,1.3.2.1. 시장금리(일별),010210000,국고채(10년),,,,,,,연%,,20181106,2.295
817Y002,1.3.2.1. 시장금리(일별),010210000,국고채(10년),,,,,,,연%,,20181107,2.259
817Y002,1.3.2.1. 시장금리(일별),010210000,국고채(10년),,,,,,,연%,,20181108,2.257
817Y002,1.3.2.1. 시장금리(일별),010210000,국고채(10년),,,,,,,연%,,20181109,2.233
817Y002,1.3.2.1. 시장금리(일별),010210000,국고채(10년),,,,,,,연%,,20181112,2.21
817Y002,1.3.2.1. 시장금리(일별),010210000,국고채(10년),,,,,,,연%,,20181113,2.211
817Y002,1.3.2.1. 시장금리(일별),010210000,국고채(10년),,,,,,,연%,,20181114,2.195
817Y002,1.3.2.1. 시장금리(일별),010210000,국고채(10년),,,,,,,연%,,20181115,2.231
817Y002,1.3.2.1. 시장금리(일별),010210000,국고채(10년),,,,,,,연%,,20181116,2.22
817Y002,1.3.2.1. 시장금리(일별),010210000,국고채(10년),,,,,,,연%,,20181119,2.201
817Y002,1.3.2.1. 시장금리(일별),010210000,국고채(10년),,,,,,,연%,,20181120,2.206
817Y002,1.3.2.1. 시장금리(일별),010210000,국고채(10년),,,,,,,연%,,20181121,2.209
817Y002,1.3.2.1. 시장금리(일별),010210000,국고채(10년),,,,,,,연%,,20181122,2.206
817Y002,1.3.2.1. 시장금리(일별),010210000,국고채(10년),,,,,,,연%,,20181123,2.169
817Y002,1.3.2.1. 시장금리(일별),010210000,국고채(10년),,,,,,,연%,,20181126,2.167
817Y002,1.3.2.1. 시장금리(일별),010210000,국고채(10년),,,,,,,연%,,20181127,2.15
817Y002,1.3.2.1. 시장금리(일별),010210000,국고채(10년),,,,,,,연%,,20181128,2.155
817Y002,1.3.2.1. 시장금리(일별),010210000,국고채(10년),,,,,,,연%,,20181129,2.114
817Y002,1.3.2.1. 시장금리(일별),010210000,국고채(10년),,,,,,,연%,,20181130,2.106
817Y002,1.3.2.1. 시장금리(일별),010210000,국고채(10년),,,,,,,연%,,20181203,2.128
817Y002,1.3.2.1. 시장금리(일별),010210000,국고채(10년),,,,,,,연%,,20181204,2.102
817Y002,1.3.2.1. 시장금리(일별),010210000,국고채(10년),,,,,,,연%,,20181205,2.058
817Y002,1.3.2.1. 시장금리(일별),010210000,국고채(10년),,,,,,,연%,,20181206,1.983
817Y002,1.3.2.1. 시장금리(일별),010210000,국고채(10년),,,,,,,연%,,20181207,1.993
817Y002,1.3.2.1. 시장금리(일별),010210000,국고채(10년),,,,,,,연%,,20181210,1.978
817Y002,1.3.2.1. 시장금리(일별),010210000,국고채(10년),,,,,,,연%,,20181211,1.98
817Y002,1.3.2.1. 시장금리(일별),010210000,국고채(10년),,,,,,,연%,,20181212,2.01
817Y002,1.3.2.1. 시장금리(일별),010210000,국고채(10년),,,,,,,연%,,20181213,2.018
817Y002,1.3.2.1. 시장금리(일별),010210000,국고채(10년),,,,,,,연%,,20181214,2.002
817Y002,1.3.2.1. 시장금리(일별),010210000,국고채(10년),,,,,,,연%,,20181217,2.004
817Y002,1.3.2.1. 시장금리(일별),010210000,국고채(10년),,,,,,,연%,,20181218,1.981
817Y002,1.3.2.1. 시장금리(일별),010210000,국고채(10년),,,,,,,연%,,20181219,1.932
817Y002,1.3.2.1. 시장금리(일별),010210000,국고채(10년),,,,,,,연%,,20181220,1.932
817Y002,1.3.2.1. 시장금리(일별),010210000,국고채(10년),,,,,,,연%,,20181221,1.97
817Y002,1.3.2.1. 시장금리(일별),010210000,국고채(10년),,,,,,,연%,,20181224,1.99
817Y002,1.3.2.1. 시장금리(일별),010210000,국고채(10년),,,,,,,연%,,20181226,1.948
817Y002,1.3.2.1. 시장금리(일별),010210000,국고채(10년),,,,,,,연%,,20181227,1.943
817Y002,1.3.2.1. 시장금리(일별),010210000,국고채(10년),,,,,,,연%,,20181228,1.948
817Y002,1.3.2.1. 시장금리(일별),010210000,국고채(10년),,,,,,,연%,,20181231,1.948
817Y002,1.3.2.1. 시장금리(일별),010210000,국고채(10년),,,,,,,연%,,20190102,1.948
817Y002,1.3.2.1. 시장금리(일별),010210000,국고채(10년),,,,,,,연%,,20190103,1.955
817Y002,1.3.2.1. 시장금리(일별),010210000,국고채(10년),,,,,,,연%,,20190104,1.972
817Y002,1.3.2.1. 시장금리(일별),010210000,국고채(10년),,,,,,,연%,,20190107,1.977
817Y002,1.3.2.1. 시장금리(일별),010210000,국고채(10년),,,,,,,연%,,20190108,1.994
817Y002,1.3.2.1. 시장금리(일별),010210000,국고채(10년),,,,,,,연%,,20190109,1.985
817Y002,1.3.2.1. 시장금리(일별),010210000,국고채(10년),,,,,,,연%,,20190110,1.964
817Y002,1.3.2.1. 시장금리(일별),010210000,국고채(10년),,,,,,,연%,,20190111,1.992
817Y002,1.3.2.1. 시장금리(일별),010210000,국고채(10년),,,,,,,연%,,20190114,1.973
817Y002,1.3.2.1. 시장금리(일별),010210000,국고채(10년),,,,,,,연%,,20190115,1.968
817Y002,1.3.2.1. 시장금리(일별),010210000,국고채(10년),,,,,,,연%,,20190116,1.982
817Y002,1.3.2.1. 시장금리(일별),010210000,국고채(10년),,,,,,,연%,,20190117,1.976
817Y002,1.3.2.1. 시장금리(일별),010210000,국고채(10년),,,,,,,연%,,20190118,2.008
817Y002,1.3.2.1. 시장금리(일별),010210000,국고채(10년),,,,,,,연%,,20190121,2.028
817Y002,1.3.2.1. 시장금리(일별),010210000,국고채(10년),,,,,,,연%,,20190122,1.997
817Y002,1.3.2.1. 시장금리(일별),010210000,국고채(10년),,,,,,,연%,,20190123,1.984
817Y002,1.3.2.1. 시장금리(일별),010210000,국고채(10년),,,,,,,연%,,20190124,1.993
817Y002,1.3.2.1. 시장금리(일별),010210000,국고채(10년),,,,,,,연%,,20190125,2.005
817Y002,1.3.2.1. 시장금리(일별),010210000,국고채(10년),,,,,,,연%,,20190128,2.019
817Y002,1.3.2.1. 시장금리(일별),010210000,국고채(10년),,,,,,,연%,,20190129,2.035
817Y002,1.3.2.1. 시장금리(일별),010210000,국고채(10년),,,,,,,연%,,20190130,2.051
817Y002,1.3.2.1. 시장금리(일별),010210000,국고채(10년),,,,,,,연%,,20190131,2.001
817Y002,1.3.2.1. 시장금리(일별),010210000,국고채(10년),,,,,,,연%,,20190201,1.983
817Y002,1.3.2.1. 시장금리(일별),010210000,국고채(10년),,,,,,,연%,,20190207,1.995
817Y002,1.3.2.1. 시장금리(일별),010210000,국고채(10년),,,,,,,연%,,20190208,1.965
817Y002,1.3.2.1. 시장금리(일별),010210000,국고채(10년),,,,,,,연%,,20190211,1.943
817Y002,1.3.2.1. 시장금리(일별),010210000,국고채(10년),,,,,,,연%,,20190212,1.978
817Y002,1.3.2.1. 시장금리(일별),010210000,국고채(10년),,,,,,,연%,,20190213,1.987
817Y002,1.3.2.1. 시장금리(일별),010210000,국고채(10년),,,,,,,연%,,20190214,1.99
817Y002,1.3.2.1. 시장금리(일별),010210000,국고채(10년),,,,,,,연%,,20190215,1.962
817Y002,1.3.2.1. 시장금리(일별),010210000,국고채(10년),,,,,,,연%,,20190218,1.997
817Y002,1.3.2.1. 시장금리(일별),010210000,국고채(10년),,,,,,,연%,,20190219,1.996
817Y002,1.3.2.1. 시장금리(일별),010210000,국고채(10년),,,,,,,연%,,20190220,1.992
817Y002,1.3.2.1. 시장금리(일별),010210000,국고채(10년),,,,,,,연%,,20190221,2.01
817Y002,1.3.2.1. 시장금리(일별),010210000,국고채(10년),,,,,,,연%,,20190222,2.008
817Y002,1.3.2.1. 시장금리(일별),010210000,국고채(10년),,,,,,,연%,,20190225,2.012
817Y002,1.3.2.1. 시장금리(일별),010210000,국고채(10년),,,,,,,연%,,20190226,2.003
817Y002,1.3.2.1. 시장금리(일별),010210000,국고채(10년),,,,,,,연%,,20190227,1.985
817Y002,1.3.2.1. 시장금리(일별),010210000,국고채(10년),,,,,,,연%,,20190228,1.987
817Y002,1.3.2.1. 시장금리(일별),010210000,국고채(10년),,,,,,,연%,,20190304,2.027
817Y002,1.3.2.1. 시장금리(일별),010210000,국고채(10년),,,,,,,연%,,20190305,2.029
817Y002,1.3.2.1. 시장금리(일별),010210000,국고채(10년),,,,,,,연%,,20190306,2.021
817Y002,1.3.2.1. 시장금리(일별),010210000,국고채(10년),,,,,,,연%,,20190307,2.005
817Y002,1.3.2.1. 시장금리(일별),010210000,국고채(10년),,,,,,,연%,,20190308,1.973
817Y002,1.3.2.1. 시장금리(일별),010210000,국고채(10년),,,,,,,연%,,20190311,1.986
817Y002,1.3.2.1. 시장금리(일별),010210000,국고채(10년),,,,,,,연%,,20190312,1.991
817Y002,1.3.2.1. 시장금리(일별),010210000,국고채(10년),,,,,,,연%,,20190313,1.966
817Y002,1.3.2.1. 시장금리(일별),010210000,국고채(10년),,,,,,,연%,,20190314,1.978
817Y002,1.3.2.1. 시장금리(일별),010210000,국고채(10년),,,,,,,연%,,20190315,1.989
817Y002,1.3.2.1. 시장금리(일별),010210000,국고채(10년),,,,,,,연%,,20190318,1.994
817Y002,1.3.2.1. 시장금리(일별),010210000,국고채(10년),,,,,,,연%,,20190319,1.979
817Y002,1.3.2.1. 시장금리(일별),010210000,국고채(10년),,,,,,,연%,,20190320,1.981
817Y002,1.3.2.1. 시장금리(일별),010210000,국고채(10년),,,,,,,연%,,20190321,1.932
817Y002,1.3.2.1. 시장금리(일별),010210000,국고채(10년),,,,,,,연%,,20190322,1.934
817Y002,1.3.2.1. 시장금리(일별),010210000,국고채(10년),,,,,,,연%,,20190325,1.888
817Y002,1.3.2.1. 시장금리(일별),010210000,국고채(10년),,,,,,,연%,,20190326,1.905
817Y002,1.3.2.1. 시장금리(일별),010210000,국고채(10년),,,,,,,연%,,20190327,1.845
817Y002,1.3.2.1. 시장금리(일별),010210000,국고채(10년),,,,,,,연%,,20190328,1.81
817Y002,1.3.2.1. 시장금리(일별),010210000,국고채(10년),,,,,,,연%,,20190329,1.833
817Y002,1.3.2.1. 시장금리(일별),010210000,국고채(10년),,,,,,,연%,,20190401,1.866
817Y002,1.3.2.1. 시장금리(일별),010210000,국고채(10년),,,,,,,연%,,20190402,1.856
817Y002,1.3.2.1. 시장금리(일별),010210000,국고채(10년),,,,,,,연%,,20190403,1.889
817Y002,1.3.2.1. 시장금리(일별),010210000,국고채(10년),,,,,,,연%,,20190404,1.877
817Y002,1.3.2.1. 시장금리(일별),010210000,국고채(10년),,,,,,,연%,,20190405,1.893
817Y002,1.3.2.1. 시장금리(일별),010210000,국고채(10년),,,,,,,연%,,20190408,1.868
817Y002,1.3.2.1. 시장금리(일별),010210000,국고채(10년),,,,,,,연%,,20190409,1.872
817Y002,1.3.2.1. 시장금리(일별),010210000,국고채(10년),,,,,,,연%,,20190410,1.871
817Y002,1.3.2.1. 시장금리(일별),010210000,국고채(10년),,,,,,,연%,,20190411,1.867
817Y002,1.3.2.1. 시장금리(일별),010210000,국고채(10년),,,,,,,연%,,20190412,1.881
817Y002,1.3.2.1. 시장금리(일별),010210000,국고채(10년),,,,,,,연%,,20190415,1.926
817Y002,1.3.2.1. 시장금리(일별),010210000,국고채(10년),,,,,,,연%,,20190416,1.932
817Y002,1.3.2.1. 시장금리(일별),010210000,국고채(10년),,,,,,,연%,,20190417,1.947
817Y002,1.3.2.1. 시장금리(일별),010210000,국고채(10년),,,,,,,연%,,20190418,1.893
817Y002,1.3.2.1. 시장금리(일별),010210000,국고채(10년),,,,,,,연%,,20190419,1.899
817Y002,1.3.2.1. 시장금리(일별),010210000,국고채(10년),,,,,,,연%,,20190422,1.929
817Y002,1.3.2.1. 시장금리(일별),010210000,국고채(10년),,,,,,,연%,,20190423,1.923
817Y002,1.3.2.1. 시장금리(일별),010210000,국고채(10년),,,,,,,연%,,20190424,1.912
817Y002,1.3.2.1. 시장금리(일별),010210000,국고채(10년),,,,,,,연%,,20190425,1.879
817Y002,1.3.2.1. 시장금리(일별),010210000,국고채(10년),,,,,,,연%,,20190426,1.876
817Y002,1.3.2.1. 시장금리(일별),010210000,국고채(10년),,,,,,,연%,,20190429,1.864
817Y002,1.3.2.1. 시장금리(일별),010210000,국고채(10년),,,,,,,연%,,20190430,1.845
817Y002,1.3.2.1. 시장금리(일별),010210000,국고채(10년),,,,,,,연%,,20190502,1.885
817Y002,1.3.2.1. 시장금리(일별),010210000,국고채(10년),,,,,,,연%,,20190503,1.9
817Y002,1.3.2.1. 시장금리(일별),010210000,국고채(10년),,,,,,,연%,,20190507,1.885
817Y002,1.3.2.1. 시장금리(일별),010210000,국고채(10년),,,,,,,연%,,20190508,1.878
817Y002,1.3.2.1. 시장금리(일별),010210000,국고채(10년),,,,,,,연%,,20190509,1.861
817Y002,1.3.2.1. 시장금리(일별),010210000,국고채(10년),,,,,,,연%,,20190510,1.873
817Y002,1.3.2.1. 시장금리(일별),010210000,국고채(10년),,,,,,,연%,,20190513,1.874
817Y002,1.3.2.1. 시장금리(일별),010210000,국고채(10년),,,,,,,연%,,20190514,1.868
817Y002,1.3.2.1. 시장금리(일별),010210000,국고채(10년),,,,,,,연%,,20190515,1.865
817Y002,1.3.2.1. 시장금리(일별),010210000,국고채(10년),,,,,,,연%,,20190516,1.82
817Y002,1.3.2.1. 시장금리(일별),010210000,국고채(10년),,,,,,,연%,,20190517,1.822
817Y002,1.3.2.1. 시장금리(일별),010210000,국고채(10년),,,,,,,연%,,20190520,1.847
817Y002,1.3.2.1. 시장금리(일별),010210000,국고채(10년),,,,,,,연%,,20190521,1.83
817Y002,1.3.2.1. 시장금리(일별),010210000,국고채(10년),,,,,,,연%,,20190522,1.828
817Y002,1.3.2.1. 시장금리(일별),010210000,국고채(10년),,,,,,,연%,,20190523,1.808
817Y002,1.3.2.1. 시장금리(일별),010210000,국고채(10년),,,,,,,연%,,20190524,1.792
817Y002,1.3.2.1. 시장금리(일별),010210000,국고채(10년),,,,,,,연%,,20190527,1.797
817Y002,1.3.2.1. 시장금리(일별),010210000,국고채(10년),,,,,,,연%,,20190528,1.793
817Y002,1.3.2.1. 시장금리(일별),010210000,국고채(10년),,,,,,,연%,,20190529,1.741
817Y002,1.3.2.1. 시장금리(일별),010210000,국고채(10년),,,,,,,연%,,20190530,1.741
817Y002,1.3.2.1. 시장금리(일별),010210000,국고채(10년),,,,,,,연%,,20190531,1.682
817Y002,1.3.2.1. 시장금리(일별),010210000,국고채(10년),,,,,,,연%,,20190603,1.691
817Y002,1.3.2.1. 시장금리(일별),010210000,국고채(10년),,,,,,,연%,,20190604,1.684
817Y002,1.3.2.1. 시장금리(일별),010210000,국고채(10년),,,,,,,연%,,20190605,1.654
817Y002,1.3.2.1. 시장금리(일별),010210000,국고채(10년),,,,,,,연%,,20190607,1.656
817Y002,1.3.2.1. 시장금리(일별),010210000,국고채(10년),,,,,,,연%,,20190610,1.661
817Y002,1.3.2.1. 시장금리(일별),010210000,국고채(10년),,,,,,,연%,,20190611,1.68
817Y002,1.3.2.1. 시장금리(일별),010210000,국고채(10년),,,,,,,연%,,20190612,1.6
817Y002,1.3.2.1. 시장금리(일별),010210000,국고채(10년),,,,,,,연%,,20190613,1.613
817Y002,1.3.2.1. 시장금리(일별),010210000,국고채(10년),,,,,,,연%,,20190614,1.591
817Y002,1.3.2.1. 시장금리(일별),010210000,국고채(10년),,,,,,,연%,,20190617,1.621
817Y002,1.3.2.1. 시장금리(일별),010210000,국고채(10년),,,,,,,연%,,20190618,1.614
817Y002,1.3.2.1. 시장금리(일별),010210000,국고채(10년),,,,,,,연%,,20190619,1.601
817Y002,1.3.2.1. 시장금리(일별),010210000,국고채(10년),,,,,,,연%,,20190620,1.545
817Y002,1.3.2.1. 시장금리(일별),010210000,국고채(10년),,,,,,,연%,,20190621,1.569
817Y002,1.3.2.1. 시장금리(일별),010210000,국고채(10년),,,,,,,연%,,20190624,1.563
817Y002,1.3.2.1. 시장금리(일별),010210000,국고채(10년),,,,,,,연%,,20190625,1.584
817Y002,1.3.2.1. 시장금리(일별),010210000,국고채(10년),,,,,,,연%,,20190626,1.605
817Y002,1.3.2.1. 시장금리(일별),010210000,국고채(10년),,,,,,,연%,,20190627,1.616
817Y002,1.3.2.1. 시장금리(일별),010210000,국고채(10년),,,,,,,연%,,20190628,1.596
817Y002,1.3.2.1. 시장금리(일별),010210000,국고채(10년),,,,,,,연%,,20190701,1.608
817Y002,1.3.2.1. 시장금리(일별),010210000,국고채(10년),,,,,,,연%,,20190702,1.586
817Y002,1.3.2.1. 시장금리(일별),010210000,국고채(10년),,,,,,,연%,,20190703,1.534
817Y002,1.3.2.1. 시장금리(일별),010210000,국고채(10년),,,,,,,연%,,20190704,1.523
817Y002,1.3.2.1. 시장금리(일별),010210000,국고채(10년),,,,,,,연%,,20190705,1.533
817Y002,1.3.2.1. 시장금리(일별),010210000,국고채(10년),,,,,,,연%,,20190708,1.53
817Y002,1.3.2.1. 시장금리(일별),010210000,국고채(10년),,,,,,,연%,,20190709,1.538
817Y002,1.3.2.1. 시장금리(일별),010210000,국고채(10년),,,,,,,연%,,20190710,1.562
817Y002,1.3.2.1. 시장금리(일별),010210000,국고채(10년),,,,,,,연%,,20190711,1.547
817Y002,1.3.2.1. 시장금리(일별),010210000,국고채(10년),,,,,,,연%,,20190712,1.569
817Y002,1.3.2.1. 시장금리(일별),010210000,국고채(10년),,,,,,,연%,,20190715,1.582
817Y002,1.3.2.1. 시장금리(일별),010210000,국고채(10년),,,,,,,연%,,20190716,1.573
817Y002,1.3.2.1. 시장금리(일별),010210000,국고채(10년),,,,,,,연%,,20190717,1.546
817Y002,1.3.2.1. 시장금리(일별),010210000,국고채(10년),,,,,,,연%,,20190718,1.472
817Y002,1.3.2.1. 시장금리(일별),010210000,국고채(10년),,,,,,,연%,,20190719,1.456
817Y002,1.3.2.1. 시장금리(일별),010210000,국고채(10년),,,,,,,연%,,20190722,1.465
817Y002,1.3.2.1. 시장금리(일별),010210000,국고채(10년),,,,,,,연%,,20190723,1.472
817Y002,1.3.2.1. 시장금리(일별),010210000,국고채(10년),,,,,,,연%,,20190724,1.465
817Y002,1.3.2.1. 시장금리(일별),010210000,국고채(10년),,,,,,,연%,,20190725,1.431
817Y002,1.3.2.1. 시장금리(일별),010210000,국고채(10년),,,,,,,연%,,20190726,1.426
817Y002,1.3.2.1. 시장금리(일별),010210000,국고채(10년),,,,,,,연%,,20190729,1.412
817Y002,1.3.2.1. 시장금리(일별),010210000,국고채(10년),,,,,,,연%,,20190730,1.409
817Y002,1.3.2.1. 시장금리(일별),010210000,국고채(10년),,,,,,,연%,,20190731,1.39
817Y002,1.3.2.1. 시장금리(일별),010210000,국고채(10년),,,,,,,연%,,20190801,1.41
817Y002,1.3.2.1. 시장금리(일별),010210000,국고채(10년),,,,,,,연%,,20190802,1.349
817Y002,1.3.2.1. 시장금리(일별),010210000,국고채(10년),,,,,,,연%,,20190805,1.253
817Y002,1.3.2.1. 시장금리(일별),010210000,국고채(10년),,,,,,,연%,,20190806,1.256
817Y002,1.3.2.1. 시장금리(일별),010210000,국고채(10년),,,,,,,연%,,20190807,1.251
817Y002,1.3.2.1. 시장금리(일별),010210000,국고채(10년),,,,,,,연%,,20190808,1.27
817Y002,1.3.2.1. 시장금리(일별),010210000,국고채(10년),,,,,,,연%,,20190809,1.286
817Y002,1.3.2.1. 시장금리(일별),010210000,국고채(10년),,,,,,,연%,,20190812,1.285
817Y002,1.3.2.1. 시장금리(일별),010210000,국고채(10년),,,,,,,연%,,20190813,1.229
817Y002,1.3.2.1. 시장금리(일별),010210000,국고채(10년),,,,,,,연%,,20190814,1.231
817Y002,1.3.2.1. 시장금리(일별),010210000,국고채(10년),,,,,,,연%,,20190816,1.172
817Y002,1.3.2.1. 시장금리(일별),010210000,국고채(10년),,,,,,,연%,,20190819,1.184
817Y002,1.3.2.1. 시장금리(일별),010210000,국고채(10년),,,,,,,연%,,20190820,1.198
817Y002,1.3.2.1. 시장금리(일별),010210000,국고채(10년),,,,,,,연%,,20190821,1.277
817Y002,1.3.2.1. 시장금리(일별),010210000,국고채(10년),,,,,,,연%,,20190822,1.229
817Y002,1.3.2.1. 시장금리(일별),010210000,국고채(10년),,,,,,,연%,,20190823,1.261
817Y002,1.3.2.1. 시장금리(일별),010210000,국고채(10년),,,,,,,연%,,20190826,1.191
817Y002,1.3.2.1. 시장금리(일별),010210000,국고채(10년),,,,,,,연%,,20190827,1.238
817Y002,1.3.2.1. 시장금리(일별),010210000,국고채(10년),,,,,,,연%,,20190828,1.244
817Y002,1.3.2.1. 시장금리(일별),010210000,국고채(10년),,,,,,,연%,,20190829,1.248
817Y002,1.3.2.1. 시장금리(일별),010210000,국고채(10년),,,,,,,연%,,20190830,1.276
817Y002,1.3.2.1. 시장금리(일별),010210000,국고채(10년),,,,,,,연%,,20190902,1.344
817Y002,1.3.2.1. 시장금리(일별),010210000,국고채(10년),,,,,,,연%,,20190903,1.331
817Y002,1.3.2.1. 시장금리(일별),010210000,국고채(10년),,,,,,,연%,,20190904,1.344
817Y002,1.3.2.1. 시장금리(일별),010210000,국고채(10년),,,,,,,연%,,20190905,1.367
817Y002,1.3.2.1. 시장금리(일별),010210000,국고채(10년),,,,,,,연%,,20190906,1.381
817Y002,1.3.2.1. 시장금리(일별),010210000,국고채(10년),,,,,,,연%,,20190909,1.353
817Y002,1.3.2.1. 시장금리(일별),010210000,국고채(10년),,,,,,,연%,,20190910,1.37
817Y002,1.3.2.1. 시장금리(일별),010210000,국고채(10년),,,,,,,연%,,20190911,1.397
817Y002,1.3.2.1. 시장금리(일별),010210000,국고채(10년),,,,,,,연%,,20190916,1.536
817Y002,1.3.2.1. 시장금리(일별),010210000,국고채(10년),,,,,,,연%,,20190917,1.5
817Y002,1.3.2.1. 시장금리(일별),010210000,국고채(10년),,,,,,,연%,,20190918,1.468
817Y002,1.3.2.1. 시장금리(일별),010210000,국고채(10년),,,,,,,연%,,20190919,1.463
817Y002,1.3.2.1. 시장금리(일별),010210000,국고채(10년),,,,,,,연%,,20190920,1.455
817Y002,1.3.2.1. 시장금리(일별),010210000,국고채(10년),,,,,,,연%,,20190923,1.462
817Y002,1.3.2.1. 시장금리(일별),010210000,국고채(10년),,,,,,,연%,,20190924,1.454
817Y002,1.3.2.1. 시장금리(일별),010210000,국고채(10년),,,,,,,연%,,20190925,1.424
817Y002,1.3.2.1. 시장금리(일별),010210000,국고채(10년),,,,,,,연%,,20190926,1.433
817Y002,1.3.2.1. 시장금리(일별),010210000,국고채(10년),,,,,,,연%,,20190927,1.438
817Y002,1.3.2.1. 시장금리(일별),010210000,국고채(10년),,,,,,,연%,,20190930,1.456
817Y002,1.3.2.1. 시장금리(일별),010210000,국고채(10년),,,,,,,연%,,20191001,1.498
817Y002,1.3.2.1. 시장금리(일별),010210000,국고채(10년),,,,,,,연%,,20191002,1.497
817Y002,1.3.2.1. 시장금리(일별),010210000,국고채(10년),,,,,,,연%,,20191004,1.373
817Y002,1.3.2.1. 시장금리(일별),010210000,국고채(10년),,,,,,,연%,,20191007,1.386
817Y002,1.3.2.1. 시장금리(일별),010210000,국고채(10년),,,,,,,연%,,20191008,1.429
817Y002,1.3.2.1. 시장금리(일별),010210000,국고채(10년),,,,,,,연%,,20191010,1.459
817Y002,1.3.2.1. 시장금리(일별),010210000,국고채(10년),,,,,,,연%,,20191011,1.488
817Y002,1.3.2.1. 시장금리(일별),010210000,국고채(10년),,,,,,,연%,,20191014,1.488
817Y002,1.3.2.1. 시장금리(일별),010210000,국고채(10년),,,,,,,연%,,20191015,1.499
817Y002,1.3.2.1. 시장금리(일별),010210000,국고채(10년),,,,,,,연%,,20191016,1.53
817Y002,1.3.2.1. 시장금리(일별),010210000,국고채(10년),,,,,,,연%,,20191017,1.578
817Y002,1.3.2.1. 시장금리(일별),010210000,국고채(10년),,,,,,,연%,,20191018,1.587
817Y002,1.3.2.1. 시장금리(일별),010210000,국고채(10년),,,,,,,연%,,20191021,1.66
817Y002,1.3.2.1. 시장금리(일별),010210000,국고채(10년),,,,,,,연%,,20191022,1.655
817Y002,1.3.2.1. 시장금리(일별),010210000,국고채(10년),,,,,,,연%,,20191023,1.654
817Y002,1.3.2.1. 시장금리(일별),010210000,국고채(10년),,,,,,,연%,,20191024,1.641
817Y002,1.3.2.1. 시장금리(일별),010210000,국고채(10년),,,,,,,연%,,20191025,1.677
817Y002,1.3.2.1. 시장금리(일별),010210000,국고채(10년),,,,,,,연%,,20191028,1.765
817Y002,1.3.2.1. 시장금리(일별),010210000,국고채(10년),,,,,,,연%,,20191029,1.777
817Y002,1.3.2.1. 시장금리(일별),010210000,국고채(10년),,,,,,,연%,,20191030,1.753
817Y002,1.3.2.1. 시장금리(일별),010210000,국고채(10년),,,,,,,연%,,20191031,1.728
817Y002,1.3.2.1. 시장금리(일별),010210000,국고채(10년),,,,,,,연%,,20191101,1.732
817Y002,1.3.2.1. 시장금리(일별),010210000,국고채(10년),,,,,,,연%,,20191104,1.827
817Y002,1.3.2.1. 시장금리(일별),010210000,국고채(10년),,,,,,,연%,,20191105,1.817
817Y002,1.3.2.1. 시장금리(일별),010210000,국고채(10년),,,,,,,연%,,20191106,1.82
817Y002,1.3.2.1. 시장금리(일별),010210000,국고채(10년),,,,,,,연%,,20191107,1.822
817Y002,1.3.2.1. 시장금리(일별),010210000,국고채(10년),,,,,,,연%,,20191108,1.803
817Y002,1.3.2.1. 시장금리(일별),010210000,국고채(10년),,,,,,,연%,,20191111,1.788
817Y002,1.3.2.1. 시장금리(일별),010210000,국고채(10년),,,,,,,연%,,20191112,1.842
817Y002,1.3.2.1. 시장금리(일별),010210000,국고채(10년),,,,,,,연%,,20191113,1.787
817Y002,1.3.2.1. 시장금리(일별),010210000,국고채(10년),,,,,,,연%,,20191114,1.785
817Y002,1.3.2.1. 시장금리(일별),010210000,국고채(10년),,,,,,,연%,,20191115,1.79
817Y002,1.3.2.1. 시장금리(일별),010210000,국고채(10년),,,,,,,연%,,20191118,1.781
817Y002,1.3.2.1. 시장금리(일별),010210000,국고채(10년),,,,,,,연%,,20191119,1.734
817Y002,1.3.2.1. 시장금리(일별),010210000,국고채(10년),,,,,,,연%,,20191120,1.671
817Y002,1.3.2.1. 시장금리(일별),010210000,국고채(10년),,,,,,,연%,,20191121,1.672
817Y002,1.3.2.1. 시장금리(일별),010210000,국고채(10년),,,,,,,연%,,20191122,1.687
817Y002,1.3.2.1. 시장금리(일별),010210000,국고채(10년),,,,,,,연%,,20191125,1.725
817Y002,1.3.2.1. 시장금리(일별),010210000,국고채(10년),,,,,,,연%,,20191126,1.707
817Y002,1.3.2.1. 시장금리(일별),010210000,국고채(10년),,,,,,,연%,,20191127,1.671
817Y002,1.3.2.1. 시장금리(일별),010210000,국고채(10년),,,,,,,연%,,20191128,1.667
817Y002,1.3.2.1. 시장금리(일별),010210000,국고채(10년),,,,,,,연%,,20191129,1.63
817Y002,1.3.2.1. 시장금리(일별),010210000,국고채(10년),,,,,,,연%,,20191202,1.688
817Y002,1.3.2.1. 시장금리(일별),010210000,국고채(10년),,,,,,,연%,,20191203,1.736
817Y002,1.3.2.1. 시장금리(일별),010210000,국고채(10년),,,,,,,연%,,20191204,1.657
817Y002,1.3.2.1. 시장금리(일별),010210000,국고채(10년),,,,,,,연%,,20191205,1.661
817Y002,1.3.2.1. 시장금리(일별),010210000,국고채(10년),,,,,,,연%,,20191206,1.68
817Y002,1.3.2.1. 시장금리(일별),010210000,국고채(10년),,,,,,,연%,,20191209,1.664
817Y002,1.3.2.1. 시장금리(일별),010210000,국고채(10년),,,,,,,연%,,20191210,1.616
817Y002,1.3.2.1. 시장금리(일별),010210000,국고채(10년),,,,,,,연%,,20191211,1.621
817Y002,1.3.2.1. 시장금리(일별),010210000,국고채(10년),,,,,,,연%,,20191212,1.619
817Y002,1.3.2.1. 시장금리(일별),010210000,국고채(10년),,,,,,,연%,,20191213,1.649
817Y002,1.3.2.1. 시장금리(일별),010210000,국고채(10년),,,,,,,연%,,20191216,1.612
817Y002,1.3.2.1. 시장금리(일별),010210000,국고채(10년),,,,,,,연%,,20191217,1.605
817Y002,1.3.2.1. 시장금리(일별),010210000,국고채(10년),,,,,,,연%,,20191218,1.606
817Y002,1.3.2.1. 시장금리(일별),010210000,국고채(10년),,,,,,,연%,,20191219,1.655
817Y002,1.3.2.1. 시장금리(일별),010210000,국고채(10년),,,,,,,연%,,20191220,1.673
817Y002,1.3.2.1. 시장금리(일별),010210000,국고채(10년),,,,,,,연%,,20191223,1.642
817Y002,1.3.2.1. 시장금리(일별),010210000,국고채(10년),,,,,,,연%,,20191224,1.631
817Y002,1.3.2.1. 시장금리(일별),010210000,국고채(10년),,,,,,,연%,,20191226,1.641
817Y002,1.3.2.1. 시장금리(일별),010210000,국고채(10년),,,,,,,연%,,20191227,1.683
817Y002,1.3.2.1. 시장금리(일별),010210000,국고채(10년),,,,,,,연%,,20191230,1.683
817Y002,1.3.2.1. 시장금리(일별),010210000,국고채(10년),,,,,,,연%,,20191231,1.683
817Y002,1.3.2.1. 시장금리(일별),010210000,국고채(10년),,,,,,,연%,,20200102,1.638
817Y002,1.3.2.1. 시장금리(일별),010210000,국고채(10년),,,,,,,연%,,20200103,1.555
817Y002,1.3.2.1. 시장금리(일별),010210000,국고채(10년),,,,,,,연%,,20200106,1.541
817Y002,1.3.2.1. 시장금리(일별),010210000,국고채(10년),,,,,,,연%,,20200107,1.613
817Y002,1.3.2.1. 시장금리(일별),010210000,국고채(10년),,,,,,,연%,,20200108,1.63
817Y002,1.3.2.1. 시장금리(일별),010210000,국고채(10년),,,,,,,연%,,20200109,1.687
817Y002,1.3.2.1. 시장금리(일별),010210000,국고채(10년),,,,,,,연%,,20200110,1.706
817Y002,1.3.2.1. 시장금리(일별),010210000,국고채(10년),,,,,,,연%,,20200113,1.729
817Y002,1.3.2.1. 시장금리(일별),010210000,국고채(10년),,,,,,,연%,,20200114,1.716
817Y002,1.3.2.1. 시장금리(일별),010210000,국고채(10년),,,,,,,연%,,20200115,1.695
817Y002,1.3.2.1. 시장금리(일별),010210000,국고채(10년),,,,,,,연%,,20200116,1.701
817Y002,1.3.2.1. 시장금리(일별),010210000,국고채(10년),,,,,,,연%,,20200117,1.741
817Y002,1.3.2.1. 시장금리(일별),010210000,국고채(10년),,,,,,,연%,,20200120,1.762
817Y002,1.3.2.1. 시장금리(일별),010210000,국고채(10년),,,,,,,연%,,20200121,1.689
817Y002,1.3.2.1. 시장금리(일별),010210000,국고채(10년),,,,,,,연%,,20200122,1.723
817Y002,1.3.2.1. 시장금리(일별),010210000,국고채(10년),,,,,,,연%,,20200123,1.704
817Y002,1.3.2.1. 시장금리(일별),010210000,국고채(10년),,,,,,,연%,,20200128,1.603
817Y002,1.3.2.1. 시장금리(일별),010210000,국고채(10년),,,,,,,연%,,20200129,1.582
817Y002,1.3.2.1. 시장금리(일별),010210000,국고채(10년),,,,,,,연%,,20200130,1.553
817Y002,1.3.2.1. 시장금리(일별),010210000,국고채(10년),,,,,,,연%,,20200131,1.558
817Y002,1.3.2.1. 시장금리(일별),010210000,국고채(10년),,,,,,,연%,,20200203,1.547
817Y002,1.3.2.1. 시장금리(일별),010210000,국고채(10년),,,,,,,연%,,20200204,1.628
817Y002,1.3.2.1. 시장금리(일별),010210000,국고채(10년),,,,,,,연%,,20200205,1.601
817Y002,1.3.2.1. 시장금리(일별),010210000,국고채(10년),,,,,,,연%,,20200206,1.63
817Y002,1.3.2.1. 시장금리(일별),010210000,국고채(10년),,,,,,,연%,,20200207,1.601
817Y002,1.3.2.1. 시장금리(일별),010210000,국고채(10년),,,,,,,연%,,20200210,1.603
817Y002,1.3.2.1. 시장금리(일별),010210000,국고채(10년),,,,,,,연%,,20200211,1.602
817Y002,1.3.2.1. 시장금리(일별),010210000,국고채(10년),,,,,,,연%,,20200212,1.613
817Y002,1.3.2.1. 시장금리(일별),010210000,국고채(10년),,,,,,,연%,,20200213,1.609
817Y002,1.3.2.1. 시장금리(일별),010210000,국고채(10년),,,,,,,연%,,20200214,1.653
817Y002,1.3.2.1. 시장금리(일별),010210000,국고채(10년),,,,,,,연%,,20200217,1.622
817Y002,1.3.2.1. 시장금리(일별),010210000,국고채(10년),,,,,,,연%,,20200218,1.56
817Y002,1.3.2.1. 시장금리(일별),010210000,국고채(10년),,,,,,,연%,,20200219,1.559
817Y002,1.3.2.1. 시장금리(일별),010210000,국고채(10년),,,,,,,연%,,20200220,1.515
817Y002,1.3.2.1. 시장금리(일별),010210000,국고채(10년),,,,,,,연%,,20200221,1.443
817Y002,1.3.2.1. 시장금리(일별),010210000,국고채(10년),,,,,,,연%,,20200224,1.416
817Y002,1.3.2.1. 시장금리(일별),010210000,국고채(10년),,,,,,,연%,,20200225,1.429
817Y002,1.3.2.1. 시장금리(일별),010210000,국고채(10년),,,,,,,연%,,20200226,1.395
817Y002,1.3.2.1. 시장금리(일별),010210000,국고채(10년),,,,,,,연%,,20200227,1.443
817Y002,1.3.2.1. 시장금리(일별),010210000,국고채(10년),,,,,,,연%,,20200228,1.333
817Y002,1.3.2.1. 시장금리(일별),010210000,국고채(10년),,,,,,,연%,,20200302,1.372
817Y002,1.3.2.1. 시장금리(일별),010210000,국고채(10년),,,,,,,연%,,20200303,1.371
817Y002,1.3.2.1. 시장금리(일별),010210000,국고채(10년),,,,,,,연%,,20200304,1.299
817Y002,1.3.2.1. 시장금리(일별),010210000,국고채(10년),,,,,,,연%,,20200305,1.337
817Y002,1.3.2.1. 시장금리(일별),010210000,국고채(10년),,,,,,,연%,,20200306,1.37
817Y002,1.3.2.1. 시장금리(일별),010210000,국고채(10년),,,,,,,연%,,20200309,1.286
817Y002,1.3.2.1. 시장금리(일별),010210000,국고채(10년),,,,,,,연%,,20200310,1.355
817Y002,1.3.2.1. 시장금리(일별),010210000,국고채(10년),,,,,,,연%,,20200311,1.369
817Y002,1.3.2.1. 시장금리(일별),010210000,국고채(10년),,,,,,,연%,,20200312,1.387
817Y002,1.3.2.1. 시장금리(일별),010210000,국고채(10년),,,,,,,연%,,20200313,1.57
817Y002,1.3.2.1. 시장금리(일별),010210000,국고채(10년),,,,,,,연%,,20200316,1.524
817Y002,1.3.2.1. 시장금리(일별),010210000,국고채(10년),,,,,,,연%,,20200317,1.441
817Y002,1.3.2.1. 시장금리(일별),010210000,국고채(10년),,,,,,,연%,,20200318,1.502
817Y002,1.3.2.1. 시장금리(일별),010210000,국고채(10년),,,,,,,연%,,20200319,1.657
817Y002,1.3.2.1. 시장금리(일별),010210000,국고채(10년),,,,,,,연%,,20200320,1.611
817Y002,1.3.2.1. 시장금리(일별),010210000,국고채(10년),,,,,,,연%,,20200323,1.718
817Y002,1.3.2.1. 시장금리(일별),010210000,국고채(10년),,,,,,,연%,,20200324,1.708
817Y002,1.3.2.1. 시장금리(일별),010210000,국고채(10년),,,,,,,연%,,20200325,1.647
817Y002,1.3.2.1. 시장금리(일별),010210000,국고채(10년),,,,,,,연%,,20200326,1.502
817Y002,1.3.2.1. 시장금리(일별),010210000,국고채(10년),,,,,,,연%,,20200327,1.532
817Y002,1.3.2.1. 시장금리(일별),010210000,국고채(10년),,,,,,,연%,,20200330,1.562
817Y002,1.3.2.1. 시장금리(일별),010210000,국고채(10년),,,,,,,연%,,20200331,1.551
817Y002,1.3.2.1. 시장금리(일별),010210000,국고채(10년),,,,,,,연%,,20200401,1.545
817Y002,1.3.2.1. 시장금리(일별),010210000,국고채(10년),,,,,,,연%,,20200402,1.518
817Y002,1.3.2.1. 시장금리(일별),010210000,국고채(10년),,,,,,,연%,,20200403,1.548
817Y002,1.3.2.1. 시장금리(일별),010210000,국고채(10년),,,,,,,연%,,20200406,1.543
817Y002,1.3.2.1. 시장금리(일별),010210000,국고채(10년),,,,,,,연%,,20200407,1.58
817Y002,1.3.2.1. 시장금리(일별),010210000,국고채(10년),,,,,,,연%,,20200408,1.511
817Y002,1.3.2.1. 시장금리(일별),010210000,국고채(10년),,,,,,,연%,,20200409,1.438
817Y002,1.3.2.1. 시장금리(일별),010210000,국고채(10년),,,,,,,연%,,20200410,1.444
817Y002,1.3.2.1. 시장금리(일별),010210000,국고채(10년),,,,,,,연%,,20200413,1.469
817Y002,1.3.2.1. 시장금리(일별),010210000,국고채(10년),,,,,,,연%,,20200414,1.464
817Y002,1.3.2.1. 시장금리(일별),010210000,국고채(10년),,,,,,,연%,,20200416,1.411
817Y002,1.3.2.1. 시장금리(일별),010210000,국고채(10년),,,,,,,연%,,20200417,1.438
817Y002,1.3.2.1. 시장금리(일별),010210000,국고채(10년),,,,,,,연%,,20200420,1.444
817Y002,1.3.2.1. 시장금리(일별),010210000,국고채(10년),,,,,,,연%,,20200421,1.458
817Y002,1.3.2.1. 시장금리(일별),010210000,국고채(10년),,,,,,,연%,,20200422,1.532
817Y002,1.3.2.1. 시장금리(일별),010210000,국고채(10년),,,,,,,연%,,20200423,1.545
817Y002,1.3.2.1. 시장금리(일별),010210000,국고채(10년),,,,,,,연%,,20200424,1.546
817Y002,1.3.2.1. 시장금리(일별),010210000,국고채(10년),,,,,,,연%,,20200427,1.576
817Y002,1.3.2.1. 시장금리(일별),010210000,국고채(10년),,,,,,,연%,,20200428,1.56
817Y002,1.3.2.1. 시장금리(일별),010210000,국고채(10년),,,,,,,연%,,20200429,1.518
817Y002,1.3.2.1. 시장금리(일별),010210000,국고채(10년),,,,,,,연%,,20200504,1.499
817Y002,1.3.2.1. 시장금리(일별),010210000,국고채(10년),,,,,,,연%,,20200506,1.508
817Y002,1.3.2.1. 시장금리(일별),010210000,국고채(10년),,,,,,,연%,,20200507,1.48
817Y002,1.3.2.1. 시장금리(일별),010210000,국고채(10년),,,,,,,연%,,20200508,1.426
817Y002,1.3.2.1. 시장금리(일별),010210000,국고채(10년),,,,,,,연%,,20200511,1.462
817Y002,1.3.2.1. 시장금리(일별),010210000,국고채(10년),,,,,,,연%,,20200512,1.424
817Y002,1.3.2.1. 시장금리(일별),010210000,국고채(10년),,,,,,,연%,,20200513,1.392
817Y002,1.3.2.1. 시장금리(일별),010210000,국고채(10년),,,,,,,연%,,20200514,1.381
817Y002,1.3.2.1. 시장금리(일별),010210000,국고채(10년),,,,,,,연%,,20200515,1.383
817Y002,1.3.2.1. 시장금리(일별),010210000,국고채(10년),,,,,,,연%,,20200518,1.394
817Y002,1.3.2.1. 시장금리(일별),010210000,국고채(10년),,,,,,,연%,,20200519,1.391
817Y002,1.3.2.1. 시장금리(일별),010210000,국고채(10년),,,,,,,연%,,20200520,1.358
817Y002,1.3.2.1. 시장금리(일별),010210000,국고채(10년),,,,,,,연%,,20200521,1.342
817Y002,1.3.2.1. 시장금리(일별),010210000,국고채(10년),,,,,,,연%,,20200522,1.347
817Y002,1.3.2.1. 시장금리(일별),010210000,국고채(10년),,,,,,,연%,,20200525,1.316
817Y002,1.3.2.1. 시장금리(일별),010210000,국고채(10년),,,,,,,연%,,20200526,1.328
817Y002,1.3.2.1. 시장금리(일별),010210000,국고채(10년),,,,,,,연%,,20200527,1.34
817Y002,1.3.2.1. 시장금리(일별),010210000,국고채(10년),,,,,,,연%,,20200528,1.343
817Y002,1.3.2.1. 시장금리(일별),010210000,국고채(10년),,,,,,,연%,,20200529,1.374
817Y002,1.3.2.1. 시장금리(일별),010210000,국고채(10년),,,,,,,연%,,20200601,1.395
817Y002,1.3.2.1. 시장금리(일별),010210000,국고채(10년),,,,,,,연%,,20200602,1.378
817Y002,1.3.2.1. 시장금리(일별),010210000,국고채(10년),,,,,,,연%,,20200603,1.426
817Y002,1.3.2.1. 시장금리(일별),010210000,국고채(10년),,,,,,,연%,,20200604,1.432
817Y002,1.3.2.1. 시장금리(일별),010210000,국고채(10년),,,,,,,연%,,20200605,1.452
817Y002,1.3.2.1. 시장금리(일별),010210000,국고채(10년),,,,,,,연%,,20200608,1.453
817Y002,1.3.2.1. 시장금리(일별),010210000,국고채(10년),,,,,,,연%,,20200609,1.397
817Y002,1.3.2.1. 시장금리(일별),010210000,국고채(10년),,,,,,,연%,,20200610,1.398
817Y002,1.3.2.1. 시장금리(일별),010210000,국고채(10년),,,,,,,연%,,20200611,1.383
817Y002,1.3.2.1. 시장금리(일별),010210000,국고채(10년),,,,,,,연%,,20200612,1.388
817Y002,1.3.2.1. 시장금리(일별),010210000,국고채(10년),,,,,,,연%,,20200615,1.424
817Y002,1.3.2.1. 시장금리(일별),010210000,국고채(10년),,,,,,,연%,,20200616,1.402
817Y002,1.3.2.1. 시장금리(일별),010210000,국고채(10년),,,,,,,연%,,20200617,1.409
817Y002,1.3.2.1. 시장금리(일별),010210000,국고채(10년),,,,,,,연%,,20200618,1.37
817Y002,1.3.2.1. 시장금리(일별),010210000,국고채(10년),,,,,,,연%,,20200619,1.38
817Y002,1.3.2.1. 시장금리(일별),010210000,국고채(10년),,,,,,,연%,,20200622,1.39
817Y002,1.3.2.1. 시장금리(일별),010210000,국고채(10년),,,,,,,연%,,20200623,1.385
817Y002,1.3.2.1. 시장금리(일별),010210000,국고채(10년),,,,,,,연%,,20200624,1.363
817Y002,1.3.2.1. 시장금리(일별),010210000,국고채(10년),,,,,,,연%,,20200625,1.344
817Y002,1.3.2.1. 시장금리(일별),010210000,국고채(10년),,,,,,,연%,,20200626,1.327
817Y002,1.3.2.1. 시장금리(일별),010210000,국고채(10년),,,,,,,연%,,20200629,1.365
817Y002,1.3.2.1. 시장금리(일별),010210000,국고채(10년),,,,,,,연%,,20200630,1.373
817Y002,1.3.2.1. 시장금리(일별),010210000,국고채(10년),,,,,,,연%,,20200701,1.402
817Y002,1.3.2.1. 시장금리(일별),010210000,국고채(10년),,,,,,,연%,,20200702,1.377
817Y002,1.3.2.1. 시장금리(일별),010210000,국고채(10년),,,,,,,연%,,20200703,1.387
817Y002,1.3.2.1. 시장금리(일별),010210000,국고채(10년),,,,,,,연%,,20200706,1.41
817Y002,1.3.2.1. 시장금리(일별),010210000,국고채(10년),,,,,,,연%,,20200707,1.388
817Y002,1.3.2.1. 시장금리(일별),010210000,국고채(10년),,,,,,,연%,,20200708,1.377
817Y002,1.3.2.1. 시장금리(일별),010210000,국고채(10년),,,,,,,연%,,20200709,1.391
817Y002,1.3.2.1. 시장금리(일별),010210000,국고채(10년),,,,,,,연%,,20200710,1.397
817Y002,1.3.2.1. 시장금리(일별),010210000,국고채(10년),,,,,,,연%,,20200713,1.42
817Y002,1.3.2.1. 시장금리(일별),010210000,국고채(10년),,,,,,,연%,,20200714,1.418
817Y002,1.3.2.1. 시장금리(일별),010210000,국고채(10년),,,,,,,연%,,20200715,1.414
817Y002,1.3.2.1. 시장금리(일별),010210000,국고채(10년),,,,,,,연%,,20200716,1.378
817Y002,1.3.2.1. 시장금리(일별),010210000,국고채(10년),,,,,,,연%,,20200717,1.348
817Y002,1.3.2.1. 시장금리(일별),010210000,국고채(10년),,,,,,,연%,,20200720,1.334
817Y002,1.3.2.1. 시장금리(일별),010210000,국고채(10년),,,,,,,연%,,20200721,1.356
817Y002,1.3.2.1. 시장금리(일별),010210000,국고채(10년),,,,,,,연%,,20200722,1.346
817Y002,1.3.2.1. 시장금리(일별),010210000,국고채(10년),,,,,,,연%,,20200723,1.318
817Y002,1.3.2.1. 시장금리(일별),010210000,국고채(10년),,,,,,,연%,,20200724,1.305
817Y002,1.3.2.1. 시장금리(일별),010210000,국고채(10년),,,,,,,연%,,20200727,1.304
817Y002,1.3.2.1. 시장금리(일별),010210000,국고채(10년),,,,,,,연%,,20200728,1.329
817Y002,1.3.2.1. 시장금리(일별),010210000,국고채(10년),,,,,,,연%,,20200729,1.309
817Y002,1.3.2.1. 시장금리(일별),010210000,국고채(10년),,,,,,,연%,,20200730,1.281
817Y002,1.3.2.1. 시장금리(일별),010210000,국고채(10년),,,,,,,연%,,20200731,1.296
817Y002,1.3.2.1. 시장금리(일별),010210000,국고채(10년),,,,,,,연%,,20200803,1.306
817Y002,1.3.2.1. 시장금리(일별),010210000,국고채(10년),,,,,,,연%,,20200804,1.306
817Y002,1.3.2.1. 시장금리(일별),010210000,국고채(10년),,,,,,,연%,,20200805,1.293
817Y002,1.3.2.1. 시장금리(일별),010210000,국고채(10년),,,,,,,연%,,20200806,1.306
817Y002,1.3.2.1. 시장금리(일별),010210000,국고채(10년),,,,,,,연%,,20200807,1.319
817Y002,1.3.2.1. 시장금리(일별),010210000,국고채(10년),,,,,,,연%,,20200810,1.363
817Y002,1.3.2.1. 시장금리(일별),010210000,국고채(10년),,,,,,,연%,,20200811,1.345
817Y002,1.3.2.1. 시장금리(일별),010210000,국고채(10년),,,,,,,연%,,20200812,1.373
817Y002,1.3.2.1. 시장금리(일별),010210000,국고채(10년),,,,,,,연%,,20200813,1.362
817Y002,1.3.2.1. 시장금리(일별),010210000,국고채(10년),,,,,,,연%,,20200814,1.396
817Y002,1.3.2.1. 시장금리(일별),010210000,국고채(10년),,,,,,,연%,,20200818,1.357
817Y002,1.3.2.1. 시장금리(일별),010210000,국고채(10년),,,,,,,연%,,20200819,1.347
817Y002,1.3.2.1. 시장금리(일별),010210000,국고채(10년),,,,,,,연%,,20200820,1.379
817Y002,1.3.2.1. 시장금리(일별),010210000,국고채(10년),,,,,,,연%,,20200821,1.41
817Y002,1.3.2.1. 시장금리(일별),010210000,국고채(10년),,,,,,,연%,,20200824,1.378
817Y002,1.3.2.1. 시장금리(일별),010210000,국고채(10년),,,,,,,연%,,20200825,1.387
817Y002,1.3.2.1. 시장금리(일별),010210000,국고채(10년),,,,,,,연%,,20200826,1.404
817Y002,1.3.2.1. 시장금리(일별),010210000,국고채(10년),,,,,,,연%,,20200827,1.421
817Y002,1.3.2.1. 시장금리(일별),010210000,국고채(10년),,,,,,,연%,,20200828,1.486
817Y002,1.3.2.1. 시장금리(일별),010210000,국고채(10년),,,,,,,연%,,20200831,1.516
817Y002,1.3.2.1. 시장금리(일별),010210000,국고채(10년),,,,,,,연%,,20200901,1.582
817Y002,1.3.2.1. 시장금리(일별),010210000,국고채(10년),,,,,,,연%,,20200902,1.539
817Y002,1.3.2.1. 시장금리(일별),010210000,국고채(10년),,,,,,,연%,,20200903,1.524
817Y002,1.3.2.1. 시장금리(일별),010210000,국고채(10년),,,,,,,연%,,20200904,1.527
817Y002,1.3.2.1. 시장금리(일별),010210000,국고채(10년),,,,,,,연%,,20200907,1.572
817Y002,1.3.2.1. 시장금리(일별),010210000,국고채(10년),,,,,,,연%,,20200908,1.555
817Y002,1.3.2.1. 시장금리(일별),010210000,국고채(10년),,,,,,,연%,,20200909,1.518
817Y002,1.3.2.1. 시장금리(일별),010210000,국고채(10년),,,,,,,연%,,20200910,1.517
817Y002,1.3.2.1. 시장금리(일별),010210000,국고채(10년),,,,,,,연%,,20200911,1.53
817Y002,1.3.2.1. 시장금리(일별),010210000,국고채(10년),,,,,,,연%,,20200914,1.517
817Y002,1.3.2.1. 시장금리(일별),010210000,국고채(10년),,,,,,,연%,,20200915,1.503
817Y002,1.3.2.1. 시장금리(일별),010210000,국고채(10년),,,,,,,연%,,20200916,1.485
817Y002,1.3.2.1. 시장금리(일별),010210000,국고채(10년),,,,,,,연%,,20200917,1.508
817Y002,1.3.2.1. 시장금리(일별),010210000,국고채(10년),,,,,,,연%,,20200918,1.503
817Y002,1.3.2.1. 시장금리(일별),010210000,국고채(10년),,,,,,,연%,,20200921,1.493
817Y002,1.3.2.1. 시장금리(일별),010210000,국고채(10년),,,,,,,연%,,20200922,1.472
817Y002,1.3.2.1. 시장금리(일별),010210000,국고채(10년),,,,,,,연%,,20200923,1.447
817Y002,1.3.2.1. 시장금리(일별),010210000,국고채(10년),,,,,,,연%,,20200924,1.437
817Y002,1.3.2.1. 시장금리(일별),010210000,국고채(10년),,,,,,,연%,,20200925,1.424
817Y002,1.3.2.1. 시장금리(일별),010210000,국고채(10년),,,,,,,연%,,20200928,1.426
817Y002,1.3.2.1. 시장금리(일별),010210000,국고채(10년),,,,,,,연%,,20200929,1.43
817Y002,1.3.2.1. 시장금리(일별),010210000,국고채(10년),,,,,,,연%,,20201005,1.479
817Y002,1.3.2.1. 시장금리(일별),010210000,국고채(10년),,,,,,,연%,,20201006,1.531
817Y002,1.3.2.1. 시장금리(일별),010210000,국고채(10년),,,,,,,연%,,20201007,1.533
817Y002,1.3.2.1. 시장금리(일별),010210000,국고채(10년),,,,,,,연%,,20201008,1.543
817Y002,1.3.2.1. 시장금리(일별),010210000,국고채(10년),,,,,,,연%,,20201012,1.553
817Y002,1.3.2.1. 시장금리(일별),010210000,국고채(10년),,,,,,,연%,,20201013,1.527
817Y002,1.3.2.1. 시장금리(일별),010210000,국고채(10년),,,,,,,연%,,20201014,1.513
817Y002,1.3.2.1. 시장금리(일별),010210000,국고채(10년),,,,,,,연%,,20201015,1.478
817Y002,1.3.2.1. 시장금리(일별),010210000,국고채(10년),,,,,,,연%,,20201016,1.493
817Y002,1.3.2.1. 시장금리(일별),010210000,국고채(10년),,,,,,,연%,,20201019,1.441
817Y002,1.3.2.1. 시장금리(일별),010210000,국고채(10년),,,,,,,연%,,20201020,1.462
817Y002,1.3.2.1. 시장금리(일별),010210000,국고채(10년),,,,,,,연%,,20201021,1.522
817Y002,1.3.2.1. 시장금리(일별),010210000,국고채(10년),,,,,,,연%,,20201022,1.507
817Y002,1.3.2.1. 시장금리(일별),010210000,국고채(10년),,,,,,,연%,,20201023,1.495
817Y002,1.3.2.1. 시장금리(일별),010210000,국고채(10년),,,,,,,연%,,20201026,1.482
817Y002,1.3.2.1. 시장금리(일별),010210000,국고채(10년),,,,,,,연%,,20201027,1.503
817Y002,1.3.2.1. 시장금리(일별),010210000,국고채(10년),,,,,,,연%,,20201028,1.497
817Y002,1.3.2.1. 시장금리(일별),010210000,국고채(10년),,,,,,,연%,,20201029,1.527
817Y002,1.3.2.1. 시장금리(일별),010210000,국고채(10년),,,,,,,연%,,20201030,1.546
817Y002,1.3.2.1. 시장금리(일별),010210000,국고채(10년),,,,,,,연%,,20201102,1.602
817Y002,1.3.2.1. 시장금리(일별),010210000,국고채(10년),,,,,,,연%,,20201103,1.607
817Y002,1.3.2.1. 시장금리(일별),010210000,국고채(10년),,,,,,,연%,,20201104,1.569
817Y002,1.3.2.1. 시장금리(일별),010210000,국고채(10년),,,,,,,연%,,20201105,1.527
817Y002,1.3.2.1. 시장금리(일별),010210000,국고채(10년),,,,,,,연%,,20201106,1.559
817Y002,1.3.2.1. 시장금리(일별),010210000,국고채(10년),,,,,,,연%,,20201109,1.568
817Y002,1.3.2.1. 시장금리(일별),010210000,국고채(10년),,,,,,,연%,,20201110,1.624
817Y002,1.3.2.1. 시장금리(일별),010210000,국고채(10년),,,,,,,연%,,20201111,1.662
817Y002,1.3.2.1. 시장금리(일별),010210000,국고채(10년),,,,,,,연%,,20201112,1.65
817Y002,1.3.2.1. 시장금리(일별),010210000,국고채(10년),,,,,,,연%,,20201113,1.627
817Y002,1.3.2.1. 시장금리(일별),010210000,국고채(10년),,,,,,,연%,,20201116,1.623
817Y002,1.3.2.1. 시장금리(일별),010210000,국고채(10년),,,,,,,연%,,20201117,1.62
817Y002,1.3.2.1. 시장금리(일별),010210000,국고채(10년),,,,,,,연%,,20201118,1.602
817Y002,1.3.2.1. 시장금리(일별),010210000,국고채(10년),,,,,,,연%,,20201119,1.608
817Y002,1.3.2.1. 시장금리(일별),010210000,국고채(10년),,,,,,,연%,,20201120,1.607
817Y002,1.3.2.1. 시장금리(일별),010210000,국고채(10년),,,,,,,연%,,20201123,1.581
817Y002,1.3.2.1. 시장금리(일별),010210000,국고채(10년),,,,,,,연%,,20201124,1.598
817Y002,1.3.2.1. 시장금리(일별),010210000,국고채(10년),,,,,,,연%,,20201125,1.629
817Y002,1.3.2.1. 시장금리(일별),010210000,국고채(10년),,,,,,,연%,,20201126,1.655
817Y002,1.3.2.1. 시장금리(일별),010210000,국고채(10년),,,,,,,연%,,20201127,1.641
817Y002,1.3.2.1. 시장금리(일별),010210000,국고채(10년),,,,,,,연%,,20201130,1.659
817Y002,1.3.2.1. 시장금리(일별),010210000,국고채(10년),,,,,,,연%,,20201201,1.649
817Y002,1.3.2.1. 시장금리(일별),010210000,국고채(10년),,,,,,,연%,,20201202,1.675
817Y002,1.3.2.1. 시장금리(일별),010210000,국고채(10년),,,,,,,연%,,20201203,1.669
817Y002,1.3.2.1. 시장금리(일별),010210000,국고채(10년),,,,,,,연%,,20201204,1.655
817Y002,1.3.2.1. 시장금리(일별),010210000,국고채(10년),,,,,,,연%,,20201207,1.646
817Y002,1.3.2.1. 시장금리(일별),010210000,국고채(10년),,,,,,,연%,,20201208,1.642
817Y002,1.3.2.1. 시장금리(일별),010210000,국고채(10년),,,,,,,연%,,20201209,1.656
817Y002,1.3.2.1. 시장금리(일별),010210000,국고채(10년),,,,,,,연%,,20201210,1.655
817Y002,1.3.2.1. 시장금리(일별),010210000,국고채(10년),,,,,,,연%,,20201211,1.661
817Y002,1.3.2.1. 시장금리(일별),010210000,국고채(10년),,,,,,,연%,,20201214,1.67
817Y002,1.3.2.1. 시장금리(일별),010210000,국고채(10년),,,,,,,연%,,20201215,1.671
817Y002,1.3.2.1. 시장금리(일별),010210000,국고채(10년),,,,,,,연%,,20201216,1.692
817Y002,1.3.2.1. 시장금리(일별),010210000,국고채(10년),,,,,,,연%,,20201217,1.732
817Y002,1.3.2.1. 시장금리(일별),010210000,국고채(10년),,,,,,,연%,,20201218,1.708
817Y002,1.3.2.1. 시장금리(일별),010210000,국고채(10년),,,,,,,연%,,20201221,1.679
817Y002,1.3.2.1. 시장금리(일별),010210000,국고채(10년),,,,,,,연%,,20201222,1.657
817Y002,1.3.2.1. 시장금리(일별),010210000,국고채(10년),,,,,,,연%,,20201223,1.64
817Y002,1.3.2.1. 시장금리(일별),010210000,국고채(10년),,,,,,,연%,,20201224,1.682
817Y002,1.3.2.1. 시장금리(일별),010210000,국고채(10년),,,,,,,연%,,20201228,1.681
817Y002,1.3.2.1. 시장금리(일별),010210000,국고채(10년),,,,,,,연%,,20201229,1.698
817Y002,1.3.2.1. 시장금리(일별),010210000,국고채(10년),,,,,,,연%,,20201230,1.713
817Y002,1.3.2.1. 시장금리(일별),010210000,국고채(10년),,,,,,,연%,,20201231,1.713
817Y002,1.3.2.1. 시장금리(일별),010210000,국고채(10년),,,,,,,연%,,20210104,1.723
817Y002,1.3.2.1. 시장금리(일별),010210000,국고채(10년),,,,,,,연%,,20210105,1.691
817Y002,1.3.2.1. 시장금리(일별),010210000,국고채(10년),,,,,,,연%,,20210106,1.731
817Y002,1.3.2.1. 시장금리(일별),010210000,국고채(10년),,,,,,,연%,,20210107,1.724
817Y002,1.3.2.1. 시장금리(일별),010210000,국고채(10년),,,,,,,연%,,20210108,1.729
817Y002,1.3.2.1. 시장금리(일별),010210000,국고채(10년),,,,,,,연%,,20210111,1.692
817Y002,1.3.2.1. 시장금리(일별),010210000,국고채(10년),,,,,,,연%,,20210112,1.718
817Y002,1.3.2.1. 시장금리(일별),010210000,국고채(10년),,,,,,,연%,,20210113,1.719
817Y002,1.3.2.1. 시장금리(일별),010210000,국고채(10년),,,,,,,연%,,20210114,1.734
817Y002,1.3.2.1. 시장금리(일별),010210000,국고채(10년),,,,,,,연%,,20210115,1.731
817Y002,1.3.2.1. 시장금리(일별),010210000,국고채(10년),,,,,,,연%,,20210118,1.714
817Y002,1.3.2.1. 시장금리(일별),010210000,국고채(10년),,,,,,,연%,,20210119,1.711
817Y002,1.3.2.1. 시장금리(일별),010210000,국고채(10년),,,,,,,연%,,20210120,1.703
817Y002,1.3.2.1. 시장금리(일별),010210000,국고채(10년),,,,,,,연%,,20210121,1.706
817Y002,1.3.2.1. 시장금리(일별),010210000,국고채(10년),,,,,,,연%,,20210122,1.758
817Y002,1.3.2.1. 시장금리(일별),010210000,국고채(10년),,,,,,,연%,,20210125,1.78
817Y002,1.3.2.1. 시장금리(일별),010210000,국고채(10년),,,,,,,연%,,20210126,1.77
817Y002,1.3.2.1. 시장금리(일별),010210000,국고채(10년),,,,,,,연%,,20210127,1.757
817Y002,1.3.2.1. 시장금리(일별),010210000,국고채(10년),,,,,,,연%,,20210128,1.764
817Y002,1.3.2.1. 시장금리(일별),010210000,국고채(10년),,,,,,,연%,,20210129,1.768
817Y002,1.3.2.1. 시장금리(일별),010210000,국고채(10년),,,,,,,연%,,20210201,1.803
817Y002,1.3.2.1. 시장금리(일별),010210000,국고채(10년),,,,,,,연%,,20210202,1.758
817Y002,1.3.2.1. 시장금리(일별),010210000,국고채(10년),,,,,,,연%,,20210203,1.768
817Y002,1.3.2.1. 시장금리(일별),010210000,국고채(10년),,,,,,,연%,,20210204,1.793
817Y002,1.3.2.1. 시장금리(일별),010210000,국고채(10년),,,,,,,연%,,20210205,1.791
817Y002,1.3.2.1. 시장금리(일별),010210000,국고채(10년),,,,,,,연%,,20210208,1.822
817Y002,1.3.2.1. 시장금리(일별),010210000,국고채(10년),,,,,,,연%,,20210209,1.813
817Y002,1.3.2.1. 시장금리(일별),010210000,국고채(10년),,,,,,,연%,,20210210,1.831
817Y002,1.3.2.1. 시장금리(일별),010210000,국고채(10년),,,,,,,연%,,20210215,1.871
817Y002,1.3.2.1. 시장금리(일별),010210000,국고채(10년),,,,,,,연%,,20210216,1.85
817Y002,1.3.2.1. 시장금리(일별),010210000,국고채(10년),,,,,,,연%,,20210217,1.862
817Y002,1.3.2.1. 시장금리(일별),010210000,국고채(10년),,,,,,,연%,,20210218,1.854
817Y002,1.3.2.1. 시장금리(일별),010210000,국고채(10년),,,,,,,연%,,20210219,1.875
817Y002,1.3.2.1. 시장금리(일별),010210000,국고채(10년),,,,,,,연%,,20210222,1.922
817Y002,1.3.2.1. 시장금리(일별),010210000,국고채(10년),,,,,,,연%,,20210223,1.906
817Y002,1.3.2.1. 시장금리(일별),010210000,국고채(10년),,,,,,,연%,,20210224,1.851
817Y002,1.3.2.1. 시장금리(일별),010210000,국고채(10년),,,,,,,연%,,20210225,1.884
817Y002,1.3.2.1. 시장금리(일별),010210000,국고채(10년),,,,,,,연%,,20210226,1.96
817Y002,1.3.2.1. 시장금리(일별),010210000,국고채(10년),,,,,,,연%,,20210302,1.966
817Y002,1.3.2.1. 시장금리(일별),010210000,국고채(10년),,,,,,,연%,,20210303,1.951
817Y002,1.3.2.1. 시장금리(일별),010210000,국고채(10년),,,,,,,연%,,20210304,1.972
817Y002,1.3.2.1. 시장금리(일별),010210000,국고채(10년),,,,,,,연%,,20210305,1.992
817Y002,1.3.2.1. 시장금리(일별),010210000,국고채(10년),,,,,,,연%,,20210308,2.028
817Y002,1.3.2.1. 시장금리(일별),010210000,국고채(10년),,,,,,,연%,,20210309,2.034
817Y002,1.3.2.1. 시장금리(일별),010210000,국고채(10년),,,,,,,연%,,20210310,2.036
817Y002,1.3.2.1. 시장금리(일별),010210000,국고채(10년),,,,,,,연%,,20210311,2.027
817Y002,1.3.2.1. 시장금리(일별),010210000,국고채(10년),,,,,,,연%,,20210312,2.092
817Y002,1.3.2.1. 시장금리(일별),010210000,국고채(10년),,,,,,,연%,,20210315,2.152
817Y002,1.3.2.1. 시장금리(일별),010210000,국고채(10년),,,,,,,연%,,20210316,2.098
817Y002,1.3.2.1. 시장금리(일별),010210000,국고채(10년),,,,,,,연%,,20210317,2.134
817Y002,1.3.2.1. 시장금리(일별),010210000,국고채(10년),,,,,,,연%,,20210318,2.15
817Y002,1.3.2.1. 시장금리(일별),010210000,국고채(10년),,,,,,,연%,,20210319,2.099
817Y002,1.3.2.1. 시장금리(일별),010210000,국고채(10년),,,,,,,연%,,20210322,2.057
817Y002,1.3.2.1. 시장금리(일별),010210000,국고채(10년),,,,,,,연%,,20210323,2.032
817Y002,1.3.2.1. 시장금리(일별),010210000,국고채(10년),,,,,,,연%,,20210324,1.992
817Y002,1.3.2.1. 시장금리(일별),010210000,국고채(10년),,,,,,,연%,,20210325,1.967
817Y002,1.3.2.1. 시장금리(일별),010210000,국고채(10년),,,,,,,연%,,20210326,2.005
817Y002,1.3.2.1. 시장금리(일별),010210000,국고채(10년),,,,,,,연%,,20210329,1.98
817Y002,1.3.2.1. 시장금리(일별),010210000,국고채(10년),,,,,,,연%,,20210330,2.063
817Y002,1.3.2.1. 시장금리(일별),010210000,국고채(10년),,,,,,,연%,,20210331,2.057
817Y002,1.3.2.1. 시장금리(일별),010210000,국고채(10년),,,,,,,연%,,20210401,2.023
817Y002,1.3.2.1. 시장금리(일별),010210000,국고채(10년),,,,,,,연%,,20210402,2.049
817Y002,1.3.2.1. 시장금리(일별),010210000,국고채(10년),,,,,,,연%,,20210405,2.094
817Y002,1.3.2.1. 시장금리(일별),010210000,국고채(10년),,,,,,,연%,,20210406,2.069
817Y002,1.3.2.1. 시장금리(일별),010210000,국고채(10년),,,,,,,연%,,20210407,2.064
817Y002,1.3.2.1. 시장금리(일별),010210000,국고채(10년),,,,,,,연%,,20210408,2.012
817Y002,1.3.2.1. 시장금리(일별),010210000,국고채(10년),,,,,,,연%,,20210409,2.029
817Y002,1.3.2.1. 시장금리(일별),010210000,국고채(10년),,,,,,,연%,,20210412,2.003
817Y002,1.3.2.1. 시장금리(일별),010210000,국고채(10년),,,,,,,연%,,20210413,2.027
817Y002,1.3.2.1. 시장금리(일별),010210000,국고채(10년),,,,,,,연%,,20210414,1.99
817Y002,1.3.2.1. 시장금리(일별),010210000,국고채(10년),,,,,,,연%,,20210415,2.02
817Y002,1.3.2.1. 시장금리(일별),010210000,국고채(10년),,,,,,,연%,,20210416,2.023
817Y002,1.3.2.1. 시장금리(일별),010210000,국고채(10년),,,,,,,연%,,20210419,1.981
817Y002,1.3.2.1. 시장금리(일별),010210000,국고채(10년),,,,,,,연%,,20210420,2.003
817Y002,1.3.2.1. 시장금리(일별),010210000,국고채(10년),,,,,,,연%,,20210421,2.005
817Y002,1.3.2.1. 시장금리(일별),010210000,국고채(10년),,,,,,,연%,,20210422,1.989
817Y002,1.3.2.1. 시장금리(일별),010210000,국고채(10년),,,,,,,연%,,20210423,2.043
817Y002,1.3.2.1. 시장금리(일별),010210000,국고채(10년),,,,,,,연%,,20210426,2.089
817Y002,1.3.2.1. 시장금리(일별),010210000,국고채(10년),,,,,,,연%,,20210427,2.071
817Y002,1.3.2.1. 시장금리(일별),010210000,국고채(10년),,,,,,,연%,,20210428,2.082
817Y002,1.3.2.1. 시장금리(일별),010210000,국고채(10년),,,,,,,연%,,20210429,2.098
817Y002,1.3.2.1. 시장금리(일별),010210000,국고채(10년),,,,,,,연%,,20210430,2.128
817Y002,1.3.2.1. 시장금리(일별),010210000,국고채(10년),,,,,,,연%,,20210503,2.124
817Y002,1.3.2.1. 시장금리(일별),010210000,국고채(10년),,,,,,,연%,,20210504,2.13
817Y002,1.3.2.1. 시장금리(일별),010210000,국고채(10년),,,,,,,연%,,20210506,2.102
817Y002,1.3.2.1. 시장금리(일별),010210000,국고채(10년),,,,,,,연%,,20210507,2.123
817Y002,1.3.2.1. 시장금리(일별),010210000,국고채(10년),,,,,,,연%,,20210510,2.134
817Y002,1.3.2.1. 시장금리(일별),010210000,국고채(10년),,,,,,,연%,,20210511,2.139
817Y002,1.3.2.1. 시장금리(일별),010210000,국고채(10년),,,,,,,연%,,20210512,2.125
817Y002,1.3.2.1. 시장금리(일별),010210000,국고채(10년),,,,,,,연%,,20210513,2.156
817Y002,1.3.2.1. 시장금리(일별),010210000,국고채(10년),,,,,,,연%,,20210514,2.158
817Y002,1.3.2.1. 시장금리(일별),010210000,국고채(10년),,,,,,,연%,,20210517,2.117
817Y002,1.3.2.1. 시장금리(일별),010210000,국고채(10년),,,,,,,연%,,20210518,2.118
817Y002,1.3.2.1. 시장금리(일별),010210000,국고채(10년),,,,,,,연%,,20210520,2.135
817Y002,1.3.2.1. 시장금리(일별),010210000,국고채(10년),,,,,,,연%,,20210521,2.123
817Y002,1.3.2.1. 시장금리(일별),010210000,국고채(10년),,,,,,,연%,,20210524,2.12
817Y002,1.3.2.1. 시장금리(일별),010210000,국고채(10년),,,,,,,연%,,20210525,2.129
817Y002,1.3.2.1. 시장금리(일별),010210000,국고채(10년),,,,,,,연%,,20210526,2.128
817Y002,1.3.2.1. 시장금리(일별),010210000,국고채(10년),,,,,,,연%,,20210527,2.111
817Y002,1.3.2.1. 시장금리(일별),010210000,국고채(10년),,,,,,,연%,,20210528,2.132
817Y002,1.3.2.1. 시장금리(일별),010210000,국고채(10년),,,,,,,연%,,20210531,2.179
817Y002,1.3.2.1. 시장금리(일별),010210000,국고채(10년),,,,,,,연%,,20210601,2.186
817Y002,1.3.2.1. 시장금리(일별),010210000,국고채(10년),,,,,,,연%,,20210602,2.202
817Y002,1.3.2.1. 시장금리(일별),010210000,국고채(10년),,,,,,,연%,,20210603,2.195
817Y002,1.3.2.1. 시장금리(일별),010210000,국고채(10년),,,,,,,연%,,20210604,2.173
817Y002,1.3.2.1. 시장금리(일별),010210000,국고채(10년),,,,,,,연%,,20210607,2.156
817Y002,1.3.2.1. 시장금리(일별),010210000,국고채(10년),,,,,,,연%,,20210608,2.116
817Y002,1.3.2.1. 시장금리(일별),010210000,국고채(10년),,,,,,,연%,,20210609,2.103
817Y002,1.3.2.1. 시장금리(일별),010210000,국고채(10년),,,,,,,연%,,20210610,2.085
817Y002,1.3.2.1. 시장금리(일별),010210000,국고채(10년),,,,,,,연%,,20210611,2.101
817Y002,1.3.2.1. 시장금리(일별),010210000,국고채(10년),,,,,,,연%,,20210614,2.096
817Y002,1.3.2.1. 시장금리(일별),010210000,국고채(10년),,,,,,,연%,,20210615,2.071
817Y002,1.3.2.1. 시장금리(일별),010210000,국고채(10년),,,,,,,연%,,20210616,2.07
817Y002,1.3.2.1. 시장금리(일별),010210000,국고채(10년),,,,,,,연%,,20210617,2.079
817Y002,1.3.2.1. 시장금리(일별),010210000,국고채(10년),,,,,,,연%,,20210618,2.041
817Y002,1.3.2.1. 시장금리(일별),010210000,국고채(10년),,,,,,,연%,,20210621,2.006
817Y002,1.3.2.1. 시장금리(일별),010210000,국고채(10년),,,,,,,연%,,20210622,2.05
817Y002,1.3.2.1. 시장금리(일별),010210000,국고채(10년),,,,,,,연%,,20210623,2.041
817Y002,1.3.2.1. 시장금리(일별),010210000,국고채(10년),,,,,,,연%,,20210624,2.06
817Y002,1.3.2.1. 시장금리(일별),010210000,국고채(10년),,,,,,,연%,,20210625,2.1
817Y002,1.3.2.1. 시장금리(일별),010210000,국고채(10년),,,,,,,연%,,20210628,2.137
817Y002,1.3.2.1. 시장금리(일별),010210000,국고채(10년),,,,,,,연%,,20210629,2.109
817Y002,1.3.2.1. 시장금리(일별),010210000,국고채(10년),,,,,,,연%,,20210630,2.092
817Y002,1.3.2.1. 시장금리(일별),010210000,국고채(10년),,,,,,,연%,,20210701,2.09
817Y002,1.3.2.1. 시장금리(일별),010210000,국고채(10년),,,,,,,연%,,20210702,2.101
817Y002,1.3.2.1. 시장금리(일별),010210000,국고채(10년),,,,,,,연%,,20210705,2.089
817Y002,1.3.2.1. 시장금리(일별),010210000,국고채(10년),,,,,,,연%,,20210706,2.119
817Y002,1.3.2.1. 시장금리(일별),010210000,국고채(10년),,,,,,,연%,,20210707,2.039
817Y002,1.3.2.1. 시장금리(일별),010210000,국고채(10년),,,,,,,연%,,20210708,2.002
817Y002,1.3.2.1. 시장금리(일별),010210000,국고채(10년),,,,,,,연%,,20210709,2.033
817Y002,1.3.2.1. 시장금리(일별),010210000,국고채(10년),,,,,,,연%,,20210712,2.022
817Y002,1.3.2.1. 시장금리(일별),010210000,국고채(10년),,,,,,,연%,,20210713,2.035
817Y002,1.3.2.1. 시장금리(일별),010210000,국고채(10년),,,,,,,연%,,20210714,2.008
817Y002,1.3.2.1. 시장금리(일별),010210000,국고채(10년),,,,,,,연%,,20210715,2.024
817Y002,1.3.2.1. 시장금리(일별),010210000,국고채(10년),,,,,,,연%,,20210716,2.008
817Y002,1.3.2.1. 시장금리(일별),010210000,국고채(10년),,,,,,,연%,,20210719,1.972
817Y002,1.3.2.1. 시장금리(일별),010210000,국고채(10년),,,,,,,연%,,20210720,1.893
817Y002,1.3.2.1. 시장금리(일별),010210000,국고채(10년),,,,,,,연%,,20210721,1.878
817Y002,1.3.2.1. 시장금리(일별),010210000,국고채(10년),,,,,,,연%,,20210722,1.921
817Y002,1.3.2.1. 시장금리(일별),010210000,국고채(10년),,,,,,,연%,,20210723,1.888
817Y002,1.3.2.1. 시장금리(일별),010210000,국고채(10년),,,,,,,연%,,20210726,1.863
817Y002,1.3.2.1. 시장금리(일별),010210000,국고채(10년),,,,,,,연%,,20210727,1.868
817Y002,1.3.2.1. 시장금리(일별),010210000,국고채(10년),,,,,,,연%,,20210728,1.862
817Y002,1.3.2.1. 시장금리(일별),010210000,국고채(10년),,,,,,,연%,,20210729,1.889
817Y002,1.3.2.1. 시장금리(일별),010210000,국고채(10년),,,,,,,연%,,20210730,1.874
817Y002,1.3.2.1. 시장금리(일별),010210000,국고채(10년),,,,,,,연%,,20210802,1.907
817Y002,1.3.2.1. 시장금리(일별),010210000,국고채(10년),,,,,,,연%,,20210803,1.89
817Y002,1.3.2.1. 시장금리(일별),010210000,국고채(10년),,,,,,,연%,,20210804,1.866
817Y002,1.3.2.1. 시장금리(일별),010210000,국고채(10년),,,,,,,연%,,20210805,1.878
817Y002,1.3.2.1. 시장금리(일별),010210000,국고채(10년),,,,,,,연%,,20210806,1.9
817Y002,1.3.2.1. 시장금리(일별),010210000,국고채(10년),,,,,,,연%,,20210809,1.914
817Y002,1.3.2.1. 시장금리(일별),010210000,국고채(10년),,,,,,,연%,,20210810,1.916
817Y002,1.3.2.1. 시장금리(일별),010210000,국고채(10년),,,,,,,연%,,20210811,1.934
817Y002,1.3.2.1. 시장금리(일별),010210000,국고채(10년),,,,,,,연%,,20210812,1.922
817Y002,1.3.2.1. 시장금리(일별),010210000,국고채(10년),,,,,,,연%,,20210813,1.924
817Y002,1.3.2.1. 시장금리(일별),010210000,국고채(10년),,,,,,,연%,,20210817,1.886
817Y002,1.3.2.1. 시장금리(일별),010210000,국고채(10년),,,,,,,연%,,20210818,1.881
817Y002,1.3.2.1. 시장금리(일별),010210000,국고채(10년),,,,,,,연%,,20210819,1.868
817Y002,1.3.2.1. 시장금리(일별),010210000,국고채(10년),,,,,,,연%,,20210820,1.853
817Y002,1.3.2.1. 시장금리(일별),010210000,국고채(10년),,,,,,,연%,,20210823,1.889
817Y002,1.3.2.1. 시장금리(일별),010210000,국고채(10년),,,,,,,연%,,20210824,1.939
817Y002,1.3.2.1. 시장금리(일별),010210000,국고채(10년),,,,,,,연%,,20210825,1.936
817Y002,1.3.2.1. 시장금리(일별),010210000,국고채(10년),,,,,,,연%,,20210826,1.928
817Y002,1.3.2.1. 시장금리(일별),010210000,국고채(10년),,,,,,,연%,,20210827,1.939
817Y002,1.3.2.1. 시장금리(일별),010210000,국고채(10년),,,,,,,연%,,20210830,1.913
817Y002,1.3.2.1. 시장금리(일별),010210000,국고채(10년),,,,,,,연%,,20210831,1.912
817Y002,1.3.2.1. 시장금리(일별),010210000,국고채(10년),,,,,,,연%,,20210901,1.942
817Y002,1.3.2.1. 시장금리(일별),010210000,국고채(10년),,,,,,,연%,,20210902,1.941
817Y002,1.3.2.1. 시장금리(일별),010210000,국고채(10년),,,,,,,연%,,20210903,1.943
817Y002,1.3.2.1. 시장금리(일별),010210000,국고채(10년),,,,,,,연%,,20210906,1.97
817Y002,1.3.2.1. 시장금리(일별),010210000,국고채(10년),,,,,,,연%,,20210907,1.975
817Y002,1.3.2.1. 시장금리(일별),010210000,국고채(10년),,,,,,,연%,,20210908,2.016
817Y002,1.3.2.1. 시장금리(일별),010210000,국고채(10년),,,,,,,연%,,20210909,2
817Y002,1.3.2.1. 시장금리(일별),010210000,국고채(10년),,,,,,,연%,,20210910,2.006
817Y002,1.3.2.1. 시장금리(일별),010210000,국고채(10년),,,,,,,연%,,20210913,2.037
817Y002,1.3.2.1. 시장금리(일별),010210000,국고채(10년),,,,,,,연%,,20210914,2.06
817Y002,1.3.2.1. 시장금리(일별),010210000,국고채(10년),,,,,,,연%,,20210915,2.025
817Y002,1.3.2.1. 시장금리(일별),010210000,국고채(10년),,,,,,,연%,,20210916,2.043
817Y002,1.3.2.1. 시장금리(일별),010210000,국고채(10년),,,,,,,연%,,20210917,2.068
817Y002,1.3.2.1. 시장금리(일별),010210000,국고채(10년),,,,,,,연%,,20210923,2.099
817Y002,1.3.2.1. 시장금리(일별),010210000,국고채(10년),,,,,,,연%,,20210924,2.152
817Y002,1.3.2.1. 시장금리(일별),010210000,국고채(10년),,,,,,,연%,,20210927,2.168
817Y002,1.3.2.1. 시장금리(일별),010210000,국고채(10년),,,,,,,연%,,20210928,2.256
817Y002,1.3.2.1. 시장금리(일별),010210000,국고채(10년),,,,,,,연%,,20210929,2.223
817Y002,1.3.2.1. 시장금리(일별),010210000,국고채(10년),,,,,,,연%,,20210930,2.237
817Y002,1.3.2.1. 시장금리(일별),010210000,국고채(10년),,,,,,,연%,,20211001,2.258
817Y002,1.3.2.1. 시장금리(일별),010210000,국고채(10년),,,,,,,연%,,20211005,2.291
817Y002,1.3.2.1. 시장금리(일별),010210000,국고채(10년),,,,,,,연%,,20211006,2.399
817Y002,1.3.2.1. 시장금리(일별),010210000,국고채(10년),,,,,,,연%,,20211007,2.387
817Y002,1.3.2.1. 시장금리(일별),010210000,국고채(10년),,,,,,,연%,,20211008,2.374
817Y002,1.3.2.1. 시장금리(일별),010210000,국고채(10년),,,,,,,연%,,20211012,2.447
817Y002,1.3.2.1. 시장금리(일별),010210000,국고채(10년),,,,,,,연%,,20211013,2.401
817Y002,1.3.2.1. 시장금리(일별),010210000,국고채(10년),,,,,,,연%,,20211014,2.351
817Y002,1.3.2.1. 시장금리(일별),010210000,국고채(10년),,,,,,,연%,,20211015,2.356
817Y002,1.3.2.1. 시장금리(일별),010210000,국고채(10년),,,,,,,연%,,20211018,2.4
817Y002,1.3.2.1. 시장금리(일별),010210000,국고채(10년),,,,,,,연%,,20211019,2.379
817Y002,1.3.2.1. 시장금리(일별),010210000,국고채(10년),,,,,,,연%,,20211020,2.392
817Y002,1.3.2.1. 시장금리(일별),010210000,국고채(10년),,,,,,,연%,,20211021,2.388
817Y002,1.3.2.1. 시장금리(일별),010210000,국고채(10년),,,,,,,연%,,20211022,2.411
817Y002,1.3.2.1. 시장금리(일별),010210000,국고채(10년),,,,,,,연%,,20211025,2.426
817Y002,1.3.2.1. 시장금리(일별),010210000,국고채(10년),,,,,,,연%,,20211026,2.457
817Y002,1.3.2.1. 시장금리(일별),010210000,국고채(10년),,,,,,,연%,,20211027,2.487
817Y002,1.3.2.1. 시장금리(일별),010210000,국고채(10년),,,,,,,연%,,20211028,2.397
817Y002,1.3.2.1. 시장금리(일별),010210000,국고채(10년),,,,,,,연%,,20211029,2.575
817Y002,1.3.2.1. 시장금리(일별),010210000,국고채(10년),,,,,,,연%,,20211101,2.506
817Y002,1.3.2.1. 시장금리(일별),010210000,국고채(10년),,,,,,,연%,,20211102,2.48
817Y002,1.3.2.1. 시장금리(일별),010210000,국고채(10년),,,,,,,연%,,20211103,2.47
817Y002,1.3.2.1. 시장금리(일별),010210000,국고채(10년),,,,,,,연%,,20211104,2.428
817Y002,1.3.2.1. 시장금리(일별),010210000,국고채(10년),,,,,,,연%,,20211105,2.35
817Y002,1.3.2.1. 시장금리(일별),010210000,국고채(10년),,,,,,,연%,,20211108,2.329
817Y002,1.3.2.1. 시장금리(일별),010210000,국고채(10년),,,,,,,연%,,20211109,2.293
817Y002,1.3.2.1. 시장금리(일별),010210000,국고채(10년),,,,,,,연%,,20211110,2.309
817Y002,1.3.2.1. 시장금리(일별),010210000,국고채(10년),,,,,,,연%,,20211111,2.341
817Y002,1.3.2.1. 시장금리(일별),010210000,국고채(10년),,,,,,,연%,,20211112,2.344
817Y002,1.3.2.1. 시장금리(일별),010210000,국고채(10년),,,,,,,연%,,20211115,2.298
817Y002,1.3.2.1. 시장금리(일별),010210000,국고채(10년),,,,,,,연%,,20211116,2.333
817Y002,1.3.2.1. 시장금리(일별),010210000,국고채(10년),,,,,,,연%,,20211117,2.359
817Y002,1.3.2.1. 시장금리(일별),010210000,국고채(10년),,,,,,,연%,,20211118,2.338
817Y002,1.3.2.1. 시장금리(일별),010210000,국고채(10년),,,,,,,연%,,20211119,2.372
817Y002,1.3.2.1. 시장금리(일별),010210000,국고채(10년),,,,,,,연%,,20211122,2.386
817Y002,1.3.2.1. 시장금리(일별),010210000,국고채(10년),,,,,,,연%,,20211123,2.4
817Y002,1.3.2.1. 시장금리(일별),010210000,국고채(10년),,,,,,,연%,,20211124,2.394
817Y002,1.3.2.1. 시장금리(일별),010210000,국고채(10년),,,,,,,연%,,20211125,2.348
817Y002,1.3.2.1. 시장금리(일별),010210000,국고채(10년),,,,,,,연%,,20211126,2.255
817Y002,1.3.2.1. 시장금리(일별),010210000,국고채(10년),,,,,,,연%,,20211129,2.266
817Y002,1.3.2.1. 시장금리(일별),010210000,국고채(10년),,,,,,,연%,,20211130,2.213
817Y002,1.3.2.1. 시장금리(일별),010210000,국고채(10년),,,,,,,연%,,20211201,2.182
817Y002,1.3.2.1. 시장금리(일별),010210000,국고채(10년),,,,,,,연%,,20211202,2.198
817Y002,1.3.2.1. 시장금리(일별),010210000,국고채(10년),,,,,,,연%,,20211203,2.234
817Y002,1.3.2.1. 시장금리(일별),010210000,국고채(10년),,,,,,,연%,,20211206,2.213
817Y002,1.3.2.1. 시장금리(일별),010210000,국고채(10년),,,,,,,연%,,20211207,2.24
817Y002,1.3.2.1. 시장금리(일별),010210000,국고채(10년),,,,,,,연%,,20211208,2.185
817Y002,1.3.2.1. 시장금리(일별),010210000,국고채(10년),,,,,,,연%,,20211209,2.188
817Y002,1.3.2.1. 시장금리(일별),010210000,국고채(10년),,,,,,,연%,,20211210,2.201
817Y002,1.3.2.1. 시장금리(일별),010210000,국고채(10년),,,,,,,연%,,20211213,2.169
817Y002,1.3.2.1. 시장금리(일별),010210000,국고채(10년),,,,,,,연%,,20211214,2.169
817Y002,1.3.2.1. 시장금리(일별),010210000,국고채(10년),,,,,,,연%,,20211215,2.166
817Y002,1.3.2.1. 시장금리(일별),010210000,국고채(10년),,,,,,,연%,,20211216,2.147
817Y002,1.3.2.1. 시장금리(일별),010210000,국고채(10년),,,,,,,연%,,20211217,2.153
817Y002,1.3.2.1. 시장금리(일별),010210000,국고채(10년),,,,,,,연%,,20211220,2.107
817Y002,1.3.2.1. 시장금리(일별),010210000,국고채(10년),,,,,,,연%,,20211221,2.099
817Y002,1.3.2.1. 시장금리(일별),010210000,국고채(10년),,,,,,,연%,,20211222,2.147
817Y002,1.3.2.1. 시장금리(일별),010210000,국고채(10년),,,,,,,연%,,20211223,2.212
817Y002,1.3.2.1. 시장금리(일별),010210000,국고채(10년),,,,,,,연%,,20211224,2.206
817Y002,1.3.2.1. 시장금리(일별),010210000,국고채(10년),,,,,,,연%,,20211227,2.211
817Y002,1.3.2.1. 시장금리(일별),010210000,국고채(10년),,,,,,,연%,,20211228,2.198
817Y002,1.3.2.1. 시장금리(일별),010210000,국고채(10년),,,,,,,연%,,20211229,2.18
817Y002,1.3.2.1. 시장금리(일별),010210000,국고채(10년),,,,,,,연%,,20211230,2.248
817Y002,1.3.2.1. 시장금리(일별),010210000,국고채(10년),,,,,,,연%,,20211231,2.25
817Y002,1.3.2.1. 시장금리(일별),010210000,국고채(10년),,,,,,,연%,,20220103,2.325
817Y002,1.3.2.1. 시장금리(일별),010210000,국고채(10년),,,,,,,연%,,20220104,2.32
817Y002,1.3.2.1. 시장금리(일별),010210000,국고채(10년),,,,,,,연%,,20220105,2.375
817Y002,1.3.2.1. 시장금리(일별),010210000,국고채(10년),,,,,,,연%,,20220106,2.481
817Y002,1.3.2.1. 시장금리(일별),010210000,국고채(10년),,,,,,,연%,,20220107,2.458
817Y002,1.3.2.1. 시장금리(일별),010210000,국고채(10년),,,,,,,연%,,20220110,2.484
817Y002,1.3.2.1. 시장금리(일별),010210000,국고채(10년),,,,,,,연%,,20220111,2.485
817Y002,1.3.2.1. 시장금리(일별),010210000,국고채(10년),,,,,,,연%,,20220112,2.428
817Y002,1.3.2.1. 시장금리(일별),010210000,국고채(10년),,,,,,,연%,,20220113,2.397
817Y002,1.3.2.1. 시장금리(일별),010210000,국고채(10년),,,,,,,연%,,20220114,2.453
817Y002,1.3.2.1. 시장금리(일별),010210000,국고채(10년),,,,,,,연%,,20220117,2.568
817Y002,1.3.2.1. 시장금리(일별),010210000,국고채(10년),,,,,,,연%,,20220118,2.553
817Y002,1.3.2.1. 시장금리(일별),010210000,국고채(10년),,,,,,,연%,,20220119,2.537
817Y002,1.3.2.1. 시장금리(일별),010210000,국고채(10년),,,,,,,연%,,20220120,2.558
817Y002,1.3.2.1. 시장금리(일별),010210000,국고채(10년),,,,,,,연%,,20220121,2.54
817Y002,1.3.2.1. 시장금리(일별),010210000,국고채(10년),,,,,,,연%,,20220124,2.54
817Y002,1.3.2.1. 시장금리(일별),010210000,국고채(10년),,,,,,,연%,,20220125,2.576
817Y002,1.3.2.1. 시장금리(일별),010210000,국고채(10년),,,,,,,연%,,20220126,2.573
817Y002,1.3.2.1. 시장금리(일별),010210000,국고채(10년),,,,,,,연%,,20220127,2.612
817Y002,1.3.2.1. 시장금리(일별),010210000,국고채(10년),,,,,,,연%,,20220128,2.586
817Y002,1.3.2.1. 시장금리(일별),010210000,국고채(10년),,,,,,,연%,,20220203,2.566
817Y002,1.3.2.1. 시장금리(일별),010210000,국고채(10년),,,,,,,연%,,20220204,2.619
817Y002,1.3.2.1. 시장금리(일별),010210000,국고채(10년),,,,,,,연%,,20220207,2.638
817Y002,1.3.2.1. 시장금리(일별),010210000,국고채(10년),,,,,,,연%,,20220208,2.733
817Y002,1.3.2.1. 시장금리(일별),010210000,국고채(10년),,,,,,,연%,,20220209,2.691
817Y002,1.3.2.1. 시장금리(일별),010210000,국고채(10년),,,,,,,연%,,20220210,2.686
817Y002,1.3.2.1. 시장금리(일별),010210000,국고채(10년),,,,,,,연%,,20220211,2.747
817Y002,1.3.2.1. 시장금리(일별),010210000,국고채(10년),,,,,,,연%,,20220214,2.714
817Y002,1.3.2.1. 시장금리(일별),010210000,국고채(10년),,,,,,,연%,,20220215,2.71
817Y002,1.3.2.1. 시장금리(일별),010210000,국고채(10년),,,,,,,연%,,20220216,2.702
817Y002,1.3.2.1. 시장금리(일별),010210000,국고채(10년),,,,,,,연%,,20220217,2.708
817Y002,1.3.2.1. 시장금리(일별),010210000,국고채(10년),,,,,,,연%,,20220218,2.728
817Y002,1.3.2.1. 시장금리(일별),010210000,국고채(10년),,,,,,,연%,,20220221,2.77
817Y002,1.3.2.1. 시장금리(일별),010210000,국고채(10년),,,,,,,연%,,20220222,2.717
817Y002,1.3.2.1. 시장금리(일별),010210000,국고채(10년),,,,,,,연%,,20220223,2.722
817Y002,1.3.2.1. 시장금리(일별),010210000,국고채(10년),,,,,,,연%,,20220224,2.624
817Y002,1.3.2.1. 시장금리(일별),010210000,국고채(10년),,,,,,,연%,,20220225,2.671
817Y002,1.3.2.1. 시장금리(일별),010210000,국고채(10년),,,,,,,연%,,20220228,2.675
817Y002,1.3.2.1. 시장금리(일별),010210000,국고채(10년),,,,,,,연%,,20220302,2.613
817Y002,1.3.2.1. 시장금리(일별),010210000,국고채(10년),,,,,,,연%,,20220303,2.648
817Y002,1.3.2.1. 시장금리(일별),010210000,국고채(10년),,,,,,,연%,,20220304,2.658
817Y002,1.3.2.1. 시장금리(일별),010210000,국고채(10년),,,,,,,연%,,20220307,2.707
817Y002,1.3.2.1. 시장금리(일별),010210000,국고채(10년),,,,,,,연%,,20220308,2.722
817Y002,1.3.2.1. 시장금리(일별),010210000,국고채(10년),,,,,,,연%,,20220310,2.726
817Y002,1.3.2.1. 시장금리(일별),010210000,국고채(10년),,,,,,,연%,,20220311,2.7
817Y002,1.3.2.1. 시장금리(일별),010210000,국고채(10년),,,,,,,연%,,20220314,2.739
817Y002,1.3.2.1. 시장금리(일별),010210000,국고채(10년),,,,,,,연%,,20220315,2.753
817Y002,1.3.2.1. 시장금리(일별),010210000,국고채(10년),,,,,,,연%,,20220316,2.768
817Y002,1.3.2.1. 시장금리(일별),010210000,국고채(10년),,,,,,,연%,,20220317,2.704
817Y002,1.3.2.1. 시장금리(일별),010210000,국고채(10년),,,,,,,연%,,20220318,2.737
817Y002,1.3.2.1. 시장금리(일별),010210000,국고채(10년),,,,,,,연%,,20220321,2.741
817Y002,1.3.2.1. 시장금리(일별),010210000,국고채(10년),,,,,,,연%,,20220322,2.832
817Y002,1.3.2.1. 시장금리(일별),010210000,국고채(10년),,,,,,,연%,,20220323,2.828
817Y002,1.3.2.1. 시장금리(일별),010210000,국고채(10년),,,,,,,연%,,20220324,2.856
817Y002,1.3.2.1. 시장금리(일별),010210000,국고채(10년),,,,,,,연%,,20220325,2.871
817Y002,1.3.2.1. 시장금리(일별),010210000,국고채(10년),,,,,,,연%,,20220328,3.031
817Y002,1.3.2.1. 시장금리(일별),010210000,국고채(10년),,,,,,,연%,,20220329,2.972
817Y002,1.3.2.1. 시장금리(일별),010210000,국고채(10년),,,,,,,연%,,20220330,2.885
817Y002,1.3.2.1. 시장금리(일별),010210000,국고채(10년),,,,,,,연%,,20220331,2.969
817Y002,1.3.2.1. 시장금리(일별),010210000,국고채(10년),,,,,,,연%,,20220401,3.007
817Y002,1.3.2.1. 시장금리(일별),010210000,국고채(10년),,,,,,,연%,,20220404,3.065
817Y002,1.3.2.1. 시장금리(일별),010210000,국고채(10년),,,,,,,연%,,20220405,3.08
817Y002,1.3.2.1. 시장금리(일별),010210000,국고채(10년),,,,,,,연%,,20220406,3.129
817Y002,1.3.2.1. 시장금리(일별),010210000,국고채(10년),,,,,,,연%,,20220407,3.128
817Y002,1.3.2.1. 시장금리(일별),010210000,국고채(10년),,,,,,,연%,,20220408,3.169
817Y002,1.3.2.1. 시장금리(일별),010210000,국고채(10년),,,,,,,연%,,20220411,3.305
817Y002,1.3.2.1. 시장금리(일별),010210000,국고채(10년),,,,,,,연%,,20220412,3.313
817Y002,1.3.2.1. 시장금리(일별),010210000,국고채(10년),,,,,,,연%,,20220413,3.287
817Y002,1.3.2.1. 시장금리(일별),010210000,국고채(10년),,,,,,,연%,,20220414,3.22
817Y002,1.3.2.1. 시장금리(일별),010210000,국고채(10년),,,,,,,연%,,20220415,3.301
817Y002,1.3.2.1. 시장금리(일별),010210000,국고채(10년),,,,,,,연%,,20220418,3.355
817Y002,1.3.2.1. 시장금리(일별),010210000,국고채(10년),,,,,,,연%,,20220419,3.35
817Y002,1.3.2.1. 시장금리(일별),010210000,국고채(10년),,,,,,,연%,,20220420,3.313
817Y002,1.3.2.1. 시장금리(일별),010210000,국고채(10년),,,,,,,연%,,20220421,3.296
817Y002,1.3.2.1. 시장금리(일별),010210000,국고채(10년),,,,,,,연%,,20220422,3.314
817Y002,1.3.2.1. 시장금리(일별),010210000,국고채(10년),,,,,,,연%,,20220425,3.188
817Y002,1.3.2.1. 시장금리(일별),010210000,국고채(10년),,,,,,,연%,,20220426,3.19
817Y002,1.3.2.1. 시장금리(일별),010210000,국고채(10년),,,,,,,연%,,20220427,3.185
817Y002,1.3.2.1. 시장금리(일별),010210000,국고채(10년),,,,,,,연%,,20220428,3.166
817Y002,1.3.2.1. 시장금리(일별),010210000,국고채(10년),,,,,,,연%,,20220429,3.242
817Y002,1.3.2.1. 시장금리(일별),010210000,국고채(10년),,,,,,,연%,,20220502,3.38
817Y002,1.3.2.1. 시장금리(일별),010210000,국고채(10년),,,,,,,연%,,20220503,3.406
817Y002,1.3.2.1. 시장금리(일별),010210000,국고채(10년),,,,,,,연%,,20220504,3.434
817Y002,1.3.2.1. 시장금리(일별),010210000,국고채(10년),,,,,,,연%,,20220506,3.431
817Y002,1.3.2.1. 시장금리(일별),010210000,국고채(10년),,,,,,,연%,,20220509,3.414
817Y002,1.3.2.1. 시장금리(일별),010210000,국고채(10년),,,,,,,연%,,20220510,3.403
817Y002,1.3.2.1. 시장금리(일별),010210000,국고채(10년),,,,,,,연%,,20220511,3.269
817Y002,1.3.2.1. 시장금리(일별),010210000,국고채(10년),,,,,,,연%,,20220512,3.169
817Y002,1.3.2.1. 시장금리(일별),010210000,국고채(10년),,,,,,,연%,,20220513,3.221
817Y002,1.3.2.1. 시장금리(일별),010210000,국고채(10년),,,,,,,연%,,20220516,3.277
817Y002,1.3.2.1. 시장금리(일별),010210000,국고채(10년),,,,,,,연%,,20220517,3.287
817Y002,1.3.2.1. 시장금리(일별),010210000,국고채(10년),,,,,,,연%,,20220518,3.32
817Y002,1.3.2.1. 시장금리(일별),010210000,국고채(10년),,,,,,,연%,,20220519,3.307
817Y002,1.3.2.1. 시장금리(일별),010210000,국고채(10년),,,,,,,연%,,20220520,3.245
817Y002,1.3.2.1. 시장금리(일별),010210000,국고채(10년),,,,,,,연%,,20220523,3.258
817Y002,1.3.2.1. 시장금리(일별),010210000,국고채(10년),,,,,,,연%,,20220524,3.214
817Y002,1.3.2.1. 시장금리(일별),010210000,국고채(10년),,,,,,,연%,,20220525,3.177
817Y002,1.3.2.1. 시장금리(일별),010210000,국고채(10년),,,,,,,연%,,20220526,3.238
817Y002,1.3.2.1. 시장금리(일별),010210000,국고채(10년),,,,,,,연%,,20220527,3.212
817Y002,1.3.2.1. 시장금리(일별),010210000,국고채(10년),,,,,,,연%,,20220530,3.211
817Y002,1.3.2.1. 시장금리(일별),010210000,국고채(10년),,,,,,,연%,,20220531,3.326
817Y002,1.3.2.1. 시장금리(일별),010210000,국고채(10년),,,,,,,연%,,20220602,3.421
817Y002,1.3.2.1. 시장금리(일별),010210000,국고채(10년),,,,,,,연%,,20220603,3.405
817Y002,1.3.2.1. 시장금리(일별),010210000,국고채(10년),,,,,,,연%,,20220607,3.538
817Y002,1.3.2.1. 시장금리(일별),010210000,국고채(10년),,,,,,,연%,,20220608,3.472
817Y002,1.3.2.1. 시장금리(일별),010210000,국고채(10년),,,,,,,연%,,20220609,3.471
817Y002,1.3.2.1. 시장금리(일별),010210000,국고채(10년),,,,,,,연%,,20220610,3.495
817Y002,1.3.2.1. 시장금리(일별),010210000,국고채(10년),,,,,,,연%,,20220613,3.654
817Y002,1.3.2.1. 시장금리(일별),010210000,국고채(10년),,,,,,,연%,,20220614,3.691
817Y002,1.3.2.1. 시장금리(일별),010210000,국고채(10년),,,,,,,연%,,20220615,3.795
817Y002,1.3.2.1. 시장금리(일별),010210000,국고채(10년),,,,,,,연%,,20220616,3.767
817Y002,1.3.2.1. 시장금리(일별),010210000,국고채(10년),,,,,,,연%,,20220617,3.795
817Y002,1.3.2.1. 시장금리(일별),010210000,국고채(10년),,,,,,,연%,,20220620,3.784
817Y002,1.3.2.1. 시장금리(일별),010210000,국고채(10년),,,,,,,연%,,20220621,3.775
817Y002,1.3.2.1. 시장금리(일별),010210000,국고채(10년),,,,,,,연%,,20220622,3.682
817Y002,1.3.2.1. 시장금리(일별),010210000,국고채(10년),,,,,,,연%,,20220623,3.726
817Y002,1.3.2.1. 시장금리(일별),010210000,국고채(10년),,,,,,,연%,,20220624,3.635
817Y002,1.3.2.1. 시장금리(일별),010210000,국고채(10년),,,,,,,연%,,20220627,3.72
817Y002,1.3.2.1. 시장금리(일별),010210000,국고채(10년),,,,,,,연%,,20220628,3.68
817Y002,1.3.2.1. 시장금리(일별),010210000,국고채(10년),,,,,,,연%,,20220629,3.667
817Y002,1.3.2.1. 시장금리(일별),010210000,국고채(10년),,,,,,,연%,,20220630,3.636
817Y002,1.3.2.1. 시장금리(일별),010210000,국고채(10년),,,,,,,연%,,20220701,3.49
817Y002,1.3.2.1. 시장금리(일별),010210000,국고채(10년),,,,,,,연%,,20220704,3.489
817Y002,1.3.2.1. 시장금리(일별),010210000,국고채(10년),,,,,,,연%,,20220705,3.379
817Y002,1.3.2.1. 시장금리(일별),010210000,국고채(10년),,,,,,,연%,,20220706,3.295
817Y002,1.3.2.1. 시장금리(일별),010210000,국고채(10년),,,,,,,연%,,20220707,3.307
817Y002,1.3.2.1. 시장금리(일별),010210000,국고채(10년),,,,,,,연%,,20220708,3.36
817Y002,1.3.2.1. 시장금리(일별),010210000,국고채(10년),,,,,,,연%,,20220711,3.385
817Y002,1.3.2.1. 시장금리(일별),010210000,국고채(10년),,,,,,,연%,,20220712,3.349
817Y002,1.3.2.1. 시장금리(일별),010210000,국고채(10년),,,,,,,연%,,20220713,3.301
817Y002,1.3.2.1. 시장금리(일별),010210000,국고채(10년),,,,,,,연%,,20220714,3.295
817Y002,1.3.2.1. 시장금리(일별),010210000,국고채(10년),,,,,,,연%,,20220715,3.242
817Y002,1.3.2.1. 시장금리(일별),010210000,국고채(10년),,,,,,,연%,,20220718,3.27
817Y002,1.3.2.1. 시장금리(일별),010210000,국고채(10년),,,,,,,연%,,20220719,3.253
817Y002,1.3.2.1. 시장금리(일별),010210000,국고채(10년),,,,,,,연%,,20220720,3.36
817Y002,1.3.2.1. 시장금리(일별),010210000,국고채(10년),,,,,,,연%,,20220721,3.374
817Y002,1.3.2.1. 시장금리(일별),010210000,국고채(10년),,,,,,,연%,,20220722,3.302
817Y002,1.3.2.1. 시장금리(일별),010210000,국고채(10년),,,,,,,연%,,20220725,3.211
817Y002,1.3.2.1. 시장금리(일별),010210000,국고채(10년),,,,,,,연%,,20220726,3.183
817Y002,1.3.2.1. 시장금리(일별),010210000,국고채(10년),,,,,,,연%,,20220727,3.121
817Y002,1.3.2.1. 시장금리(일별),010210000,국고채(10년),,,,,,,연%,,20220728,3.201
817Y002,1.3.2.1. 시장금리(일별),010210000,국고채(10년),,,,,,,연%,,20220729,3.127
817Y002,1.3.2.1. 시장금리(일별),010210000,국고채(10년),,,,,,,연%,,20220801,3.184
817Y002,1.3.2.1. 시장금리(일별),010210000,국고채(10년),,,,,,,연%,,20220802,3.088
817Y002,1.3.2.1. 시장금리(일별),010210000,국고채(10년),,,,,,,연%,,20220803,3.131
817Y002,1.3.2.1. 시장금리(일별),010210000,국고채(10년),,,,,,,연%,,20220804,3.152
817Y002,1.3.2.1. 시장금리(일별),010210000,국고채(10년),,,,,,,연%,,20220805,3.124
817Y002,1.3.2.1. 시장금리(일별),010210000,국고채(10년),,,,,,,연%,,20220808,3.177
817Y002,1.3.2.1. 시장금리(일별),010210000,국고채(10년),,,,,,,연%,,20220809,3.166
817Y002,1.3.2.1. 시장금리(일별),010210000,국고채(10년),,,,,,,연%,,20220810,3.207
817Y002,1.3.2.1. 시장금리(일별),010210000,국고채(10년),,,,,,,연%,,20220811,3.219
817Y002,1.3.2.1. 시장금리(일별),010210000,국고채(10년),,,,,,,연%,,20220812,3.282
817Y002,1.3.2.1. 시장금리(일별),010210000,국고채(10년),,,,,,,연%,,20220816,3.156
817Y002,1.3.2.1. 시장금리(일별),010210000,국고채(10년),,,,,,,연%,,20220817,3.188
817Y002,1.3.2.1. 시장금리(일별),010210000,국고채(10년),,,,,,,연%,,20220818,3.221
817Y002,1.3.2.1. 시장금리(일별),010210000,국고채(10년),,,,,,,연%,,20220819,3.31
817Y002,1.3.2.1. 시장금리(일별),010210000,국고채(10년),,,,,,,연%,,20220822,3.342
817Y002,1.3.2.1. 시장금리(일별),010210000,국고채(10년),,,,,,,연%,,20220823,3.361
817Y002,1.3.2.1. 시장금리(일별),010210000,국고채(10년),,,,,,,연%,,20220824,3.433
817Y002,1.3.2.1. 시장금리(일별),010210000,국고채(10년),,,,,,,연%,,20220825,3.593
817Y002,1.3.2.1. 시장금리(일별),010210000,국고채(10년),,,,,,,연%,,20220826,3.616
817Y002,1.3.2.1. 시장금리(일별),010210000,국고채(10년),,,,,,,연%,,20220829,3.715
817Y002,1.3.2.1. 시장금리(일별),010210000,국고채(10년),,,,,,,연%,,20220830,3.695
817Y002,1.3.2.1. 시장금리(일별),010210000,국고채(10년),,,,,,,연%,,20220831,3.721
817Y002,1.3.2.1. 시장금리(일별),010210000,국고채(10년),,,,,,,연%,,20220901,3.805
817Y002,1.3.2.1. 시장금리(일별),010210000,국고채(10년),,,,,,,연%,,20220902,3.738
817Y002,1.3.2.1. 시장금리(일별),010210000,국고채(10년),,,,,,,연%,,20220905,3.67
817Y002,1.3.2.1. 시장금리(일별),010210000,국고채(10년),,,,,,,연%,,20220906,3.712
817Y002,1.3.2.1. 시장금리(일별),010210000,국고채(10년),,,,,,,연%,,20220907,3.736
817Y002,1.3.2.1. 시장금리(일별),010210000,국고채(10년),,,,,,,연%,,20220908,3.622
817Y002,1.3.2.1. 시장금리(일별),010210000,국고채(10년),,,,,,,연%,,20220913,3.62
817Y002,1.3.2.1. 시장금리(일별),010210000,국고채(10년),,,,,,,연%,,20220914,3.651
817Y002,1.3.2.1. 시장금리(일별),010210000,국고채(10년),,,,,,,연%,,20220915,3.791
817Y002,1.3.2.1. 시장금리(일별),010210000,국고채(10년),,,,,,,연%,,20220916,3.772
817Y002,1.3.2.1. 시장금리(일별),010210000,국고채(10년),,,,,,,연%,,20220919,3.794
817Y002,1.3.2.1. 시장금리(일별),010210000,국고채(10년),,,,,,,연%,,20220920,3.836
817Y002,1.3.2.1. 시장금리(일별),010210000,국고채(10년),,,,,,,연%,,20220921,3.891
817Y002,1.3.2.1. 시장금리(일별),010210000,국고채(10년),,,,,,,연%,,20220922,3.997
817Y002,1.3.2.1. 시장금리(일별),010210000,국고채(10년),,,,,,,연%,,20220923,4.112
817Y002,1.3.2.1. 시장금리(일별),010210000,국고채(10년),,,,,,,연%,,20220926,4.335
817Y002,1.3.2.1. 시장금리(일별),010210000,국고채(10년),,,,,,,연%,,20220927,4.208
817Y002,1.3.2.1. 시장금리(일별),010210000,국고채(10년),,,,,,,연%,,20220928,4.332
817Y002,1.3.2.1. 시장금리(일별),010210000,국고채(10년),,,,,,,연%,,20220929,4.229
817Y002,1.3.2.1. 시장금리(일별),010210000,국고채(10년),,,,,,,연%,,20220930,4.096
817Y002,1.3.2.1. 시장금리(일별),010210000,국고채(10년),,,,,,,연%,,20221004,4.006
817Y002,1.3.2.1. 시장금리(일별),010210000,국고채(10년),,,,,,,연%,,20221005,4.102
817Y002,1.3.2.1. 시장금리(일별),010210000,국고채(10년),,,,,,,연%,,20221006,4.102
817Y002,1.3.2.1. 시장금리(일별),010210000,국고채(10년),,,,,,,연%,,20221007,4.214
817Y002,1.3.2.1. 시장금리(일별),010210000,국고채(10년),,,,,,,연%,,20221011,4.306
817Y002,1.3.2.1. 시장금리(일별),010210000,국고채(10년),,,,,,,연%,,20221012,4.11
817Y002,1.3.2.1. 시장금리(일별),010210000,국고채(10년),,,,,,,연%,,20221013,4.239
817Y002,1.3.2.1. 시장금리(일별),010210000,국고채(10년),,,,,,,연%,,20221014,4.181
817Y002,1.3.2.1. 시장금리(일별),010210000,국고채(10년),,,,,,,연%,,20221017,4.215
817Y002,1.3.2.1. 시장금리(일별),010210000,국고채(10년),,,,,,,연%,,20221018,4.277
817Y002,1.3.2.1. 시장금리(일별),010210000,국고채(10년),,,,,,,연%,,20221019,4.396
817Y002,1.3.2.1. 시장금리(일별),010210000,국고채(10년),,,,,,,연%,,20221020,4.439
817Y002,1.3.2.1. 시장금리(일별),010210000,국고채(10년),,,,,,,연%,,20221021,4.632
817Y002,1.3.2.1. 시장금리(일별),010210000,국고채(10년),,,,,,,연%,,20221024,4.503
817Y002,1.3.2.1. 시장금리(일별),010210000,국고채(10년),,,,,,,연%,,20221025,4.346
817Y002,1.3.2.1. 시장금리(일별),010210000,국고채(10년),,,,,,,연%,,20221026,4.279
817Y002,1.3.2.1. 시장금리(일별),010210000,국고채(10년),,,,,,,연%,,20221027,4.313
817Y002,1.3.2.1. 시장금리(일별),010210000,국고채(10년),,,,,,,연%,,20221028,4.167
817Y002,1.3.2.1. 시장금리(일별),010210000,국고채(10년),,,,,,,연%,,20221031,4.242
817Y002,1.3.2.1. 시장금리(일별),010210000,국고채(10년),,,,,,,연%,,20221101,4.135
817Y002,1.3.2.1. 시장금리(일별),010210000,국고채(10년),,,,,,,연%,,20221102,4.143
817Y002,1.3.2.1. 시장금리(일별),010210000,국고채(10년),,,,,,,연%,,20221103,4.197
817Y002,1.3.2.1. 시장금리(일별),010210000,국고채(10년),,,,,,,연%,,20221104,4.182
817Y002,1.3.2.1. 시장금리(일별),010210000,국고채(10년),,,,,,,연%,,20221107,4.258
817Y002,1.3.2.1. 시장금리(일별),010210000,국고채(10년),,,,,,,연%,,20221108,4.236
817Y002,1.3.2.1. 시장금리(일별),010210000,국고채(10년),,,,,,,연%,,20221109,4.177
817Y002,1.3.2.1. 시장금리(일별),010210000,국고채(10년),,,,,,,연%,,20221110,4.07
817Y002,1.3.2.1. 시장금리(일별),010210000,국고채(10년),,,,,,,연%,,20221111,3.894
817Y002,1.3.2.1. 시장금리(일별),010210000,국고채(10년),,,,,,,연%,,20221114,3.928
817Y002,1.3.2.1. 시장금리(일별),010210000,국고채(10년),,,,,,,연%,,20221115,3.861
817Y002,1.3.2.1. 시장금리(일별),010210000,국고채(10년),,,,,,,연%,,20221116,3.896
817Y002,1.3.2.1. 시장금리(일별),010210000,국고채(10년),,,,,,,연%,,20221117,3.853
817Y002,1.3.2.1. 시장금리(일별),010210000,국고채(10년),,,,,,,연%,,20221118,3.801
817Y002,1.3.2.1. 시장금리(일별),010210000,국고채(10년),,,,,,,연%,,20221121,3.764
817Y002,1.3.2.1. 시장금리(일별),010210000,국고채(10년),,,,,,,연%,,20221122,3.773
817Y002,1.3.2.1. 시장금리(일별),010210000,국고채(10년),,,,,,,연%,,20221123,3.774
817Y002,1.3.2.1. 시장금리(일별),010210000,국고채(10년),,,,,,,연%,,20221124,3.622
817Y002,1.3.2.1. 시장금리(일별),010210000,국고채(10년),,,,,,,연%,,20221125,3.623
817Y002,1.3.2.1. 시장금리(일별),010210000,국고채(10년),,,,,,,연%,,20221128,3.606
817Y002,1.3.2.1. 시장금리(일별),010210000,국고채(10년),,,,,,,연%,,20221129,3.673
817Y002,1.3.2.1. 시장금리(일별),010210000,국고채(10년),,,,,,,연%,,20221130,3.667
817Y002,1.3.2.1. 시장금리(일별),010210000,국고채(10년),,,,,,,연%,,20221201,3.663
817Y002,1.3.2.1. 시장금리(일별),010210000,국고채(10년),,,,,,,연%,,20221202,3.583
817Y002,1.3.2.1. 시장금리(일별),010210000,국고채(10년),,,,,,,연%,,20221205,3.549
817Y002,1.3.2.1. 시장금리(일별),010210000,국고채(10년),,,,,,,연%,,20221206,3.504
817Y002,1.3.2.1. 시장금리(일별),010210000,국고채(10년),,,,,,,연%,,20221207,3.523
817Y002,1.3.2.1. 시장금리(일별),010210000,국고채(10년),,,,,,,연%,,20221208,3.53
817Y002,1.3.2.1. 시장금리(일별),010210000,국고채(10년),,,,,,,연%,,20221209,3.491
817Y002,1.3.2.1. 시장금리(일별),010210000,국고채(10년),,,,,,,연%,,20221212,3.448
817Y002,1.3.2.1. 시장금리(일별),010210000,국고채(10년),,,,,,,연%,,20221213,3.469
817Y002,1.3.2.1. 시장금리(일별),010210000,국고채(10년),,,,,,,연%,,20221214,3.406
817Y002,1.3.2.1. 시장금리(일별),010210000,국고채(10년),,,,,,,연%,,20221215,3.38
817Y002,1.3.2.1. 시장금리(일별),010210000,국고채(10년),,,,,,,연%,,20221216,3.36
817Y002,1.3.2.1. 시장금리(일별),010210000,국고채(10년),,,,,,,연%,,20221219,3.395
817Y002,1.3.2.1. 시장금리(일별),010210000,국고채(10년),,,,,,,연%,,20221220,3.603
817Y002,1.3.2.1. 시장금리(일별),010210000,국고채(10년),,,,,,,연%,,20221221,3.566
817Y002,1.3.2.1. 시장금리(일별),010210000,국고채(10년),,,,,,,연%,,20221222,3.495
817Y002,1.3.2.1. 시장금리(일별),010210000,국고채(10년),,,,,,,연%,,20221223,3.552
817Y002,1.3.2.1. 시장금리(일별),010210000,국고채(10년),,,,,,,연%,,20221226,3.639
817Y002,1.3.2.1. 시장금리(일별),010210000,국고채(10년),,,,,,,연%,,20221227,3.611
817Y002,1.3.2.1. 시장금리(일별),010210000,국고채(10년),,,,,,,연%,,20221228,3.673
817Y002,1.3.2.1. 시장금리(일별),010210000,국고채(10년),,,,,,,연%,,20221229,3.726
817Y002,1.3.2.1. 시장금리(일별),010210000,국고채(10년),,,,,,,연%,,20221230,3.73
817Y002,1.3.2.1. 시장금리(일별),010210000,국고채(10년),,,,,,,연%,,20230102,3.811
817Y002,1.3.2.1. 시장금리(일별),010210000,국고채(10년),,,,,,,연%,,20230103,3.661
817Y002,1.3.2.1. 시장금리(일별),010210000,국고채(10년),,,,,,,연%,,20230104,3.597
817Y002,1.3.2.1. 시장금리(일별),010210000,국고채(10년),,,,,,,연%,,20230105,3.571
817Y002,1.3.2.1. 시장금리(일별),010210000,국고채(10년),,,,,,,연%,,20230106,3.573
817Y002,1.3.2.1. 시장금리(일별),010210000,국고채(10년),,,,,,,연%,,20230109,3.477
817Y002,1.3.2.1. 시장금리(일별),010210000,국고채(10년),,,,,,,연%,,20230110,3.462
817Y002,1.3.2.1. 시장금리(일별),010210000,국고채(10년),,,,,,,연%,,20230111,3.417
817Y002,1.3.2.1. 시장금리(일별),010210000,국고채(10년),,,,,,,연%,,20230112,3.412
817Y002,1.3.2.1. 시장금리(일별),010210000,국고채(10년),,,,,,,연%,,20230113,3.3
817Y002,1.3.2.1. 시장금리(일별),010210000,국고채(10년),,,,,,,연%,,20230116,3.383
817Y002,1.3.2.1. 시장금리(일별),010210000,국고채(10년),,,,,,,연%,,20230117,3.444
817Y002,1.3.2.1. 시장금리(일별),010210000,국고채(10년),,,,,,,연%,,20230118,3.337
817Y002,1.3.2.1. 시장금리(일별),010210000,국고채(10년),,,,,,,연%,,20230119,3.222
817Y002,1.3.2.1. 시장금리(일별),010210000,국고채(10년),,,,,,,연%,,20230120,3.279
817Y002,1.3.2.1. 시장금리(일별),010210000,국고채(10년),,,,,,,연%,,20230125,3.229
817Y002,1.3.2.1. 시장금리(일별),010210000,국고채(10년),,,,,,,연%,,20230126,3.231
817Y002,1.3.2.1. 시장금리(일별),010210000,국고채(10년),,,,,,,연%,,20230127,3.283
817Y002,1.3.2.1. 시장금리(일별),010210000,국고채(10년),,,,,,,연%,,20230130,3.238
817Y002,1.3.2.1. 시장금리(일별),010210000,국고채(10년),,,,,,,연%,,20230131,3.297
817Y002,1.3.2.1. 시장금리(일별),010210000,국고채(10년),,,,,,,연%,,20230201,3.239
817Y002,1.3.2.1. 시장금리(일별),010210000,국고채(10년),,,,,,,연%,,20230202,3.207
817Y002,1.3.2.1. 시장금리(일별),010210000,국고채(10년),,,,,,,연%,,20230203,3.148
817Y002,1.3.2.1. 시장금리(일별),010210000,국고채(10년),,,,,,,연%,,20230206,3.283
817Y002,1.3.2.1. 시장금리(일별),010210000,국고채(10년),,,,,,,연%,,20230207,3.297
817Y002,1.3.2.1. 시장금리(일별),010210000,국고채(10년),,,,,,,연%,,20230208,3.32
817Y002,1.3.2.1. 시장금리(일별),010210000,국고채(10년),,,,,,,연%,,20230209,3.362
817Y002,1.3.2.1. 시장금리(일별),010210000,국고채(10년),,,,,,,연%,,20230210,3.365
817Y002,1.3.2.1. 시장금리(일별),010210000,국고채(10년),,,,,,,연%,,20230213,3.43
817Y002,1.3.2.1. 시장금리(일별),010210000,국고채(10년),,,,,,,연%,,20230214,3.398
817Y002,1.3.2.1. 시장금리(일별),010210000,국고채(10년),,,,,,,연%,,20230215,3.471
817Y002,1.3.2.1. 시장금리(일별),010210000,국고채(10년),,,,,,,연%,,20230216,3.476
817Y002,1.3.2.1. 시장금리(일별),010210000,국고채(10년),,,,,,,연%,,20230217,3.626
817Y002,1.3.2.1. 시장금리(일별),010210000,국고채(10년),,,,,,,연%,,20230220,3.641
817Y002,1.3.2.1. 시장금리(일별),010210000,국고채(10년),,,,,,,연%,,20230221,3.6
817Y002,1.3.2.1. 시장금리(일별),010210000,국고채(10년),,,,,,,연%,,20230222,3.639
817Y002,1.3.2.1. 시장금리(일별),010210000,국고채(10년),,,,,,,연%,,20230223,3.595
817Y002,1.3.2.1. 시장금리(일별),010210000,국고채(10년),,,,,,,연%,,20230224,3.525
817Y002,1.3.2.1. 시장금리(일별),010210000,국고채(10년),,,,,,,연%,,20230227,3.619
817Y002,1.3.2.1. 시장금리(일별),010210000,국고채(10년),,,,,,,연%,,20230228,3.753
817Y002,1.3.2.1. 시장금리(일별),010210000,국고채(10년),,,,,,,연%,,20230302,3.84
817Y002,1.3.2.1. 시장금리(일별),010210000,국고채(10년),,,,,,,연%,,20230303,3.776
817Y002,1.3.2.1. 시장금리(일별),010210000,국고채(10년),,,,,,,연%,,20230306,3.731
817Y002,1.3.2.1. 시장금리(일별),010210000,국고채(10년),,,,,,,연%,,20230307,3.661
817Y002,1.3.2.1. 시장금리(일별),010210000,국고채(10년),,,,,,,연%,,20230308,3.72
817Y002,1.3.2.1. 시장금리(일별),010210000,국고채(10년),,,,,,,연%,,20230309,3.739
817Y002,1.3.2.1. 시장금리(일별),010210000,국고채(10년),,,,,,,연%,,20230310,3.584
817Y002,1.3.2.1. 시장금리(일별),010210000,국고채(10년),,,,,,,연%,,20230313,3.405
817Y002,1.3.2.1. 시장금리(일별),010210000,국고채(10년),,,,,,,연%,,20230314,3.337
817Y002,1.3.2.1. 시장금리(일별),010210000,국고채(10년),,,,,,,연%,,20230315,3.418
817Y002,1.3.2.1. 시장금리(일별),010210000,국고채(10년),,,,,,,연%,,20230316,3.394
817Y002,1.3.2.1. 시장금리(일별),010210000,국고채(10년),,,,,,,연%,,20230317,3.406
817Y002,1.3.2.1. 시장금리(일별),010210000,국고채(10년),,,,,,,연%,,20230320,3.304
817Y002,1.3.2.1. 시장금리(일별),010210000,국고채(10년),,,,,,,연%,,20230321,3.304
817Y002,1.3.2.1. 시장금리(일별),010210000,국고채(10년),,,,,,,연%,,20230322,3.287
817Y002,1.3.2.1. 시장금리(일별),010210000,국고채(10년),,,,,,,연%,,20230323,3.266
817Y002,1.3.2.1. 시장금리(일별),010210000,국고채(10년),,,,,,,연%,,20230324,3.21
817Y002,1.3.2.1. 시장금리(일별),010210000,국고채(10년),,,,,,,연%,,20230327,3.258
817Y002,1.3.2.1. 시장금리(일별),010210000,국고채(10년),,,,,,,연%,,20230328,3.281
817Y002,1.3.2.1. 시장금리(일별),010210000,국고채(10년),,,,,,,연%,,20230329,3.28
817Y002,1.3.2.1. 시장금리(일별),010210000,국고채(10년),,,,,,,연%,,20230330,3.305
817Y002,1.3.2.1. 시장금리(일별),010210000,국고채(10년),,,,,,,연%,,20230331,3.34
817Y002,1.3.2.1. 시장금리(일별),010210000,국고채(10년),,,,,,,연%,,20230403,3.389
817Y002,1.3.2.1. 시장금리(일별),010210000,국고채(10년),,,,,,,연%,,20230404,3.316
817Y002,1.3.2.1. 시장금리(일별),010210000,국고채(10년),,,,,,,연%,,20230405,3.326
817Y002,1.3.2.1. 시장금리(일별),010210000,국고채(10년),,,,,,,연%,,20230406,3.278
817Y002,1.3.2.1. 시장금리(일별),010210000,국고채(10년),,,,,,,연%,,20230407,3.289
817Y002,1.3.2.1. 시장금리(일별),010210000,국고채(10년),,,,,,,연%,,20230410,3.236
817Y002,1.3.2.1. 시장금리(일별),010210000,국고채(10년),,,,,,,연%,,20230411,3.255
817Y002,1.3.2.1. 시장금리(일별),010210000,국고채(10년),,,,,,,연%,,20230412,3.262
817Y002,1.3.2.1. 시장금리(일별),010210000,국고채(10년),,,,,,,연%,,20230413,3.273
817Y002,1.3.2.1. 시장금리(일별),010210000,국고채(10년),,,,,,,연%,,20230414,3.286
817Y002,1.3.2.1. 시장금리(일별),010210000,국고채(10년),,,,,,,연%,,20230417,3.349
817Y002,1.3.2.1. 시장금리(일별),010210000,국고채(10년),,,,,,,연%,,20230418,3.352
817Y002,1.3.2.1. 시장금리(일별),010210000,국고채(10년),,,,,,,연%,,20230419,3.37
817Y002,1.3.2.1. 시장금리(일별),010210000,국고채(10년),,,,,,,연%,,20230420,3.409
817Y002,1.3.2.1. 시장금리(일별),010210000,국고채(10년),,,,,,,연%,,20230421,3.343
817Y002,1.3.2.1. 시장금리(일별),010210000,국고채(10년),,,,,,,연%,,20230424,3.306
817Y002,1.3.2.1. 시장금리(일별),010210000,국고채(10년),,,,,,,연%,,20230425,3.323
817Y002,1.3.2.1. 시장금리(일별),010210000,국고채(10년),,,,,,,연%,,20230426,3.309
817Y002,1.3.2.1. 시장금리(일별),010210000,국고채(10년),,,,,,,연%,,20230427,3.342
817Y002,1.3.2.1. 시장금리(일별),010210000,국고채(10년),,,,,,,연%,,20230428,3.36
817Y002,1.3.2.1. 시장금리(일별),010210000,국고채(10년),,,,,,,연%,,20230502,3.372
817Y002,1.3.2.1. 시장금리(일별),010210000,국고채(10년),,,,,,,연%,,20230503,3.324
817Y002,1.3.2.1. 시장금리(일별),010210000,국고채(10년),,,,,,,연%,,20230504,3.278
817Y002,1.3.2.1. 시장금리(일별),010210000,국고채(10년),,,,,,,연%,,20230508,3.31
817Y002,1.3.2.1. 시장금리(일별),010210000,국고채(10년),,,,,,,연%,,20230509,3.318
817Y002,1.3.2.1. 시장금리(일별),010210000,국고채(10년),,,,,,,연%,,20230510,3.341
817Y002,1.3.2.1. 시장금리(일별),010210000,국고채(10년),,,,,,,연%,,20230511,3.292
817Y002,1.3.2.1. 시장금리(일별),010210000,국고채(10년),,,,,,,연%,,20230512,3.274
817Y002,1.3.2.1. 시장금리(일별),010210000,국고채(10년),,,,,,,연%,,20230515,3.332
817Y002,1.3.2.1. 시장금리(일별),010210000,국고채(10년),,,,,,,연%,,20230516,3.303
817Y002,1.3.2.1. 시장금리(일별),010210000,국고채(10년),,,,,,,연%,,20230517,3.319
817Y002,1.3.2.1. 시장금리(일별),010210000,국고채(10년),,,,,,,연%,,20230518,3.367
817Y002,1.3.2.1. 시장금리(일별),010210000,국고채(10년),,,,,,,연%,,20230519,3.419
817Y002,1.3.2.1. 시장금리(일별),010210000,국고채(10년),,,,,,,연%,,20230522,3.398
817Y002,1.3.2.1. 시장금리(일별),010210000,국고채(10년),,,,,,,연%,,20230523,3.473
817Y002,1.3.2.1. 시장금리(일별),010210000,국고채(10년),,,,,,,연%,,20230524,3.502
817Y002,1.3.2.1. 시장금리(일별),010210000,국고채(10년),,,,,,,연%,,20230525,3.597
817Y002,1.3.2.1. 시장금리(일별),010210000,국고채(10년),,,,,,,연%,,20230526,3.639
817Y002,1.3.2.1. 시장금리(일별),010210000,국고채(10년),,,,,,,연%,,20230530,3.651
817Y002,1.3.2.1. 시장금리(일별),010210000,국고채(10년),,,,,,,연%,,20230531,3.532
817Y002,1.3.2.1. 시장금리(일별),010210000,국고채(10년),,,,,,,연%,,20230601,3.549
817Y002,1.3.2.1. 시장금리(일별),010210000,국고채(10년),,,,,,,연%,,20230602,3.495
817Y002,1.3.2.1. 시장금리(일별),010210000,국고채(10년),,,,,,,연%,,20230605,3.561
817Y002,1.3.2.1. 시장금리(일별),010210000,국고채(10년),,,,,,,연%,,20230607,3.522
817Y002,1.3.2.1. 시장금리(일별),010210000,국고채(10년),,,,,,,연%,,20230608,3.632
817Y002,1.3.2.1. 시장금리(일별),010210000,국고채(10년),,,,,,,연%,,20230609,3.613
817Y002,1.3.2.1. 시장금리(일별),010210000,국고채(10년),,,,,,,연%,,20230612,3.576
817Y002,1.3.2.1. 시장금리(일별),010210000,국고채(10년),,,,,,,연%,,20230613,3.578
817Y002,1.3.2.1. 시장금리(일별),010210000,국고채(10년),,,,,,,연%,,20230614,3.635
817Y002,1.3.2.1. 시장금리(일별),010210000,국고채(10년),,,,,,,연%,,20230615,3.685
817Y002,1.3.2.1. 시장금리(일별),010210000,국고채(10년),,,,,,,연%,,20230616,3.657
817Y002,1.3.2.1. 시장금리(일별),010210000,국고채(10년),,,,,,,연%,,20230619,3.633
817Y002,1.3.2.1. 시장금리(일별),010210000,국고채(10년),,,,,,,연%,,20230620,3.642
817Y002,1.3.2.1. 시장금리(일별),010210000,국고채(10년),,,,,,,연%,,20230621,3.621
817Y002,1.3.2.1. 시장금리(일별),010210000,국고채(10년),,,,,,,연%,,20230622,3.647
817Y002,1.3.2.1. 시장금리(일별),010210000,국고채(10년),,,,,,,연%,,20230623,3.663
817Y002,1.3.2.1. 시장금리(일별),010210000,국고채(10년),,,,,,,연%,,20230626,3.611
817Y002,1.3.2.1. 시장금리(일별),010210000,국고채(10년),,,,,,,연%,,20230627,3.603
817Y002,1.3.2.1. 시장금리(일별),010210000,국고채(10년),,,,,,,연%,,20230628,3.611
817Y002,1.3.2.1. 시장금리(일별),010210000,국고채(10년),,,,,,,연%,,20230629,3.626
817Y002,1.3.2.1. 시장금리(일별),010210000,국고채(10년),,,,,,,연%,,20230630,3.675
817Y002,1.3.2.1. 시장금리(일별),010210000,국고채(10년),,,,,,,연%,,20230703,3.607
817Y002,1.3.2.1. 시장금리(일별),010210000,국고채(10년),,,,,,,연%,,20230704,3.623
817Y002,1.3.2.1. 시장금리(일별),010210000,국고채(10년),,,,,,,연%,,20230705,3.644
817Y002,1.3.2.1. 시장금리(일별),010210000,국고채(10년),,,,,,,연%,,20230706,3.713
817Y002,1.3.2.1. 시장금리(일별),010210000,국고채(10년),,,,,,,연%,,20230707,3.761
817Y002,1.3.2.1. 시장금리(일별),010210000,국고채(10년),,,,,,,연%,,20230710,3.863
817Y002,1.3.2.1. 시장금리(일별),010210000,국고채(10년),,,,,,,연%,,20230711,3.758
817Y002,1.3.2.1. 시장금리(일별),010210000,국고채(10년),,,,,,,연%,,20230712,3.756
817Y002,1.3.2.1. 시장금리(일별),010210000,국고채(10년),,,,,,,연%,,20230713,3.657
817Y002,1.3.2.1. 시장금리(일별),010210000,국고채(10년),,,,,,,연%,,20230714,3.685
817Y002,1.3.2.1. 시장금리(일별),010210000,국고채(10년),,,,,,,연%,,20230717,3.66
817Y002,1.3.2.1. 시장금리(일별),010210000,국고채(10년),,,,,,,연%,,20230718,3.651
817Y002,1.3.2.1. 시장금리(일별),010210000,국고채(10년),,,,,,,연%,,20230719,3.575
817Y002,1.3.2.1. 시장금리(일별),010210000,국고채(10년),,,,,,,연%,,20230720,3.606
817Y002,1.3.2.1. 시장금리(일별),010210000,국고채(10년),,,,,,,연%,,20230721,3.636
817Y002,1.3.2.1. 시장금리(일별),010210000,국고채(10년),,,,,,,연%,,20230724,3.64
817Y002,1.3.2.1. 시장금리(일별),010210000,국고채(10년),,,,,,,연%,,20230725,3.684
817Y002,1.3.2.1. 시장금리(일별),010210000,국고채(10년),,,,,,,연%,,20230726,3.658
817Y002,1.3.2.1. 시장금리(일별),010210000,국고채(10년),,,,,,,연%,,20230727,3.637
817Y002,1.3.2.1. 시장금리(일별),010210000,국고채(10년),,,,,,,연%,,20230728,3.728
817Y002,1.3.2.1. 시장금리(일별),010210000,국고채(10년),,,,,,,연%,,20230731,3.761
817Y002,1.3.2.1. 시장금리(일별),010210000,국고채(10년),,,,,,,연%,,20230801,3.727
817Y002,1.3.2.1. 시장금리(일별),010210000,국고채(10년),,,,,,,연%,,20230802,3.793
817Y002,1.3.2.1. 시장금리(일별),010210000,국고채(10년),,,,,,,연%,,20230803,3.861
817Y002,1.3.2.1. 시장금리(일별),010210000,국고채(10년),,,,,,,연%,,20230804,3.876
817Y002,1.3.2.1. 시장금리(일별),010210000,국고채(10년),,,,,,,연%,,20230807,3.814
817Y002,1.3.2.1. 시장금리(일별),010210000,국고채(10년),,,,,,,연%,,20230808,3.74
817Y002,1.3.2.1. 시장금리(일별),010210000,국고채(10년),,,,,,,연%,,20230809,3.774
817Y002,1.3.2.1. 시장금리(일별),010210000,국고채(10년),,,,,,,연%,,20230810,3.786
817Y002,1.3.2.1. 시장금리(일별),010210000,국고채(10년),,,,,,,연%,,20230811,3.824
817Y002,1.3.2.1. 시장금리(일별),010210000,국고채(10년),,,,,,,연%,,20230814,3.889
817Y002,1.3.2.1. 시장금리(일별),010210000,국고채(10년),,,,,,,연%,,20230816,3.867
817Y002,1.3.2.1. 시장금리(일별),010210000,국고채(10년),,,,,,,연%,,20230817,3.976
817Y002,1.3.2.1. 시장금리(일별),010210000,국고채(10년),,,,,,,연%,,20230818,3.914
817Y002,1.3.2.1. 시장금리(일별),010210000,국고채(10년),,,,,,,연%,,20230821,3.973
817Y002,1.3.2.1. 시장금리(일별),010210000,국고채(10년),,,,,,,연%,,20230822,3.986
817Y002,1.3.2.1. 시장금리(일별),010210000,국고채(10년),,,,,,,연%,,20230823,3.92
817Y002,1.3.2.1. 시장금리(일별),010210000,국고채(10년),,,,,,,연%,,20230824,3.878
817Y002,1.3.2.1. 시장금리(일별),010210000,국고채(10년),,,,,,,연%,,20230825,3.935
817Y002,1.3.2.1. 시장금리(일별),010210000,국고채(10년),,,,,,,연%,,20230828,3.872
817Y002,1.3.2.1. 시장금리(일별),010210000,국고채(10년),,,,,,,연%,,20230829,3.844
817Y002,1.3.2.1. 시장금리(일별),010210000,국고채(10년),,,,,,,연%,,20230830,3.85
817Y002,1.3.2.1. 시장금리(일별),010210000,국고채(10년),,,,,,,연%,,20230831,3.821
817Y002,1.3.2.1. 시장금리(일별),010210000,국고채(10년),,,,,,,연%,,20230901,3.778
817Y002,1.3.2.1. 시장금리(일별),010210000,국고채(10년),,,,,,,연%,,20230904,3.856
817Y002,1.3.2.1. 시장금리(일별),010210000,국고채(10년),,,,,,,연%,,20230905,3.886
817Y002,1.3.2.1. 시장금리(일별),010210000,국고채(10년),,,,,,,연%,,20230906,3.893
817Y002,1.3.2.1. 시장금리(일별),010210000,국고채(10년),,,,,,,연%,,20230907,3.969
817Y002,1.3.2.1. 시장금리(일별),010210000,국고채(10년),,,,,,,연%,,20230908,3.895
817Y002,1.3.2.1. 시장금리(일별),010210000,국고채(10년),,,,,,,연%,,20230911,3.961
817Y002,1.3.2.1. 시장금리(일별),010210000,국고채(10년),,,,,,,연%,,20230912,3.965
817Y002,1.3.2.1. 시장금리(일별),010210000,국고채(10년),,,,,,,연%,,20230913,3.949
817Y002,1.3.2.1. 시장금리(일별),010210000,국고채(10년),,,,,,,연%,,20230914,3.917
817Y002,1.3.2.1. 시장금리(일별),010210000,국고채(10년),,,,,,,연%,,20230915,3.928
817Y002,1.3.2.1. 시장금리(일별),010210000,국고채(10년),,,,,,,연%,,20230918,3.982
817Y002,1.3.2.1. 시장금리(일별),010210000,국고채(10년),,,,,,,연%,,20230919,3.952
817Y002,1.3.2.1. 시장금리(일별),010210000,국고채(10년),,,,,,,연%,,20230920,3.963
817Y002,1.3.2.1. 시장금리(일별),010210000,국고채(10년),,,,,,,연%,,20230921,4.031
817Y002,1.3.2.1. 시장금리(일별),010210000,국고채(10년),,,,,,,연%,,20230922,4.001
817Y002,1.3.2.1. 시장금리(일별),010210000,국고채(10년),,,,,,,연%,,20230925,4.012
817Y002,1.3.2.1. 시장금리(일별),010210000,국고채(10년),,,,,,,연%,,20230926,4.054
817Y002,1.3.2.1. 시장금리(일별),010210000,국고채(10년),,,,,,,연%,,20230927,4.03
817Y002,1.3.2.1. 시장금리(일별),010210000,국고채(10년),,,,,,,연%,,20231004,4.351
817Y002,1.3.2.1. 시장금리(일별),010210000,국고채(10년),,,,,,,연%,,20231005,4.322
817Y002,1.3.2.1. 시장금리(일별),010210000,국고채(10년),,,,,,,연%,,20231006,4.24
817Y002,1.3.2.1. 시장금리(일별),010210000,국고채(10년),,,,,,,연%,,20231010,4.219
817Y002,1.3.2.1. 시장금리(일별),010210000,국고채(10년),,,,,,,연%,,20231011,4.142
817Y002,1.3.2.1. 시장금리(일별),010210000,국고채(10년),,,,,,,연%,,20231012,4.101
817Y002,1.3.2.1. 시장금리(일별),010210000,국고채(10년),,,,,,,연%,,20231013,4.169
817Y002,1.3.2.1. 시장금리(일별),010210000,국고채(10년),,,,,,,연%,,20231016,4.191
817Y002,1.3.2.1. 시장금리(일별),010210000,국고채(10년),,,,,,,연%,,20231017,4.224
817Y002,1.3.2.1. 시장금리(일별),010210000,국고채(10년),,,,,,,연%,,20231018,4.287
817Y002,1.3.2.1. 시장금리(일별),010210000,국고채(10년),,,,,,,연%,,20231019,4.362
817Y002,1.3.2.1. 시장금리(일별),010210000,국고채(10년),,,,,,,연%,,20231020,4.327
817Y002,1.3.2.1. 시장금리(일별),010210000,국고채(10년),,,,,,,연%,,20231023,4.374
817Y002,1.3.2.1. 시장금리(일별),010210000,국고채(10년),,,,,,,연%,,20231024,4.269
817Y002,1.3.2.1. 시장금리(일별),010210000,국고채(10년),,,,,,,연%,,20231025,4.281
817Y002,1.3.2.1. 시장금리(일별),010210000,국고채(10년),,,,,,,연%,,20231026,4.392
817Y002,1.3.2.1. 시장금리(일별),010210000,국고채(10년),,,,,,,연%,,20231027,4.28
817Y002,1.3.2.1. 시장금리(일별),010210000,국고채(10년),,,,,,,연%,,20231030,4.312
817Y002,1.3.2.1. 시장금리(일별),010210000,국고채(10년),,,,,,,연%,,20231031,4.325
817Y002,1.3.2.1. 시장금리(일별),010210000,국고채(10년),,,,,,,연%,,20231101,4.288
817Y002,1.3.2.1. 시장금리(일별),010210000,국고채(10년),,,,,,,연%,,20231102,4.168
817Y002,1.3.2.1. 시장금리(일별),010210000,국고채(10년),,,,,,,연%,,20231103,4.105
817Y002,1.3.2.1. 시장금리(일별),010210000,국고채(10년),,,,,,,연%,,20231106,4.056
817Y002,1.3.2.1. 시장금리(일별),010210000,국고채(10년),,,,,,,연%,,20231107,4.055
817Y002,1.3.2.1. 시장금리(일별),010210000,국고채(10년),,,,,,,연%,,20231108,4.022
817Y002,1.3.2.1. 시장금리(일별),010210000,국고채(10년),,,,,,,연%,,20231109,3.945
817Y002,1.3.2.1. 시장금리(일별),010210000,국고채(10년),,,,,,,연%,,20231110,3.969
817Y002,1.3.2.1. 시장금리(일별),010210000,국고채(10년),,,,,,,연%,,20231113,4.005
817Y002,1.3.2.1. 시장금리(일별),010210000,국고채(10년),,,,,,,연%,,20231114,3.98
817Y002,1.3.2.1. 시장금리(일별),010210000,국고채(10년),,,,,,,연%,,20231115,3.815
817Y002,1.3.2.1. 시장금리(일별),010210000,국고채(10년),,,,,,,연%,,20231116,3.799
817Y002,1.3.2.1. 시장금리(일별),010210000,국고채(10년),,,,,,,연%,,20231117,3.796
817Y002,1.3.2.1. 시장금리(일별),010210000,국고채(10년),,,,,,,연%,,20231120,3.755
817Y002,1.3.2.1. 시장금리(일별),010210000,국고채(10년),,,,,,,연%,,20231121,3.726
817Y002,1.3.2.1. 시장금리(일별),010210000,국고채(10년),,,,,,,연%,,20231122,3.762
817Y002,1.3.2.1. 시장금리(일별),010210000,국고채(10년),,,,,,,연%,,20231123,3.712
817Y002,1.3.2.1. 시장금리(일별),010210000,국고채(10년),,,,,,,연%,,20231124,3.779
817Y002,1.3.2.1. 시장금리(일별),010210000,국고채(10년),,,,,,,연%,,20231127,3.767
817Y002,1.3.2.1. 시장금리(일별),010210000,국고채(10년),,,,,,,연%,,20231128,3.726
817Y002,1.3.2.1. 시장금리(일별),010210000,국고채(10년),,,,,,,연%,,20231129,3.641
817Y002,1.3.2.1. 시장금리(일별),010210000,국고채(10년),,,,,,,연%,,20231130,3.699
817Y002,1.3.2.1. 시장금리(일별),010210000,국고채(10년),,,,,,,연%,,20231201,3.699
817Y002,1.3.2.1. 시장금리(일별),010210000,국고채(10년),,,,,,,연%,,20231204,3.626
817Y002,1.3.2.1. 시장금리(일별),010210000,국고채(10년),,,,,,,연%,,20231205,3.579
817Y002,1.3.2.1. 시장금리(일별),010210000,국고채(10년),,,,,,,연%,,20231206,3.533
817Y002,1.3.2.1. 시장금리(일별),010210000,국고채(10년),,,,,,,연%,,20231207,3.576
817Y002,1.3.2.1. 시장금리(일별),010210000,국고채(10년),,,,,,,연%,,20231208,3.534
817Y002,1.3.2.1. 시장금리(일별),010210000,국고채(10년),,,,,,,연%,,20231211,3.566
817Y002,1.3.2.1. 시장금리(일별),010210000,국고채(10년),,,,,,,연%,,20231212,3.527
817Y002,1.3.2.1. 시장금리(일별),010210000,국고채(10년),,,,,,,연%,,20231213,3.525
817Y002,1.3.2.1. 시장금리(일별),010210000,국고채(10년),,,,,,,연%,,20231214,3.332
817Y002,1.3.2.1. 시장금리(일별),010210000,국고채(10년),,,,,,,연%,,20231215,3.358
817Y002,1.3.2.1. 시장금리(일별),010210000,국고채(10년),,,,,,,연%,,20231218,3.336
817Y002,1.3.2.1. 시장금리(일별),010210000,국고채(10년),,,,,,,연%,,20231219,3.328
817Y002,1.3.2.1. 시장금리(일별),010210000,국고채(10년),,,,,,,연%,,20231220,3.28
817Y002,1.3.2.1. 시장금리(일별),010210000,국고채(10년),,,,,,,연%,,20231221,3.297
817Y002,1.3.2.1. 시장금리(일별),010210000,국고채(10년),,,,,,,연%,,20231222,3.301
817Y002,1.3.2.1. 시장금리(일별),010210000,국고채(10년),,,,,,,연%,,20231226,3.271
817Y002,1.3.2.1. 시장금리(일별),010210000,국고채(10년),,,,,,,연%,,20231227,3.26
817Y002,1.3.2.1. 시장금리(일별),010210000,국고채(10년),,,,,,,연%,,20231228,3.183
817Y002,1.3.2.1. 시장금리(일별),010210000,국고채(10년),,,,,,,연%,,20231229,3.183
817Y002,1.3.2.1. 시장금리(일별),010210000,국고채(10년),,,,,,,연%,,20240102,3.306
817Y002,1.3.2.1. 시장금리(일별),010210000,국고채(10년),,,,,,,연%,,20240103,3.338
817Y002,1.3.2.1. 시장금리(일별),010210000,국고채(10년),,,,,,,연%,,20240104,3.288
817Y002,1.3.2.1. 시장금리(일별),010210000,국고채(10년),,,,,,,연%,,20240105,3.344
817Y002,1.3.2.1. 시장금리(일별),010210000,국고채(10년),,,,,,,연%,,20240108,3.344
817Y002,1.3.2.1. 시장금리(일별),010210000,국고채(10년),,,,,,,연%,,20240109,3.323
817Y002,1.3.2.1. 시장금리(일별),010210000,국고채(10년),,,,,,,연%,,20240110,3.346
817Y002,1.3.2.1. 시장금리(일별),010210000,국고채(10년),,,,,,,연%,,20240111,3.307
817Y002,1.3.2.1. 시장금리(일별),010210000,국고채(10년),,,,,,,연%,,20240112,3.306
817Y002,1.3.2.1. 시장금리(일별),010210000,국고채(10년),,,,,,,연%,,20240115,3.293
817Y002,1.3.2.1. 시장금리(일별),010210000,국고채(10년),,,,,,,연%,,20240116,3.322
817Y002,1.3.2.1. 시장금리(일별),010210000,국고채(10년),,,,,,,연%,,20240117,3.369
817Y002,1.3.2.1. 시장금리(일별),010210000,국고채(10년),,,,,,,연%,,20240118,3.38
817Y002,1.3.2.1. 시장금리(일별),010210000,국고채(10년),,,,,,,연%,,20240119,3.422
817Y002,1.3.2.1. 시장금리(일별),010210000,국고채(10년),,,,,,,연%,,20240122,3.372
817Y002,1.3.2.1. 시장금리(일별),010210000,국고채(10년),,,,,,,연%,,20240123,3.372
817Y002,1.3.2.1. 시장금리(일별),010210000,국고채(10년),,,,,,,연%,,20240124,3.4
817Y002,1.3.2.1. 시장금리(일별),010210000,국고채(10년),,,,,,,연%,,20240125,3.419
817Y002,1.3.2.1. 시장금리(일별),010210000,국고채(10년),,,,,,,연%,,20240126,3.386
817Y002,1.3.2.1. 시장금리(일별),010210000,국고채(10년),,,,,,,연%,,20240129,3.436
817Y002,1.3.2.1. 시장금리(일별),010210000,국고채(10년),,,,,,,연%,,20240130,3.35
817Y002,1.3.2.1. 시장금리(일별),010210000,국고채(10년),,,,,,,연%,,20240131,3.345
817Y002,1.3.2.1. 시장금리(일별),010210000,국고채(10년),,,,,,,연%,,20240201,3.339
817Y002,1.3.2.1. 시장금리(일별),010210000,국고채(10년),,,,,,,연%,,20240202,3.287
817Y002,1.3.2.1. 시장금리(일별),010210000,국고채(10년),,,,,,,연%,,20240205,3.374
817Y002,1.3.2.1. 시장금리(일별),010210000,국고채(10년),,,,,,,연%,,20240206,3.382
817Y002,1.3.2.1. 시장금리(일별),010210000,국고채(10년),,,,,,,연%,,20240207,3.378
817Y002,1.3.2.1. 시장금리(일별),010210000,국고채(10년),,,,,,,연%,,20240208,3.4
817Y002,1.3.2.1. 시장금리(일별),010210000,국고채(10년),,,,,,,연%,,20240213,3.453
817Y002,1.3.2.1. 시장금리(일별),010210000,국고채(10년),,,,,,,연%,,20240214,3.502
817Y002,1.3.2.1. 시장금리(일별),010210000,국고채(10년),,,,,,,연%,,20240215,3.477
817Y002,1.3.2.1. 시장금리(일별),010210000,국고채(10년),,,,,,,연%,,20240216,3.482
817Y002,1.3.2.1. 시장금리(일별),010210000,국고채(10년),,,,,,,연%,,20240219,3.467
817Y002,1.3.2.1. 시장금리(일별),010210000,국고채(10년),,,,,,,연%,,20240220,3.489
817Y002,1.3.2.1. 시장금리(일별),010210000,국고채(10년),,,,,,,연%,,20240221,3.474
817Y002,1.3.2.1. 시장금리(일별),010210000,국고채(10년),,,,,,,연%,,20240222,3.424
817Y002,1.3.2.1. 시장금리(일별),010210000,국고채(10년),,,,,,,연%,,20240223,3.468
817Y002,1.3.2.1. 시장금리(일별),010210000,국고채(10년),,,,,,,연%,,20240226,3.402
817Y002,1.3.2.1. 시장금리(일별),010210000,국고채(10년),,,,,,,연%,,20240227,3.43
817Y002,1.3.2.1. 시장금리(일별),010210000,국고채(10년),,,,,,,연%,,20240228,3.442
817Y002,1.3.2.1. 시장금리(일별),010210000,국고채(10년),,,,,,,연%,,20240229,3.475
817Y002,1.3.2.1. 시장금리(일별),010210000,국고채(10년),,,,,,,연%,,20240304,3.434
817Y002,1.3.2.1. 시장금리(일별),010210000,국고채(10년),,,,,,,연%,,20240305,3.409
817Y002,1.3.2.1. 시장금리(일별),010210000,국고채(10년),,,,,,,연%,,20240306,3.381
817Y002,1.3.2.1. 시장금리(일별),010210000,국고채(10년),,,,,,,연%,,20240307,3.399
817Y002,1.3.2.1. 시장금리(일별),010210000,국고채(10년),,,,,,,연%,,20240308,3.334
817Y002,1.3.2.1. 시장금리(일별),010210000,국고채(10년),,,,,,,연%,,20240311,3.342
817Y002,1.3.2.1. 시장금리(일별),010210000,국고채(10년),,,,,,,연%,,20240312,3.335
817Y002,1.3.2.1. 시장금리(일별),010210000,국고채(10년),,,,,,,연%,,20240313,3.331
817Y002,1.3.2.1. 시장금리(일별),010210000,국고채(10년),,,,,,,연%,,20240314,3.354
817Y002,1.3.2.1. 시장금리(일별),010210000,국고채(10년),,,,,,,연%,,20240315,3.41
817Y002,1.3.2.1. 시장금리(일별),010210000,국고채(10년),,,,,,,연%,,20240318,3.435
817Y002,1.3.2.1. 시장금리(일별),010210000,국고채(10년),,,,,,,연%,,20240319,3.472
817Y002,1.3.2.1. 시장금리(일별),010210000,국고채(10년),,,,,,,연%,,20240320,3.451
817Y002,1.3.2.1. 시장금리(일별),010210000,국고채(10년),,,,,,,연%,,20240321,3.411
817Y002,1.3.2.1. 시장금리(일별),010210000,국고채(10년),,,,,,,연%,,20240322,3.362
817Y002,1.3.2.1. 시장금리(일별),010210000,국고채(10년),,,,,,,연%,,20240325,3.37
817Y002,1.3.2.1. 시장금리(일별),010210000,국고채(10년),,,,,,,연%,,20240326,3.397
817Y002,1.3.2.1. 시장금리(일별),010210000,국고채(10년),,,,,,,연%,,20240327,3.373
817Y002,1.3.2.1. 시장금리(일별),010210000,국고채(10년),,,,,,,연%,,20240328,3.377
817Y002,1.3.2.1. 시장금리(일별),010210000,국고채(10년),,,,,,,연%,,20240329,3.413
817Y002,1.3.2.1. 시장금리(일별),010210000,국고채(10년),,,,,,,연%,,20240401,3.381
817Y002,1.3.2.1. 시장금리(일별),010210000,국고채(10년),,,,,,,연%,,20240402,3.425
817Y002,1.3.2.1. 시장금리(일별),010210000,국고채(10년),,,,,,,연%,,20240403,3.452
817Y002,1.3.2.1. 시장금리(일별),010210000,국고채(10년),,,,,,,연%,,20240404,3.457
817Y002,1.3.2.1. 시장금리(일별),010210000,국고채(10년),,,,,,,연%,,20240405,3.433
817Y002,1.3.2.1. 시장금리(일별),010210000,국고채(10년),,,,,,,연%,,20240408,3.488
817Y002,1.3.2.1. 시장금리(일별),010210000,국고채(10년),,,,,,,연%,,20240409,3.503
817Y002,1.3.2.1. 시장금리(일별),010210000,국고채(10년),,,,,,,연%,,20240411,3.585
817Y002,1.3.2.1. 시장금리(일별),010210000,국고채(10년),,,,,,,연%,,20240412,3.538
817Y002,1.3.2.1. 시장금리(일별),010210000,국고채(10년),,,,,,,연%,,20240415,3.561
817Y002,1.3.2.1. 시장금리(일별),010210000,국고채(10년),,,,,,,연%,,20240416,3.618
817Y002,1.3.2.1. 시장금리(일별),010210000,국고채(10년),,,,,,,연%,,20240417,3.632
817Y002,1.3.2.1. 시장금리(일별),010210000,국고채(10년),,,,,,,연%,,20240418,3.562
817Y002,1.3.2.1. 시장금리(일별),010210000,국고채(10년),,,,,,,연%,,20240419,3.583
817Y002,1.3.2.1. 시장금리(일별),010210000,국고채(10년),,,,,,,연%,,20240422,3.65
817Y002,1.3.2.1. 시장금리(일별),010210000,국고채(10년),,,,,,,연%,,20240423,3.625
817Y002,1.3.2.1. 시장금리(일별),010210000,국고채(10년),,,,,,,연%,,20240424,3.645
817Y002,1.3.2.1. 시장금리(일별),010210000,국고채(10년),,,,,,,연%,,20240425,3.707
817Y002,1.3.2.1. 시장금리(일별),010210000,국고채(10년),,,,,,,연%,,20240426,3.694
817Y002,1.3.2.1. 시장금리(일별),010210000,국고채(10년),,,,,,,연%,,20240429,3.704
817Y002,1.3.2.1. 시장금리(일별),010210000,국고채(10년),,,,,,,연%,,20240430,3.656
817Y002,1.3.2.1. 시장금리(일별),010210000,국고채(10년),,,,,,,연%,,20240502,3.638
817Y002,1.3.2.1. 시장금리(일별),010210000,국고채(10년),,,,,,,연%,,20240503,3.614
817Y002,1.3.2.1. 시장금리(일별),010210000,국고채(10년),,,,,,,연%,,20240507,3.536
817Y002,1.3.2.1. 시장금리(일별),010210000,국고채(10년),,,,,,,연%,,20240508,3.53
817Y002,1.3.2.1. 시장금리(일별),010210000,국고채(10년),,,,,,,연%,,20240509,3.556
817Y002,1.3.2.1. 시장금리(일별),010210000,국고채(10년),,,,,,,연%,,20240510,3.538
817Y002,1.3.2.1. 시장금리(일별),010210000,국고채(10년),,,,,,,연%,,20240513,3.554
817Y002,1.3.2.1. 시장금리(일별),010210000,국고채(10년),,,,,,,연%,,20240514,3.546
817Y002,1.3.2.1. 시장금리(일별),010210000,국고채(10년),,,,,,,연%,,20240516,3.458
817Y002,1.3.2.1. 시장금리(일별),010210000,국고채(10년),,,,,,,연%,,20240517,3.454
817Y002,1.3.2.1. 시장금리(일별),010210000,국고채(10년),,,,,,,연%,,20240520,3.497
817Y002,1.3.2.1. 시장금리(일별),010210000,국고채(10년),,,,,,,연%,,20240521,3.491
817Y002,1.3.2.1. 시장금리(일별),010210000,국고채(10년),,,,,,,연%,,20240522,3.478
817Y002,1.3.2.1. 시장금리(일별),010210000,국고채(10년),,,,,,,연%,,20240523,3.472
817Y002,1.3.2.1. 시장금리(일별),010210000,국고채(10년),,,,,,,연%,,20240524,3.515
817Y002,1.3.2.1. 시장금리(일별),010210000,국고채(10년),,,,,,,연%,,20240527,3.498
817Y002,1.3.2.1. 시장금리(일별),010210000,국고채(10년),,,,,,,연%,,20240528,3.481
817Y002,1.3.2.1. 시장금리(일별),010210000,국고채(10년),,,,,,,연%,,20240529,3.536
817Y002,1.3.2.1. 시장금리(일별),010210000,국고채(10년),,,,,,,연%,,20240530,3.564
817Y002,1.3.2.1. 시장금리(일별),010210000,국고채(10년),,,,,,,연%,,20240531,3.578
817Y002,1.3.2.1. 시장금리(일별),010210000,국고채(10년),,,,,,,연%,,20240603,3.532
817Y002,1.3.2.1. 시장금리(일별),010210000,국고채(10년),,,,,,,연%,,20240604,3.47
817Y002,1.3.2.1. 시장금리(일별),010210000,국고채(10년),,,,,,,연%,,20240605,3.43
817Y002,1.3.2.1. 시장금리(일별),010210000,국고채(10년),,,,,,,연%,,20240607,3.385
817Y002,1.3.2.1. 시장금리(일별),010210000,국고채(10년),,,,,,,연%,,20240610,3.433
817Y002,1.3.2.1. 시장금리(일별),010210000,국고채(10년),,,,,,,연%,,20240611,3.425
817Y002,1.3.2.1. 시장금리(일별),010210000,국고채(10년),,,,,,,연%,,20240612,3.382
817Y002,1.3.2.1. 시장금리(일별),010210000,국고채(10년),,,,,,,연%,,20240613,3.345
817Y002,1.3.2.1. 시장금리(일별),010210000,국고채(10년),,,,,,,연%,,20240614,3.302
817Y002,1.3.2.1. 시장금리(일별),010210000,국고채(10년),,,,,,,연%,,20240617,3.283
817Y002,1.3.2.1. 시장금리(일별),010210000,국고채(10년),,,,,,,연%,,20240618,3.279
817Y002,1.3.2.1. 시장금리(일별),010210000,국고채(10년),,,,,,,연%,,20240619,3.231
817Y002,1.3.2.1. 시장금리(일별),010210000,국고채(10년),,,,,,,연%,,20240620,3.269
817Y002,1.3.2.1. 시장금리(일별),010210000,국고채(10년),,,,,,,연%,,20240621,3.255
817Y002,1.3.2.1. 시장금리(일별),010210000,국고채(10년),,,,,,,연%,,20240624,3.264
817Y002,1.3.2.1. 시장금리(일별),010210000,국고채(10년),,,,,,,연%,,20240625,3.271
817Y002,1.3.2.1. 시장금리(일별),010210000,국고채(10년),,,,,,,연%,,20240626,3.278
817Y002,1.3.2.1. 시장금리(일별),010210000,국고채(10년),,,,,,,연%,,20240627,3.3
817Y002,1.3.2.1. 시장금리(일별),010210000,국고채(10년),,,,,,,연%,,20240628,3.266
817Y002,1.3.2.1. 시장금리(일별),010210000,국고채(10년),,,,,,,연%,,20240701,3.312
817Y002,1.3.2.1. 시장금리(일별),010210000,국고채(10년),,,,,,,연%,,20240702,3.289
817Y002,1.3.2.1. 시장금리(일별),010210000,국고채(10년),,,,,,,연%,,20240703,3.274
817Y002,1.3.2.1. 시장금리(일별),010210000,국고채(10년),,,,,,,연%,,20240704,3.234
817Y002,1.3.2.1. 시장금리(일별),010210000,국고채(10년),,,,,,,연%,,20240705,3.227
817Y002,1.3.2.1. 시장금리(일별),010210000,국고채(10년),,,,,,,연%,,20240708,3.212
817Y002,1.3.2.1. 시장금리(일별),010210000,국고채(10년),,,,,,,연%,,20240709,3.191
817Y002,1.3.2.1. 시장금리(일별),010210000,국고채(10년),,,,,,,연%,,20240710,3.198
817Y002,1.3.2.1. 시장금리(일별),010210000,국고채(10년),,,,,,,연%,,20240711,3.234
817Y002,1.3.2.1. 시장금리(일별),010210000,국고채(10년),,,,,,,연%,,20240712,3.177
817Y002,1.3.2.1. 시장금리(일별),010210000,국고채(10년),,,,,,,연%,,20240715,3.177
817Y002,1.3.2.1. 시장금리(일별),010210000,국고채(10년),,,,,,,연%,,20240716,3.137
817Y002,1.3.2.1. 시장금리(일별),010210000,국고채(10년),,,,,,,연%,,20240717,3.139
817Y002,1.3.2.1. 시장금리(일별),010210000,국고채(10년),,,,,,,연%,,20240718,3.138
817Y002,1.3.2.1. 시장금리(일별),010210000,국고채(10년),,,,,,,연%,,20240719,3.156
817Y002,1.3.2.1. 시장금리(일별),010210000,국고채(10년),,,,,,,연%,,20240722,3.145
817Y002,1.3.2.1. 시장금리(일별),010210000,국고채(10년),,,,,,,연%,,20240723,3.171
817Y002,1.3.2.1. 시장금리(일별),010210000,국고채(10년),,,,,,,연%,,20240724,3.131
817Y002,1.3.2.1. 시장금리(일별),010210000,국고채(10년),,,,,,,연%,,20240725,3.128
817Y002,1.3.2.1. 시장금리(일별),010210000,국고채(10년),,,,,,,연%,,20240726,3.108
817Y002,1.3.2.1. 시장금리(일별),010210000,국고채(10년),,,,,,,연%,,20240729,3.046
817Y002,1.3.2.1. 시장금리(일별),010210000,국고채(10년),,,,,,,연%,,20240730,3.052
817Y002,1.3.2.1. 시장금리(일별),010210000,국고채(10년),,,,,,,연%,,20240731,3.064
817Y002,1.3.2.1. 시장금리(일별),010210000,국고채(10년),,,,,,,연%,,20240801,3.01
817Y002,1.3.2.1. 시장금리(일별),010210000,국고채(10년),,,,,,,연%,,20240802,2.976
817Y002,1.3.2.1. 시장금리(일별),010210000,국고채(10년),,,,,,,연%,,20240805,2.878
817Y002,1.3.2.1. 시장금리(일별),010210000,국고채(10년),,,,,,,연%,,20240806,2.993
817Y002,1.3.2.1. 시장금리(일별),010210000,국고채(10년),,,,,,,연%,,20240807,3.001
817Y002,1.3.2.1. 시장금리(일별),010210000,국고채(10년),,,,,,,연%,,20240808,2.997
817Y002,1.3.2.1. 시장금리(일별),010210000,국고채(10년),,,,,,,연%,,20240809,3.012
817Y002,1.3.2.1. 시장금리(일별),010210000,국고채(10년),,,,,,,연%,,20240812,3
817Y002,1.3.2.1. 시장금리(일별),010210000,국고채(10년),,,,,,,연%,,20240813,2.974
817Y002,1.3.2.1. 시장금리(일별),010210000,국고채(10년),,,,,,,연%,,20240814,2.945
817Y002,1.3.2.1. 시장금리(일별),010210000,국고채(10년),,,,,,,연%,,20240816,2.973
817Y002,1.3.2.1. 시장금리(일별),010210000,국고채(10년),,,,,,,연%,,20240819,2.985
817Y002,1.3.2.1. 시장금리(일별),010210000,국고채(10년),,,,,,,연%,,20240820,2.999
817Y002,1.3.2.1. 시장금리(일별),010210000,국고채(10년),,,,,,,연%,,20240821,2.997
817Y002,1.3.2.1. 시장금리(일별),010210000,국고채(10년),,,,,,,연%,,20240822,2.98
817Y002,1.3.2.1. 시장금리(일별),010210000,국고채(10년),,,,,,,연%,,20240823,3.005
817Y002,1.3.2.1. 시장금리(일별),010210000,국고채(10년),,,,,,,연%,,20240826,2.974
817Y002,1.3.2.1. 시장금리(일별),010210000,국고채(10년),,,,,,,연%,,20240827,3.073
817Y002,1.3.2.1. 시장금리(일별),010210000,국고채(10년),,,,,,,연%,,20240828,3.054
817Y002,1.3.2.1. 시장금리(일별),010210000,국고채(10년),,,,,,,연%,,20240829,3.075
817Y002,1.3.2.1. 시장금리(일별),010210000,국고채(10년),,,,,,,연%,,20240830,3.088
817Y002,1.3.2.1. 시장금리(일별),010210000,국고채(10년),,,,,,,연%,,20240902,3.121
817Y002,1.3.2.1. 시장금리(일별),010210000,국고채(10년),,,,,,,연%,,20240903,3.12
817Y002,1.3.2.1. 시장금리(일별),010210000,국고채(10년),,,,,,,연%,,20240904,3.052
817Y002,1.3.2.1. 시장금리(일별),010210000,국고채(10년),,,,,,,연%,,20240905,3.03
817Y002,1.3.2.1. 시장금리(일별),010210000,국고채(10년),,,,,,,연%,,20240906,2.99
817Y002,1.3.2.1. 시장금리(일별),010210000,국고채(10년),,,,,,,연%,,20240909,3.032
817Y002,1.3.2.1. 시장금리(일별),010210000,국고채(10년),,,,,,,연%,,20240910,3.01
817Y002,1.3.2.1. 시장금리(일별),010210000,국고채(10년),,,,,,,연%,,20240911,2.943
817Y002,1.3.2.1. 시장금리(일별),010210000,국고채(10년),,,,,,,연%,,20240912,2.97
817Y002,1.3.2.1. 시장금리(일별),010210000,국고채(10년),,,,,,,연%,,20240913,2.928
817Y002,1.3.2.1. 시장금리(일별),010210000,국고채(10년),,,,,,,연%,,20240919,2.979
817Y002,1.3.2.1. 시장금리(일별),010210000,국고채(10년),,,,,,,연%,,20240920,2.989
817Y002,1.3.2.1. 시장금리(일별),010210000,국고채(10년),,,,,,,연%,,20240923,3.022
817Y002,1.3.2.1. 시장금리(일별),010210000,국고채(10년),,,,,,,연%,,20240924,3.026
817Y002,1.3.2.1. 시장금리(일별),010210000,국고채(10년),,,,,,,연%,,20240925,2.997
817Y002,1.3.2.1. 시장금리(일별),010210000,국고채(10년),,,,,,,연%,,20240926,3.001
817Y002,1.3.2.1. 시장금리(일별),010210000,국고채(10년),,,,,,,연%,,20240927,3
817Y002,1.3.2.1. 시장금리(일별),010210000,국고채(10년),,,,,,,연%,,20240930,2.992
817Y002,1.3.2.1. 시장금리(일별),010210000,국고채(10년),,,,,,,연%,,20241002,2.932
817Y002,1.3.2.1. 시장금리(일별),010210000,국고채(10년),,,,,,,연%,,20241004,2.996
817Y002,1.3.2.1. 시장금리(일별),010210000,국고채(10년),,,,,,,연%,,20241007,3.101
817Y002,1.3.2.1. 시장금리(일별),010210000,국고채(10년),,,,,,,연%,,20241008,3.077
817Y002,1.3.2.1. 시장금리(일별),010210000,국고채(10년),,,,,,,연%,,20241010,3.088
817Y002,1.3.2.1. 시장금리(일별),010210000,국고채(10년),,,,,,,연%,,20241011,3.085
817Y002,1.3.2.1. 시장금리(일별),010210000,국고채(10년),,,,,,,연%,,20241014,3.087
817Y002,1.3.2.1. 시장금리(일별),010210000,국고채(10년),,,,,,,연%,,20241015,3.05
817Y002,1.3.2.1. 시장금리(일별),010210000,국고채(10년),,,,,,,연%,,20241016,3.008
817Y002,1.3.2.1. 시장금리(일별),010210000,국고채(10년),,,,,,,연%,,20241017,3.028
817Y002,1.3.2.1. 시장금리(일별),010210000,국고채(10년),,,,,,,연%,,20241018,3.072
817Y002,1.3.2.1. 시장금리(일별),010210000,국고채(10년),,,,,,,연%,,20241021,3.054
817Y002,1.3.2.1. 시장금리(일별),010210000,국고채(10년),,,,,,,연%,,20241022,3.13
817Y002,1.3.2.1. 시장금리(일별),010210000,국고채(10년),,,,,,,연%,,20241023,3.128
817Y002,1.3.2.1. 시장금리(일별),010210000,국고채(10년),,,,,,,연%,,20241024,3.074
817Y002,1.3.2.1. 시장금리(일별),010210000,국고채(10년),,,,,,,연%,,20241025,3.054
817Y002,1.3.2.1. 시장금리(일별),010210000,국고채(10년),,,,,,,연%,,20241028,3.117
817Y002,1.3.2.1. 시장금리(일별),010210000,국고채(10년),,,,,,,연%,,20241029,3.118
817Y002,1.3.2.1. 시장금리(일별),010210000,국고채(10년),,,,,,,연%,,20241030,3.105
817Y002,1.3.2.1. 시장금리(일별),010210000,국고채(10년),,,,,,,연%,,20241031,3.1
817Y002,1.3.2.1. 시장금리(일별),010210000,국고채(10년),,,,,,,연%,,20241101,3.09
817Y002,1.3.2.1. 시장금리(일별),010210000,국고채(10년),,,,,,,연%,,20241104,3.096
817Y002,1.3.2.1. 시장금리(일별),010210000,국고채(10년),,,,,,,연%,,20241105,3.073
817Y002,1.3.2.1. 시장금리(일별),010210000,국고채(10년),,,,,,,연%,,20241106,3.134
817Y002,1.3.2.1. 시장금리(일별),010210000,국고채(10년),,,,,,,연%,,20241107,3.098
817Y002,1.3.2.1. 시장금리(일별),010210000,국고채(10년),,,,,,,연%,,20241108,3.049
817Y002,1.3.2.1. 시장금리(일별),010210000,국고채(10년),,,,,,,연%,,20241111,3.038
817Y002,1.3.2.1. 시장금리(일별),010210000,국고채(10년),,,,,,,연%,,20241112,3.014
817Y002,1.3.2.1. 시장금리(일별),010210000,국고채(10년),,,,,,,연%,,20241113,3.067
817Y002,1.3.2.1. 시장금리(일별),010210000,국고채(10년),,,,,,,연%,,20241114,3.074
817Y002,1.3.2.1. 시장금리(일별),010210000,국고채(10년),,,,,,,연%,,20241115,3.084
817Y002,1.3.2.1. 시장금리(일별),010210000,국고채(10년),,,,,,,연%,,20241118,3.063
817Y002,1.3.2.1. 시장금리(일별),010210000,국고채(10년),,,,,,,연%,,20241119,3.036
817Y002,1.3.2.1. 시장금리(일별),010210000,국고채(10년),,,,,,,연%,,20241120,3.017
817Y002,1.3.2.1. 시장금리(일별),010210000,국고채(10년),,,,,,,연%,,20241121,2.978
817Y002,1.3.2.1. 시장금리(일별),010210000,국고채(10년),,,,,,,연%,,20241122,2.976
817Y002,1.3.2.1. 시장금리(일별),010210000,국고채(10년),,,,,,,연%,,20241125,2.92
817Y002,1.3.2.1. 시장금리(일별),010210000,국고채(10년),,,,,,,연%,,20241126,2.903
817Y002,1.3.2.1. 시장금리(일별),010210000,국고채(10년),,,,,,,연%,,20241127,2.88
817Y002,1.3.2.1. 시장금리(일별),010210000,국고채(10년),,,,,,,연%,,20241128,2.788
817Y002,1.3.2.1. 시장금리(일별),010210000,국고채(10년),,,,,,,연%,,20241129,2.751
817Y002,1.3.2.1. 시장금리(일별),010210000,국고채(10년),,,,,,,연%,,20241202,2.697
817Y002,1.3.2.1. 시장금리(일별),010210000,국고채(10년),,,,,,,연%,,20241203,2.713
817Y002,1.3.2.1. 시장금리(일별),010210000,국고채(10년),,,,,,,연%,,20241204,2.765
817Y002,1.3.2.1. 시장금리(일별),010210000,국고채(10년),,,,,,,연%,,20241205,2.738
817Y002,1.3.2.1. 시장금리(일별),010210000,국고채(10년),,,,,,,연%,,20241206,2.744
817Y002,1.3.2.1. 시장금리(일별),010210000,국고채(10년),,,,,,,연%,,20241209,2.677
817Y002,1.3.2.1. 시장금리(일별),010210000,국고채(10년),,,,,,,연%,,20241210,2.645
817Y002,1.3.2.1. 시장금리(일별),010210000,국고채(10년),,,,,,,연%,,20241211,2.692
817Y002,1.3.2.1. 시장금리(일별),010210000,국고채(10년),,,,,,,연%,,20241212,2.7
817Y002,1.3.2.1. 시장금리(일별),010210000,국고채(10년),,,,,,,연%,,20241213,2.676
817Y002,1.3.2.1. 시장금리(일별),010210000,국고채(10년),,,,,,,연%,,20241216,2.721
817Y002,1.3.2.1. 시장금리(일별),010210000,국고채(10년),,,,,,,연%,,20241217,2.79
817Y002,1.3.2.1. 시장금리(일별),010210000,국고채(10년),,,,,,,연%,,20241218,2.738
817Y002,1.3.2.1. 시장금리(일별),010210000,국고채(10년),,,,,,,연%,,20241219,2.814
817Y002,1.3.2.1. 시장금리(일별),010210000,국고채(10년),,,,,,,연%,,20241220,2.873
817Y002,1.3.2.1. 시장금리(일별),010210000,국고채(10년),,,,,,,연%,,20241223,2.844
817Y002,1.3.2.1. 시장금리(일별),010210000,국고채(10년),,,,,,,연%,,20241224,2.876
817Y002,1.3.2.1. 시장금리(일별),010210000,국고채(10년),,,,,,,연%,,20241226,2.904
817Y002,1.3.2.1. 시장금리(일별),010210000,국고채(10년),,,,,,,연%,,20241227,2.876
817Y002,1.3.2.1. 시장금리(일별),010210000,국고채(10년),,,,,,,연%,,20241230,2.855
817Y002,1.3.2.1. 시장금리(일별),010210000,국고채(10년),,,,,,,연%,,20241231,2.855
817Y002,1.3.2.1. 시장금리(일별),010210000,국고채(10년),,,,,,,연%,,20250102,2.749
817Y002,1.3.2.1. 시장금리(일별),010210000,국고채(10년),,,,,,,연%,,20250103,2.754
817Y002,1.3.2.1. 시장금리(일별),010210000,국고채(10년),,,,,,,연%,,20250106,2.817
817Y002,1.3.2.1. 시장금리(일별),010210000,국고채(10년),,,,,,,연%,,20250107,2.794
817Y002,1.3.2.1. 시장금리(일별),010210000,국고채(10년),,,,,,,연%,,20250108,2.796
817Y002,1.3.2.1. 시장금리(일별),010210000,국고채(10년),,,,,,,연%,,20250109,2.778
817Y002,1.3.2.1. 시장금리(일별),010210000,국고채(10년),,,,,,,연%,,20250110,2.837
817Y002,1.3.2.1. 시장금리(일별),010210000,국고채(10년),,,,,,,연%,,20250113,2.871
817Y002,1.3.2.1. 시장금리(일별),010210000,국고채(10년),,,,,,,연%,,20250114,2.841
817Y002,1.3.2.1. 시장금리(일별),010210000,국고채(10년),,,,,,,연%,,20250115,2.86
817Y002,1.3.2.1. 시장금리(일별),010210000,국고채(10년),,,,,,,연%,,20250116,2.802
817Y002,1.3.2.1. 시장금리(일별),010210000,국고채(10년),,,,,,,연%,,20250117,2.813
817Y002,1.3.2.1. 시장금리(일별),010210000,국고채(10년),,,,,,,연%,,20250120,2.868
817Y002,1.3.2.1. 시장금리(일별),010210000,국고채(10년),,,,,,,연%,,20250121,2.818
817Y002,1.3.2.1. 시장금리(일별),010210000,국고채(10년),,,,,,,연%,,20250122,2.827
817Y002,1.3.2.1. 시장금리(일별),010210000,국고채(10년),,,,,,,연%,,20250123,2.837
817Y002,1.3.2.1. 시장금리(일별),010210000,국고채(10년),,,,,,,연%,,20250124,2.859
817Y002,1.3.2.1. 시장금리(일별),010210000,국고채(10년),,,,,,,연%,,20250131,2.859
817Y002,1.3.2.1. 시장금리(일별),010210000,국고채(10년),,,,,,,연%,,20250203,2.835
817Y002,1.3.2.1. 시장금리(일별),010210000,국고채(10년),,,,,,,연%,,20250204,2.844
817Y002,1.3.2.1. 시장금리(일별),010210000,국고채(10년),,,,,,,연%,,20250205,2.818
817Y002,1.3.2.1. 시장금리(일별),010210000,국고채(10년),,,,,,,연%,,20250206,2.796
817Y002,1.3.2.1. 시장금리(일별),010210000,국고채(10년),,,,,,,연%,,20250207,2.836
817Y002,1.3.2.1. 시장금리(일별),010210000,국고채(10년),,,,,,,연%,,20250210,2.83
817Y002,1.3.2.1. 시장금리(일별),010210000,국고채(10년),,,,,,,연%,,20250211,2.849
817Y002,1.3.2.1. 시장금리(일별),010210000,국고채(10년),,,,,,,연%,,20250212,2.879
817Y002,1.3.2.1. 시장금리(일별),010210000,국고채(10년),,,,,,,연%,,20250213,2.872
817Y002,1.3.2.1. 시장금리(일별),010210000,국고채(10년),,,,,,,연%,,20250214,2.846
817Y002,1.3.2.1. 시장금리(일별),010210000,국고채(10년),,,,,,,연%,,20250217,2.869
817Y002,1.3.2.1. 시장금리(일별),010210000,국고채(10년),,,,,,,연%,,20250218,2.878
817Y002,1.3.2.1. 시장금리(일별),010210000,국고채(10년),,,,,,,연%,,20250219,2.873
817Y002,1.3.2.1. 시장금리(일별),010210000,국고채(10년),,,,,,,연%,,20250220,2.888
817Y002,1.3.2.1. 시장금리(일별),010210000,국고채(10년),,,,,,,연%,,20250221,2.856
817Y002,1.3.2.1. 시장금리(일별),010210000,국고채(10년),,,,,,,연%,,20250224,2.825
817Y002,1.3.2.1. 시장금리(일별),010210000,국고채(10년),,,,,,,연%,,20250225,2.797
817Y002,1.3.2.1. 시장금리(일별),010210000,국고채(10년),,,,,,,연%,,20250226,2.752
817Y002,1.3.2.1. 시장금리(일별),010210000,국고채(10년),,,,,,,연%,,20250227,2.754
817Y002,1.3.2.1. 시장금리(일별),010210000,국고채(10년),,,,,,,연%,,20250228,2.706
817Y002,1.3.2.1. 시장금리(일별),010210000,국고채(10년),,,,,,,연%,,20250304,2.703
817Y002,1.3.2.1. 시장금리(일별),010210000,국고채(10년),,,,,,,연%,,20250305,2.773
817Y002,1.3.2.1. 시장금리(일별),010210000,국고채(10년),,,,,,,연%,,20250306,2.806
817Y002,1.3.2.1. 시장금리(일별),010210000,국고채(10년),,,,,,,연%,,20250307,2.773
817Y002,1.3.2.1. 시장금리(일별),010210000,국고채(10년),,,,,,,연%,,20250310,2.801
817Y002,1.3.2.1. 시장금리(일별),010210000,국고채(10년),,,,,,,연%,,20250311,2.76
817Y002,1.3.2.1. 시장금리(일별),010210000,국고채(10년),,,,,,,연%,,20250312,2.763
817Y002,1.3.2.1. 시장금리(일별),010210000,국고채(10년),,,,,,,연%,,20250313,2.77
817Y002,1.3.2.1. 시장금리(일별),010210000,국고채(10년),,,,,,,연%,,20250314,2.813
817Y002,1.3.2.1. 시장금리(일별),010210000,국고채(10년),,,,,,,연%,,20250317,2.805
817Y002,1.3.2.1. 시장금리(일별),010210000,국고채(10년),,,,,,,연%,,20250318,2.788
817Y002,1.3.2.1. 시장금리(일별),010210000,국고채(10년),,,,,,,연%,,20250319,2.811
817Y002,1.3.2.1. 시장금리(일별),010210000,국고채(10년),,,,,,,연%,,20250320,2.792
817Y002,1.3.2.1. 시장금리(일별),010210000,국고채(10년),,,,,,,연%,,20250321,2.805
817Y002,1.3.2.1. 시장금리(일별),010210000,국고채(10년),,,,,,,연%,,20250324,2.816
817Y002,1.3.2.1. 시장금리(일별),010210000,국고채(10년),,,,,,,연%,,20250325,2.821
817Y002,1.3.2.1. 시장금리(일별),010210000,국고채(10년),,,,,,,연%,,20250326,2.839
817Y002,1.3.2.1. 시장금리(일별),010210000,국고채(10년),,,,,,,연%,,20250327,2.838
817Y002,1.3.2.1. 시장금리(일별),010210000,국고채(10년),,,,,,,연%,,20250328,2.842
817Y002,1.3.2.1. 시장금리(일별),010210000,국고채(10년),,,,,,,연%,,20250331,2.771
817Y002,1.3.2.1. 시장금리(일별),010210000,국고채(10년),,,,,,,연%,,20250401,2.787
817Y002,1.3.2.1. 시장금리(일별),010210000,국고채(10년),,,,,,,연%,,20250402,2.767
817Y002,1.3.2.1. 시장금리(일별),010210000,국고채(10년),,,,,,,연%,,20250403,2.738
817Y002,1.3.2.1. 시장금리(일별),010210000,국고채(10년),,,,,,,연%,,20250404,2.692
817Y002,1.3.2.1. 시장금리(일별),010210000,국고채(10년),,,,,,,연%,,20250407,2.648
817Y002,1.3.2.1. 시장금리(일별),010210000,국고채(10년),,,,,,,연%,,20250408,2.686
817Y002,1.3.2.1. 시장금리(일별),010210000,국고채(10년),,,,,,,연%,,20250409,2.732
817Y002,1.3.2.1. 시장금리(일별),010210000,국고채(10년),,,,,,,연%,,20250410,2.702
817Y002,1.3.2.1. 시장금리(일별),010210000,국고채(10년),,,,,,,연%,,20250411,2.696
817Y002,1.3.2.1. 시장금리(일별),010210000,국고채(10년),,,,,,,연%,,20250414,2.691
817Y002,1.3.2.1. 시장금리(일별),010210000,국고채(10년),,,,,,,연%,,20250415,2.664
817Y002,1.3.2.1. 시장금리(일별),010210000,국고채(10년),,,,,,,연%,,20250416,2.629
817Y002,1.3.2.1. 시장금리(일별),010210000,국고채(10년),,,,,,,연%,,20250417,2.645
817Y002,1.3.2.1. 시장금리(일별),010210000,국고채(10년),,,,,,,연%,,20250418,2.62
817Y002,1.3.2.1. 시장금리(일별),010210000,국고채(10년),,,,,,,연%,,20250421,2.602
817Y002,1.3.2.1. 시장금리(일별),010210000,국고채(10년),,,,,,,연%,,20250422,2.621
817Y002,1.3.2.1. 시장금리(일별),010210000,국고채(10년),,,,,,,연%,,20250423,2.598
817Y002,1.3.2.1. 시장금리(일별),010210000,국고채(10년),,,,,,,연%,,20250424,2.623
817Y002,1.3.2.1. 시장금리(일별),010210000,국고채(10년),,,,,,,연%,,20250425,2.576
817Y002,1.3.2.1. 시장금리(일별),010210000,국고채(10년),,,,,,,연%,,20250428,2.588
817Y002,1.3.2.1. 시장금리(일별),010210000,국고채(10년),,,,,,,연%,,20250429,2.603
817Y002,1.3.2.1. 시장금리(일별),010210000,국고채(10년),,,,,,,연%,,20250430,2.563
817Y002,1.3.2.1. 시장금리(일별),010210000,국고채(10년),,,,,,,연%,,20250502,2.593
817Y002,1.3.2.1. 시장금리(일별),010210000,국고채(10년),,,,,,,연%,,20250507,2.603
817Y002,1.3.2.1. 시장금리(일별),010210000,국고채(10년),,,,,,,연%,,20250508,2.622
817Y002,1.3.2.1. 시장금리(일별),010210000,국고채(10년),,,,,,,연%,,20250509,2.67
817Y002,1.3.2.1. 시장금리(일별),010210000,국고채(10년),,,,,,,연%,,20250512,2.685
817Y002,1.3.2.1. 시장금리(일별),010210000,국고채(10년),,,,,,,연%,,20250513,2.722
817Y002,1.3.2.1. 시장금리(일별),010210000,국고채(10년),,,,,,,연%,,20250514,2.718
817Y002,1.3.2.1. 시장금리(일별),010210000,국고채(10년),,,,,,,연%,,20250515,2.727
817Y002,1.3.2.1. 시장금리(일별),010210000,국고채(10년),,,,,,,연%,,20250516,2.676
817Y002,1.3.2.1. 시장금리(일별),010210000,국고채(10년),,,,,,,연%,,20250519,2.747
817Y002,1.3.2.1. 시장금리(일별),010210000,국고채(10년),,,,,,,연%,,20250520,2.713
817Y002,1.3.2.1. 시장금리(일별),010210000,국고채(10년),,,,,,,연%,,20250521,2.76
817Y002,1.3.2.1. 시장금리(일별),010210000,국고채(10년),,,,,,,연%,,20250522,2.755
817Y002,1.3.2.1. 시장금리(일별),010210000,국고채(10년),,,,,,,연%,,20250523,2.766
817Y002,1.3.2.1. 시장금리(일별),010210000,국고채(10년),,,,,,,연%,,20250526,2.766
817Y002,1.3.2.1. 시장금리(일별),010210000,국고채(10년),,,,,,,연%,,20250527,2.709
817Y002,1.3.2.1. 시장금리(일별),010210000,국고채(10년),,,,,,,연%,,20250528,2.706
817Y002,1.3.2.1. 시장금리(일별),010210000,국고채(10년),,,,,,,연%,,20250529,2.76
817Y002,1.3.2.1. 시장금리(일별),010210000,국고채(10년),,,,,,,연%,,20250530,2.786
817Y002,1.3.2.1. 시장금리(일별),010210000,국고채(10년),,,,,,,연%,,20250602,2.793
817Y002,1.3.2.1. 시장금리(일별),010210000,국고채(10년),,,,,,,연%,,20250604,2.894
817Y002,1.3.2.1. 시장금리(일별),010210000,국고채(10년),,,,,,,연%,,20250605,2.891
817Y002,1.3.2.1. 시장금리(일별),010210000,국고채(10년),,,,,,,연%,,20250609,2.867
817Y002,1.3.2.1. 시장금리(일별),010210000,국고채(10년),,,,,,,연%,,20250610,2.831
817Y002,1.3.2.1. 시장금리(일별),010210000,국고채(10년),,,,,,,연%,,20250611,2.837
817Y002,1.3.2.1. 시장금리(일별),010210000,국고채(10년),,,,,,,연%,,20250612,2.827
817Y002,1.3.2.1. 시장금리(일별),010210000,국고채(10년),,,,,,,연%,,20250613,2.819
817Y002,1.3.2.1. 시장금리(일별),010210000,국고채(10년),,,,,,,연%,,20250616,2.864
817Y002,1.3.2.1. 시장금리(일별),010210000,국고채(10년),,,,,,,연%,,20250617,2.868
817Y002,1.3.2.1. 시장금리(일별),010210000,국고채(10년),,,,,,,연%,,20250618,2.876
817Y002,1.3.2.1. 시장금리(일별),010210000,국고채(10년),,,,,,,연%,,20250619,2.874
817Y002,1.3.2.1. 시장금리(일별),010210000,국고채(10년),,,,,,,연%,,20250620,2.867
817Y002,1.3.2.1. 시장금리(일별),010210000,국고채(10년),,,,,,,연%,,20250623,2.873
817Y002,1.3.2.1. 시장금리(일별),010210000,국고채(10년),,,,,,,연%,,20250624,2.823
817Y002,1.3.2.1. 시장금리(일별),010210000,국고채(10년),,,,,,,연%,,20250625,2.82
817Y002,1.3.2.1. 시장금리(일별),010210000,국고채(10년),,,,,,,연%,,20250626,2.788
817Y002,1.3.2.1. 시장금리(일별),010210000,국고채(10년),,,,,,,연%,,20250627,2.785
817Y002,1.3.2.1. 시장금리(일별),010210000,국고채(10년),,,,,,,연%,,20250630,2.805
817Y002,1.3.2.1. 시장금리(일별),010210000,국고채(10년),,,,,,,연%,,20250701,2.784
817Y002,1.3.2.1. 시장금리(일별),010210000,국고채(10년),,,,,,,연%,,20250702,2.832
817Y002,1.3.2.1. 시장금리(일별),010210000,국고채(10년),,,,,,,연%,,20250703,2.814
817Y002,1.3.2.1. 시장금리(일별),010210000,국고채(10년),,,,,,,연%,,20250704,2.828
817Y002,1.3.2.1. 시장금리(일별),010210000,국고채(10년),,,,,,,연%,,20250707,2.84
817Y002,1.3.2.1. 시장금리(일별),010210000,국고채(10년),,,,,,,연%,,20250708,2.847
817Y002,1.3.2.1. 시장금리(일별),010210000,국고채(10년),,,,,,,연%,,20250709,2.854
817Y002,1.3.2.1. 시장금리(일별),010210000,국고채(10년),,,,,,,연%,,20250710,2.814
817Y002,1.3.2.1. 시장금리(일별),010210000,국고채(10년),,,,,,,연%,,20250711,2.823
817Y002,1.3.2.1. 시장금리(일별),010210000,국고채(10년),,,,,,,연%,,20250714,2.886
817Y002,1.3.2.1. 시장금리(일별),010210000,국고채(10년),,,,,,,연%,,20250715,2.877
817Y002,1.3.2.1. 시장금리(일별),010210000,국고채(10년),,,,,,,연%,,20250716,2.877
817Y002,1.3.2.1. 시장금리(일별),010210000,국고채(10년),,,,,,,연%,,20250717,2.905
817Y002,1.3.2.1. 시장금리(일별),010210000,국고채(10년),,,,,,,연%,,20250718,2.873
817Y002,1.3.2.1. 시장금리(일별),010210000,국고채(10년),,,,,,,연%,,20250721,2.855
817Y002,1.3.2.1. 시장금리(일별),010210000,국고채(10년),,,,,,,연%,,20250722,2.839
817Y002,1.3.2.1. 시장금리(일별),010210000,국고채(10년),,,,,,,연%,,20250723,2.83
817Y002,1.3.2.1. 시장금리(일별),010210000,국고채(10년),,,,,,,연%,,20250724,2.849
817Y002,1.3.2.1. 시장금리(일별),010210000,국고채(10년),,,,,,,연%,,20250725,2.855
817Y002,1.3.2.1. 시장금리(일별),010210000,국고채(10년),,,,,,,연%,,20250728,2.829
817Y002,1.3.2.1. 시장금리(일별),010210000,국고채(10년),,,,,,,연%,,20250729,2.823
817Y002,1.3.2.1. 시장금리(일별),010210000,국고채(10년),,,,,,,연%,,20250730,2.797
817Y002,1.3.2.1. 시장금리(일별),010210000,국고채(10년),,,,,,,연%,,20250731,2.785
817Y002,1.3.2.1. 시장금리(일별),010210000,국고채(10년),,,,,,,연%,,20250801,2.832
817Y002,1.3.2.1. 시장금리(일별),010210000,국고채(10년),,,,,,,연%,,20250804,2.778
817Y002,1.3.2.1. 시장금리(일별),010210000,국고채(10년),,,,,,,연%,,20250805,2.766
817Y002,1.3.2.1. 시장금리(일별),010210000,국고채(10년),,,,,,,연%,,20250806,2.779
817Y002,1.3.2.1. 시장금리(일별),010210000,국고채(10년),,,,,,,연%,,20250807,2.772
817Y002,1.3.2.1. 시장금리(일별),010210000,국고채(10년),,,,,,,연%,,20250808,2.776
817Y002,1.3.2.1. 시장금리(일별),010210000,국고채(10년),,,,,,,연%,,20250811,2.781
817Y002,1.3.2.1. 시장금리(일별),010210000,국고채(10년),,,,,,,연%,,20250812,2.801
817Y002,1.3.2.1. 시장금리(일별),010210000,국고채(10년),,,,,,,연%,,20250813,2.809
817Y002,1.3.2.1. 시장금리(일별),010210000,국고채(10년),,,,,,,연%,,20250814,2.787
817Y002,1.3.2.1. 시장금리(일별),010210000,국고채(10년),,,,,,,연%,,20250818,2.837
817Y002,1.3.2.1. 시장금리(일별),010210000,국고채(10년),,,,,,,연%,,20250819,2.858
817Y002,1.3.2.1. 시장금리(일별),010210000,국고채(10년),,,,,,,연%,,20250820,2.853
817Y002,1.3.2.1. 시장금리(일별),010210000,국고채(10년),,,,,,,연%,,20250821,2.845
817Y002,1.3.2.1. 시장금리(일별),010210000,국고채(10년),,,,,,,연%,,20250822,2.86
817Y002,1.3.2.1. 시장금리(일별),010210000,국고채(10년),,,,,,,연%,,20250825,2.852
817Y002,1.3.2.1. 시장금리(일별),010210000,국고채(10년),,,,,,,연%,,20250826,2.86
817Y002,1.3.2.1. 시장금리(일별),010210000,국고채(10년),,,,,,,연%,,20250827,2.825
817Y002,1.3.2.1. 시장금리(일별),010210000,국고채(10년),,,,,,,연%,,20250828,2.815
817Y002,1.3.2.1. 시장금리(일별),010210000,국고채(10년),,,,,,,연%,,20250829,2.815
817Y002,1.3.2.1. 시장금리(일별),010210000,국고채(10년),,,,,,,연%,,20250901,2.847
817Y002,1.3.2.1. 시장금리(일별),010210000,국고채(10년),,,,,,,연%,,20250902,2.87
817Y002,1.3.2.1. 시장금리(일별),010210000,국고채(10년),,,,,,,연%,,20250903,2.913
817Y002,1.3.2.1. 시장금리(일별),010210000,국고채(10년),,,,,,,연%,,20250904,2.883
817Y002,1.3.2.1. 시장금리(일별),010210000,국고채(10년),,,,,,,연%,,20250905,2.855
817Y002,1.3.2.1. 시장금리(일별),010210000,국고채(10년),,,,,,,연%,,20250908,2.848
817Y002,1.3.2.1. 시장금리(일별),010210000,국고채(10년),,,,,,,연%,,20250909,2.818
817Y002,1.3.2.1. 시장금리(일별),010210000,국고채(10년),,,,,,,연%,,20250910,2.833
817Y002,1.3.2.1. 시장금리(일별),010210000,국고채(10년),,,,,,,연%,,20250911,2.813
817Y002,1.3.2.1. 시장금리(일별),010210000,국고채(10년),,,,,,,연%,,20250912,2.813
817Y002,1.3.2.1. 시장금리(일별),010210000,국고채(10년),,,,,,,연%,,20250915,2.821
817Y002,1.3.2.1. 시장금리(일별),010210000,국고채(10년),,,,,,,연%,,20250916,2.804
817Y002,1.3.2.1. 시장금리(일별),010210000,국고채(10년),,,,,,,연%,,20250917,2.787
817Y002,1.3.2.1. 시장금리(일별),010210000,국고채(10년),,,,,,,연%,,20250918,2.756
817Y002,1.3.2.1. 시장금리(일별),010210000,국고채(10년),,,,,,,연%,,20250919,2.815
817Y002,1.3.2.1. 시장금리(일별),010210000,국고채(10년),,,,,,,연%,,20250922,2.833
817Y002,1.3.2.1. 시장금리(일별),010210000,국고채(10년),,,,,,,연%,,20250923,2.813
817Y002,1.3.2.1. 시장금리(일별),010210000,국고채(10년),,,,,,,연%,,20250924,2.848
817Y002,1.3.2.1. 시장금리(일별),010210000,국고채(10년),,,,,,,연%,,20250925,2.885
817Y002,1.3.2.1. 시장금리(일별),010210000,국고채(10년),,,,,,,연%,,20250926,2.943
817Y002,1.3.2.1. 시장금리(일별),010210000,국고채(10년),,,,,,,연%,,20250929,2.939
817Y002,1.3.2.1. 시장금리(일별),010210000,국고채(10년),,,,,,,연%,,20250930,2.951
817Y002,1.3.2.1. 시장금리(일별),010210000,국고채(10년),,,,,,,연%,,20251001,2.96
817Y002,1.3.2.1. 시장금리(일별),010210000,국고채(10년),,,,,,,연%,,20251002,2.959
817Y002,1.3.2.1. 시장금리(일별),010210000,국고채(10년),,,,,,,연%,,20251010,2.964
817Y002,1.3.2.1. 시장금리(일별),010210000,국고채(10년),,,,,,,연%,,20251013,2.904
817Y002,1.3.2.1. 시장금리(일별),010210000,국고채(10년),,,,,,,연%,,20251014,2.871
817Y002,1.3.2.1. 시장금리(일별),010210000,국고채(10년),,,,,,,연%,,20251015,2.856
817Y002,1.3.2.1. 시장금리(일별),010210000,국고채(10년),,,,,,,연%,,20251016,2.908
817Y002,1.3.2.1. 시장금리(일별),010210000,국고채(10년),,,,,,,연%,,20251017,2.885
817Y002,1.3.2.1. 시장금리(일별),010210000,국고채(10년),,,,,,,연%,,20251020,2.892
817Y002,1.3.2.1. 시장금리(일별),010210000,국고채(10년),,,,,,,연%,,20251021,2.904
817Y002,1.3.2.1. 시장금리(일별),010210000,국고채(10년),,,,,,,연%,,20251022,2.869
817Y002,1.3.2.1. 시장금리(일별),010210000,국고채(10년),,,,,,,연%,,20251023,2.912
817Y002,1.3.2.1. 시장금리(일별),010210000,국고채(10년),,,,,,,연%,,20251024,2.913
817Y002,1.3.2.1. 시장금리(일별),010210000,국고채(10년),,,,,,,연%,,20251027,2.959
817Y002,1.3.2.1. 시장금리(일별),010210000,국고채(10년),,,,,,,연%,,20251028,2.935
817Y002,1.3.2.1. 시장금리(일별),010210000,국고채(10년),,,,,,,연%,,20251029,2.984
817Y002,1.3.2.1. 시장금리(일별),010210000,국고채(10년),,,,,,,연%,,20251030,3.05
817Y002,1.3.2.1. 시장금리(일별),010210000,국고채(10년),,,,,,,연%,,20251031,3.061
817Y002,1.3.2.1. 시장금리(일별),010210000,국고채(10년),,,,,,,연%,,20251103,3.086
817Y002,1.3.2.1. 시장금리(일별),010210000,국고채(10년),,,,,,,연%,,20251104,3.082
817Y002,1.3.2.1. 시장금리(일별),010210000,국고채(10년),,,,,,,연%,,20251105,3.125
817Y002,1.3.2.1. 시장금리(일별),010210000,국고채(10년),,,,,,,연%,,20251106,3.203
817Y002,1.3.2.1. 시장금리(일별),010210000,국고채(10년),,,,,,,연%,,20251107,3.226
817Y002,1.3.2.1. 시장금리(일별),010210000,국고채(10년),,,,,,,연%,,20251110,3.23
817Y002,1.3.2.1. 시장금리(일별),010210000,국고채(10년),,,,,,,연%,,20251111,3.201
817Y002,1.3.2.1. 시장금리(일별),010210000,국고채(10년),,,,,,,연%,,20251112,3.282
817Y002,1.3.2.1. 시장금리(일별),010210000,국고채(10년),,,,,,,연%,,20251113,3.267
817Y002,1.3.2.1. 시장금리(일별),010210000,국고채(10년),,,,,,,연%,,20251114,3.317
817Y002,1.3.2.1. 시장금리(일별),010210000,국고채(10년),,,,,,,연%,,20251117,3.301
817Y002,1.3.2.1. 시장금리(일별),010210000,국고채(10년),,,,,,,연%,,20251118,3.268
817Y002,1.3.2.1. 시장금리(일별),010210000,국고채(10년),,,,,,,연%,,20251119,3.281
817Y002,1.3.2.1. 시장금리(일별),010210000,국고채(10년),,,,,,,연%,,20251120,3.325
817Y002,1.3.2.1. 시장금리(일별),010210000,국고채(10년),,,,,,,연%,,20251121,3.271
817Y002,1.3.2.1. 시장금리(일별),010210000,국고채(10년),,,,,,,연%,,20251124,3.289
817Y002,1.3.2.1. 시장금리(일별),010210000,국고채(10년),,,,,,,연%,,20251125,3.264
817Y002,1.3.2.1. 시장금리(일별),010210000,국고채(10년),,,,,,,연%,,20251126,3.251
817Y002,1.3.2.1. 시장금리(일별),010210000,국고채(10년),,,,,,,연%,,20251127,3.351
817Y002,1.3.2.1. 시장금리(일별),010210000,국고채(10년),,,,,,,연%,,20251128,3.344
817Y002,1.3.2.1. 시장금리(일별),010210000,국고채(10년),,,,,,,연%,,20251201,3.387
817Y002,1.3.2.1. 시장금리(일별),010210000,국고채(10년),,,,,,,연%,,20251202,3.346
817Y002,1.3.2.1. 시장금리(일별),010210000,국고채(10년),,,,,,,연%,,20251203,3.368
817Y002,1.3.2.1. 시장금리(일별),010210000,국고채(10년),,,,,,,연%,,20251204,3.376
817Y002,1.3.2.1. 시장금리(일별),010210000,국고채(10년),,,,,,,연%,,20251205,3.358
817Y002,1.3.2.1. 시장금리(일별),010210000,국고채(10년),,,,,,,연%,,20251208,3.401
817Y002,1.3.2.1. 시장금리(일별),010210000,국고채(10년),,,,,,,연%,,20251209,3.453
817Y002,1.3.2.1. 시장금리(일별),010210000,국고채(10년),,,,,,,연%,,20251210,3.371
817Y002,1.3.2.1. 시장금리(일별),010210000,국고채(10년),,,,,,,연%,,20251211,3.378
817Y002,1.3.2.1. 시장금리(일별),010210000,국고채(10년),,,,,,,연%,,20251212,3.409
817Y002,1.3.2.1. 시장금리(일별),010210000,국고채(10년),,,,,,,연%,,20251215,3.325
817Y002,1.3.2.1. 시장금리(일별),010210000,국고채(10년),,,,,,,연%,,20251216,3.313
817Y002,1.3.2.1. 시장금리(일별),010210000,국고채(10년),,,,,,,연%,,20251217,3.324
817Y002,1.3.2.1. 시장금리(일별),010210000,국고채(10년),,,,,,,연%,,20251218,3.312
817Y002,1.3.2.1. 시장금리(일별),010210000,국고채(10년),,,,,,,연%,,20251219,3.342
817Y002,1.3.2.1. 시장금리(일별),010210000,국고채(10년),,,,,,,연%,,20251222,3.359
817Y002,1.3.2.1. 시장금리(일별),010210000,국고채(10년),,,,,,,연%,,20251223,3.379
817Y002,1.3.2.1. 시장금리(일별),010210000,국고채(10년),,,,,,,연%,,20251224,3.345
817Y002,1.3.2.1. 시장금리(일별),010210000,국고채(10년),,,,,,,연%,,20251226,3.374
817Y002,1.3.2.1. 시장금리(일별),010210000,국고채(10년),,,,,,,연%,,20251229,3.354
817Y002,1.3.2.1. 시장금리(일별),010210000,국고채(10년),,,,,,,연%,,20251230,3.385
817Y002,1.3.2.1. 시장금리(일별),010210000,국고채(10년),,,,,,,연%,,20251231,3.385
817Y002,1.3.2.1. 시장금리(일별),010210000,국고채(10년),,,,,,,연%,,20260102,3.386
817Y002,1.3.2.1. 시장금리(일별),010210000,국고채(10년),,,,,,,연%,,20260105,3.396
817Y002,1.3.2.1. 시장금리(일별),010210000,국고채(10년),,,,,,,연%,,20260106,3.398
817Y002,1.3.2.1. 시장금리(일별),010210000,국고채(10년),,,,,,,연%,,20260107,3.354
817Y002,1.3.2.1. 시장금리(일별),010210000,국고채(10년),,,,,,,연%,,20260108,3.341
817Y002,1.3.2.1. 시장금리(일별),010210000,국고채(10년),,,,,,,연%,,20260109,3.386
817Y002,1.3.2.1. 시장금리(일별),010210000,국고채(10년),,,,,,,연%,,20260112,3.392
817Y002,1.3.2.1. 시장금리(일별),010210000,국고채(10년),,,,,,,연%,,20260113,3.412
817Y002,1.3.2.1. 시장금리(일별),010210000,국고채(10년),,,,,,,연%,,20260114,3.418
817Y002,1.3.2.1. 시장금리(일별),010210000,국고채(10년),,,,,,,연%,,20260115,3.493
817Y002,1.3.2.1. 시장금리(일별),010210000,국고채(10년),,,,,,,연%,,20260116,3.488
817Y002,1.3.2.1. 시장금리(일별),010210000,국고채(10년),,,,,,,연%,,20260119,3.565
817Y002,1.3.2.1. 시장금리(일별),010210000,국고채(10년),,,,,,,연%,,20260120,3.653
817Y002,1.3.2.1. 시장금리(일별),010210000,국고채(10년),,,,,,,연%,,20260121,3.602
817Y002,1.3.2.1. 시장금리(일별),010210000,국고채(10년),,,,,,,연%,,20260122,3.558
817Y002,1.3.2.1. 시장금리(일별),010210000,국고채(10년),,,,,,,연%,,20260123,3.59
817Y002,1.3.2.1. 시장금리(일별),010210000,국고채(10년),,,,,,,연%,,20260126,3.544
817Y002,1.3.2.1. 시장금리(일별),010210000,국고채(10년),,,,,,,연%,,20260127,3.53
817Y002,1.3.2.1. 시장금리(일별),010210000,국고채(10년),,,,,,,연%,,20260128,3.518
817Y002,1.3.2.1. 시장금리(일별),010210000,국고채(10년),,,,,,,연%,,20260129,3.557
817Y002,1.3.2.1. 시장금리(일별),010210000,국고채(10년),,,,,,,연%,,20260130,3.607
817Y002,1.3.2.1. 시장금리(일별),010210000,국고채(10년),,,,,,,연%,,20260202,3.603
817Y002,1.3.2.1. 시장금리(일별),010210000,국고채(10년),,,,,,,연%,,20260203,3.661
817Y002,1.3.2.1. 시장금리(일별),010210000,국고채(10년),,,,,,,연%,,20260204,3.712
817Y002,1.3.2.1. 시장금리(일별),010210000,국고채(10년),,,,,,,연%,,20260205,3.687
817Y002,1.3.2.1. 시장금리(일별),010210000,국고채(10년),,,,,,,연%,,20260206,3.71
817Y002,1.3.2.1. 시장금리(일별),010210000,국고채(10년),,,,,,,연%,,20260209,3.754
817Y002,1.3.2.1. 시장금리(일별),010210000,국고채(10년),,,,,,,연%,,20260210,3.681
817Y002,1.3.2.1. 시장금리(일별),010210000,국고채(10년),,,,,,,연%,,20260211,3.639
817Y002,1.3.2.1. 시장금리(일별),010210000,국고채(10년),,,,,,,연%,,20260212,3.618
817Y002,1.3.2.1. 시장금리(일별),010210000,국고채(10년),,,,,,,연%,,20260213,3.571
817Y002,1.3.2.1. 시장금리(일별),010210000,국고채(10년),,,,,,,연%,,20260219,3.588
817Y002,1.3.2.1. 시장금리(일별),010210000,국고채(10년),,,,,,,연%,,20260220,3.54
817Y002,1.3.2.1. 시장금리(일별),010210000,국고채(10년),,,,,,,연%,,20260223,3.578
817Y002,1.3.2.1. 시장금리(일별),010210000,국고채(10년),,,,,,,연%,,20260224,3.593
817Y002,1.3.2.1. 시장금리(일별),010210000,국고채(10년),,,,,,,연%,,20260225,3.556
817Y002,1.3.2.1. 시장금리(일별),010210000,국고채(10년),,,,,,,연%,,20260226,3.47
817Y002,1.3.2.1. 시장금리(일별),010210000,국고채(10년),,,,,,,연%,,20260227,3.446
817Y002,1.3.2.1. 시장금리(일별),010210000,국고채(10년),,,,,,,연%,,20260303,3.594
817Y002,1.3.2.1. 시장금리(일별),010210000,국고채(10년),,,,,,,연%,,20260304,3.632
817Y002,1.3.2.1. 시장금리(일별),010210000,국고채(10년),,,,,,,연%,,20260305,3.589
817Y002,1.3.2.1. 시장금리(일별),010210000,국고채(10년),,,,,,,연%,,20260306,3.616
817Y002,1.3.2.1. 시장금리(일별),010210000,국고채(10년),,,,,,,연%,,20260309,3.739
817Y002,1.3.2.1. 시장금리(일별),010210000,국고채(10년),,,,,,,연%,,20260310,3.629
817Y002,1.3.2.1. 시장금리(일별),010210000,국고채(10년),,,,,,,연%,,20260311,3.608
817Y002,1.3.2.1. 시장금리(일별),010210000,국고채(10년),,,,,,,연%,,20260312,3.649
817Y002,1.3.2.1. 시장금리(일별),010210000,국고채(10년),,,,,,,연%,,20260313,3.701
817Y002,1.3.2.1. 시장금리(일별),010210000,국고채(10년),,,,,,,연%,,20260316,3.68
817Y002,1.3.2.1. 시장금리(일별),010210000,국고채(10년),,,,,,,연%,,20260317,3.692
817Y002,1.3.2.1. 시장금리(일별),010210000,국고채(10년),,,,,,,연%,,20260318,3.606
817Y002,1.3.2.1. 시장금리(일별),010210000,국고채(10년),,,,,,,연%,,20260319,3.693
817Y002,1.3.2.1. 시장금리(일별),010210000,국고채(10년),,,,,,,연%,,20260320,3.736
817Y002,1.3.2.1. 시장금리(일별),010210000,국고채(10년),,,,,,,연%,,20260323,3.879
817Y002,1.3.2.1. 시장금리(일별),010210000,국고채(10년),,,,,,,연%,,20260324,3.835
817Y002,1.3.2.1. 시장금리(일별),010210000,국고채(10년),,,,,,,연%,,20260325,3.859
817Y002,1.3.2.1. 시장금리(일별),010210000,국고채(10년),,,,,,,연%,,20260326,3.865
817Y002,1.3.2.1. 시장금리(일별),010210000,국고채(10년),,,,,,,연%,,20260327,3.915
817Y002,1.3.2.1. 시장금리(일별),010210000,국고채(10년),,,,,,,연%,,20260330,3.891
817Y002,1.3.2.1. 시장금리(일별),010210000,국고채(10년),,,,,,,연%,,20260331,3.879
817Y002,1.3.2.1. 시장금리(일별),010210000,국고채(10년),,,,,,,연%,,20260401,3.689
817Y002,1.3.2.1. 시장금리(일별),010210000,국고채(10년),,,,,,,연%,,20260402,3.804
817Y002,1.3.2.1. 시장금리(일별),010210000,국고채(10년),,,,,,,연%,,20260403,3.747
817Y002,1.3.2.1. 시장금리(일별),010210000,국고채(10년),,,,,,,연%,,20260406,3.725
817Y002,1.3.2.1. 시장금리(일별),010210000,국고채(10년),,,,,,,연%,,20260407,3.754
817Y002,1.3.2.1. 시장금리(일별),010210000,국고채(10년),,,,,,,연%,,20260408,3.628
817Y002,1.3.2.1. 시장금리(일별),010210000,국고채(10년),,,,,,,연%,,20260409,3.66
817Y002,1.3.2.1. 시장금리(일별),010210000,국고채(10년),,,,,,,연%,,20260410,3.686
817Y002,1.3.2.1. 시장금리(일별),010210000,국고채(10년),,,,,,,연%,,20260413,3.715
817Y002,1.3.2.1. 시장금리(일별),010210000,국고채(10년),,,,,,,연%,,20260414,3.658
817Y002,1.3.2.1. 시장금리(일별),010210000,국고채(10년),,,,,,,연%,,20260415,3.655
817Y002,1.3.2.1. 시장금리(일별),010210000,국고채(10년),,,,,,,연%,,20260416,3.675
817Y002,1.3.2.1. 시장금리(일별),010210000,국고채(10년),,,,,,,연%,,20260417,3.717
817Y002,1.3.2.1. 시장금리(일별),010210000,국고채(10년),,,,,,,연%,,20260420,3.688
817Y002,1.3.2.1. 시장금리(일별),010210000,국고채(10년),,,,,,,연%,,20260421,3.655
817Y002,1.3.2.1. 시장금리(일별),010210000,국고채(10년),,,,,,,연%,,20260422,3.697
817Y002,1.3.2.1. 시장금리(일별),010210000,국고채(10년),,,,,,,연%,,20260423,3.791
817Y002,1.3.2.1. 시장금리(일별),010210000,국고채(10년),,,,,,,연%,,20260424,3.817
817Y002,1.3.2.1. 시장금리(일별),010210000,국고채(10년),,,,,,,연%,,20260427,3.82
817Y002,1.3.2.1. 시장금리(일별),010210000,국고채(10년),,,,,,,연%,,20260428,3.861
817Y002,1.3.2.1. 시장금리(일별),010210000,국고채(10년),,,,,,,연%,,20260429,3.843
817Y002,1.3.2.1. 시장금리(일별),010210000,국고채(10년),,,,,,,연%,,20260430,3.923
817Y002,1.3.2.1. 시장금리(일별),010210000,국고채(10년),,,,,,,연%,,20260504,3.932
817Y002,1.3.2.1. 시장금리(일별),010210000,국고채(10년),,,,,,,연%,,20260506,3.932
817Y002,1.3.2.1. 시장금리(일별),010210000,국고채(10년),,,,,,,연%,,20260507,3.888
817Y002,1.3.2.1. 시장금리(일별),010210000,국고채(10년),,,,,,,연%,,20260508,3.909
817Y002,1.3.2.1. 시장금리(일별),010210000,국고채(10년),,,,,,,연%,,20260511,3.95
817Y002,1.3.2.1. 시장금리(일별),010210000,국고채(10년),,,,,,,연%,,20260512,4.056
817Y002,1.3.2.1. 시장금리(일별),010210000,국고채(10년),,,,,,,연%,,20260513,4.044
817Y002,1.3.2.1. 시장금리(일별),010210000,국고채(10년),,,,,,,연%,,20260514,4.085
817Y002,1.3.2.1. 시장금리(일별),010210000,국고채(10년),,,,,,,연%,,20260515,4.217
817Y002,1.3.2.1. 시장금리(일별),010210000,국고채(10년),,,,,,,연%,,20260518,4.239
817Y002,1.3.2.1. 시장금리(일별),010210000,국고채(10년),,,,,,,연%,,20260519,4.21
817Y002,1.3.2.1. 시장금리(일별),010210000,국고채(10년),,,,,,,연%,,20260520,4.198
817Y002,1.3.2.1. 시장금리(일별),010210000,국고채(10년),,,,,,,연%,,20260521,4.174
817Y002,1.3.2.1. 시장금리(일별),010210000,국고채(10년),,,,,,,연%,,20260522,4.128
817Y002,1.3.2.1. 시장금리(일별),010210000,국고채(10년),,,,,,,연%,,20260526,4.073
817Y002,1.3.2.1. 시장금리(일별),010210000,국고채(10년),,,,,,,연%,,20260527,4.102
817Y002,1.3.2.1. 시장금리(일별),010210000,국고채(10년),,,,,,,연%,,20260528,4.147
817Y002,1.3.2.1. 시장금리(일별),010210000,국고채(10년),,,,,,,연%,,20260529,4.068
817Y002,1.3.2.1. 시장금리(일별),010210000,국고채(10년),,,,,,,연%,,20260601,4.174
817Y002,1.3.2.1. 시장금리(일별),010210000,국고채(10년),,,,,,,연%,,20260602,4.135
817Y002,1.3.2.1. 시장금리(일별),010210000,국고채(10년),,,,,,,연%,,20260604,4.229
817Y002,1.3.2.1. 시장금리(일별),010210000,국고채(10년),,,,,,,연%,,20260605,4.254
817Y002,1.3.2.1. 시장금리(일별),010210000,국고채(10년),,,,,,,연%,,20260608,4.348
817Y002,1.3.2.1. 시장금리(일별),010210000,국고채(10년),,,,,,,연%,,20260609,4.273
817Y002,1.3.2.1. 시장금리(일별),010210000,국고채(10년),,,,,,,연%,,20260610,4.273
817Y002,1.3.2.1. 시장금리(일별),010210000,국고채(10년),,,,,,,연%,,20260611,4.3
817Y002,1.3.2.1. 시장금리(일별),010210000,국고채(10년),,,,,,,연%,,20260612,4.195
817Y002,1.3.2.1. 시장금리(일별),010210000,국고채(10년),,,,,,,연%,,20260615,4.118
817Y002,1.3.2.1. 시장금리(일별),010210000,국고채(10년),,,,,,,연%,,20260616,4.11
817Y002,1.3.2.1. 시장금리(일별),010210000,국고채(10년),,,,,,,연%,,20260617,4.071
817Y002,1.3.2.1. 시장금리(일별),010210000,국고채(10년),,,,,,,연%,,20260618,4.118
817Y002,1.3.2.1. 시장금리(일별),010210000,국고채(10년),,,,,,,연%,,20260619,4.171
817Y002,1.3.2.1. 시장금리(일별),010210000,국고채(10년),,,,,,,연%,,20260622,4.195
817Y002,1.3.2.1. 시장금리(일별),010210000,국고채(10년),,,,,,,연%,,20260623,4.171
817Y002,1.3.2.1. 시장금리(일별),010210000,국고채(10년),,,,,,,연%,,20260624,4.171
817Y002,1.3.2.1. 시장금리(일별),010210000,국고채(10년),,,,,,,연%,,20260625,4.144
817Y002,1.3.2.1. 시장금리(일별),010210000,국고채(10년),,,,,,,연%,,20260626,4.117
817Y002,1.3.2.1. 시장금리(일별),010210000,국고채(10년),,,,,,,연%,,20260629,4.144
817Y002,1.3.2.1. 시장금리(일별),010210000,국고채(10년),,,,,,,연%,,20260630,4.091
817Y002,1.3.2.1. 시장금리(일별),010210000,국고채(10년),,,,,,,연%,,20260701,4.205
817Y002,1.3.2.1. 시장금리(일별),010210000,국고채(10년),,,,,,,연%,,20260702,4.183
817Y002,1.3.2.1. 시장금리(일별),010210000,국고채(10년),,,,,,,연%,,20260703,4.197
817Y002,1.3.2.1. 시장금리(일별),010210000,국고채(10년),,,,,,,연%,,20260706,4.203
817Y002,1.3.2.1. 시장금리(일별),010210000,국고채(10년),,,,,,,연%,,20260707,4.213
817Y002,1.3.2.1. 시장금리(일별),010210000,국고채(10년),,,,,,,연%,,20260708,4.245
817Y002,1.3.2.1. 시장금리(일별),010210000,국고채(10년),,,,,,,연%,,20260709,4.25
817Y002,1.3.2.1. 시장금리(일별),010210000,국고채(10년),,,,,,,연%,,20260710,4.23
817Y002,1.3.2.1. 시장금리(일별),010210000,국고채(10년),,,,,,,연%,,20260713,4.263
817Y002,1.3.2.1. 시장금리(일별),010210000,국고채(10년),,,,,,,연%,,20260714,4.333
817Y002,1.3.2.1. 시장금리(일별),010210000,국고채(10년),,,,,,,연%,,20260715,4.327
817Y002,1.3.2.1. 시장금리(일별),010210000,국고채(10년),,,,,,,연%,,20260716,4.297
817Y002,1.3.2.1. 시장금리(일별),010210000,국고채(10년),,,,,,,연%,,20260720,4.336
817Y002,1.3.2.1. 시장금리(일별),010210000,국고채(10년),,,,,,,연%,,20260721,4.328
817Y002,1.3.2.1. 시장금리(일별),010210000,국고채(10년),,,,,,,연%,,20260722,4.394
817Y002,1.3.2.1. 시장금리(일별),010210000,국고채(10년),,,,,,,연%,,20260723,4.392
817Y002,1.3.2.1. 시장금리(일별),010210000,국고채(10년),,,,,,,연%,,20260724,4.447
817Y002,1.3.2.1. 시장금리(일별),010210000,국고채(10년),,,,,,,연%,,20260727,4.333
817Y002,1.3.2.1. 시장금리(일별),010210000,국고채(10년),,,,,,,연%,,20260728,4.289
817Y002,1.3.2.1. 시장금리(일별),010210000,국고채(10년),,,,,,,연%,,20260729,4.257
817Y002,1.3.2.1. 시장금리(일별),010210000,국고채(10년),,,,,,,연%,,20260730,4.311
817Y002,1.3.2.1. 시장금리(일별),010210000,국고채(10년),,,,,,,연%,,20260731,4.261
817Y002,1.3.2.1. 시장금리(일별),010210000,국고채(10년),,,,,,,연%,,20260803,4.264
817Y002,1.3.2.1. 시장금리(일별),010210000,국고채(10년),,,,,,,연%,,20260804,4.26
817Y002,1.3.2.1. 시장금리(일별),010210000,국고채(10년),,,,,,,연%,,20260805,4.15
817Y002,1.3.2.1. 시장금리(일별),010210000,국고채(10년),,,,,,,연%,,20260806,4.195
817Y002,1.3.2.1. 시장금리(일별),010210000,국고채(10년),,,,,,,연%,,20260807,4.208
